SMILES,Molecule Name,pxr_pEC50,adme_log_hlm_clint,adme_log_rlm_clint,adme_log_mdr1_mdck_er,adme_log_solubility_ph68,adme_log_ppb_human_unbound,adme_log_ppb_rat_unbound
Brc1cc2c(cc1Cn1cncn1)OCCCO2,,,0.886265059,2.357932942,-0.247517736,1.536432176,,
Brc1ccc(-c2nnc(Cn3cnc4ccccc43)o2)o1,,,0.675686709,1.613704432,-0.01066854,1.797475288,,
Brc1ccc(C2(CNC(c3cccnc3)c3ncc[nH]3)CCOCC2)cc1,OADMET-0005962,4.51,,,,,,
Brc1cccc2c1CCC2NCc1noc2c1COCC2,OADMET-0004753,5.06,,,,,,
Brc1ccccc1C1CCCN1c1ncnc2[nH]ncc12,OADMET-0003142,5.66,,,,,,
Brc1cnc(N2CCCN(c3ccccc3)CC2)nc1,,,2.081606511,3.753651376,,,,
Brc1cnc2ccccc2c1,,,,,,-0.033858267,,
Brc1nnc(N2CCC(OC3CCCC3)CC2)s1,,,1.888409783,3.492200892,-0.235023682,,,
C#CC(C)(C)N,OADMET-0002047,2.01,,,,,,
C#CC(C)(C)N1CCN(S(=O)(=O)N2CC3CCC2C3)CC1,OADMET-0006044,4.93,,,,,,
C#CC(C)(C)NC(=O)c1cc(Cl)cc(Cl)c1,OADMET-0001872,3.92,,,,,,
C#CCC(Cc1ccccc1)Nc1ccc2nccnc2n1,OADMET-0004054,4.87,,,,,,
C#CCN(C)Cc1ccccc1,OADMET-0003583,2.59,,,,,,
C#CCN(C)[C@H](C)Cc1ccccc1,OADMET-0003678,2.63,,,,,,
C#CCN(Cc1ccccc1)C(=O)C(C)NC(=O)c1cccc(Cl)c1Cl,OADMET-0002823,5.39,,,,,,
C#CCN1CCC(c2nc(Cc3noc(C)n3)no2)CC1,,,0.675686709,1.10710817,-0.135635396,1.695043659,,
C#CCN1CCC[C@H]1C(=O)Nc1cnn(-c2ncccn2)c1,,,0.675686709,1.921166051,0.596580622,1.653983907,,
C#CCN1CCN(C(=O)CCS(C)(=O)=O)CC1,,,0.675686709,1.027920136,,1.867762025,,
C#CCN1CCN(Cc2nc(O)cc(C(F)(F)F)n2)CC1,,,0.675686709,1.027920136,,1.632659713,,
C#CCNC(=O)CCc1c(C)nn(C)c1C,,,0.675686709,1.027920136,0.901164925,1.784831178,,
C#CCNC(=O)CN1C(=O)c2ccccc2C1=O,,,,,,1.589837943,,
C#CCNC(=O)CN1CCCN(C(=O)c2cccc(C)n2)CC1,,,0.675686709,1.194764024,1.512232302,1.562530769,,
C#CCNC(=O)Cc1coc(-c2ccccc2)n1,,,1.430268606,2.150805545,-0.143320722,,,
C#CCNC(=O)Cc1coc2cc(OC)ccc12,,,1.188647296,2.263446689,-0.189636069,1.751587005,,
C#CCNC(=O)N(Cc1ccccc1F)C1CCOCC1,,,0.675686709,1.549799964,0.332467729,,,
C#CCNC(=O)c1cc(C(C)C)nn1CC,,,0.675686709,1.094610863,-0.067999286,1.454082271,,
C#CCNC(=O)c1ccc(OC)c(OC)c1,,,,,,1.42975228,,
C#CCNC(=O)c1ccc2c(c1)OCO2,,,1.145755624,1.536823483,-0.092231106,1.415474168,,
C#CCNS(=O)(=O)c1cccc(-c2nc(-c3ccc4[nH]ccc4c3)no2)c1,OADMET-0004128,5.13,,,,,,
C#CCOc1ccc(C(=O)NN2CCCC2=O)cc1,,,0.675686709,1.027920136,0.120182762,1.402948829,,
C#CCOc1ccc(OC)cc1C(N)=O,,,1.139942023,1.8650862,-0.144326242,,,
C#C[C@@](C)(CC)NC(=O)c1cc(F)cnc1NC1CC(F)(F)C1,,,1.842771446,2.495928511,-0.095595312,,0.671265433,0.850278553
C#C[C@]1(O)CC[C@H]2[C@@H]3CCC4=CC(=O)CC[C@@H]4[C@H]3CC[C@@]21CC,OADMET-0003589,3.73,,,,,,
C#C[C@]1(O)CC[C@H]2[C@@H]3CCc4cc(O)ccc4[C@H]3CC[C@@]21C,OADMET-0003587,5.14,,,,,,
C#Cc1cccc(N(CC(=O)NC(N)=O)Cc2cccs2)c1,,,1.585990584,3.205708492,0.351122814,,,
C#Cc1cccc(N(CCC(=O)NC(N)=O)Cc2cccs2)c1,,,1.710633471,3.030717892,0.27381245,,,
C#Cc1cccc(Nc2ncnc3cc(OCCOC)c(OCCOC)cc23)c1,OADMET-0003606,3.81,,,,,,
C#Cc1ccnc(N(CC)C(=O)c2cccc(OCCOC)c2)c1,OADMET-0005985,4.82,,,,,,
C(=C\c1ccccc1)/CNCc1ccc2c(c1)OCO2,,,1.590016582,2.758029545,-0.471818046,1.602819342,,
C/C(=C/COc1c2occc2cc2ccc(=O)oc12)CO,,,1.261286665,2.645545073,-0.179355496,,,
C/C=C/CC(=O)N1CCC(c2cc(Cc3ccccc3)n[nH]2)CC1,,,1.715736003,2.887008186,0.382653147,1.38219721,,
C/C=C/CCCN(Cc1cn[nH]c1)c1cc(C(N)=O)nc(C2CC2)n1,OADMET-0002835,5.01,,,,,,
C/C=C/C[C@@H](C)[C@@H](O)[C@H]1C(=O)N[C@@H](CC)C(=O)N(C)CC(=O)N(C)[C@@H](CC(C)C)C(=O)N[C@@H](C(C)C)C(=O)N(C)[C@@H](CC(C)C)C(=O)N[C@@H](C)C(=O)N[C@H](C)C(=O)N(C)[C@@H](CC(C)C)C(=O)N(C)[C@@H](CC(C)C)C(=O)N(C)[C@@H](C(C)C)C(=O)N1C,OADMET-0003803,3.27,,,,,,
C/C=C/c1ccc(OC)cc1,OADMET-0003755,1.87,,,,,,
C/N=C(\NC#N)NCCSCc1nc[nH]c1C,,,0.675686709,1.027920136,,1.619093331,,
C1=C([C@@]23CCCN(Cc4ccccn4)[C@H]2CCOC3)CCOC1,OADMET-0001043,3.76,,,,,,
C1=C(c2c[nH]c3ncccc23)CCN(Cc2cn(Cc3ccccc3)nc2-c2cccnc2)C1,OADMET-0004025,4.55,,,,,,
C1CCC(OCc2noc(C3CC3)n2)CC1,,,1.532053339,2.570284855,-0.053557685,1.209515015,,
C1CCC2(CC1)NCCO2,OADMET-0002092,1.98,,,,,,
C1CCCNCC1,OADMET-0002052,2.49,,,,,,
C1CCCNCCC1,OADMET-0002057,1.97,,,,,,
C1CCN(C2CCNCC2)C1,OADMET-0002180,1.89,,,,,,
C1CCN(c2nc(NC3CC3)nc(N3CCCCC3)n2)CC1,,,,,-0.522136436,-0.207608311,,
C1CN(c2nc3c(c(N4CCSCC4)n2)SCC3)CCS1,,,2.099414736,3.183513834,-0.416802486,,,
C1COCCN1,OADMET-0002103,3.18,,,,,,
C=C(C)C1OCCC1CNC(=O)C1CCCCN1C(=O)c1cccs1,OADMET-0005107,5.03,,,,,,
C=C(C)C1OCCC1CNC(=O)N1CCCC1c1nc2cc(C)ccc2[nH]1,OADMET-0004689,4.22,,,,,,
C=C(C)CN(C)c1ccc(Br)c(S(=O)(=O)N2CCOCC2CC2CCOC2)n1,OADMET-0003212,5.98,,,,,,
C=C(C)CN(Cc1ccccc1)C(=O)C(=O)Nc1ccc2c(c1)C(=O)NCC2,OADMET-0005740,4.81,,,,,,
C=C(C)COc1ccc(C(=O)NCCc2cn3ccccc3n2)cc1,,,2.062852629,3.339503514,,1.437909036,,
C=C(C)COc1cccc(C(=O)NCc2nncn2C2CCCCC2)c1,,,2.199618068,3.319202281,1.227240813,1.429590802,,
C=C1CC(C)(C(=O)N[C@H]2CCCCC[C@H]2NC(=O)C2(C)CC(=C)C2)C1,OADMET-0005994,5.16,,,,,,
C=C1CC1C(=O)N(C)CCN(C)C(=O)c1cc2ccccc2c(OC)n1,OADMET-0003182,5.11,,,,,,
C=C1CCC(CNc2nc(C)ccc2S(=O)(=O)N2C3CCCC2CC(=O)NC3)CC1,OADMET-0002568,5.53,,,,,,
C=C1CCN(C(=O)NCc2cc(OC)ccc2OC(F)F)CC1,OADMET-0003000,4.69,,,,,,
C=C1CCN(C(=O)Nc2nnc(SCc3ccccc3)s2)C1,OADMET-0003346,5.34,,,,,,
C=C1C[C@@H]2[C@H](CC[C@]3(C)C(=O)CC[C@@H]23)[C@@]2(C)C=CC(=O)C=C12,,,0.675686709,1.027920136,-0.306550112,,,
C=CC(=O)N(C)C(C)c1ccccc1N1CCCS1(=O)=O,OADMET-0001597,4.5,,,,,,
C=CC(=O)N(C)CC(=O)N1CCC(=Cc2ccc(F)c(F)c2)CC1,OADMET-0001628,3.48,,,,,,
C=CC(=O)N(C)CC(=O)N1CCC2(CC1)Cc1cc(OC)ccc1C2=O,OADMET-0001648,2.64,,,,,,
C=CC(=O)N(C)CC(=O)N1CCCC(NC(=O)c2cc3ccccc3o2)C1,OADMET-0001775,3.43,,,,,,
C=CC(=O)N(C)CC(=O)N1CCN(Cc2cc3c(s2)CCCC3)CC1,OADMET-0001711,1.62,,,,,,
C=CC(=O)N(C)CC(=O)N1CCN(Cc2noc(-c3cccs3)n2)CC1,OADMET-0001590,2.88,,,,,,
C=CC(=O)N(C)CC(=O)N1CCN(c2cccc(Br)c2)CC1,OADMET-0001739,3.59,,,,,,
C=CC(=O)N(C)CC(=O)N1CCOC(c2ccc(Cl)s2)C1,OADMET-0001743,4.11,,,,,,
C=CC(=O)N(C)CC(=O)N1CC[C@@H](Oc2cccc(Cl)c2)C1,OADMET-0001612,3.53,,,,,,
C=CC(=O)N(C)CC(=O)N1CC[C@H](c2ccccc2)[C@H](CO)C1,OADMET-0001784,3.37,,,,,,
C=CC(=O)N(C)CC(=O)NC(C)(CC)c1nc2c(c(=O)[nH]1)CCCC2,OADMET-0001760,3.47,,,,,,
C=CC(=O)N(C)CC(=O)NC(C)c1ccc(-c2nn[nH]n2)cc1,OADMET-0001731,2.75,,,,,,
C=CC(=O)N(C)CC(=O)NCC(c1ccc(OC(C)C)cc1)N(C)C,OADMET-0001781,2.37,,,,,,
C=CC(=O)N(C)CC(=O)NCCN1C(=O)NC2(CCCC2)C1=O,OADMET-0001585,2.25,,,,,,
C=CC(=O)N(C)CC(=O)NCc1ccc(CN2CCS(=O)(=O)CC2)cc1,OADMET-0001749,1.65,,,,,,
C=CC(=O)N(C)CC(=O)N[C@H]1CCN(C(C)C)[C@@H]1c1ccc(Cl)c(F)c1,OADMET-0001622,4.2,,,,,,
C=CC(=O)N(C)CC(=O)N[C@H]1CC[C@H](c2nc3ccccc3o2)CC1,OADMET-0001640,2.23,,,,,,
C=CC(=O)N(C)CC(=O)Nc1cc(N2CCC3(CCC3)C2)c(Cl)cn1,OADMET-0001623,4.87,,,,,,
C=CC(=O)N(C)CC(=O)Nc1ccc(N2CCCCC2)cc1C(N)=O,OADMET-0001582,3.01,,,,,,
C=CC(=O)N(C)CC(=O)Nc1cccc(Cl)c1OC(C)C,OADMET-0001633,4.18,,,,,,
C=CC(=O)N(C)CC(=O)Nc1ccccc1N1CC2CCC1C2,OADMET-0001581,5.01,,,,,,
C=CC(=O)N(C)CC(=O)Nc1nn(-c2ncccc2F)cc1C,OADMET-0001662,3.14,,,,,,
C=CC(=O)N(C)CC(=O)Nc1nnc(C(C)(C)c2ccccc2)s1,OADMET-0001738,5.09,,,,,,
C=CC(=O)N(C)CCOc1c(N)ncnc1-c1cc(F)cc(NC(=O)c2ccc(C3CC3)cc2F)c1C,,,1.89741814,3.308929409,1.938640339,1.770115295,0.838502776,
C=CC(=O)N(C)c1ccc(C(=O)N(C)Cc2csc(C(C)OC)n2)cc1,OADMET-0001783,3.99,,,,,,
C=CC(=O)N(C)c1ccc(C(=O)N(C)c2nnc(C)s2)cc1,OADMET-0001712,2.66,,,,,,
C=CC(=O)N(C)c1ccc(C(=O)N(Cc2ccccc2)CC(C)(C)O)cc1,OADMET-0001787,3.96,,,,,,
C=CC(=O)N(C)c1ccc(C(=O)N2CCN(c3cccc(F)c3F)CC2)cc1,OADMET-0001730,3.26,,,,,,
C=CC(=O)N(C)c1ccc(C(=O)N[C@@H]2CCCN(S(=O)(=O)C3CC3)C2)cc1,OADMET-0001589,3.04,,,,,,
C=CC(=O)N(C)c1ccc(C(=O)Nc2ccc3c(c2)ncn3-c2ccccc2)cc1,OADMET-0001721,3.91,,,,,,
C=CC(=O)N(C)c1ccc(C(=O)Nc2nc3cc(C(N)=O)ccc3[nH]2)cc1,OADMET-0001592,2.44,,,,,,
C=CC(=O)N(CC)CC(=O)N(CC(=O)NC)CC(C)N1C[C@@H](C)O[C@@H](C)C1,OADMET-0001815,2.81,,,,,,
C=CC(=O)N(CC)CC(=O)N1CCCC1c1nc(-c2ccccc2Cl)c[nH]1,OADMET-0001709,4.56,,,,,,
C=CC(=O)N(CC)CC(=O)N1CCCN(S(=O)(=O)c2ccc(Cl)s2)CC1,OADMET-0001627,4.67,,,,,,
C=CC(=O)N(CC)CC(=O)N1CCN(C2CCCOC2)CC1,OADMET-0001727,2.54,,,,,,
C=CC(=O)N(CC)CC(=O)N1CCN(c2cc(N3CCOCC3)ncn2)CC1,OADMET-0001741,2.45,,,,,,
C=CC(=O)N(CC)CC(=O)NC(C)(C)c1cn(C(C)C)nn1,OADMET-0001652,3.09,,,,,,
C=CC(=O)N(CC)CC(=O)NCC(C)(C)C1(O)CCCOC1,OADMET-0001742,2.94,,,,,,
C=CC(=O)N(CC)CC(=O)Nc1ccc(C)c(Oc2ccnc(C(=O)NC)c2)c1,OADMET-0001593,4.84,,,,,,
C=CC(=O)N(CC)CC(=O)Nc1ccc(N2CCCC2=O)c(Cl)c1,OADMET-0001788,4.67,,,,,,
C=CC(=O)N(CC)CC(=O)Nc1ccc(OC)c(C(=O)c2ccccc2)c1,OADMET-0001800,4.53,,,,,,
C=CC(=O)N(CC1=CCCCC1)Cc1cc(-c2ccc(Cl)cc2)on1,OADMET-0001646,4.22,,,,,,
C=CC(=O)N(CCCN1CCOCC1)C1CCS(=O)(=O)C1,OADMET-0001626,2.86,,,,,,
C=CC(=O)N(CCc1c(C)noc1C)Cc1cc(Cl)cs1,OADMET-0001751,4.62,,,,,,
C=CC(=O)N(CCc1cn(C)nn1)CC1CCC(C)(C)CC1,OADMET-0001651,4.37,,,,,,
C=CC(=O)N(Cc1cc(Br)ccc1F)C1CCC2(CC1)OCCO2,OADMET-0001584,5.28,,,,,,
C=CC(=O)N(Cc1cc(C(N)=O)cs1)C[C@H]1CCO[C@@H]1c1cnn(C)c1,OADMET-0001725,2.55,,,,,,
C=CC(=O)N(Cc1cc(CC)no1)Cc1sncc1Br,OADMET-0001674,3.81,,,,,,
C=CC(=O)N(Cc1cc(OC)c(OC)c(OC)c1)CC(C)S(C)=O,OADMET-0001672,3.35,,,,,,
C=CC(=O)N(Cc1cc2c(cc1OC)CC(C)O2)Cc1ccsc1C,OADMET-0001773,5.81,,,,,,
C=CC(=O)N(Cc1ccc(CS(C)(=O)=O)cc1)Cc1cnn(C)c1,OADMET-0001579,2.77,,,,,,
C=CC(=O)N(Cc1ccccc1OCC)CC1(O)CCCC1,OADMET-0001587,5.09,,,,,,
C=CC(=O)N(Cc1ccn(C)n1)C1CCN(C(=O)c2ccccc2F)CC1,OADMET-0001556,3.58,,,,,,
C=CC(=O)N(Cc1ccn(C)n1)c1ccc(C(=O)N2CCC(O)CC2)cc1,OADMET-0001814,3.36,,,,,,
C=CC(=O)N(Cc1ccnn1CC1CCC1)c1cccc(CO)c1,OADMET-0001557,4.81,,,,,,
C=CC(=O)N(Cc1cnc(C(C)(C)C)nc1)c1ccc(NC(=O)CC)cc1,OADMET-0001723,4.07,,,,,,
C=CC(=O)N(Cc1cnn(C)c1C)CC1(c2cccc(F)c2)CCOCC1,OADMET-0001724,4.6,,,,,,
C=CC(=O)N(Cc1cnn(CC)c1)Cc1ccc(C2CC2C)o1,OADMET-0001735,4.27,,,,,,
C=CC(=O)N(Cc1nc2c(s1)CC(C)CC2)[C@@H](CC)CO,OADMET-0001619,5.05,,,,,,
C=CC(=O)N(Cc1oc(CC)nc1C)Cc1sc2ccccc2c1C,OADMET-0001614,3.88,,,,,,
C=CC(=O)N(c1ccc(C2CCOC2)cc1)C(C(=O)NC(C)(C)C)c1cccnc1,OADMET-0001809,4.33,,,,,,
C=CC(=O)N1CC(C(=O)N(C)CCNS(=O)(=O)c2ccccc2[N+](=O)[O-])C1,OADMET-0001629,3.27,,,,,,
C=CC(=O)N1CC(C(=O)N(CCCC)Cc2nc3ccccc3c(=O)[nH]2)C1,OADMET-0001635,3.63,,,,,,
C=CC(=O)N1CC(C(=O)N2CCN(S(=O)(=O)c3ccc(C(N)=O)o3)CC2)C1,OADMET-0001595,1.8,,,,,,
C=CC(=O)N1CC(C(=O)NC(CC)CC)Oc2ccccc21,OADMET-0001669,3.72,,,,,,
C=CC(=O)N1CC(C(=O)NCC(C)(O)Cn2cc(Br)cn2)C1,OADMET-0001782,2.35,,,,,,
C=CC(=O)N1CC(C(=O)N[C@H]2COC[C@H]2Oc2cnn(-c3ccccc3)c2)C1,OADMET-0001555,3.25,,,,,,
C=CC(=O)N1CC(C(=O)Nc2cnn(-c3cccc(Cl)c3)c2C(C)C)C1,OADMET-0001578,3.58,,,,,,
C=CC(=O)N1CC(CC(=O)N(CCO)Cc2cnn(Cc3ccccc3)c2)C1,OADMET-0001789,1.73,,,,,,
C=CC(=O)N1CC(CC(=O)NC(C)COc2ccc(C)cc2)C1,OADMET-0001772,2.82,,,,,,
C=CC(=O)N1CC(CC(=O)NCCCNS(=O)(=O)c2ccccc2Cl)C1,OADMET-0001796,4.1,,,,,,
C=CC(=O)N1CC(CC(=O)Nc2ccc(=O)n(Cc3cccc(Cl)c3)c2)C1,OADMET-0001750,3.27,,,,,,
C=CC(=O)N1CC2(CCC(CNC(=O)C(C)Oc3ccc(C)cc3C)O2)C1,OADMET-0001562,4.52,,,,,,
C=CC(=O)N1CC=C(c2c(OC)cc(OC)cc2OC)CC1,OADMET-0001765,3.9,,,,,,
C=CC(=O)N1CCC(C(=O)N(Cc2cccnc2)Cc2ccccc2C)CC1,OADMET-0001817,3.77,,,,,,
C=CC(=O)N1CCC(C(=O)N2CCC(NC(=O)c3cc(C)oc3C)CC2)CC1,OADMET-0001656,2.5,,,,,,
C=CC(=O)N1CCC(C(=O)N2CCC(n3c(=O)[nH]c4ccccc43)CC2)CC1,OADMET-0001708,2.43,,,,,,
C=CC(=O)N1CCC(C(=O)N2CCC(n3cc(C(=O)OC)nn3)C2)CC1,OADMET-0001567,1.85,,,,,,
C=CC(=O)N1CCC(C(=O)N2CCC=C(c3cnn(C)c3)C2)CC1,OADMET-0001791,1.91,,,,,,
C=CC(=O)N1CCC(C(=O)N2CCCC(C)CC2)(c2ccccc2)CC1,OADMET-0001630,5.82,,,,,,
C=CC(=O)N1CCC(C(=O)N2CCCC2Cn2cnc3ccccc32)CC1,OADMET-0001726,3.35,,,,,,
C=CC(=O)N1CCC(C(=O)N2CCCc3sc(Br)cc3C2)CC1,OADMET-0001767,5.25,,,,,,
C=CC(=O)N1CCC(C(=O)N2CCc3c(ncn3-c3ccccc3)C2)CC1,OADMET-0001564,2.92,,,,,,
C=CC(=O)N1CCC(C(=O)NC(C)c2ccc3c(c2)NC(=O)CO3)CC1,OADMET-0001756,2.94,,,,,,
C=CC(=O)N1CCC(C(=O)NC(C)c2n[nH]c(CC)n2)(c2ccccc2)CC1,OADMET-0001642,4.24,,,,,,
C=CC(=O)N1CCC(C(=O)NC(CCO)c2cccs2)CC1,OADMET-0001666,1.76,,,,,,
C=CC(=O)N1CCC(C(=O)NC2CCN(S(=O)(=O)CCC)CC2)CC1,OADMET-0001763,1.88,,,,,,
C=CC(=O)N1CCC(C(=O)NC2COc3c(F)cc(F)cc3C2)CC1,OADMET-0001785,4.09,,,,,,
C=CC(=O)N1CCC(C(=O)NCC(C)(O)C2CCCC2)CC1,OADMET-0001638,2.28,,,,,,
C=CC(=O)N1CCC(C(=O)NCCC(=O)N2CCN(c3ccccc3)CC2)CC1,OADMET-0001780,2.98,,,,,,
C=CC(=O)N1CCC(C(=O)NCc2cc(Cl)c3c(c2)OCCO3)CC1,OADMET-0001740,2.82,,,,,,
C=CC(=O)N1CCC(C(=O)NCc2cc3c(cc2OC)OCO3)C1,OADMET-0001615,2.79,,,,,,
C=CC(=O)N1CCC(C(=O)NCc2nnc(CC)s2)CC1,OADMET-0001778,2.28,,,,,,
C=CC(=O)N1CCC(C(=O)NCc2nnc3ccc(N(C)C)nn23)CC1,OADMET-0001607,2.28,,,,,,
C=CC(=O)N1CCC(C(=O)Nc2c(-c3ccccc3)nc3ccccn23)CC1,OADMET-0001565,3.07,,,,,,
C=CC(=O)N1CCC(C(=O)Nc2cc(-c3ccc(Cl)s3)[nH]n2)CC1,OADMET-0001792,2.25,,,,,,
C=CC(=O)N1CCC(C(=O)Nc2cc(C)n(-c3ccccc3)n2)CC1,OADMET-0001650,2.86,,,,,,
C=CC(=O)N1CCC(C(=O)Nc2ccc3c(ccn3CCC)c2)CC1,OADMET-0001790,2.57,,,,,,
C=CC(=O)N1CCC(C(=O)Nc2cccc(-c3nnnn3CC)c2)C1,OADMET-0001632,2.45,,,,,,
C=CC(=O)N1CCC(C(=O)Nc2cnn(-c3cnc4ccccc4n3)c2)CC1,OADMET-0001634,4.83,,,,,,
C=CC(=O)N1CCC(C(=O)Nc2cnn(C(C)C3CC3)c2)CC1,OADMET-0001647,3.33,,,,,,
C=CC(=O)N1CCC(C(=O)Nc2nc3c(o2)CCCC3)CC1,OADMET-0001625,2.97,,,,,,
C=CC(=O)N1CCC(CC(=O)N2CCC(N(C)C)CC2)CC1,OADMET-0001575,2.48,,,,,,
C=CC(=O)N1CCC(CNc2ncnc(N)c2-c2ccc(Oc3ccccc3)cc2)CC1,,,2.282135893,3.161600362,1.393231611,1.004321374,0.752995432,0.901294817
C=CC(=O)N1CCC([C@@H]2CCNc3c(C(N)=O)c(-c4ccc(Oc5ccccc5)cc4)nn32)CC1,,,1.761739954,2.758344821,1.705596867,,0.968996327,0.231979027
C=CC(=O)N1CCCC(C(=O)N(C)C2CCN(c3cc(C)nc(C)n3)CC2)C1,OADMET-0001657,1.66,,,,,,
C=CC(=O)N1CCCC(C(=O)N2CCCC(c3ocnc3C(=O)OC)C2)C1,OADMET-0001576,2.7,,,,,,
C=CC(=O)N1CCCC(C(=O)N2CCN(c3nc(Br)n[nH]3)CC2)C1,OADMET-0001586,2.57,,,,,,
C=CC(=O)N1CCCC(C(=O)N2CCN(c3snc(C)c3C#N)CC2)C1,OADMET-0001770,1.94,,,,,,
C=CC(=O)N1CCCC(C(=O)N=S(C)(=O)c2cccc(Cl)c2)C1,OADMET-0001645,4.45,,,,,,
C=CC(=O)N1CCCC(C(=O)NCc2cc(=O)nc(SC)[nH]2)C1,OADMET-0001602,1.77,,,,,,
C=CC(=O)N1CCCC(C(=O)N[C@H](C)c2coc3c(F)cccc23)C1,OADMET-0001621,4.65,,,,,,
C=CC(=O)N1CCCC(C(=O)N[C@H]2CCC(=O)N[C@@H]2C2CC2)C1,OADMET-0001594,1.7,,,,,,
C=CC(=O)N1CCCC(C(=O)Nc2ccc3c(n2)NC(=O)CO3)C1,OADMET-0001596,2.23,,,,,,
C=CC(=O)N1CCCC1C(=O)NCc1noc2c1CC(C)CC2,OADMET-0001716,4.04,,,,,,
C=CC(=O)N1CCC[C@@H](C(=O)NCCc2cnc3c(Cl)cnn3c2)C1,OADMET-0001636,3.15,,,,,,
C=CC(=O)N1CCC[C@@H](n2nc(-c3ccc(Oc4ccccc4)cc3)c3c(N)ncnc32)C1,,,2.7565,3.2433,0.72516,0.93399,0.62603,-0.35853
C=CC(=O)N1CCC[C@@H](n2nc(-c3cccc(C(=O)Nc4ccc(C(C)C)c(C)c4)c3)c3c(N)ncnc32)C1,,,,,1.542976897,-0.769551079,,
C=CC(=O)N1CCC[C@H](n2c(=O)n(-c3ccc(Oc4ccccc4)cc3)c3c(N)ncnc32)C1,,,2.219660482,2.712971095,0.762732149,1.75089392,0.983851719,0.276231958
C=CC(=O)N1CCN(C(=O)C2CCCN(c3nc(C)cs3)C2)[C@@H](C)C1,OADMET-0001664,3.43,,,,,,
C=CC(=O)N1CCN(C(=O)CC(O)c2ccc(Cl)c(Cl)c2)[C@@H](C)C1,OADMET-0001816,3.99,,,,,,
C=CC(=O)N1CCN(C(=O)COc2ccc(Cl)cc2Cl)CC1,OADMET-0001813,4.07,,,,,,
C=CC(=O)N1CCN(C(=O)c2cc(S(=O)(=O)NC)oc2C)[C@@H](C)C1,OADMET-0001644,2.51,,,,,,
C=CC(=O)N1CCN(C(=O)c2ccc(Cn3cc(Cl)cn3)cc2)[C@@H](C)C1,OADMET-0001663,1.89,,,,,,
C=CC(=O)N1CCN(C(=O)c2ccc(N3CCCNS3(=O)=O)cc2)[C@@H](C)C1,OADMET-0001600,1.96,,,,,,
C=CC(=O)N1CCN(C(=O)c2csc(N=S(C)(=O)N(C)C)n2)[C@@H](C)C1,OADMET-0001671,3.66,,,,,,
C=CC(=O)N1CCN(C(=O)c2nc(N3CCOCC3)ncc2Cl)[C@@H](C)C1,OADMET-0001553,2.96,,,,,,
C=CC(=O)N1CCN(Cc2csc(C(C)(C)C)n2)CC1,OADMET-0001569,4.28,,,,,,
C=CC(=O)N1CCS(=O)(=NS(=O)(=O)c2ccc(C)cc2)CC1,OADMET-0001598,3.71,,,,,,
C=CC(=O)N1C[C@H](Nc2ncnc3[nH]ccc23)CC[C@@H]1C,,,0.675686709,1.435764759,1.81723103,1.729974286,1.828227965,1.74597993
C=CC(=O)N1Cc2ccccc2CC1CNC(=O)C1=NOC(c2ccccc2)C1,OADMET-0001570,4.63,,,,,,
C=CC(=O)NC(C)(C)CC(C)(NCCc1cnn(C)c1C)c1nnnn1C1CCCC1,OADMET-0001552,4.64,,,,,,
C=CC(=O)NC(C)C1CCN(C(=O)CC2COc3ccccc3O2)CC1,OADMET-0001753,4.63,,,,,,
C=CC(=O)NC(C)C1CN(C(=O)c2cccc(Cl)c2Cl)CCO1,OADMET-0001804,4.22,,,,,,
C=CC(=O)NC(C)c1nc(-c2ccc(Cl)cc2)c(C)s1,OADMET-0001566,4.66,,,,,,
C=CC(=O)NC(CNC(=O)c1nnc2ccccc2n1)c1ccc(C(C)C)cc1,OADMET-0001794,5.37,,,,,,
C=CC(=O)NC(Cc1ccccc1)c1nc(-c2ccncc2)no1,OADMET-0001649,3.95,,,,,,
C=CC(=O)NC(c1cccc(S(C)(=O)=O)c1)c1ccc(C)cc1C,OADMET-0001624,4.33,,,,,,
C=CC(=O)NC1(CNC(=O)C(C)(C)c2c(C)noc2C)CCCCCC1,OADMET-0001810,4.7,,,,,,
C=CC(=O)NC1(CNC(=O)[C@H]2CCCC[C@H]2c2ccccc2)CCOCC1,OADMET-0001805,4.64,,,,,,
C=CC(=O)NC1CCCOC1C1CCN(C(=O)CCCc2sccc2C)CC1,OADMET-0001610,5.01,,,,,,
C=CC(=O)NC1CCN(Cc2ccc(OC)cc2OC)C1=O,OADMET-0001752,3.33,,,,,,
C=CC(=O)NCC(=O)N1CCC2(CC1)OCCc1cc(Cl)sc12,OADMET-0001591,3.5,,,,,,
C=CC(=O)NCC(=O)NCC1(c2cccc(Cl)c2F)CCCC1,OADMET-0001618,4.88,,,,,,
C=CC(=O)NCC(=O)N[C@@H]1CC(C)(C)Oc2ccc(F)cc21,OADMET-0001779,3.76,,,,,,
C=CC(=O)NCC(NC(=O)C1CC=Cc2ccccc21)c1ccc2ccccc2c1,OADMET-0001793,5.21,,,,,,
C=CC(=O)NCC(NC(=O)c1ccc2c(c1)CNC2=O)c1ccc2ccccc2c1,OADMET-0001561,3.95,,,,,,
C=CC(=O)NCC1(NC(=O)c2cccc(CNC(C)=O)c2)CCCCC1,OADMET-0001660,3.33,,,,,,
C=CC(=O)NCC1CCCCC1NC(=O)Cc1csc(C(C)(C)C)n1,OADMET-0001799,5.22,,,,,,
C=CC(=O)NCCC(=O)N1CCC(C(=O)Nc2cccc(C#N)c2)CC1,OADMET-0001744,2.14,,,,,,
C=CC(=O)NCCC(=O)N1CCC(O)(c2scnc2Br)CC1,OADMET-0001707,2.81,,,,,,
C=CC(=O)NCCC(=O)N1CCCC(c2nc3c(s2)CCC3)C1,OADMET-0001655,4.11,,,,,,
C=CC(=O)NCCC(=O)N1CCCC1(C)Cc1ccc(Cl)c(Cl)c1,OADMET-0001755,6.37,,,,,,
C=CC(=O)NCCC(=O)N1CCN(C(=O)c2ccsc2)CC1,OADMET-0001568,2.55,,,,,,
C=CC(=O)NCCC(=O)N1CCN(S(=O)(=O)c2csc(C)n2)CC1,OADMET-0001746,2.6,,,,,,
C=CC(=O)NCCC(=O)N1CCN(c2c(C#N)cnc3ccccc23)CC1,OADMET-0001577,3.83,,,,,,
C=CC(=O)NCCC(=O)N1CCN(c2cc(Cl)c(Cl)c(Cl)c2)CC1,OADMET-0001613,4.08,,,,,,
C=CC(=O)NCCC(=O)N1CCc2c(ccc(Br)c2F)C1,OADMET-0001762,4.26,,,,,,
C=CC(=O)NCCC(=O)N1C[C@@H](c2ccc(F)cc2)O[C@@H](C)C1,OADMET-0001720,3.44,,,,,,
C=CC(=O)NCCC(=O)N1C[C@H](CO)[C@@H](c2cnn(C)c2)C1,OADMET-0001719,1.67,,,,,,
C=CC(=O)NCCC(=O)N[C@H]1CC[C@@H](S(C)(=O)=O)CC1,OADMET-0001665,2.36,,,,,,
C=CC(=O)NCCNC(=O)[C@@H]1CCCN1C1=NS(=O)(=O)c2ccccc21,OADMET-0001673,2.73,,,,,,
C=CC(=O)NCCc1ccc(OCC(=O)Nc2ccc(C)cc2)cc1,OADMET-0001571,4.35,,,,,,
C=CC(=O)NCCc1ccc2ccn(S(=O)(=O)c3ccc(C)cc3)c2c1,OADMET-0001748,4.89,,,,,,
C=CC(=O)NCCc1noc(COc2ccc(Cl)cc2)n1,OADMET-0001710,4.45,,,,,,
C=CC(=O)NC[C@H]1CN(C(=O)Cc2cccc3ccccc23)C[C@@H]1OCC,OADMET-0001670,4.5,,,,,,
C=CC(=O)NC[C@]1(c2ccccc2)C[C@@H](NC(=O)c2cnc(C3CCCO3)s2)C1,OADMET-0001668,3.49,,,,,,
C=CC(=O)NC[C@]1(c2ccccc2)C[C@@H](NC(=O)c2nc3nc(C)cc(C)n3n2)C1,OADMET-0001653,1.88,,,,,,
C=CC(=O)NCc1c(Cl)cccc1N(C)Cc1cccnc1,OADMET-0001798,5.25,,,,,,
C=CC(=O)NCc1ccc(-c2nc(-c3ccc(CN(C)C)cc3)no2)cc1,OADMET-0001747,3.91,,,,,,
C=CC(=O)NCc1ccc(C(=O)N(C2CC2)C2CC(=O)NC2=O)cc1,OADMET-0001811,1.7,,,,,,
C=CC(=O)NCc1ccc(C(=O)N(c2cc(C)ccc2C)C2CCOCC2)cc1,OADMET-0001599,4.29,,,,,,
C=CC(=O)NCc1ccc(C(=O)N2CCN(C3=NCCS3)CC2)cc1,OADMET-0001717,3.36,,,,,,
C=CC(=O)NCc1ccc(C(=O)N2COC[C@@]3(COC[C@@H]4CCCN43)C2)cc1,OADMET-0001736,3.05,,,,,,
C=CC(=O)NCc1ccc(C(=O)N2C[C@H](CO)[C@@H](c3ccsc3)C2)cc1,OADMET-0001604,2.68,,,,,,
C=CC(=O)NCc1ccc(C(=O)NCC2(C)COc3ccccc3O2)cc1,OADMET-0001761,4.1,,,,,,
C=CC(=O)NCc1ccc(C(=O)NCC2CCCC23CCOCC3)cc1,OADMET-0001558,3.69,,,,,,
C=CC(=O)NCc1ccc(C(=O)NCCc2cnc3ccccc3c2)cc1,OADMET-0001715,3.41,,,,,,
C=CC(=O)NCc1ccc(C(=O)Nc2ccc(F)cc2N2CCOCC2)cc1,OADMET-0001733,3.44,,,,,,
C=CC(=O)NCc1ccc(C(=O)Nc2ncc(C3(O)CCC3)s2)cc1,OADMET-0001758,1.71,,,,,,
C=CC(=O)NCc1ccc(NC(=O)CCN(C)Cc2ccccc2)cc1,OADMET-0001713,3.49,,,,,,
C=CC(=O)NCc1ccc(S(=O)(=O)N2CCCCC2)s1,OADMET-0001737,3.99,,,,,,
C=CC(=O)NCc1ccccc1-c1ccc(CN2CCCC2=O)cc1,OADMET-0001667,4.56,,,,,,
C=CC(=O)NCc1ccccc1C(=O)N1CCN(S(=O)(=O)Cc2ccon2)CC1,OADMET-0001654,3.66,,,,,,
C=CC(=O)NCc1ccccc1C(=O)NC1(c2noc(C)n2)CCCCC1,OADMET-0001609,4.31,,,,,,
C=CC(=O)NCc1ccccc1C(=O)NCc1cc(C2CC2)nn1C,OADMET-0001641,3.27,,,,,,
C=CC(=O)NCc1ccccc1CC(=O)N1CCC(C(=O)NCc2ccc(OC)cc2)CC1,OADMET-0001786,4.06,,,,,,
C=CC(=O)NCc1ccccc1CC(=O)NCCc1nnc2c(=O)[nH]ccn12,OADMET-0001806,1.68,,,,,,
C=CC(=O)N[C@@H](Cc1ccccc1)C(=O)NCc1ccccn1,OADMET-0001606,3.99,,,,,,
C=CC(=O)N[C@@H]1CCCN(C(=O)Cn2cc(C3CCOC3)cn2)C1,OADMET-0001572,2.37,,,,,,
C=CC(=O)N[C@@H]1CN(C(=O)Cn2nnc(C3CC3)n2)C[C@H]1CC(C)(C)C,OADMET-0001611,4.25,,,,,,
C=CC(=O)N[C@H]1CN(C(=O)Cc2noc3ccc(F)cc23)C[C@@H]1C1CC1,OADMET-0001601,3.52,,,,,,
C=CC(=O)Nc1cc(-n2c(=O)ccc3cnc4ccc(-c5ccc(NS(C)(=O)=O)cc5)cc4c32)ccc1C,,,,,1.702945721,-0.522878745,,
C=CC(=O)Nc1cc(F)cc(NC2CCN(S(C)(=O)=O)CC2)c1,OADMET-0001620,3.85,,,,,,
C=CC(=O)Nc1cc(NC(=O)C23CCN(C2)S(=O)(=O)C3)ccc1F,OADMET-0001754,3.04,,,,,,
C=CC(=O)Nc1cc(NC(=O)Cc2c[nH]c3cc(F)ccc23)ccc1F,OADMET-0001574,4.01,,,,,,
C=CC(=O)Nc1cc(NC(=O)Cc2ccc(O)c(OC)c2)ccc1F,OADMET-0001617,3.92,,,,,,
C=CC(=O)Nc1cc(NC(=O)c2cc3c([nH]c2=O)CCC(C)(C)C3)ccc1F,OADMET-0001639,2.58,,,,,,
C=CC(=O)Nc1cc(NC(=O)c2nc(C3CC3)oc2C)ccc1F,OADMET-0001631,4.35,,,,,,
C=CC(=O)Nc1ccc(C(=O)N(C)C2CCCc3nc(C)sc32)cc1,OADMET-0001812,3.33,,,,,,
C=CC(=O)Nc1ccc(C(=O)N(C)CC2(C)CCCO2)cc1,OADMET-0001769,3.52,,,,,,
C=CC(=O)Nc1ccc(C(=O)N2CCOC(c3ccc(F)c(Br)c3)C2)cc1,OADMET-0001732,4.38,,,,,,
C=CC(=O)Nc1ccc(C(=O)N2CCS(=O)CC2c2cnn(C)c2)cc1,OADMET-0001554,2.02,,,,,,
C=CC(=O)Nc1ccc(C(=O)N=c2sccn2Cc2ccccc2)cc1,OADMET-0001768,4.19,,,,,,
C=CC(=O)Nc1ccc(C(=O)NC(c2ncccn2)C2CC2)cc1,OADMET-0001757,3.25,,,,,,
C=CC(=O)Nc1ccc(C(=O)NCC2(C3=CCOCC3)CCC2)cc1,OADMET-0001795,3.81,,,,,,
C=CC(=O)Nc1ccc(C(=O)NCCCn2ccc(=O)[nH]c2=O)cc1,OADMET-0001801,1.75,,,,,,
C=CC(=O)Nc1ccc(C(=O)NCCOC2(C)CCOCC2)cc1,OADMET-0001771,3.87,,,,,,
C=CC(=O)Nc1ccc(C(=O)NCc2cc(C)ccc2[N+](=O)[O-])cc1,OADMET-0001807,4.63,,,,,,
C=CC(=O)Nc1ccc(C(=O)Nc2cc(Cl)c3c(c2)OCCCO3)cc1,OADMET-0001616,4.34,,,,,,
C=CC(=O)Nc1ccc(C)c(NC(=O)CN2CCCCC2)c1,OADMET-0001745,3.87,,,,,,
C=CC(=O)Nc1ccc(CC(=O)N2CC3(CCOCC3)CC2C)cc1,OADMET-0001774,4.45,,,,,,
C=CC(=O)Nc1ccc(CC(=O)N2CCn3c(n[nH]c(=O)c3=O)C2)cc1,OADMET-0001658,2.2,,,,,,
C=CC(=O)Nc1ccc(CCC(=O)N2CCS(=O)C(C)(C)CC2)cc1,OADMET-0001729,3.67,,,,,,
C=CC(=O)Nc1ccc(CCC(=O)NCC(C)c2nc(C)cs2)cc1,OADMET-0001777,4.13,,,,,,
C=CC(=O)Nc1ccc(F)c(NC(=O)CCN2CCOCC2)c1,OADMET-0001759,3.4,,,,,,
C=CC(=O)Nc1ccc(F)c(S(=O)(=O)NC(C)(C)C)c1,OADMET-0001588,4.34,,,,,,
C=CC(=O)Nc1ccc(N2CCC(O)CC2)cc1OCCC,OADMET-0001766,4.28,,,,,,
C=CC(=O)Nc1ccc(NC(=O)C(C)n2nc(C)cc2C)c(Cl)c1,OADMET-0001808,4.16,,,,,,
C=CC(=O)Nc1ccc(O)c(C(=O)N(C)C(C)C(=O)NC(C)(C)C)c1,OADMET-0001605,4.21,,,,,,
C=CC(=O)Nc1ccc(O)c(C(=O)Nc2cc3sc(=O)n(C)c3cc2C)c1,OADMET-0001722,3.87,,,,,,
C=CC(=O)Nc1ccc(S(=O)(=O)N2CCCC2CO)cc1,OADMET-0001797,3.59,,,,,,
C=CC(=O)Nc1cccc(C(=O)N(C)C[C@H]2CCCN(C)[C@@H]2c2ccnn2C)c1,OADMET-0001802,3.5,,,,,,
C=CC(=O)Nc1cccc(C(=O)N2CCC3=NS(=O)(=O)NC=C3C2)c1,OADMET-0001659,1.7,,,,,,
C=CC(=O)Nc1cccc(C(=O)N2CCS(=N)(=O)c3ccccc32)c1,OADMET-0001608,3.98,,,,,,
C=CC(=O)Nc1cccc(C(=O)NCC2(CC)OCCc3ccccc32)c1,OADMET-0001580,5.26,,,,,,
C=CC(=O)Nc1cccc(C(=O)Nc2ccc(N3CCc4sccc4C3)cc2)c1,OADMET-0001714,1.72,,,,,,
C=CC(=O)Nc1cccc(C(=O)Nc2ccc(O[C@@H]3CCCC[C@H]3O)cc2)c1,OADMET-0001764,3.76,,,,,,
C=CC(=O)Nc1cccc(CC(=O)N2CCC(O)(c3ccc(F)c(F)c3)CC2)c1,OADMET-0001661,4.26,,,,,,
C=CC(=O)Nc1cccc(CC(=O)NC2CCSc3c(F)cccc32)c1,OADMET-0001776,3.98,,,,,,
C=CC(=O)Nc1cccc(CC(=O)NCc2cn(C)nc2-c2cccc(F)c2)c1,OADMET-0001803,4.17,,,,,,
C=CC(=O)Nc1cccc(CC(=O)NCc2nnc(S)n2CC)c1,OADMET-0001573,2.61,,,,,,
C=CC(=O)Nc1cccc(CS(=O)(=O)C2CCCCC2)c1,OADMET-0001734,4.53,,,,,,
C=CC(=O)Nc1cccc(Nc2nc(Nc3ccc(OCCOC)cc3)ncc2F)c1,,,1.506071875,2.591679978,0.595868979,0.579783597,,
C=CC(=O)Nc1cccc(Nc2nc(Nc3ccc(Oc4ccnc(C(=O)NC)c4)cc3)ncc2F)c1,,,1.822599543,2.50806218,1.121361739,,-0.403402904,
C=CC(=O)Nc1cccc(Oc2nc(Nc3ccc(N4CCN(C)CC4)c(F)c3)nc3[nH]ccc23)c1,,,1.427680816,2.53699252,1.70375054,,0.039414119,-0.139063379
C=CC(=O)Nc1cccc(Oc2nc(Nc3ccc(N4CCN(C)CC4)cc3)nc3ccoc23)c1,,,1.209407768,2.516764029,1.342645173,1.456366033,0.146128036,-0.208309351
C=CC(=O)Nc1cccc(Oc2nc(Nc3ccc(N4CCN(C)CC4)cc3)nc3ccsc23)c1,,,0.990827051,2.322653372,1.931719426,,-0.049635146,-0.308918508
C=CC(=O)Nc1cccc(Sc2nc(Nc3ccc(N4CCN(C)CC4)cc3)ncc2Cl)c1,,,,,,-0.397940009,,
C=CC(=O)Nc1ccccc1CC(=O)N1CCCC1C(=O)N(C)C,OADMET-0001718,4.08,,,,,,
C=CC(=O)Nc1ccccc1N1CCN(C(=O)OCC(C)C)CC1,OADMET-0001583,5.28,,,,,,
C=CC(=O)Nc1cccnc1Oc1ccc(Cl)cc1Cl,OADMET-0001643,4.1,,,,,,
C=CC(=O)Nc1cnn(C(C)c2nnc3n2CCCCC3)c1,OADMET-0001637,3.62,,,,,,
C=CCC1(C(=O)NC2CCN(C(=O)OC(C)(C)C)CC2CO)CCCCC1,OADMET-0002760,6.32,,,,,,
C=CCC1(C(=O)OCC)CCN(C(=O)c2nn[nH]c2C2CC2)C1,OADMET-0005521,4.49,,,,,,
C=CCC1(NC(=O)c2nn[nH]c2-c2ccccc2)CCOCC1,OADMET-0002963,4.74,,,,,,
C=CCN(C)CCCCCCOc1ccc(C(=O)c2ccc(Br)cc2)c(F)c1,,,1.4925369,2.504950428,,1.330413773,,
C=CCN(Cc1ccc(OC)cc1)C(=O)Nc1nc(C(F)(F)F)ns1,OADMET-0004864,4.2,,,,,,
C=CCN(Cc1cccnc1)c1nc(C)nc2sccc12,,,2.273702525,3.170271986,-0.097742793,1.65829765,,
C=CCN(c1ccc(C(=O)OC)cc1)S(=O)(=O)c1ccccc1,,,,,,0.350248018,,
C=CCNC(=O)C1(Cc2ccc(-c3ccccc3)cc2)CCN(C(=O)c2cccnc2)CC1,,,1.884631128,2.746224617,1.447543942,0.602059991,,
C=CCNC(=O)C1CCCN(C(=O)Nc2ccc(NC(=O)Nc3ccc(C)c(C)c3)cc2)C1,OADMET-0001377,3.19,,,,,,
C=CCNC1=C2C[C@@H](C)C[C@@H](OC)[C@@H](O)[C@@H](C)/C=C(\C)[C@@H](OC(N)=O)[C@@H](OC)/C=C\C=C(/C)C(=O)NC(=CC1=O)C2=O,,,2.688916129,3.005442641,,,,
C=CCNc1c(C(=O)N2CC3CC3C2)nnc2ccccc12,OADMET-0004869,4.92,,,,,,
C=CCNc1ncc(-c2cnccn2)c(C2CC2)n1,,,1.113575717,2.865584809,-0.275106636,,,
C=CCOc1cccc2[nH]c(C(=O)NCc3ncn(C(C)C)n3)cc12,OADMET-0004067,4.82,,,,,,
C=CC[C@]1(O)CC[C@H]2[C@@H]3CCC4=CC(=O)CCC4=C3C=C[C@@]21C,,,1.764728927,2.772600387,-0.118563535,,,
C=CCc1ccc(OCCOc2ccc(C=O)cc2)c(OC)c1,OADMET-0001563,3.97,,,,,,
C=CCc1ccccc1OCC(O)CNC(C)C,,,,,,,,1.496029699
C=CCn1c(=O)c2cnc(Nc3ccc(N4CCN(C)CC4)cc3)nc2n1-c1cccc(C(C)(C)O)n1,,,1.515038878,1.831594655,1.802269168,,,
C=CCn1c(SCC(=O)NCc2ccco2)nc2scc(-c3ccc(C)cc3)c2c1=O,OADMET-0003047,5.03,,,,,,
C=CCn1cc(CNCc2csc3ccc(Cl)cc23)c(C)n1,,,2.540827314,3.505014919,,1.330413773,,
C=CCn1cccc1C(=O)NCc1c(C)nn(-c2ccccc2)c1C,OADMET-0003383,5.38,,,,,,
C=CCn1cnc2c(Cl)cc(-c3ccc(C(=O)NC4CC4)o3)cc21,,,1.439837761,2.059729985,0.706522052,1.520745472,,
C=C[C@@H]1OCC[C@H]1NC(=O)c1cnn(CC(C)C)c1C(F)F,OADMET-0005264,4.75,,,,,,
C=C[C@H](CO)NC(=O)c1cc2cc(C(C)(C)C)ccc2[nH]1,OADMET-0004210,5.06,,,,,,
C=C[C@H]1CN2CCC1C[C@H]2[C@H](O)c1ccnc2ccc(OC)cc12,,,,,,1.789580712,,
CC#CC(=O)N1CCC[C@@H]1c1nc(-c2ccc(C(=O)Nc3ccccn3)cc2)c2c(N)nccn12,,,1.868620931,2.439157361,1.569956172,,0.975868182,
CC#CC(=O)N1CC[C@@H](n2c(=O)n(-c3ccc(Oc4ccccc4)cc3)c3c(N)ncnc32)C1,,,1.329092647,2.272106283,1.460944843,1.810232518,0.935859798,0.669595781
CC#CC(=O)N1CC[C@@H](n2cc(-c3ccc(Oc4c(F)cccc4F)cc3)c3c(N)n[nH]c(=O)c32)C1,,,1.620136055,2.715512815,1.70079951,0.431363764,-0.073143291,-0.029188389
CC#CC(=O)N[C@H]1CCCN(c2c(F)cc(C(N)=O)c3[nH]c(C)c(C)c23)C1,,,1.397348966,2.376374361,0.860625544,1.033423755,0.163856803,-0.639532816
CC#CCCNC(=O)c1cccnc1C,,,0.675686709,1.333245699,-0.122095506,,,
CC#CCNc1ccc(-n2cnnn2)c(C)c1,,,1.323417121,2.116617705,-0.229335003,1.28780173,,
CC#CCOc1cccc2c1C(=O)N(C1CCC(=O)NC1=O)C2=O,OADMET-0005742,4.06,,,,,,
CC#C[C@@H](CC(=O)O)c1ccc(OCc2cccc(-c3ccc(C(F)(F)F)cc3)c2)cc1,,,0.869173027,1.504959933,,,,
CC#C[C@]1(O)CC[C@H]2[C@@H]3CCC4=CC(=O)CCC4=C3[C@@H](c3ccc(N(C)C)cc3)C[C@@]21C,OADMET-0003604,4.88,,,,,,
CC(/C=C/C(=O)NO)=C\[C@@H](C)C(=O)c1ccc(N(C)C)cc1,,,1.36660971,2.180916867,0.723417004,1.344392274,,
CC(=O)N(C)[C@@H]1CO[C@@H]2CCN(C[C@]3(O)CC[C@@H](C(C)(C)C)CC3)C[C@@H]2C[C@@]1(C)O,,,1.813207241,2.441376169,1.371127249,,,
CC(=O)N(C)[C@H]1CC2(CCN(C(=O)COc3cc(C)c(Cl)c(C)c3)CC2)OC[C@]1(C)O,,,1.892484179,2.645137231,0.934178457,,,
CC(=O)N(C)[C@H]1CC2(CCN(C(=O)COc3ccc(F)cc3F)CC2)OC[C@]1(C)O,,,0.675686709,1.188394071,1.174559267,,,
CC(=O)N(C)c1ccc(NC(=O)C(C)Oc2cccnc2)cn1,OADMET-0003386,3.35,,,,,,
CC(=O)N(C)c1ccccc1NC(=O)c1cccc2cccnc12,OADMET-0004372,4.82,,,,,,
CC(=O)N(CC(N)=O)c1ccc(C)cc1,,,0.702516697,1.631200171,,,,
CC(=O)N(CCc1noc(C2CCC2)n1)C1CCN(C(=O)CCCc2ccccc2)C1,OADMET-0001462,5.16,,,,,,
CC(=O)N(CCc1noc(C2CCC2)n1)C1CCN(C(=O)CN2CCCCCC2)C1,OADMET-0001463,3.21,,,,,,
CC(=O)N(c1ccc(C)cc1)c1nc(Cn2ccnc2)cs1,,,1.504362105,2.322802099,0.458426084,1.639984248,,
CC(=O)N(c1nnc(SCCOc2ccc(Cl)cc2)s1)C1CC1,OADMET-0003833,4.76,,,,,,
CC(=O)N1CC(C(=O)N2CCc3cc(Cl)cc(Cl)c3C2C)Oc2ccccc21,OADMET-0003192,5.975,,,,,,
CC(=O)N1CCC(C(=O)Nc2nccs2)(c2ccccc2)CC1,,,0.758230408,2.372663501,1.594990506,1.794278866,,
CC(=O)N1CCC(CCNc2ccc3ccc(F)cc3n2)CC1,,,1.332458659,2.421768401,-0.099405474,1.664547962,,
CC(=O)N1CCC(CNc2nccc3cccnc23)CC1,,,0.675686709,1.907266213,0.279509348,,,
CC(=O)N1CCC(Cn2ccnc2-c2cc3ccccc3s2)CC1,,,1.66738757,2.552634152,1.145125281,1.546666025,,
CC(=O)N1CCC(NS(=O)(=O)c2c(C)sc3ccc(Cl)cc23)C1,OADMET-0005683,4.77,,,,,,
CC(=O)N1CCC(Nc2ncnc3cc(-c4ccc(Br)cc4)sc23)CC1,,,0.806654724,1.635905772,0.771514668,1.008174184,,
CC(=O)N1CCC(c2ccc(C(=O)O)cn2)CC1,,,0.675686709,1.027920136,,1.704150517,,
CC(=O)N1CCC(c2ccccn2)CC1,,,0.675686709,1.027920136,-0.10170638,1.684126926,,
CC(=O)N1CCC2(C=Cc3cc(C)c(C)cc3O2)CC1,,,1.092194121,3.00812048,-0.23750305,,,
CC(=O)N1CCCC(C(=O)N2CCc3c(cccc3C(C)C)C2)C1,,,1.662918302,2.704202011,,1.739967697,,
CC(=O)N1CCCC(c2nc(-c3cccc(N4CCCC4=O)c3)cs2)C1,OADMET-0004859,5.29,,,,,,
CC(=O)N1CCCCCC1C1CCN(C(=O)c2cccc(-n3cncn3)c2)CC1,OADMET-0005807,5.56,,,,,,
CC(=O)N1CCCCCC1C1CCN(c2cc(O)nc(C)n2)CC1,OADMET-0005636,5.12,,,,,,
CC(=O)N1CCCN(C(=O)Cc2csc(C(C)C)n2)CC1,,,0.675686709,1.523304145,1.309571348,1.740993932,,
CC(=O)N1CCCN(C(=O)NCc2cnccc2C(C)(C)C)CC1,OADMET-0005088,4.57,,,,,,
CC(=O)N1CCCN(C(=O)Nc2ccc(N(C)C3CCCCC3)c(F)c2)CC1,,,2.01371757,2.965628728,1.44974353,1.830267801,,
CC(=O)N1CCCN(Cc2c(C)nn(C)c2Cl)CC1,,,1.063971007,1.640908565,0.503474828,1.613841822,,
CC(=O)N1CCCN(Cc2ccc(C(=O)N3CCCC3)cc2)c2ccccc21,,,2.35636436,2.514669922,,,,
CC(=O)N1CCCN(Cc2nc(-c3ccc(F)c(C)c3)no2)c2ccccc21,OADMET-0003303,5.62,,,,,,
CC(=O)N1CCCN(c2ccc(F)cc2NC(=O)NCCC(C)(C)O)CC1,OADMET-0005747,5.58,,,,,,
CC(=O)N1CCCN(c2ccc3ccc(Cl)c(C)c3n2)CC1,OADMET-0004418,5.2,,,,,,
CC(=O)N1CCC[C@H]1C(=O)Nc1cccc(OC(F)F)c1,,,0.675686709,1.497593031,0.153630331,1.671635597,,
CC(=O)N1CCCc2ccc(NC(=O)C(NC(=O)CC(C)C)C(C)C)cc21,OADMET-0003200,5.89,,,,,,
CC(=O)N1CCN(C(=O)CCc2ccc(-c3ccccc3)[nH]2)CC1,,,0.675686709,1.775544917,0.945804081,1.790707287,,
CC(=O)N1CCN(C(=O)CS(=O)(=O)C23CC4CC(CC(C4)C2)C3)CC1,,,0.675686709,2.47457754,1.012522768,,,
CC(=O)N1CCN(C(=O)[C@H]2CCCCN2C(=O)OC(C)(C)C)CC1,,,0.675686709,1.027920136,0.97517027,2.052617001,,
CC(=O)N1CCN(C(=O)c2ccc(-c3ccc(F)cc3)cc2F)CC1,,,0.675686709,1.300552009,0.167829909,1.872447648,,
CC(=O)N1CCN(CCNC(=O)N2CCc3sccc3C2)CC1,,,1.005952287,1.870163865,1.482205221,1.746244872,,
CC(=O)N1CCN(Cc2nc(O)cc(C(F)(F)F)n2)C(C)(C)C1,,,0.675686709,1.027920136,1.424663435,,,
CC(=O)N1CCN([C@H]2CCN(C(=O)c3cc4cc(C)ccc4o3)CC[C@@H]2O)CC1,,,0.861952375,2.18355738,1.589307341,,,
CC(=O)N1CCN([C@H]2CCN(C(=O)c3cc4cc(Cl)ccc4o3)CC[C@@H]2O)CC1,,,0.905148002,1.986426848,1.577937842,,,
CC(=O)N1CCN(c2c(Cl)cccc2NC(=O)COc2ccc(C(C)C)cc2)CC1,,,2.128396037,3.298423152,0.329482654,0.431363764,,
CC(=O)N1CCN(c2c(Cl)cccc2NC(=O)COc2ccccc2Cl)CC1,,,2.633232054,3.553730633,,1.290034611,0.256958153,
CC(=O)N1CCN(c2nc(C(F)(F)F)nc3sc(C)c(C)c23)CC1,,,1.633670406,2.335620355,0.087945428,1.710117365,0.13481437,0.624282096
CC(=O)N1CCN(c2ncc(-c3cc(C)no3)c([C@H]3CCCO3)n2)CC1,,,0.675686709,1.35987341,0.387457742,1.836197481,,
CC(=O)N1CC[C@@H](NC(=O)c2cnc(-c3cccnc3)nc2)[C@H](O)C1,OADMET-0001166,2.4,,,,,,
CC(=O)N1CC[C@H]2O[C@H]3c4ccc(O[C@@H]5O[C@H](CO)[C@@H](O[C@@H]6O[C@H](CO)[C@H](O)[C@H](O)[C@H]6O)[C@H](O)[C@H]5O)cc4OC(C)(C)[C@@H]3C[C@H]2C1,,,0.675686709,1.027920136,-0.170773856,,,
CC(=O)N1CCc2c(sc(NC(=O)C(C)C)c2-c2nc3ccccc3s2)C1,,,1.3962339,2.357718578,,,,
CC(=O)N1CCc2cc(N3CC(C(=O)NCc4ccc(F)cc4F)CC3=O)ccc21,OADMET-0001387,1.63,,,,,,
CC(=O)N1CCc2cc(Nc3nccc(C(F)(F)F)n3)ccc21,,,2.115007739,2.433196795,,0.079181246,,
CC(=O)N1CCc2ccc(N(C(=O)/C=C/c3cccc(C#N)c3)C3CCN(CCC4CCCC4)CC3)cc21,,,2.273635458,2.500914016,1.478418088,0.267171728,,
CC(=O)N1CS(=O)(=O)CC1C(=O)Nc1ccc(Cl)cc1C,OADMET-0002990,3.35,,,,,,
CC(=O)N1c2ccc(S(=O)(=O)Nc3cccc(-c4cnco4)c3)cc2CC1C,,,1.830165073,2.438528109,1.058844114,,,
CC(=O)N1c2ccccc2C[C@H]1C(=O)N1CC(C)(C)C1c1nccn1C,OADMET-0004801,4.99,,,,,,
CC(=O)N1c2ccccc2C[C@H]1C(=O)O,,,0.675686709,1.027920136,,1.525951341,,
CC(=O)N1c2ccccc2C[C@H]1c1nc(Cc2cc(C)on2)no1,OADMET-0004680,5.15,,,,,,
CC(=O)NC(C)(C)c1noc(-c2cc(Cl)cc3c2OCC3)n1,OADMET-0004934,4.83,,,,,,
CC(=O)NC(C)c1nc(C(C)Oc2ccc(Br)cc2Cl)no1,OADMET-0005018,4.7,,,,,,
CC(=O)NC(Cc1nc(-c2ccc(F)c(F)c2)no1)c1c(F)cccc1F,OADMET-0005839,5.06,,,,,,
CC(=O)NC1(C(=O)N2CCCN(C3CC3)CC2)CCC(C)CC1,,,1.442181775,1.907669281,1.576442789,1.730701544,,
CC(=O)NC1(C(=O)N2CCCN(c3cccnn3)CC2)CCCCC1,,,0.888123307,1.320997417,1.338279842,1.683587318,,
CC(=O)NC1(c2ccc(F)cc2)CCN(Cc2ccc(OC3CCCC3)cc2)CC1,,,1.394609259,2.539204109,,1.859738566,,
CC(=O)NC1(c2noc(C3(C#N)CCSCC3)n2)CCCCC1,OADMET-0005569,4.68,,,,,,
CC(=O)NC1CCC(NCCSc2ccc(C)cc2)CC1,,,1.808946556,2.698079657,1.034395532,,,
CC(=O)NC1CCC(NCCc2c(C)cccc2C)CC1,,,0.675686709,3.055740984,1.296131011,,,
CC(=O)NC1CCN(Cc2cccc(-c3cccnc3)c2)CC1,,,0.781180721,1.626494345,1.132859343,1.411619706,,
CC(=O)NC1Cc2ccccc2N(Cc2c[nH]nc2-c2ccc(C)o2)C1,OADMET-0003516,5.29,,,,,,
CC(=O)NCC(=O)N1[C@@H]2CC[C@H]1c1ccc(Nc3ncc(C(F)(F)F)c(NC4CCC4)n3)cc12,,,1.317394675,1.958473097,1.464313643,,,
CC(=O)NCC1CCN(C(=O)c2ccc(C)nc2)CC1,,,0.675686709,1.027920136,2.112832101,1.73239376,,
CC(=O)NCC1CCN(C(=O)c2cncn2-c2ccc(F)cc2)CC1,,,0.675686709,1.467030635,1.774739359,1.665580991,,
CC(=O)NCCC1CCCCN1S(=O)(=O)Cc1ccc(Cl)cc1,OADMET-0000972,4.36,,,,,,
CC(=O)NCCCC(=O)Nc1ccc(Oc2ccccc2Cl)cc1,,,0.982904118,2.858805992,0.9163842,,,
CC(=O)NCCCOc1ccc(CN2C[C@H](Oc3cccc(C)c3)[C@@H](O)C2)cc1,,,1.083395108,2.742940262,1.493918028,1.652052848,,
CC(=O)NCCNc1cc(Cl)nn2c(-c3cccc(S(=O)(=O)N(C)C)c3)c(C)nc12,,,2.357256208,2.901441974,1.830458485,1.660960292,0.681693392,
CC(=O)NCCOc1ccc2ccccc2n1,,,1.109274738,1.94992157,,,,
CC(=O)NC[C@H]1C[C@]2(C)[C@@H](CCCC[C@]2(C)O)N1CC1(O)CCCC1,,,0.675686709,2.030356805,0.913538362,,,
CC(=O)NC[C@H]1C[C@]2(C)[C@@H](CCCC[C@]2(C)O)N1CC1(O)CCCCCC1,,,1.709074824,2.768789005,,,,
CC(=O)NC[C@H]1C[C@]2(C)[C@@H](CCCC[C@]2(C)O)N1CC1(O)CCOCC1,,,0.953276337,1.614433159,0.975661664,,,
CC(=O)NCc1cc2n(n1)CCN(C1Cc3ccccc3C1)C2,,,0.675686709,1.027920136,0.04922349,,,
CC(=O)NCc1ccc(-c2ccccc2C(=O)O)cc1,,,,,,1.493597449,,
CC(=O)NCc1ccc(-c2csc(C3CCCN(C(C)=O)C3)n2)s1,OADMET-0005990,4.84,,,,,,
CC(=O)NCc1ccc(C(=O)NC(c2nc3ccccc3[nH]2)C2CCCCC2)o1,OADMET-0005575,4.82,,,,,,
CC(=O)NCc1ncc(-c2ccccc2C(=O)O)cn1,,,0.675686709,1.027920136,,1.773786445,,
CC(=O)N[C@@H](C)C(=O)Nc1cccc(-n2cccn2)c1,OADMET-0001175,3.9,,,,,,
CC(=O)N[C@@H](Cc1ccc(O)cc1)C(=O)O,OADMET-0003654,2.27,,,,,,
CC(=O)N[C@H]1/C(=N\OC(=O)Nc2ccccc2)O[C@H](CO)[C@H](O)[C@@H]1O,,,,,,1.822168079,,
CC(=O)N[C@H]1CC2(CCN(C(=O)COc3cc(C)c(Cl)c(C)c3)CC2)OC[C@]1(C)O,,,1.387425423,2.219951086,1.629208824,,,
CC(=O)N[C@H]1CCN(C(=O)N[C@H](C)C(c2ccccc2)c2ccccc2)C1,,,1.803341015,2.916352865,2.052162077,,,
CC(=O)Nc1c(I)c(NC(C)=O)c(I)c(C(=O)O)c1I,OADMET-0003675,1.98,,,,,,
CC(=O)Nc1cc(CCC2CCNCC2)ccn1,,,0.675686709,1.027920136,0.383821512,1.707399831,,
CC(=O)Nc1ccc(-c2ccc(S(=O)(=O)N3CC(OC(=O)NC(C)C)C3)cc2)cc1,OADMET-0005515,5.1,,,,,,
CC(=O)Nc1ccc(-c2ccc(S(=O)(=O)NCc3cc4n(n3)CCCO4)cc2)cc1,OADMET-0003166,5.77,,,,,,
CC(=O)Nc1ccc(C(=O)N2CCCCC2c2nc(N)ncc2-c2ccc(Cl)cc2)cc1,,,1.609647759,2.808125186,2.027037834,1.761927838,0.596926814,0.549861188
CC(=O)Nc1ccc(C(=O)N2CCCCC2c2nc(N)ncc2-c2cccc(Cl)c2)cc1,,,1.727004157,2.813429526,1.991058155,1.759667845,0.520483533,0.584331224
CC(=O)Nc1ccc(C(=O)N2CCc3ncncc3C2)cc1,,,0.675686709,1.027920136,1.235073653,1.527114112,,
CC(=O)Nc1ccc(C(=O)Nc2cc(-c3cccs3)ccc2N)cc1,,,0.978819387,1.814447379,,,,
CC(=O)Nc1ccc(C(=O)O)cc1,OADMET-0002232,2.69,,,,,,
CC(=O)Nc1ccc(CCNC(=O)c2cccc(NC(=O)c3ccc(Br)o3)c2)cc1,OADMET-0005364,4.62,,,,,,
CC(=O)Nc1ccc(CNCCOc2ccc(F)cc2F)cc1,,,1.097500252,2.057768771,0.196041197,,,
CC(=O)Nc1ccc(NC(=O)C2CC(=O)N(c3ccc4oc(C)nc4c3)C2)cc1,OADMET-0001390,1.75,,,,,,
CC(=O)Nc1ccc(NCc2ccc(-c3c(F)cccc3F)o2)cc1,OADMET-0004907,4.76,,,,,,
CC(=O)Nc1ccc(NS(=O)(=O)c2ccc(Cl)c3ccccc23)cc1,OADMET-0003116,5.19,,,,,,
CC(=O)Nc1ccc(O)cc1,,,,,,1.442479769,1.887859133,1.916985305
CC(=O)Nc1ccc(Oc2ncnc3scc(-c4ccccc4)c23)cc1,,,1.590563209,2.641757598,-0.094478581,0.949390007,,
CC(=O)Nc1ccc(S(=O)(=O)NC2=NCN(Cc3ccccc3)CN2)cc1,,,0.675686709,1.027920136,,1.78497371,,
CC(=O)Nc1ccc2nc(C)cc(O)c2c1,,,0.675686709,1.027920136,0.190366194,1.587710965,,
CC(=O)Nc1ccc2nc(CNCCNc3ccncc3C)ccc2c1,OADMET-0001211,2.67,,,,,,
CC(=O)Nc1ccc2nc(N3CCOCC3)sc2c1,,,0.675686709,1.364475949,-0.092968122,1.643945913,,
CC(=O)Nc1cccc(-c2nc(-c3ccc(O)cc3O)cs2)c1,OADMET-0003187,5.23,,,,,,
CC(=O)Nc1cccc(CN2CCCN(C(C)=O)c3ccccc32)c1,,,2.143629875,2.96343978,1.200340861,1.471585054,,
CC(=O)Nc1cccc(OC(=O)N2CCOCC2)c1,,,0.877428941,1.027920136,0.418813542,1.753812784,,
CC(=O)Nc1cccc(OCC(=O)N2CCCCC2)c1,,,0.675686709,2.098847848,1.074655463,1.627160952,,
CC(=O)Nc1cccc(OCCNC2[C@H]3CCC[C@H]3C2(C)C)c1,OADMET-0005902,4.73,,,,,,
CC(=O)Nc1ccccc1CN1CCC(c2nnc3ccccn23)CC1,,,1.000390689,2.058422228,1.693076039,,,
CC(=O)Nc1ccccc1OCCOc1ccc(Cl)cc1,,,1.981184137,2.822593009,-0.42882913,,,
CC(=O)Nc1ccnn1C1CCN(Cc2ccccc2C#Cc2ccccc2)CC1,,,1.916343387,2.705213494,1.423183384,1.412292509,,
CC(=O)Nc1cnn(CC2CCN(C)CC2)c1,,,0.675686709,1.027920136,0.551382817,1.371067862,,
CC(=O)Nc1nc(-c2c(C)cc(C)cc2C)cs1,,,1.396948687,3.372758685,-0.252744304,1.283301229,,
CC(=O)Nc1nc(C(=O)N2CC(C)(C)c3ccc(F)cc32)cs1,OADMET-0005805,4.91,,,,,,
CC(=O)Nc1ncc(C(=O)O)s1,,,,,,,1.81935965,1.854123782
CC(=O)Nc1ncc(CN2CCCC[C@@H]2C)s1,,,0.675686709,1.150111425,0.118767305,,2.0,1.923109252
CC(=O)Nc1sc2c(c1-c1nc3ccccc3s1)CCN(C(C)C)C2,,,1.542161534,2.363551219,,,,
CC(=O)O[C@@]12CO[C@@H]1C[C@H](O)[C@@]1(C)C(=O)[C@H](O)C3=C(C)[C@@H](OC(=O)[C@H](O)[C@@H](NC(=O)OC(C)(C)C)c4ccccc4)C[C@@](O)([C@@H](OC(=O)c4ccccc4)[C@H]21)C3(C)C,OADMET-0003579,2.45,,,,,,
CC(=O)O[C@H]1CC[C@@]2(C)C(=CC[C@@H]3[C@@H]2CC[C@]2(C)C(c4cccnc4)=CC[C@@H]32)C1,OADMET-0003655,3.96,,,,,,
CC(=O)O[C@]1(C(C)=O)CC[C@H]2[C@@H]3CCC4=CC(=O)CCC4=C3[C@@H](c3ccc(N(C)C)cc3)C[C@@]21C,OADMET-0003592,5.08,,,,,,
CC(=O)Oc1ccc(C2(c3ccc(OC(C)=O)cc3)C(=O)Nc3ccccc32)cc1,OADMET-0003741,4.61,,,,,,
CC(=O)Oc1ccccc1C(=O)Nc1ncc([N+](=O)[O-])s1,OADMET-0001910,2.42,,,,,,
CC(=O)Oc1ccccc1C(=O)O,OADMET-0002173,2.61,,,,,,
CC(=O)[C@@]1(O)CC[C@H]2[C@@H]3C[C@H](C)C4=CC(=O)CC[C@]4(C)[C@H]3CC[C@@]21C,OADMET-0003762,4.18,,,,,,
CC(=O)[C@H]1CC[C@H]2[C@@H]3CCC4=CC(=O)CC[C@]4(C)[C@H]3CC[C@]12C,OADMET-0003756,4.0,,,,,,
CC(=O)c1c(C)[nH]c(C(=O)N2CCc3ccccc3C2)c1C,OADMET-0001985,3.58,,,,,,
CC(=O)c1c(C)[nH]c(C(=O)O)c1C,OADMET-0002181,2.14,,,,,,
CC(=O)c1c(C)c2cnc(Nc3ccc(N4CCNCC4)cn3)nc2n(C2CCCC2)c1=O,,,1.10561236,1.539841088,1.799973248,1.6642658,,
CC(=O)c1c(C)n(S(=O)(=O)c2ccc(C)cc2)c2ccc(NS(=O)(=O)c3ccc(C)cc3)cc12,,,,,,-0.27572413,,
CC(=O)c1c(C)nn(CC(=O)NCc2nc(-c3ccncc3)n[nH]2)c1C,OADMET-0000983,2.32,,,,,,
CC(=O)c1cc(Br)cc(F)c1OCc1ccccn1,,,1.81973472,2.499662344,-0.206170522,,,
CC(=O)c1cc(C(=O)N[C@@H]2CCOC[C@H]2Oc2ccc(C(=O)O)cc2)[nH]n1,OADMET-0000927,2.32,,,,,,
CC(=O)c1cc(CN2CCC3(CC2)CN(CC(C)c2ccccc2)C(=O)O3)cs1,OADMET-0001358,3.43,,,,,,
CC(=O)c1ccc(-c2ccc(-c3nn[nH]n3)cc2)cc1,,,1.045127307,1.721967164,,,,
CC(=O)c1ccc(-c2cccc(C(=O)N[C@@H]3CS(=O)(=O)C[C@H]3O)c2)nc1,OADMET-0001287,2.5,,,,,,
CC(=O)c1ccc(OCCCCN2CCCC2)cc1,,,0.675686709,2.656148052,-0.048176502,1.559667278,,
CC(=O)c1ccc2c(c1)CCN(CC1CCC3(CC1)OCCO3)CC2,,,0.675686709,2.359412361,-0.254683871,,,
CC(=O)c1ccc2c(c1)CCN(CCC1OCCO1)CC2,,,0.919025765,1.750060756,-0.278074658,,,
CC(=O)c1ccccc1-c1cccc(C(=O)NCCCN2CCCC2)c1,,,0.675686709,2.870664872,2.124927356,,,
CC(=O)c1cnc2ccc(-c3cc(Cl)c(O)c(Cl)c3)nc2c1N[C@H]1CC[C@H](CN(C)C)CC1,,,,,1.340109201,-0.522878745,,
CC(=O)n1c(/C=C2/N=C(c3ccc(F)cc3)OC2=O)cc2ccccc21,,,2.035437744,2.158657953,,0.73479983,,
CC(C(=O)N1CCNC(=O)CC1)c1n[nH]c(=O)c2ccccc12,OADMET-0001122,2.2,,,,,,
CC(C(=O)N1CCOCC1c1nc2ccccc2s1)c1cccnc1,OADMET-0005613,5.04,,,,,,
CC(C(=O)N1CCc2sccc2C1)N1CCCN(c2ccccc2C#N)CC1,,,3.328241341,3.626562181,-0.059772517,1.408239965,,
CC(C(=O)NC(C)(C)C(=O)Nc1ccccc1)c1ccccc1F,OADMET-0002994,4.73,,,,,,
CC(C(=O)NC(Cc1csc2ccccc12)C(=O)O)c1ccccc1,OADMET-0005076,4.35,,,,,,
CC(C(=O)NC(N)=O)N1CCCC(Nc2ccccc2)C1,OADMET-0005038,4.86,,,,,,
CC(C(=O)NCC1CC(=O)N(Cc2ccccc2)C1)c1cn(C)c2ccccc12,OADMET-0002999,5.11,,,,,,
CC(C(=O)NCc1ccc2ccoc2c1)c1ccc(Br)cc1,OADMET-0005175,4.2,,,,,,
CC(C(=O)NS(=O)(=O)C1CCc2ccccc21)n1ccc(C(F)(F)F)n1,OADMET-0005353,4.26,,,,,,
CC(C(=O)NS(=O)(=O)c1ccc2c(c1)C(=O)OC2(C)C)C1=CCCC1,OADMET-0005583,4.27,,,,,,
CC(C(=O)Nc1cc(Cl)ccc1Cl)N(C)CC1CCCC1O,OADMET-0003255,5.18,,,,,,
CC(C(=O)Nc1ccc(C(N)=O)cc1)N1CCCC(c2nc3ccccc3o2)C1,,,2.262629043,3.338218563,1.177654303,1.751663946,,
CC(C(=O)Nc1ccc2c(c1)OCO2)N1CC(C)(C)OC2(CCOC2)C1,OADMET-0005240,4.24,,,,,,
CC(C(=O)Nc1cccc(-c2ccn[nH]2)c1)c1ccccc1,OADMET-0005769,4.78,,,,,,
CC(C(=O)Nc1ccccc1)N1CCCC(c2nc3ccccc3o2)C1,,,,3.477423636,-0.080195017,1.42894429,,
CC(C(=O)Nc1ccccc1)N1CCCN(c2nccs2)CC1,,,2.662653022,3.304632684,-0.033352653,1.569958818,,
CC(C(=O)Nc1nccs1)N1CCCN(C(=O)c2ccccc2)CC1,OADMET-0005955,4.87,,,,,,
CC(C(=O)O)c1cccc(C(=O)c2ccccc2)c1,OADMET-0002204,3.67,,,,,,0.047274867
CC(C(O)c1ccc(O)cc1)N1CCC(Cc2ccccc2)CC1,,,2.174678956,2.98227259,0.035295816,1.713826424,,
CC(C)(C(=O)N1CCC(C(=O)Nc2ccc3c(c2)OCO3)CC1)c1cccc2ccccc12,OADMET-0002797,5.84,,,,,,
CC(C)(C(=O)N1CCC(COc2ccccc2)C1)c1cccnc1,OADMET-0004699,5.04,,,,,,
CC(C)(C(=O)N1CCCC(CO)(Cc2ccccc2)C1)n1cccn1,OADMET-0005668,5.27,,,,,,
CC(C)(C(=O)N1CCCc2occc2C1)c1ccc(Cl)cc1,OADMET-0003533,5.58,,,,,,
CC(C)(C(=O)N1CCCc2occc2C1)c1ccc(F)c(Cl)c1,OADMET-0003287,5.27,,,,,,
CC(C)(C(=O)N1CCN(c2cc(C3CC3)n[nH]2)CC1)c1ccc(F)cc1,OADMET-0002597,5.09,,,,,,
CC(C)(C(=O)N1C[C@@H]2CS(=O)(=O)C[C@@H]2C1)N1CCOCC1,OADMET-0003339,2.62,,,,,,
CC(C)(C(=O)NCCN(C(=O)CC1CCC2CC12)C1CC1)S(C)(=O)=O,OADMET-0005125,4.67,,,,,,
CC(C)(C(=O)NCCc1nccc(C(F)(F)F)n1)c1ccccc1,OADMET-0002775,5.23,,,,,,
CC(C)(C(=O)NCc1ccccn1)c1ccccc1,,,0.675686709,2.139107371,-0.133202618,1.889805752,,
CC(C)(C(=O)Nc1cc(C2CCOCC2)[nH]n1)c1cccc(Cl)c1F,OADMET-0003508,5.23,,,,,,
CC(C)(C(=O)c1ccccc1)/[N+]([O-])=C/c1ccc(F)cc1,,,0.882809041,1.788111782,-0.167525621,,,
CC(C)(C)C(=O)N1CCC(CN(CC(N)=O)C2CCCC2)CC1,,,1.47444938,3.148166599,1.424211737,,,
CC(C)(C)C(=O)N1CCC(CN2C(=O)C(=O)N(C3CCCC3)C2=O)CC1,,,1.345059906,2.45996062,0.306591951,1.824581376,,
CC(C)(C)C(=O)N1CCC(CN2CCCC[C@@H]2CO)CC1,,,0.675686709,1.469011559,1.156026602,1.699837726,,
CC(C)(C)C(=O)N1CCC(Cc2ccc(-c3cccs3)cc2)(C(=O)N2CCCC2)CC1,,,2.347780667,3.158208351,-0.000772,1.361727836,-0.1837587,0.008174184
CC(C)(C)C(=O)N1CCC(NS(C)(=O)=O)CC1,,,0.675686709,1.027920136,0.276113023,1.754730469,,
CC(C)(C)C(=O)N1CCN(C(=O)CCN2CCOC2=O)CC1,,,0.675686709,1.027920136,1.812496417,1.797267541,,
CC(C)(C)C(=O)Nc1nnc(Cc2ccccc2)s1,,,0.675686709,2.818199492,0.076743253,1.546295835,,
CC(C)(C)C(=O)Nc1sc2c(c1C#N)CCC2,,,,,,0.281033367,,
CC(C)(C)C(=O)OCOP(=O)(COCCn1cnc2c(N)ncnc21)OCOC(=O)C(C)(C)C,OADMET-0003790,3.27,,,,,,
CC(C)(C)C(NC(=O)c1ccc(-c2ccccc2)cc1)c1nc(-c2nnc[nH]2)no1,OADMET-0002794,5.64,,,,,,
CC(C)(C)C1(CNC(=O)c2cccc(Br)c2Cl)CCNC1,OADMET-0003156,5.015000000000001,,,,,,
CC(C)(C)C1(NC(=O)NCc2nc(C(F)F)no2)CCC1,OADMET-0005456,5.22,,,,,,
CC(C)(C)C1CN(C(=O)c2ccc(C(N)=O)nc2)c2ccccc21,OADMET-0005053,4.95,,,,,,
CC(C)(C)C1CN(c2cc(CO)cc(C(F)(F)F)n2)CCO1,OADMET-0003385,5.48,,,,,,
CC(C)(C)CC(=O)N1CCC(OCCCN)CC1,,,0.675686709,1.027920136,0.905683353,1.70457945,,
CC(C)(C)CC(C)(C)c1ccc(OCCOCC[N+](C)(C)Cc2ccccc2)cc1,OADMET-0003760,3.26,,,,,,
CC(C)(C)CCCNC(=O)N1CCN(Cc2ccon2)CC1,,,1.233046902,2.794642079,0.176130508,,,
CC(C)(C)CCNC(=O)N1C[C@H]2CCC[C@@]2(c2nnc(C3CC3)o2)C1,OADMET-0005299,4.56,,,,,,
CC(C)(C)C[C@@H]1COCc2nc(OCc3ccccn3)cc(=O)n21,,,0.849726444,2.433891387,-0.237105736,1.7930916,,
CC(C)(C)Cc1cc(NC(=O)C2CCCc3sc(N)nc32)n[nH]1,OADMET-0002613,5.29,,,,,,
CC(C)(C)Cc1nnc(-c2cnc3onc(C4CCCC4)c3c2)o1,,,,,,0.600972896,,
CC(C)(C)N1CCC(NC[C@H](O)c2ccc(Cl)cc2)C1=O,OADMET-0004715,5.04,,,,,,
CC(C)(C)N1CCCN(C(=O)CNc2ccc(C#N)cc2)CC1,,,0.675686709,1.815119306,-0.052247013,1.698709349,,
CC(C)(C)NC(=O)Cn1nc(C(c2ccccc2)c2ccccc2)oc1=O,,,1.350616237,2.873526944,0.609120937,0.779596491,,
CC(C)(C)NC(=O)NCCn1nc2c(cc1=O)CCCC2,,,1.084540532,2.020725804,1.826398101,1.676327734,,
CC(C)(C)NC(=O)c1cnc(-c2ccc(Cl)s2)s1,,,1.619166403,2.223550451,-0.305885734,0.041392685,,
CC(C)(C)NC(=O)c1cncn1C1CCN(c2ccc(-c3nnc(C(F)(F)F)o3)cn2)CC1,,,0.675686709,1.402398959,0.927058437,1.786254396,,
CC(C)(C)NS(=O)(=O)C1(CNc2cc(Br)ccc2C#N)CCC1,OADMET-0002810,5.949999999999999,,,,,,
CC(C)(C)NS(=O)(=O)NC(=O)C(C)(C)c1cccc(C#N)c1,OADMET-0005572,4.77,,,,,,
CC(C)(C)NS(=O)(=O)c1ccc(Cl)c(C(=O)NCCc2nc3ccccc3s2)c1,OADMET-0003165,5.74,,,,,,
CC(C)(C)NS(=O)(=O)c1cccc(NC(=O)c2cc(=O)c3cc(O)ccc3o2)c1,OADMET-0005570,5.08,,,,,,
CC(C)(C)Nc1cc(NCC2CCOCC2)c2ncc(-c3ccc(C(=O)NC4CC4)cc3)n2n1,,,,,0.876292366,-0.397940009,,
CC(C)(C)Nc1cccc(-c2nc(CCc3cnccn3)n(C3CCC3)n2)n1,OADMET-0005471,5.32,,,,,,
CC(C)(C)OC(=O)C(C)(C)NCc1ccc2c(c1)NC(=O)CO2,OADMET-0005671,4.94,,,,,,
CC(C)(C)OC(=O)N1C2CCC1CC(CC(=O)NC(CO)c1ccc(F)cc1)C2,OADMET-0004902,4.98,,,,,,
CC(C)(C)OC(=O)N1C2CCC1CC(CNc1ccc(C#N)nn1)C2,OADMET-0005840,4.81,,,,,,
CC(C)(C)OC(=O)N1CC(O)(C2(C(=O)N3CC[C@H](F)C3)CCC2)C1,OADMET-0005034,4.88,,,,,,
CC(C)(C)OC(=O)N1CC2(CCCC2)CCC1CN1CCCN(C(N)=O)CC1,OADMET-0006064,4.61,,,,,,
CC(C)(C)OC(=O)N1CC=C(CCC(=O)NO)C1,,,,,,1.643353962,,
CC(C)(C)OC(=O)N1CCC12CN(C(=O)c1n[nH]c3ccccc3c1=O)C2,OADMET-0003219,5.17,,,,,,
CC(C)(C)OC(=O)N1CCCC1C(=O)N1CCC(C(=O)N[C@@H](Cc2c[nH]c3ccccc23)C(=O)O)CC1,,,0.675686709,,,,1.691832676,1.842553077
CC(C)(C)OC(=O)N1CCCN1C(=O)c1cc2cc(Cl)ccc2[nH]1,,,1.673849977,2.836996561,,,,
CC(C)(C)OC(=O)N1CCNC(=O)C1,,,,,,1.535167485,,
CC(C)(C)OC(=O)NC(c1nc(Cc2cccnc2)no1)C1CCC1,OADMET-0003067,5.21,,,,,,
CC(C)(C)OC(=O)NC1(C(=O)NC2CCCSC2)CC1(F)F,OADMET-0005036,4.93,,,,,,
CC(C)(C)OC(=O)NC1(CCNC2C(=O)NCC2(C)C)CCC1,OADMET-0005822,4.65,,,,,,
CC(C)(C)OC(=O)NC1CCCC2CN(C(=O)C3(Cc4ccccc4)CC3)CC21,OADMET-0003026,5.8,,,,,,
CC(C)(C)OC(=O)NCCCC(=O)N[C@H]1C[C@@H](n2cnc3c(NCc4ccccc4)ncnc32)[C@@H](O)[C@H]1O,,,2.042843173,2.20306826,0.665062461,,,
CC(C)(C)OC(=O)NCc1cc(-c2nc(-c3cnc4cnccn34)no2)ccn1,OADMET-0006031,4.42,,,,,,
CC(C)(C)OC(=O)NCc1ccc(C(=N)NC(=O)OCc2ccccc2)cc1,,,1.9259718,3.115318554,0.347639628,0.413299764,,
CC(C)(C)OC(=O)N[C@H]1CCCC[C@@H]1NC1CCN(C2CCCCC2)C1=O,OADMET-0003174,5.27,,,,,,
CC(C)(C)OC(=O)c1ccc(-n2[nH]cc(-n3ccnn3)c2=O)nc1,,,0.675686709,1.316263972,0.076390223,,,
CC(C)(C)OCc1cccc(NC(=O)c2cnn3ncccc23)c1,OADMET-0005279,5.39,,,,,,
CC(C)(C)O[C@H]1C[C@H](n2cc(C(C)(O)Cc3ccccc3)nn2)C1,OADMET-0005313,5.06,,,,,,
CC(C)(C)Sc1c(CC(C)(C)C(=O)O)n(Cc2ccc(Cl)cc2)c2ccc(OCc3ccc4ccccc4n3)cc12,,,1.458411201,2.150962029,0.374706153,0.785329835,,
CC(C)(C)[C@@H]1OCC[C@H]1c1noc(C2OCCc3ccccc32)n1,OADMET-0003530,5.6,,,,,,
CC(C)(C)[C@H](NC(=O)c1cc(N2CCCCC2)ccn1)C(N)=O,OADMET-0002701,5.365,,,,,,
CC(C)(C)c1[nH]cnc1/C=c1\[nH]c(=O)/c(=C/c2ccccc2)[nH]c1=O,,,0.675686709,2.165499544,0.856531657,,,
CC(C)(C)c1cc(C(=O)CSc2nncn2-c2ccccc2)cc(C(C)(C)C)c1O,,,1.200689847,1.668087787,,,,
CC(C)(C)c1cc(C(=O)CSc2nnnn2-c2ccccc2)cc(C(C)(C)C)c1O,,,1.41703964,1.746517539,,,,
CC(C)(C)c1cc(C(=O)N2CCC(O)(C(F)F)CC2)no1,OADMET-0005773,4.38,,,,,,
CC(C)(C)c1cc(CNC(=O)C2CCC(=O)NC(=O)N2)[nH]n1,OADMET-0001331,3.09,,,,,,
CC(C)(C)c1cc(NC(=O)Nc2ccc(-c3cn4c(n3)sc3cc(OCCN5CCOCC5)ccc34)cc2)no1,,,,,,-0.522878745,,
CC(C)(C)c1cc(NC(=O)c2cccc3cn[nH]c23)[nH]n1,,,0.993259831,2.245922093,0.191257048,0.250420002,,
CC(C)(C)c1cc(NS(=O)(=O)c2c(Cl)cccc2Cl)cc(C(C)(C)C)c1,,,1.952101391,3.013715165,,,,
CC(C)(C)c1cc(NS(=O)(=O)c2cccc(F)c2)cc(C(C)(C)C)c1,,,1.000859761,2.485189486,,,,
CC(C)(C)c1cc2n(n1)CCN(C(=O)c1nccc3ccccc13)C2,OADMET-0002958,5.35,,,,,,
CC(C)(C)c1ccc(-c2nc3n(c(=O)c2C#N)CCS3)cc1,,,0.932980822,2.281224324,,0.397940009,0.731266349,0.455758203
CC(C)(C)c1ccc(=O)n(CC2CN(CC3(O)CCCC3)C2)n1,,,0.801472314,2.039992793,1.273530626,1.660391098,,
CC(C)(C)c1ccc(C(=O)NCCC(=O)O)cc1,OADMET-0002193,2.65,,,,,,
CC(C)(C)c1ccc(C(=O)NCc2ccc(Cl)cc2)cc1,OADMET-0002006,5.19,,,,,,
CC(C)(C)c1ccc(C(=O)Nc2ccc(C(=O)Nc3ccccc3)cc2)cc1,,,,,-0.342297821,-0.397940009,,
CC(C)(C)c1ccc(C(=O)Nc2cn3cc(-n4ccnc4)ccc3n2)cc1,,,1.781252594,1.407560849,0.455588856,0.439332694,,
CC(C)(C)c1ccc(C(=O)O)cc1,OADMET-0002169,2.86,,,,,,
CC(C)(C)c1ccc(C(O)CN2CCC(O)(c3ccc4c(c3)OCO4)CC2)cc1,,,1.661291977,,-0.156152888,,0.779018972,
CC(C)(C)c1ccc(C2=NC3(CCNCC3)NC2=O)cc1,,,0.814247596,1.775457526,1.529299026,1.653694795,,
CC(C)(C)c1ccc(CN)cc1,OADMET-0002050,1.88,,,,,,
CC(C)(C)c1ccc(CN2CCC(C(N)=O)CC2)cc1,,,0.675686709,2.159338557,-0.011133705,1.679064318,,
CC(C)(C)c1ccc(Cl)cc1NC(=O)c1ccn(C2CCOCC2)n1,OADMET-0005995,5.1,,,,,,
CC(C)(C)c1ccc(O)c(NC(=O)c2cccc(Cn3cncn3)c2)c1,OADMET-0004168,4.79,,,,,,
CC(C)(C)c1ccc(OCc2ccc(C(=O)O)o2)cc1,OADMET-0002158,3.27,,,,,,
CC(C)(C)c1ccc(S(=O)(=O)N2CC(O)Cc3ccccc32)s1,OADMET-0003417,5.87,,,,,,
CC(C)(C)c1ccc(S(=O)(=O)NCCCN2CCCCCC2=O)s1,OADMET-0003316,5.945,,,,,,
CC(C)(C)c1cccc(NC(=O)CN2C(=O)NC(C)(c3ccc(F)cc3)C2=O)n1,OADMET-0003199,5.78,,,,,,
CC(C)(C)c1ccccc1C(=O)N1CCC(Cn2ccnn2)CC1,OADMET-0002585,5.35,,,,,,
CC(C)(C)c1cn(CCS(=O)(=O)Nc2ccccc2)nn1,OADMET-0004905,5.08,,,,,,
CC(C)(C)c1cnc(CN2CCC(=O)Nc3cc(F)ccc32)o1,,,1.994031049,2.977713091,0.282774789,,,
CC(C)(C)c1cnnn1-c1ccc(C=Cc2ccc(C=O)cc2)cc1,OADMET-0001501,3.91,,,,,,
CC(C)(C)c1coc(CNC(=O)N[C@H]2C[C@@H]2c2ccc(F)cc2F)n1,OADMET-0003384,5.16,,,,,,
CC(C)(C)c1csc(C2CN(C(=O)c3cccc(C(=O)O)c3)CCO2)n1,OADMET-0005976,5.0,,,,,,
CC(C)(C)c1csc(CCNC(=O)N2CCSCC2)n1,,,2.105251234,2.980318405,0.056857032,1.839540893,,
CC(C)(C)c1csc(Cn2ccnc2-c2ccccn2)n1,,,2.084754963,3.417478502,,,,
CC(C)(C)c1csc(NC(=O)C2CC2)n1,,,1.306167592,1.949546129,-0.197768495,1.465977368,,
CC(C)(C)c1nc(-c2nc3cccc(F)c3c(=O)[nH]2)co1,OADMET-0003027,4.98,,,,,,
CC(C)(C)c1nc(CC(=O)NC2c3ccccc3CC2O)cs1,OADMET-0005871,5.37,,,,,,
CC(C)(C)c1nc(CCNC(=O)C(c2cccc(F)c2)N2CCOCC2)cs1,OADMET-0004797,5.19,,,,,,
CC(C)(C)c1nc(CCNS(=O)(=O)Cc2noc3c2CCCCC3)no1,OADMET-0003270,5.99,,,,,,
CC(C)(C)c1nc(Cn2nnc3ccccc3c2=O)no1,,,0.675686709,2.076582194,-0.167227077,1.5402043,,
CC(C)(C)c1nc(O)c2nnn(C3CCNCC3)c2n1,,,0.675686709,1.027920136,,,,
CC(C)(C)c1ncc(C(=O)NCC(C)(O)c2ccc(F)cc2F)cn1,OADMET-0003449,5.57,,,,,,
CC(C)(C)c1nccc(NCc2ccncc2)n1,,,1.148787684,2.873938755,-0.15468889,1.48301642,,
CC(C)(C)c1nn(CC(=O)N2CCCC2c2ccccc2)c(=O)o1,OADMET-0003137,5.28,,,,,,
CC(C)(C)c1nnnn1CC(=O)NC12CC3CC(CC(C3)C1)C2,,,1.75869242,2.714415269,-0.110139589,1.412292509,,
CC(C)(C)c1noc(COc2ccccc2C#N)n1,,,,,,1.610873,,
CC(C)(C)c1ocnc1CN1CCCCC1C1CCCCC1O,OADMET-0004947,4.89,,,,,,
CC(C)(C)n1cc(C#N)c(NS(=O)(=O)c2ccc3c(c2)CCO3)n1,OADMET-0004777,4.93,,,,,,
CC(C)(C)n1cc(C(=O)N2CCOc3cc(Cl)c(Cl)cc32)nn1,OADMET-0004237,4.4,,,,,,
CC(C)(C)n1cc(C(=O)Nc2cccc3c2C(=O)NC3)nn1,OADMET-0004444,4.36,,,,,,
CC(C)(C)n1cc(CNc2cccnc2)cn1,,,0.675686709,1.61992771,-0.248876679,1.405687787,,
CC(C)(C)n1cc(Cn2cc(Cc3ccccc3)nn2)cn1,OADMET-0004737,4.78,,,,,,
CC(C)(C)n1cc(NS(=O)(=O)c2cccc(Cl)c2Cl)cn1,OADMET-0002633,6.045,,,,,,
CC(C)(C)n1ccc(C(=O)N2CCN(CCCCO)CC2)c1,OADMET-0001191,3.66,,,,,,
CC(C)(C)n1ncc(C(=O)N2CCCn3ncnc32)c1C(F)(F)F,,,1.445012288,2.574546325,-0.012677996,1.664453929,,
CC(C)(C)n1ncc(OCc2ccc(OCCOCCO)nc2)c(Cl)c1=O,,,0.913336926,1.94509913,0.65761908,1.512150537,,
CC(C)(C)n1nnnc1CNC1(c2ccc(Cl)cc2)CCCCC1,OADMET-0002709,5.49,,,,,,
CC(C)(C=C(C#N)C(=O)N1CCC[C@@H](n2nc(-c3ccc(Oc4ccccc4)cc3F)c3c(N)ncnc32)C1)N1CCN(C2COC2)CC1,,,2.728516916,3.056338375,1.555038433,1.553276046,0.276231958,0.123198075
CC(C)(CC#N)CS(=O)(=O)N1Cc2ccccc2C2(CC2)C1,OADMET-0003245,5.31,,,,,,
CC(C)(CC(=O)OCC1=Nc2ccccc2S(=O)(=O)N1)Cc1ccc(Cl)cc1,OADMET-0002779,5.3,,,,,,
CC(C)(CNC(=O)CCCOc1cccc(Cl)c1Cl)c1cccnc1,OADMET-0005164,4.84,,,,,,
CC(C)(CNC(=O)NC1CCCNC1=O)c1ccccc1Br,OADMET-0004714,4.41,,,,,,
CC(C)(CNC(=O)c1cc(Cl)ccc1F)c1coc(-c2ccccc2)n1,OADMET-0005211,4.46,,,,,,
CC(C)(CNC(=O)c1ccc(S(=O)(=O)Nc2ccccc2)cc1)c1ccncc1,OADMET-0002715,5.83,,,,,,
CC(C)(CNC(=O)c1cnc2cc[nH]c2c1)C1CCOCC1,OADMET-0005414,4.42,,,,,,
CC(C)(CNc1cnn(CCO)c1)c1ccccc1,,,0.92417587,2.510217826,,,,
CC(C)(CO)NCCCCn1c2ccccc2c2ccccc21,,,1.734055373,2.212283512,0.868458753,1.501880494,,
CC(C)(CS(C)(=O)=O)NC(=O)c1cc2ccc(C(F)(F)F)cc2[nH]c1=O,OADMET-0004172,4.71,,,,,,
CC(C)(Cc1ccc(O)cc1)C(=O)NCc1noc2ccc(F)cc12,OADMET-0003178,4.81,,,,,,
CC(C)(Cc1ccccc1)C(NCCc1cnccn1)c1nnnn1-c1ccc2c(c1)OCO2,OADMET-0004489,5.41,,,,,,
CC(C)(NC(=O)C1CCN(c2ccc3nnnn3n2)CC1)c1cccs1,OADMET-0005766,4.75,,,,,,
CC(C)(NC(=O)CC1CCC(F)(F)CC1)c1nc2ccccc2s1,OADMET-0005030,5.07,,,,,,
CC(C)(NC(=O)Nc1c2c(nn1-c1ccccc1)CCC2)c1nccs1,OADMET-0005089,5.06,,,,,,
CC(C)(NC(=O)c1cc(-c2ccc3c(c2)OCO3)n[nH]1)c1cccs1,OADMET-0003823,5.02,,,,,,
CC(C)(NC(=O)c1ccc2c(c1O)CCCC2)c1nnn[nH]1,OADMET-0005624,4.16,,,,,,
CC(C)(NS(C)(=O)=O)c1cn(-c2cc(Cl)cc(Cl)c2)nn1,OADMET-0003052,4.84,,,,,,
CC(C)(O)C(=O)N1CCC(c2ccc3c(NCc4ccccc4F)n[nH]c3n2)CC1,,,0.921842481,1.843743412,1.186759149,1.464936429,,
CC(C)(O)C(=O)Nc1ccc([N+](=O)[O-])c(C(F)(F)F)c1,OADMET-0001912,3.0,,,,,,
CC(C)(O)C(=O)O,OADMET-0002197,1.95,,,,,,
CC(C)(O)CCc1cccc(C(=O)N2CCN(S(N)(=O)=O)CC2)c1,OADMET-0001317,3.25,,,,,,
CC(C)(O)CCn1cc2cc(NC(=O)c3cccc(C(F)(F)F)n3)c(C(C)(C)O)cc2n1,,,0.996380313,1.629093448,1.010596548,,1.015611205,1.092264361
CC(C)(O)CCn1cc2cc(NC(=O)c3cccc(C(F)F)n3)c(OCC3COC3)cc2n1,,,0.892094603,1.858140016,1.068074652,,,
CC(C)(O)CCn1cc2cc(NC(=O)c3ccn(C(F)F)n3)c(OCC3COC3)cc2n1,,,0.675686709,1.124927879,1.071218118,,,
CC(C)(O)CNc1nc(Nc2ccnc(C(F)(F)F)c2)nc(-c2cccc(C(F)(F)F)n2)n1,OADMET-0003732,4.98,,,1.394590134,-0.853871964,,
CC(C)(O)CNc1ncc(-c2ccnc(Nc3ccnc(Cl)c3)n2)c(CC2CC2)n1,,,1.372948806,2.172588338,1.020657691,1.341236623,,
CC(C)(O)Cn1nc(-c2ccccc2)c2c(Cl)c(-c3ccccc3)nnc21,,,0.675686709,1.932016906,-0.139945227,,,
CC(C)(O)[C@H]1O[C@H]2CC[C@@]3(C)[C@@](O)(CC[C@H]4Cc5c([nH]c6ccccc56)[C@@]43C)C2=CC1=O,,,,,,-0.004364805,,
CC(C)(Oc1ccc(-c2cnc(N)c(-c3ccc(Cl)cc3)c2)cc1)C(=O)O,,,0.675686709,1.027920136,1.02666239,1.657055853,-1.158015195,-1.403402904
CC(C)(Oc1ccc(Cl)cc1)C(=O)OCc1cc(=O)oc2cc(O)ccc12,OADMET-0004957,4.95,,,,,,
CC(C)=CCCC(C)CC(=O)Nc1ccccc1C1CNC(=O)C1,OADMET-0004911,5.16,,,,,,
CC(C)=CCOc1cccc(C(=O)NN2CCOCC2)c1,,,0.675686709,2.770149948,0.111183435,,,
CC(C)C(=O)N(CCCN1CCCC1)C1CCCN(C(=O)COc2ccc(F)cc2)C1,OADMET-0001467,3.87,,,,,,
CC(C)C(=O)N1CC(Cc2nccc3ccn(C)c23)C1,,,0.675686709,1.715351413,0.862395891,1.79719827,,
CC(C)C(=O)N1CCC(Nc2ncnc3ccsc23)CC1,,,0.675686709,1.283323848,0.816141116,1.680969718,,
CC(C)C(=O)N1CCCN(c2ccnc(Cc3ccc(F)cc3)n2)CC1,OADMET-0002592,5.68,,,,,,
CC(C)C(=O)N1CCn2nc(CNC3CCc4ccccc4CC3)cc2C1,,,0.675686709,2.311870363,1.433542991,,,
CC(C)C(=O)NC(Cc1c[nH]c2ccccc12)C(=O)Nc1cccc(Oc2ccc(C#N)cc2)c1,OADMET-0003338,5.42,,,,,,
CC(C)C(=O)Nc1ccc([N+](=O)[O-])c(C(F)(F)F)c1,OADMET-0001911,4.18,,,,,,
CC(C)C(=O)Nc1ccc2cnn(C(C)C)c2c1,,,1.145910834,1.746696459,0.152783332,1.361538971,,
CC(C)C(=O)Nc1cccc(C(=O)NCc2noc(-c3ccco3)n2)c1,OADMET-0000966,3.9,,,,,,
CC(C)C(=O)Nc1nc(CC(=O)N2CCCN(C)c3cc(F)ccc32)cs1,OADMET-0003099,5.7,,,,,,
CC(C)C(=O)Nc1ncc(-c2ccccc2)s1,,,,,-0.406081472,-0.259637311,,
CC(C)C(=O)Nc1ncn(Cc2cccnc2)n1,,,0.675686709,1.027920136,1.212996707,1.579669294,,
CC(C)C(=O)O,OADMET-0002211,1.85,,,,,,
CC(C)C(C)(NCc1cn(C(C)(C)C)nn1)c1ccc(Br)cc1,OADMET-0002602,5.62,,,,,,
CC(C)C(CNC(=O)Cn1nnn(C2CCC2)c1=O)c1ccccc1,OADMET-0002752,4.95,,,,,,
CC(C)C(CNC(=O)N1CCN(C(=O)C(C)(C)C)CC1)Cc1ccccc1,OADMET-0005804,5.57,,,,,,
CC(C)C(Cc1ccc(F)cc1)N(C)C(=O)Cc1ncccc1F,OADMET-0003445,5.21,,,,,,
CC(C)C(NC(=O)C1CC12CCc1ccccc12)c1nc(C2CC2)no1,OADMET-0002615,5.33,,,,,,
CC(C)C(NC(=O)CN1Cc2cccnc2N2C[C@H](O)C[C@H]2C1)c1ccc2c(c1)OCCO2,OADMET-0005735,5.09,,,,,,
CC(C)C(NC(=O)c1cc(C(F)F)n(C)n1)c1nnc2ccccn12,OADMET-0003077,4.32,,,,,,
CC(C)C(NC(=O)c1ccc(-c2ccccc2Cl)o1)c1ncnn1C,OADMET-0001076,4.87,,,,,,
CC(C)C(NS(=O)(=O)C1CCOC1)c1ccc(F)cc1F,OADMET-0005429,4.97,,,,,,
CC(C)C(O)Cc1ccccc1-c1ccc2c(c1)C(=O)NCCO2,OADMET-0002959,4.94,,,,,,
CC(C)C1(C(=O)[O-])CC1C(=O)NC(C)(C)Cc1ccc(C#N)cc1,OADMET-0005355,4.41,,,,,,
CC(C)C1CCc2ccccc2C1NC(=O)CS(=O)(=O)C(C)(C)C,OADMET-0003365,5.58,,,,,,
CC(C)C1CCc2ccccc2N1C(=O)Cn1ncc(=O)c2ccccc21,OADMET-0003414,6.845,,,,,,
CC(C)C1CCc2ccccc2N1C(=O)c1csc(-c2cnn(C)c2)n1,OADMET-0003435,5.56,,,,,,
CC(C)C1CN(C(=O)c2ccc(C#N)s2)c2ccccc2N1,OADMET-0003153,5.52,,,,,,
CC(C)C1c2ccccc2CCN1c1cncc(C#N)n1,OADMET-0002900,5.95,,,,,,
CC(C)C1c2ccccc2CCN1c1ncc(C#N)cc1F,OADMET-0005280,5.02,,,,,,
CC(C)CC(=O)N1CCC(Cc2cccc(-c3cncnc3)c2)(C(=O)NC(C)C)CC1,,,2.299814443,2.841433307,1.856130449,2.135927335,,
CC(C)CC(=O)N1CCN(Cc2cccc(F)c2)CC1,OADMET-0002009,3.11,,,,,,
CC(C)CC(=O)NCC(=O)N1CCCC1,,,0.675686709,1.027920136,0.079041751,1.788945727,,
CC(C)CC(=O)Nc1ccc(Cl)c(C#N)c1,,,,,,1.3818368,,
CC(C)CC(=O)Nc1ccc(NCc2cccc3nnn(C)c23)cc1,OADMET-0005674,5.2,,,,,,
CC(C)CC(=O)Nc1cccnc1N(C)C,,,0.675686709,1.762746065,-0.22380915,1.481299273,,
CC(C)CC(=O)O,OADMET-0002195,2.9,,,,,,
CC(C)CC(CNC(=O)C(C)N1CCSCC1)NC(=O)c1ccc([N+](=O)[O-])s1,OADMET-0004970,5.22,,,,,,
CC(C)CC(Cc1ccccc1)Nc1ccc(P(C)(C)=O)cn1,OADMET-0004590,5.48,,,,,,
CC(C)CC(NC(=O)C(O)C(N)Cc1ccccc1)C(=O)O,,,,,-0.128153075,,,1.54052968
CC(C)CC1(CO)CCCN1C(=O)NCC(C)(C)c1cccs1,OADMET-0002586,5.62,,,,,,
CC(C)CC1(c2nc(-c3ccccc3F)no2)CCNC1=O,OADMET-0003286,5.51,,,,,,
CC(C)CC1C(=O)NCCN1S(=O)(=O)c1c(Cl)ccc(F)c1F,OADMET-0004686,4.89,,,,,,
CC(C)CCCNC(=O)c1[nH]ncc1Br,,,1.217957462,2.870509832,-0.237628743,,,
CC(C)CCN,OADMET-0002174,1.82,,,,,,
CC(C)CCN(Cc1ccc(Cl)c(Cl)c1)C(=O)c1csc(-c2nnc[nH]2)n1,OADMET-0003154,5.6,,,,,,
CC(C)CCN1CCC(CNC(=O)C2CC=CC2)CC1,,,1.098158983,2.15012372,0.576795929,,,
CC(C)CCN1CCC(CNS(C)(=O)=O)CC1,,,0.675686709,1.027920136,0.385885486,,,
CC(C)CCN1CCc2nc3cc(C4CC4)nn3c(O)c2C1,,,0.882068944,1.481456961,0.956787224,,,
CC(C)CCN1CCn2c1nc1c2c(=O)n(C)c(=O)n1C,,,1.420764137,1.998734361,,1.668385917,,
CC(C)CCNC(=O)CSc1nc2ccccc2[nH]1,,,2.056447458,3.043819913,0.599563471,,,
CC(C)CCNC(=O)c1ccc2ccccc2n1,,,2.226452968,2.805974993,,0.862131379,,
CC(C)CCOc1ccc(S(=O)(=O)N2CC(=O)Nc3ccccc32)cc1,OADMET-0003041,5.36,,,,,,
CC(C)CCn1ccc(NC(=O)NCC2CCC3(CCCC3)O2)n1,OADMET-0002727,5.71,,,,,,
CC(C)CCn1ccc(NC2CCN(C(C)C)CC2)n1,,,0.675686709,2.181168765,0.553504411,,,
CC(C)CN(CC(O)c1ccc(F)cc1)C(=O)NCC1CC(=O)Nc2ccccc21,OADMET-0005687,5.04,,,,,,
CC(C)CN(C[C@@H](O)[C@H](Cc1ccccc1)NC(=O)O[C@H]1CCOC1)S(=O)(=O)c1ccc(N)cc1,OADMET-0003580,4.81,,,,,,
CC(C)CN(C[C@@H](O)[C@H](Cc1ccccc1)NC(=O)O[C@H]1CO[C@H]2OCC[C@H]21)S(=O)(=O)c1ccc(N)cc1,OADMET-0003703,4.49,,,,,,
CC(C)CN(Cc1cccc(F)c1)C(=O)CCc1cncnc1,OADMET-0005067,4.73,,,,,,
CC(C)CN(Cc1cnn(C)c1)C(=O)c1cccc(-c2ccsc2)c1,OADMET-0001088,5.11,,,,,,
CC(C)CN(Cc1cnn(C)c1)C(=O)c1cccc(-c2cnccn2)c1,,,2.651701439,3.676246468,0.858359218,,,
CC(C)CN(c1ncnc2c1cnn2C)C1CC1,,,1.703334375,2.538211671,-0.136315042,1.470851325,,
CC(C)CN1C(=O)C(=O)N(Cc2ccccn2)C1=O,,,0.675686709,1.453944862,-0.076945063,1.593618308,,
CC(C)CN1CC(CNC(=O)CCCc2c[nH]c3ccccc23)OCC1=O,OADMET-0001451,5.04,,,,,,
CC(C)CN1CC(CNC(=O)c2nccc3ccccc23)OCC1=O,OADMET-0001452,5.06,,,,,,
CC(C)CN1CC[C@H](c2nc3ccc(C#N)cc3[nH]2)C1,,,0.825361196,1.882735088,0.162790592,1.564666064,,
CC(C)CNc1nnc(SCc2ccncc2)s1,,,1.490239485,2.800070653,0.014270843,1.680788612,,
CC(C)COc1cc(F)cc(-c2cncc(C(=O)N3CCCC3)n2)c1,,,,,-0.355045911,-0.15490196,,
CC(C)COc1ccc(C(C)(C)NCc2nnc(C3CCC3)o2)cc1,,,2.102111124,3.487681399,,,,
CC(C)COc1ccccc1NC(=O)c1ccc(C(N)=O)s1,OADMET-0004458,5.18,,,,,,
CC(C)C[C@@H](C(N)=O)n1ccnc1-c1cccc2ccccc12,,,2.517362192,3.149882061,1.678003236,1.513883186,,
CC(C)C[C@@H](CO)n1cc(-c2ccccc2Cn2cccn2)nn1,,,2.003417445,2.709698107,0.7983468,1.230704314,,
CC(C)C[C@@H](NC(=O)c1cccc(-c2ncc[nH]2)c1)C(N)=O,OADMET-0001194,3.32,,,,,,
CC(C)C[C@H](C(=O)N[C@H](C(=O)OC1CCCC1)c1ccccc1)[C@@H](O)C(=O)NO,,,1.742921423,2.776868188,,,,
CC(C)C[C@H](CO)Nc1nc(S[C@@H](C)c2ccccc2)nc2nc(N)sc12,,,1.604539237,2.517313366,,,,
CC(C)C[C@H](NC(=O)[C@@H](O)[C@H](N)Cc1ccccc1)C(=O)O,OADMET-0003705,1.83,,,,,,
CC(C)C[C@H](NC(=O)[C@H](Cc1ccccc1)NC(=O)c1cnccn1)B(O)O,OADMET-0003697,5.13,,,,,,
CC(C)Cc1cc(C(=O)N2C[C@H]3CC=CC[C@H]3C2)on1,OADMET-0001053,4.64,,,,,,
CC(C)Cc1cc(C(=O)N[C@@H](Cc2ccc(O)cc2)C(N)=O)nc(=O)[nH]1,OADMET-0001013,2.37,,,,,,
CC(C)Cc1cc(CN2CCN(S(=O)(=O)N3CCOCC3)CC2)n[nH]1,,,1.331690426,2.453306106,1.367228309,,,
CC(C)Cc1cc(CNS(=O)(=O)c2cc(C(N)=O)cs2)on1,OADMET-0001049,4.01,,,,,,
CC(C)Cc1ccc(-c2nc(-c3ccc(CN4CC(C(=O)O)C4)cc3)no2)cc1,,,0.880813592,1.230448921,,,,
CC(C)Cc1ccc(C(C)C(=O)OCc2ccccn2)cc1,OADMET-0003696,3.68,,,,,,
CC(C)Cc1ccccc1CNCc1ccc2[nH]cnc2c1,,,1.746400644,2.883857249,0.860477934,,,
CC(C)Cc1n[nH]c(-c2ccc(N3CCN(C)CC3)cc2)n1,,,0.675686709,2.373252312,0.526275964,,,
CC(C)Cc1nc(C(=O)N2CC(O)CC2c2ccccc2)cs1,OADMET-0004800,4.44,,,,,,
CC(C)Cc1nc(CN(C)S(=O)(=O)C2CCS(=O)(=O)C2)no1,OADMET-0000987,4.19,,,,,,
CC(C)Cc1nc(CNC(=O)c2ccncc2F)no1,OADMET-0001127,3.29,,,,,,
CC(C)Cc1ncc(C(=O)N2CCC(=O)N(C)c3ccccc32)s1,OADMET-0005200,5.33,,,,,,
CC(C)Cc1ncc(C(=O)N[C@@H]2c3ccccc3C[C@@H]2O)s1,OADMET-0005422,4.86,,,,,,
CC(C)Cc1nn(C)c(=O)c2c(SCCCO)n(Cc3cccc4ccccc34)cc12,,,2.436576064,3.310521897,0.260888582,,,
CC(C)Cc1sc(N)nc1-c1ccc(P(=O)(O)O)o1,,,0.675686709,1.027920136,-0.371574385,1.8409212,,
CC(C)Cn1c(=O)[nH]c(=O)c2c1nc1n2CCCCC1,,,0.856003454,1.449786847,0.548936262,1.797059695,,
CC(C)Cn1c(CC(C)(O)c2ccccc2)nnc1N1CCSCC1,OADMET-0002808,5.19,,,,,,
CC(C)Cn1cc(C(=O)N2CCCC2c2ccc3c(c2)OCO3)cn1,OADMET-0006055,4.95,,,,,,
CC(C)Cn1cc(C(=O)NCC2CCCC(C)(C)O2)cn1,OADMET-0005433,4.78,,,,,,
CC(C)Cn1cc(NC(=O)N2CC[C@H](Oc3ccccc3)C2)cn1,OADMET-0005898,4.15,,,,,,
CC(C)Cn1cccc(-c2nc(-c3coc(C4CCC4)n3)no2)c1=O,OADMET-0006036,5.2,,,,,,
CC(C)Cn1ccnc1NC(=O)c1cc2cccn2cn1,OADMET-0005763,4.21,,,,,,
CC(C)Cn1cnc(S(=O)(=O)N2CC(=O)Nc3ccccc32)c1,OADMET-0005916,4.64,,,,,,
CC(C)Cn1cnc2c1c(=O)[nH]c(=O)n2CC(C)C,,,0.675686709,1.868850077,0.291271951,1.743039155,,
CC(C)Cn1cncc1CNC(=O)c1cncc(F)c1,OADMET-0001108,3.16,,,,,,
CC(C)Cn1ncc2cc(C(=O)NCC[C@H]3CCCC[C@H]3O)cnc21,OADMET-0005285,4.79,,,,,,
CC(C)N(C(=O)Cn1cccc2cc(-c3ccco3)nc1-2)C(C)C,,,2.57133026,3.251663037,0.257266321,,,
CC(C)N(C(=O)Cn1cccc2cc(C(F)F)nc1-2)C(C)C,,,2.45448356,2.639586087,0.607110617,,,
CC(C)N(C(=O)c1ccnn1C(C)C)c1ccc(Br)cn1,OADMET-0005892,5.1,,,,,,
CC(C)N(C(=O)c1n[nH]c2ccccc2c1=O)c1ccc(Cl)cc1,OADMET-0002909,4.78,,,,,,
CC(C)N(C(=O)c1nn(-c2ccc(F)cc2)ccc1=O)c1cccc(F)c1,OADMET-0004774,4.72,,,,,,
CC(C)N(C)S(=O)(=O)N1CCC(CNC(=O)CCCn2cccn2)CC1,,,1.212400703,2.455434186,1.762874233,,,
CC(C)N(C)S(=O)(=O)NCCCc1nc2cc(Cl)ccc2[nH]1,,,2.12602745,3.398339897,1.221819581,,,
CC(C)N(C)S(=O)(=O)c1cccc(C(=O)NCC2(c3ccccn3)CCC2)c1,OADMET-0002645,5.67,,,,,,
CC(C)N(C)c1ccccc1NS(=O)(=O)c1cnn(C2CCC2)c1,OADMET-0003467,6.494999999999999,,,,,,
CC(C)N(CCCCOCC(=O)NS(C)(=O)=O)c1cnc(-c2ccccc2)c(-c2ccccc2)n1,OADMET-0003711,4.87,,,,,,
CC(C)N(CCCNC(=O)Nc1ccc(C(C)(C)C)cc1)C[C@@H]1O[C@@H](n2cc(Br)c3c(N)ncnc32)[C@H](O)[C@H]1O,,,2.548436101,3.303912592,1.230623249,,,
CC(C)N(CCCNC(=O)Nc1ccc(C(C)(C)C)cc1)C[C@@H]1O[C@@H](n2ccc3c(N)ncnc32)[C@H](O)[C@H]1O,,,2.272465891,3.284991458,0.781848009,,,
CC(C)N(CCN)C(C)C,OADMET-0002119,2.73,,,,,,
CC(C)N(CCNC(=O)CN1CCCC1=O)C(C)C,OADMET-0001987,2.45,,,,,,
CC(C)N(C[C@@H]1O[C@@H](n2cnc3c(N)ncnc32)[C@H](O)[C@H]1O)[C@H]1C[C@@H](CCc2nc3cc(C(C)(C)C)ccc3[nH]2)C1,,,2.163113648,2.921467453,0.537951383,,,
CC(C)N(Cc1nc2ccccc2c(=O)[nH]1)C(=O)Cc1cccc(C(F)(F)F)c1,OADMET-0003011,5.72,,,,,,
CC(C)N1CCC(NS(=O)(=O)CC2OCCC2(C)C)C1=O,OADMET-0005544,4.8,,,,,,
CC(C)N1CCC(O)(c2ccccc2F)CC1,,,0.675686709,2.558468563,-0.270073004,1.617734035,,
CC(C)N1CCC(n2cc(COc3ccccc3Cl)nn2)C1=O,OADMET-0005495,5.03,,,,,,
CC(C)N1CCN(CCCSc2ccccn2)CC1,,,2.10818942,3.034584343,-0.130835495,,,
CC(C)N1CCN(CCCSc2ncc[nH]2)CC1,,,0.675686709,1.939813674,,,,
CC(C)N1CCN(c2ccc(OC[C@H]3CO[C@](Cn4cncn4)(c4ccc(Cl)cc4Cl)O3)cc2)CC1,OADMET-0003793,4.16,,,,,,
CC(C)N1CCOC(CC(=O)N(C)CCN2CCCC2)C1,OADMET-0001036,2.5,,,,,,
CC(C)N1CC[C@H](c2nnc(-c3cncn3C)o2)C1,,,0.675686709,1.898834838,,1.594282029,,
CC(C)NC(=O)C1(Cc2ccccc2-c2ccncc2)CCOCC1,,,2.429718375,2.99170398,1.7136289,,,
CC(C)NC(=O)CN(C#N)c1ccccc1,,,0.675686709,1.027920136,,,,
CC(C)NC(=O)CN(C)c1ccc(Cl)c(C#N)n1,,,0.675686709,1.940247458,,,,
CC(C)NC(=O)COc1cccc(-c2nc(Nc3ccc4[nH]ncc4c3)c3ccccc3n2)c1,,,1.630824356,3.192741081,1.301828955,,-1.384078213,-0.504455662
CC(C)NC(=O)Cn1nnnc1C(C)(C)C,,,0.675686709,1.433481808,0.095241,1.366982976,,
CC(C)NC(=O)N1CC[C@H](NC2=Nc3cc(F)ccc3N(CC(F)F)c3ccc(Cl)cc32)C1,,,2.255940322,2.89352708,1.372406093,1.447158031,,
CC(C)NC(=O)NCCN(C1CCOCC1)C1CCN(S(C)(=O)=O)CC1,OADMET-0001456,3.16,,,,,,
CC(C)NC(=O)c1cc(-c2ccccc2)n(-c2ccccn2)n1,,,0.909181476,1.905758114,-0.117907648,1.73295637,,
CC(C)NC(=O)c1cn(-c2ccccc2)nc1-c1ccccc1,,,,,-0.338497729,-0.657577319,,
CC(C)NCC(O)COc1cccc2ccccc12,,,1.327231598,3.318275952,-0.162401489,,,1.347759218
CC(C)NCC(O)c1ccccc1Cl,OADMET-0003682,3.33,,,,,,
CC(C)NS(=O)(=O)c1ccc2c(c1)oc(=O)c1cc(S(=O)(=O)NC(C)C)ccc12,,,,,,-0.327902142,,
CC(C)Nc1ccc(-c2cc3c(cc2CO)OCCO3)cn1,,,1.136815658,3.757414175,-0.110701135,,,
CC(C)Nc1cccc(-c2cn(CCn3cccn3)nn2)c1,OADMET-0005708,4.83,,,,,,
CC(C)Nc1ncc(C(=O)NC2CCSC2)cn1,OADMET-0001333,3.73,,,,,,
CC(C)Nc1ncc(C(=O)N[C@@H](Cc2ccccc2)C(N)=O)cn1,OADMET-0001146,4.13,,,,,,
CC(C)OC(=O)C(C)(C)Oc1ccc(C(=O)c2ccc(Cl)cc2)cc1,OADMET-0003617,4.92,,,,,,
CC(C)OC(=O)CCC/C=C\C[C@@H]1[C@@H](/C=C/C(F)(F)COc2ccccc2)[C@H](O)C[C@@H]1O,OADMET-0003807,4.92,,,,,,
CC(C)OC(=O)N1CCC(Oc2ncnc3c2cnn3-c2ccc(S(C)(=O)=O)cc2F)CC1,,,,,0.206569302,-0.013228266,,
CC(C)OC(=O)[C@H](C)N[P@](=O)(OC[C@H]1O[C@@H](n2ccc(=O)[nH]c2=O)[C@](C)(F)[C@@H]1O)Oc1ccccc1,OADMET-0003800,4.48,,,,,,
CC(C)OCCS(=O)(=O)N1CCc2ccccc2CC1,,,2.126686508,3.496730851,-0.17624029,,,
CC(C)Oc1cc(NC(=O)NCc2noc3c2COCC3)ccn1,OADMET-0005363,4.84,,,,,,
CC(C)Oc1ccc(-c2cn(C3CCc4cccnc43)nn2)cn1,OADMET-0005310,5.14,,,,,,
CC(C)Oc1ccc(C#N)cc1NC1CCN(C)CC1,,,0.675686709,2.000815707,0.400219268,,,
CC(C)Oc1ccc(C(=O)NC(C)(C2CC2)C(F)(F)F)cn1,OADMET-0004941,5.24,,,,,,
CC(C)Oc1ccc(C(=O)Nc2cccc(-c3nc4cnccc4o3)c2)cc1,,,,,,-0.26760624,,
CC(C)Oc1ccc(C2(C(=O)NC3CCS(=O)(=O)CC3)CCCC2)cc1,,,1.195650622,2.321453434,1.578110551,,,
CC(C)Oc1ccc(CCNC(=O)N2CCC[C@H]2C(=O)N2CCCCC2)cc1,,,1.293958886,2.692272178,1.7063558,,,
CC(C)Oc1ccc(S(=O)(=O)N(C)C)cc1NS(=O)(=O)CCC(C)(C)C,OADMET-0002854,5.59,,,,,,
CC(C)Oc1ccc(S(=O)(=O)Nc2cn(C)nc2C(F)F)cn1,OADMET-0005625,4.57,,,,,,
CC(C)Oc1cccc(C(C)NC(=O)c2ccnc(-n3cncn3)c2)c1,,,1.850155922,2.411877176,0.257742396,,,
CC(C)Oc1ccccc1-c1nc(-c2cnccn2)no1,OADMET-0004267,4.3,,,,,,
CC(C)Oc1ccccc1CC(=O)NC1CCN(Cc2ccccc2)C1=O,OADMET-0006069,5.19,,,,,,
CC(C)Oc1cncc(C(=O)N2CC(C)OCC2c2ccccc2)c1,OADMET-0005907,4.83,,,,,,
CC(C)S(=O)(=O)c1ccc2nccc(Nc3ccc4scnc4c3)c2c1,,,,,1.165393269,1.58591171,,
CC(C)S(=O)(=O)c1ccccc1C(=O)N1CC2(CCC2)c2ccccc21,OADMET-0003273,5.54,,,,,,
CC(C)[C@@H](C(=O)Nc1nc2ccccc2[nH]1)N1Cc2ccccc2C1=O,,,0.675686709,2.418869481,,1.042378598,,
CC(C)[C@@H]1CC[C@@H](C)C[C@]1(O)CNS(=O)(=O)CCn1cccn1,OADMET-0003012,4.78,,,,,,
CC(C)[C@@H]1CN(C(=O)c2ncn[nH]2)C[C@H]1NS(=O)(=O)N(C)C,OADMET-0001353,3.24,,,,,,
CC(C)[C@@](C)(O)[C@@H]1CN(c2nc(-c3n[nH]c4ncccc34)c(F)cc2Cl)CCN1,,,,,,,1.302460808,0.622421274
CC(C)[C@H](C(=O)Nc1ccncc1F)N1Cc2ccccc2C1=O,OADMET-0005213,5.15,,,,,,
CC(C)[C@H](CO)Nc1nc(Nc2cc(N)cc(Cl)c2)c2ncn(C(C)C)c2n1,,,,,1.228274268,,-0.061980903,-0.099086932
CC(C)[C@H](NC(=O)c1c(F)cccc1F)C(=O)N1CCOCC1,,,0.675686709,1.027920136,0.907462376,1.705007959,,
CC(C)[C@H](Nc1ncc(Cl)cn1)C(=O)N1CCCC1,,,1.18619325,2.256563816,0.032113569,1.559068334,,
CC(C)[C@H](O)C(=O)N[C@@H](C)C(=O)N[C@@H]1C(=O)N(C)CCc2ccccc21,,,0.80140371,1.152288344,,,,
CC(C)[C@H]1C(=O)N[C@H](CO)Cc2cc(NC(=O)/C=C/C=C/c3ccc(C(F)(F)F)cc3)ccc2N1C,,,2.696159732,2.642548601,1.747138352,,,
CC(C)c1[nH]ccc1C(=O)NC1COc2c1ccc(Cl)c2Cl,OADMET-0003452,5.67,,,,,,
CC(C)c1c(-c2ccccc2)[n+]([O-])c2c([n+]1[O-])CCC2,,,0.675686709,1.155396774,,,,
CC(C)c1c(C(=O)N[C@@H]2C=C[C@H](CO)C2)cnn1-c1ccccc1Cl,OADMET-0003102,5.82,,,,,,
CC(C)c1c(C(=O)Nc2ccccc2)c(-c2ccccc2)c(-c2ccc(F)cc2)n1CC[C@@H](O)C[C@@H](O)CC(=O)O,OADMET-0003810,4.86,,,,,,
CC(C)c1cc(C(=O)N2Cc3ccc(CN4CCN(C)CC4)cc3C2)c(O)cc1O,,,0.675686709,1.702215059,1.385358042,1.649626887,,
CC(C)c1cc(C(=O)NC(C)c2nnnn2-c2ccccc2)c2cnn(C(C)C)c2n1,OADMET-0005823,5.63,,,,,,
CC(C)c1cc(C(=O)NCCc2nnc(N)s2)nc(N)n1,OADMET-0001248,3.28,,,,,,
CC(C)c1cc(C(=O)NCc2cccc(N3CCOCC3)n2)on1,OADMET-0005041,4.63,,,,,,
CC(C)c1cc(C(=O)Nc2ncccc2Cl)no1,,,1.94610823,1.813487582,,,,
CC(C)c1cc(C(C)C)c(CC(=O)NS(=O)(=O)Oc2c(C(C)C)cccc2C(C)C)c(C(C)C)c1,,,1.66225716,2.231273298,0.648129549,,,
CC(C)c1cc(CN(C)C(=O)NCc2nc(-c3ncccn3)no2)on1,OADMET-0001079,3.43,,,,,,
CC(C)c1cc(CN(C)Cc2c[nH]nc2-c2ccc(F)cc2)no1,,,2.512513633,3.251088983,0.002577448,1.347330015,,
CC(C)c1cc(CNC(=O)CC2C=CCC2)on1,OADMET-0001156,4.16,,,,,,
CC(C)c1cc(N(C)Cc2nc(C3CC3)n[nH]2)n[nH]1,,,0.675686709,1.565186432,1.206389736,,,
CC(C)c1cc(N2CCc3[nH]nc(C4CC4)c3C2)n2nccc2n1,,,1.847270275,2.580433409,0.807389953,1.375663614,,
CC(C)c1cc(NC(=O)Cn2nc(-c3ccccc3)ccc2=O)[nH]n1,,,,,,0.813580989,,
CC(C)c1cc(NCc2nnc(C(C)C)n2C)nc(C(C)C)n1,OADMET-0005647,4.53,,,,,,
CC(C)c1ccc(-c2cc3c(=O)n(CCC(=O)NCCN(C)C)ccn3n2)cc1,,,2.259189974,2.153458139,1.937869495,1.746089043,,
CC(C)c1ccc(-c2noc(CNC(=O)NCc3ccco3)n2)cc1,OADMET-0002764,4.79,,,,,,
CC(C)c1ccc(-n2cc(O)c(C(=O)N3CCC=C(F)C3)n2)cc1,OADMET-0005778,4.53,,,,,,
CC(C)c1ccc(CN2CCN(C(=O)C3CCN(C(=O)C4CC4)CC3)CC2)cc1,,,1.505909329,2.57847417,0.42371983,,,
CC(C)c1ccc(CNC(=O)NCC2CC3(CC3)S(=O)(=O)N2)cc1,OADMET-0006081,4.31,,,,,,
CC(C)c1ccc(Cl)c(S(=O)(=O)N2CCC(C)(O)CC2)c1,OADMET-0002902,5.74,,,,,,
CC(C)c1ccc(NC(=O)Cn2cnc3c2c(=O)n(C)c(=O)n3C)cc1,,,1.206556044,2.289501996,,1.103119254,,
CC(C)c1ccc(NC(=O)NCCc2ncnn2C)cc1,OADMET-0001073,3.98,,,,,,
CC(C)c1ccc(NC(=O)c2ccc3nccnc3c2)cc1,,,1.464638559,2.784010711,,0.695481676,,
CC(C)c1ccc(OCC(=O)N2CCCN(C(=O)C3CC3)CC2)cc1,OADMET-0003402,5.81,,,,,,
CC(C)c1ccc(OCc2ccc(C(=O)N3CCN(c4ccccn4)CC3)cc2)cc1,OADMET-0001941,3.0,,,,,,
CC(C)c1ccc(OCc2ccc(C(=O)O)cc2)cc1,OADMET-0002213,2.98,,,,,,
CC(C)c1ccc2c(c1)[C@@H](NC(=O)c1c[nH]c(C(=O)N3CCCC3)c1)CCC2,OADMET-0005895,5.25,,,,,,
CC(C)c1ccc2c(c1)[C@H](NC(=O)Cn1ccnn1)CCC2,,,1.94849121,2.473101408,0.531614843,1.099335278,,
CC(C)c1ccc2occ(CC(=O)O)c2c1,,,0.675686709,1.027920136,,,,
CC(C)c1cccc(CN2C(=O)N(C)C3(CCCCC3)C2=O)n1,,,2.917223415,3.623332729,0.053279363,1.544440137,,
CC(C)c1cccc(Nc2nc(C3COCCO3)cs2)c1,OADMET-0004732,4.95,,,,,,
CC(C)c1ccccc1NC(=O)[C@H]1C[C@H]1CNC(=O)OC(C)(C)C,OADMET-0003033,5.16,,,,,,
CC(C)c1ccccc1OC(=O)NCCc1ccc2ccccc2c1,,,,,-0.308459519,-0.148741651,,
CC(C)c1ccnc(N2CCN(C(=O)c3ccnc(C4CC4)n3)CC2)n1,OADMET-0004861,5.52,,,,,,
CC(C)c1cnc(COc2ccc(Br)nc2)o1,,,1.863370451,2.99235908,-0.277879675,1.61992771,,
CC(C)c1cnn2c(NCc3ccccc3)cc(NCCCCCCN)nc12,,,0.89014146,2.32151351,1.615490771,1.698535493,,
CC(C)c1csc(CNC(=O)c2ccc(N(C)C)c(C=O)c2)n1,OADMET-0001822,4.04,,,,,,
CC(C)c1csc(NC(=O)C2CCN(c3ncccn3)CC2)n1,,,1.649490631,2.427534794,-0.250166099,1.65079304,,
CC(C)c1nc(/C=C/c2cnn(C)c2)ncc1C(=O)O,,,0.675686709,1.027920136,,,,
CC(C)c1nc(C(=O)N2CCC=C(F)C2)nn1-c1ccccc1F,OADMET-0005940,5.22,,,,,,
CC(C)c1nc(C(=O)NC2(c3nnc(N)s3)CCCCC2)cs1,OADMET-0001185,5.54,,,,,,
CC(C)c1nc(C(=O)Nc2ccccc2C(=O)O)nn1-c1cccc(F)c1,OADMET-0004780,5.58,,,,,,
CC(C)c1nc(CCn2ccnc2-c2ccoc2)cs1,,,2.368508161,3.333990256,-0.179519971,1.46612587,,
CC(C)c1nc(CN(C)C(=O)N[C@H](C(=O)N[C@@H](Cc2ccccc2)C[C@H](O)[C@H](Cc2ccccc2)NC(=O)OCc2cncs2)C(C)C)cs1,OADMET-0003608,5.55,,,,,,
CC(C)c1nc(CN(CC2(F)CCOCC2)c2nc(C3CC3)ns2)cs1,OADMET-0002855,5.33,,,,,,
CC(C)c1nc(NCc2cccnc2)n(C)n1,,,0.675686709,1.027920136,0.570299016,1.581608366,,
CC(C)c1nc(O)c2nnn(C[C@@H]3CCCN(C(=O)C(C)(C)C)C3)c2n1,,,1.467874372,2.448144929,1.536782223,1.64246452,,
CC(C)c1nc(O)c2nnn(C[C@@H]3CCCN(Cc4cccs4)C3)c2n1,,,1.506505032,2.99962113,1.349036119,1.691081492,,
CC(C)c1nc(S(=O)(=O)N2CC3(CC3)c3ccccc32)c[nH]1,,,2.897040673,3.492901407,0.917107058,,,
CC(C)c1nc(S(=O)(=O)Nc2cccc(NC(=O)C3CCCCC3)c2)c[nH]1,OADMET-0002618,4.87,,,,,,
CC(C)c1nc2c(n1C)CCN(C(=O)c1cccc(C(F)(F)F)c1F)C2,,,1.51506541,2.37697822,0.903656713,1.783903579,,
CC(C)c1nc2c(n1C)CCN(c1ncnc3ccccc13)C2,,,1.54333533,2.6042509,0.634702554,1.72794771,,
CC(C)c1nc2c(n1C)CCN(c1ncnc3ccsc13)C2,,,1.337279516,2.753205281,0.515902114,1.735199548,,
CC(C)c1nccc(C(=O)N2CCc3n[nH]cc3C2)n1,OADMET-0001172,2.43,,,,,,
CC(C)c1nccc(N2CCN(c3cccc4[nH]c(=O)[nH]c34)CC2)n1,OADMET-0003057,2.1,,,,,,
CC(C)c1nccn1-c1cccc([C@@H]2CCCN2C(=O)CCc2ccccc2)n1,,,2.746029814,3.02332367,1.007906841,1.707570176,,
CC(C)c1nccn1CC(=O)N1Cc2ncccc2N2CCC[C@H]2C1,OADMET-0005349,4.8,,,,,,
CC(C)c1nccn1Cc1nc(-c2cccs2)no1,,,1.132163596,3.285472917,,,,
CC(C)c1nccn1Cc1nc2ccccc2[nH]1,,,0.675686709,2.377286212,1.387782631,,,
CC(C)c1ncncc1C(=O)Nc1nc2ccc(S(=O)(=O)N3CCCC3)cc2s1,OADMET-0006016,4.26,,,,,,
CC(C)c1nn(-c2ccccc2)cc1CNC(=O)c1cccn(C)c1=O,OADMET-0005602,4.47,,,,,,
CC(C)c1nn(C(C)(C)C)c(O)c1C=O,OADMET-0001538,4.12,,,,,,
CC(C)c1nnc(-c2ccc(-c3ccccc3)nc2)n1-c1cccc2nonc12,,,0.917610526,2.714295384,0.611798829,1.727785174,,
CC(C)c1nnc(CN(C(C)C)C2CCOCC2)o1,,,0.829175074,2.343310103,-0.031695128,,,
CC(C)c1nnc(CN2CCN(c3ccccc3Cl)CC2)o1,,,1.958988892,2.938850824,-0.1854514,1.704665185,,
CC(C)c1nnc(CN2CCN(c3nccs3)CC2)o1,,,0.675686709,2.086754788,-0.01269957,1.716587578,,
CC(C)c1nnc(CNC(=O)C2(C)CCC2)n1C,,,0.675686709,1.027920136,1.657440461,1.714664993,,
CC(C)c1nnc(CNc2ncc(Br)cn2)n1C,,,0.675686709,1.027920136,0.642695019,,,
CC(C)c1nnc(NCc2cc(F)cc(F)c2)o1,,,0.675686709,2.046085259,-0.104748253,,,
CC(C)c1nnc(NCc2ccn(C)c2)o1,,,0.675686709,1.799926107,-0.114863151,1.252367514,,
CC(C)c1nnc2c(NC3CCCC3CNS(C)(=O)=O)nccn12,OADMET-0005591,4.9,,,,,,
CC(C)c1nnsc1CNC(=O)[C@@H]1COC(=O)N1,OADMET-0001044,3.2,,,,,,
CC(C)c1noc(-c2ccc(N(C)Cc3cccnc3)nc2)n1,,,1.65891722,2.662133321,-0.291623401,1.563006187,,
CC(C)c1noc(-c2ccc(N)cc2)n1,,,1.673030128,2.198013415,,,,
CC(C)c1noc(=O)n1CC(=O)N1c2ccccc2CCC1C,OADMET-0003403,5.61,,,,,,
CC(C)c1noc(C(C)NC(=O)Cc2c[nH]c(=O)n(C)c2=O)n1,OADMET-0000953,2.73,,,,,,
CC(C)c1noc(CCNC(=O)Cc2ccc(-n3cnnn3)cc2)n1,OADMET-0001003,3.49,,,,,,
CC(C)c1noc(CN(C)C2CCCC2)n1,,,1.201397124,2.817506534,,1.237040791,,
CC(C)c1noc(CN2CCC(n3c(=O)[nH]c4ccccc43)CC2)n1,,,0.928703027,2.274859546,0.802603901,1.72427587,,
CC(C)c1noc(CNC(=O)N2C[C@H]3C[C@@H](C2)c2cccc(=O)n2C3)n1,,,0.866346423,1.867455702,0.497094795,,,
CC(C)c1noc2nc(C3CC3)cc(C(=O)N3CCN(C)C(=O)C3)c12,,,0.888235673,1.317290104,1.608618262,1.557988148,,
CC(C)c1noc2nc(C3CC3)cc(C(=O)N3CC[C@H](N)C3)c12,,,0.675686709,1.027920136,2.105542202,1.532244644,,
CC(C)c1noc2nc(C3CC3)cc(C(=O)N3CCc4cccc(F)c43)c12,OADMET-0002762,5.6,,,,,,
CC(C)c1nsc(CN2CC34CCCCC3(CN(C)C4)C2)n1,OADMET-0005555,4.53,,,,,,
CC(C)c1nsc(N2CCC(Nc3cccnc3)CC2)n1,,,1.419377405,2.60535246,-0.088306018,,,
CC(C)c1occc1C(=O)N(C)C1CCCN(c2ccccc2)C1=O,OADMET-0002612,4.85,,,,,,
CC(C)c1ocnc1C(=O)N(C)CCN(C)C(=O)C1CCC(C(F)(F)F)C1,OADMET-0005795,4.68,,,,,,
CC(C)c1ocnc1C(=O)NC[C@H]1[C@H](c2ccccc2)C1(F)F,OADMET-0002912,6.13,,,,,,
CC(C)n1c(-c2ccc(Oc3cnccn3)cc2)nc2ccccc21,OADMET-0005487,4.78,,,,,,
CC(C)n1c(/C=C/[C@@H](O)C[C@@H](O)CC(=O)[O-])c(-c2ccc(F)cc2)c2ccccc21,OADMET-0003694,4.79,,,,,,
CC(C)n1c(=O)cc(N[C@@H](C)c2ccccc2)[nH]c1=O,,,0.675686709,1.482530584,1.765298132,,,
CC(C)n1c(=O)n(CC(=O)NCCCc2ccccc2)c2cc(S(=O)(=O)N3CCCC3)ccc21,OADMET-0001370,5.26,,,,,,
CC(C)n1cc(-c2ccc3c(c2)N(C)CC3)c2c(NS(=O)(=O)c3ccn(C)n3)ccnc21,,,1.84221595,2.061022496,0.393728801,1.288025535,,
CC(C)n1cc(CN2CCC(c3nc(N(C)C)no3)CC2)cn1,,,0.675686709,2.253820018,0.251795627,,,
CC(C)n1ccc(C(=O)N2CCS(=O)(=O)C(C)(C)C2)n1,,,0.675686709,1.527023786,0.383073854,1.666892211,,
CC(C)n1ccc(CN2CCCNC(=O)C2Cc2ccccc2)n1,OADMET-0005901,4.26,,,,,,
CC(C)n1ccc2cc(C(=O)NC3CCOC(C)(C)C3)ccc21,OADMET-0005345,4.87,,,,,,
CC(C)n1ccnc1CNC(=O)N1CCC[C@@H]1C(N)=O,OADMET-0001219,2.74,,,,,,
CC(C)n1cnnc1-c1cccc(N2Cc3ccc(Br)cc3C2=O)n1,,,0.778946728,1.744605875,0.415638664,,,
CC(C)n1cnnc1SCOCc1ccccc1,,,0.675686709,2.340824699,-0.148168894,,,
CC(C)n1ncc2c(C(=O)Nc3ccc(S(C)(=O)=O)cc3)cc(-c3cccs3)nc21,OADMET-0004261,5.0,,,,,,
CC(C)n1ncc2cc(C(=O)N3CCOCc4ccccc43)cnc21,OADMET-0004772,4.68,,,,,,
CC(C)n1ncc2cc(NS(=O)(=O)c3cncc(Cl)c3)cnc21,OADMET-0003007,4.6,,,,,,
CC(C)n1ncc2cc(S(=O)(=O)N3CCN(C)CC3c3ccccc3)ccc21,OADMET-0004848,4.81,,,,,,
CC(C)n1nccc1-c1ncccc1COc1cccc(O)c1C=O,,,2.17668439,2.854780773,0.026700372,1.578524605,,
CC(C)n1nnc(NC(=O)N2CC3(CCC3)C2c2ccccc2)n1,OADMET-0003367,5.56,,,,,,
CC(C)n1nnnc1-c1ccc(N)cc1F,,,0.675686709,1.604085587,-0.200511718,1.371806459,,
CC(C)n1nnnc1-c1ccc(NS(=O)(=O)c2cnn(C)c2)cc1F,OADMET-0005576,4.12,,,,,,
CC(C1CC1)n1cc(NC(=O)NC2CCCOc3cc(F)ccc32)cn1,OADMET-0002717,5.54,,,,,,
CC(C1Cc2ccccc2O1)N(C)C(=O)c1ccc(F)c(S(N)(=O)=O)c1,OADMET-0005180,4.86,,,,,,
CC(CC(=O)NC1CCC2(CC1)N=N2)c1ccc(F)cc1,OADMET-0005383,4.18,,,,,,
CC(CC(=O)NC1CCCC1)c1ccccc1,OADMET-0002005,4.24,,,,,,
CC(CC(=O)NCc1ccc(C(=O)Nc2ccncc2)cc1)C1CCCCC1,OADMET-0003017,6.205,,,,,,
CC(CC(=O)O)c1ccccc1,OADMET-0002224,3.24,,,,,,
CC(CCc1ccccc1)NCC(O)c1ccc(O)c(C(N)=O)c1,,,,,1.714821018,,,1.65850745
CC(CNC(=O)C1CCC(=O)N(C2CC2)C1)(c1ccccc1)c1ccccc1,OADMET-0001133,4.61,,,,,,
CC(CNC(=O)CCn1c(N2CCCCC2)nc2ccsc2c1=O)c1ccccc1,OADMET-0001371,5.14,,,,,,
CC(CNC(=O)N[C@H]1c2ccccc2C[C@H]1O)c1nc(-c2ccccc2)no1,OADMET-0005617,4.87,,,,,,
CC(CNC(=O)c1c2c(nc3ccccc13)C(=Cc1cccs1)CC2)c1nncn1C,OADMET-0004959,4.68,,,,,,
CC(CNC(=O)c1cc(-c2ccccn2)nc2ccccc12)N(C)C1CC1,OADMET-0003175,4.86,,,,,,
CC(CNC(=O)c1cccc2c1CNCC2)c1ccc(F)cn1,OADMET-0005533,4.21,,,,,,
CC(CNC(=O)c1ccccc1Cn1cc(-c2cccc(Cl)c2)nn1)C(=O)OC(C)(C)C,OADMET-0003143,5.68,,,,,,
CC(CNS(=O)(=O)c1cnn(-c2ccccc2)c1)N1CCCCC1=O,OADMET-0005786,5.05,,,,,,
CC(CNc1nc(-c2ccncc2)nc2ccccc12)S(C)(=O)=O,OADMET-0004296,4.71,,,,,,
CC(CNc1nccc(C(F)(F)F)n1)CN1CCOCC1,OADMET-0005254,4.04,,,,,,
CC(CO)(CNc1ncnc2sccc12)Cc1cccs1,OADMET-0003073,3.14,,,,,,
CC(CO)CNC(=O)c1ccc(C(C)(C)C)cc1[N+](=O)[O-],OADMET-0004917,4.65,,,,,,
CC(COC1CCOC1)NC(=O)c1n[nH]c2ccc(Cl)cc12,OADMET-0004605,4.95,,,,,,
CC(COCC1CCCCC1)NC(=O)C1CC(O)CN1C(=O)Cc1ccccc1F,OADMET-0003018,4.65,,,,,,
CC(COc1ccccc1)N(CCCl)Cc1ccccc1,OADMET-0003661,4.9,,,,,,
CC(COc1ccccc1Cc1ccccc1)N1CCCCC1,,,1.095901279,3.459669714,0.114982308,,,
CC(CS(=O)(=O)N1CCc2cnccc21)c1ccccc1,OADMET-0005727,5.12,,,,,,
CC(CS(C)(=O)=O)c1nc(C2(c3cccc(Cl)c3)CCC2)no1,OADMET-0003432,5.48,,,,,,
CC(Cc1ccc(NC(=O)c2ccc3[nH]ncc3c2)cc1)C(=O)O,OADMET-0002607,5.08,,,,,,
CC(Cc1ccc(O)cc1)NC(=O)N1CCc2cc(Cl)ccc2C1,OADMET-0005702,5.22,,,,,,
CC(Cc1ccc2ccccc2n1)Sc1nc(C2CC2)nc2c1c(=O)[nH]c(=O)n2C1CC1,OADMET-0004707,4.93,,,,,,
CC(Cc1ccccc1C(F)(F)F)N(C)C(=O)Nc1ccc(F)cc1,OADMET-0002637,5.31,,,,,,
CC(Cc1cccnc1)NC(=O)c1cc(C(C)(C)C)n2ncnc2n1,OADMET-0002628,6.11,,,,,,
CC(Cc1cccs1)NC(=O)c1cccc(Cn2cccn2)c1,OADMET-0001301,4.68,,,,,,
CC(Cc1nc(-c2cccc(S(C)(=O)=O)c2)nn1C12CC(C1)C2)c1ccccc1,OADMET-0002700,5.64,,,,,,
CC(Cn1cc(COc2ncccn2)nn1)C1CCCCC1,OADMET-0005161,5.07,,,,,,
CC(Cn1cncn1)C(=O)N1CCCN(C(=O)c2c[nH]c(=O)[nH]2)CC1,OADMET-0000928,1.88,,,,,,
CC(Cn1cncn1)NCC1(c2cccc(F)c2)CCCC1,OADMET-0001359,4.38,,,,,,
CC(Cn1ncc2ccccc21)C(=O)N1CCC(n2ccc(C(F)(F)F)n2)CC1,OADMET-0004842,5.11,,,,,,
CC(F)(F)c1ccccc1NC(=O)NC(C)(C)c1nc2ccccc2s1,OADMET-0002712,5.29,,,,,,
CC(N)Cc1ccc(O)cc1,OADMET-0003739,4.04,,,,,,
CC(NC(=O)C(=O)NC1CCCc2c1cnn2C)c1cccc(NC(=O)c2ccccc2)c1,OADMET-0005248,4.53,,,,,,
CC(NC(=O)C1(C)Cc2ccccc2N1)c1ccc2[nH]c(=O)oc2c1,OADMET-0005320,4.54,,,,,,
CC(NC(=O)C1CCCN1C(=O)Cc1ccccc1)c1nc2ccccc2n1C,OADMET-0003293,5.25,,,,,,
CC(NC(=O)C1CCCN1C(=O)c1ccc2ccccc2c1O)c1cnn(C)c1,OADMET-0005739,4.46,,,,,,
CC(NC(=O)CC(C)(C)C)C(=O)NCC1CCN(c2ccc(F)c(F)c2)C1,OADMET-0003031,4.99,,,,,,
CC(NC(=O)CCc1ccc2[nH]ccc2c1)c1ccccc1NS(=O)(=O)c1cccs1,OADMET-0003278,5.31,,,,,,
CC(NC(=O)CN1CCC(CO)CC1)c1ccc(F)c2ccccc12,OADMET-0005607,4.73,,,,,,
CC(NC(=O)CNC(=O)C1c2ccccc2C(=O)N1C1CC1)c1ccccc1,OADMET-0005368,3.98,,,,,,
CC(NC(=O)CNc1ccn(-c2ccccc2C(F)(F)F)n1)C1CC1,OADMET-0002769,5.22,,,,,,
CC(NC(=O)Cc1c(F)cccc1Cl)C(=O)N1CCN(c2ccccn2)CC1,OADMET-0001394,4.74,,,,,,
CC(NC(=O)Cn1nnnc1C1CC1)c1ccc2c(c1)CCCC2,OADMET-0005500,4.64,,,,,,
CC(NC(=O)N(C)Cc1ccon1)c1cc(F)ccc1N(C)C,OADMET-0005828,4.67,,,,,,
CC(NC(=O)N1CC(O)CC1C1CC1)c1cccc2cccnc12,OADMET-0003028,5.22,,,,,,
CC(NC(=O)N1CCC(C)C1CO)c1ccc(F)cc1Cl,OADMET-0005933,5.18,,,,,,
CC(NC(=O)N1CCC(C2CCCC2)C1)c1nnc(C(F)(F)F)[nH]1,OADMET-0004838,5.09,,,,,,
CC(NC(=O)N1CCCC1CCO)c1ccccc1Oc1ccccc1,OADMET-0002600,5.28,,,,,,
CC(NC(=O)N1CCC[C@H]1CN1CCOCC1)c1nc(Cc2ccccc2)no1,OADMET-0005785,4.57,,,,,,
CC(NC(=O)N1CCOCC1C1CCCO1)c1cccc(F)c1F,OADMET-0005825,4.41,,,,,,
CC(NC(=O)NC1CC(=O)N(C2CC2)C1)c1cccc2ccccc12,OADMET-0005759,4.14,,,,,,
CC(NC(=O)NC1CCc2[nH]c3ccc(Cl)cc3c2C1)c1ccc2c(c1)CC(=O)N2,OADMET-0002575,6.16,,,,,,
CC(NC(=O)NCC1CCCC12CC2)c1nccn1-c1ccccc1,OADMET-0002772,5.215,,,,,,
CC(NC(=O)NCC1CCOC1(C)C)c1cc(Cl)ccc1Cl,OADMET-0004788,5.12,,,,,,
CC(NC(=O)NCc1cccc(C2(C)NC(=O)NC2=O)c1)c1nc(-c2cccc(F)c2)no1,OADMET-0005482,4.99,,,,,,
CC(NC(=O)NCc1cn(-c2ccccc2)nn1)c1ccc(C#N)cc1,OADMET-0002781,5.5,,,,,,
CC(NC(=O)Nc1cccc(N2CCN(C)C2=O)c1)c1nnc(N)s1,OADMET-0001089,2.55,,,,,,
CC(NC(=O)Nc1ccccc1)C(=O)NC1CN(C)Cc2ccccc21,OADMET-0005025,4.71,,,,,,
CC(NC(=O)[C@@H]1CC[C@H](C(N)=O)C1)c1cc(Cl)cc(Cl)c1F,OADMET-0005293,4.6,,,,,,
CC(NC(=O)[C@H]1C[C@@]1(C)c1ccccc1)c1nnc(C(F)(F)F)[nH]1,OADMET-0004706,4.44,,,,,,
CC(NC(=O)c1c2ccccc2nn1C)c1cccc(C(F)(F)F)c1,OADMET-0002634,4.7,,,,,,
CC(NC(=O)c1cc(C2CC2)[nH]n1)c1nnc(CC(=O)O)[nH]1,OADMET-0001110,2.74,,,,,,
CC(NC(=O)c1cc2c(Cl)cc(Cl)cc2[nH]1)c1ccc(OCC(N)=O)cc1,OADMET-0003860,4.97,,,,,,
CC(NC(=O)c1ccc(C(F)(F)F)cc1N1CCCC1)c1nc[nH]n1,OADMET-0003222,5.1,,,,,,
CC(NC(=O)c1ccc(CN2CCCC2=O)cc1)c1ccc(NC(=O)c2ccc(F)cc2)cc1,OADMET-0004029,4.45,,,,,,
CC(NC(=O)c1cccc(F)c1CNC(=O)OC(C)(C)C)c1cccc(OC(F)F)c1,OADMET-0003203,5.78,,,,,,
CC(NC(=O)c1ccco1)C(=O)N1CCC(Cc2ccc(F)cc2)C1,OADMET-0005894,4.71,,,,,,
CC(NC(=O)c1cnn(-c2ccccc2F)c1-n1cccc1)C(=O)NCc1ccco1,OADMET-0003090,4.86,,,,,,
CC(NC(=O)c1cnn(C)c1Cc1ccccc1)c1cc(F)ccc1N1CCC(O)CC1,OADMET-0002680,5.4,,,,,,
CC(NC(=O)c1cnn(C)c1Cc1ccccc1)c1cccc(NS(C)(=O)=O)c1,OADMET-0002676,5.57,,,,,,
CC(NC(=O)c1n[nH]c(N)c1-c1ccccc1)c1nncn1C(C)C,OADMET-0001028,3.44,,,,,,
CC(NC(=O)c1nc2cccnc2s1)(C1CC1)C(F)(F)F,OADMET-0005797,4.85,,,,,,
CC(NC(=O)c1ncsc1Nc1ccccc1)c1ccc(NC(N)=O)cc1,OADMET-0003493,5.42,,,,,,
CC(NC(=O)c1snc(O)c1Cl)c1cc(F)ccc1N(C)C,OADMET-0003371,5.05,,,,,,
CC(NC1CCCc2ncc(C(F)(F)F)cc21)c1cccc(C#N)c1,OADMET-0005556,5.22,,,,,,
CC(NCc1nc2ccccc2n1C(F)F)c1nc2ccccc2n1C(F)F,OADMET-0002921,5.79,,,,,,
CC(NS(=O)(=O)C1=Cc2cc(Cl)ccc2OC1)C1CCOC1,OADMET-0003006,5.15,,,,,,
CC(NS(=O)(=O)C1CC12CCC2)c1nc(C2CCCCC2)no1,OADMET-0002842,5.04,,,,,,
CC(NS(=O)(=O)c1cccc(Cl)c1O)c1cccc(S(=O)(=O)N(C)C)c1,OADMET-0003229,4.97,,,,,,
CC(NS(=O)(=O)c1cnn(C)c1)c1nc(C(C)(C)C)cs1,OADMET-0005399,4.98,,,,,,
CC(N[C@@H](Cc1ccccc1)C(=O)N(C)c1ccccc1)c1cccnc1,OADMET-0005187,5.2,,,,,,
CC(N[C@H]1CCO[C@@H]1c1ccc(F)c(F)c1)C(=O)N(C)CCC#N,OADMET-0005539,4.82,,,,,,
CC(Nc1cccc(NC(=O)CO)c1)c1nc(-c2ccccc2)no1,OADMET-0005966,4.34,,,,,,
CC(Nc1cccc2c1OCCO2)C(=O)N(C)c1ccccc1,OADMET-0005714,4.96,,,,,,
CC(Nc1ncnc2[nH]ccc12)c1ccc(OCc2cccnc2)cc1,OADMET-0003243,1.91,,,,,,
CC(Nc1ncnc2nc(N3CCOCC3)sc12)c1cc(F)ccc1N1CCC(O)CC1,OADMET-0002965,5.01,,,,,,
CC(Nc1ncnc2sc3c(c12)CCC3)c1ncccn1,OADMET-0003014,5.24,,,,,,
CC(O)(C#Cc1ccc2c(c1)N(c1nc(N)ncc1Cl)CC2)c1nccs1,,,1.860308054,2.514890272,0.759772791,,-0.122628654,0.275311355
CC(O)(Cn1ccccc1=O)C(=O)N1CCc2ccc(Cl)cc2C1,OADMET-0005921,4.6,,,,,,
CC(O)=C(C#N)C(=O)Nc1ccc(C(F)(F)F)cc1,OADMET-0003674,1.78,,,,,,
CC(O)C(C)(CNC(=O)C1CCCN1C)Cc1ccccc1,OADMET-0005928,4.44,,,,,,
CC(O)C(C)CNC(=O)CSc1nc2ccccc2nc1N1CCOCC1,OADMET-0004924,4.3,,,,,,
CC(O)C(Nc1nc(-c2cccc(Cl)c2)no1)c1ccccc1F,OADMET-0005524,5.3,,,,,,
CC(O)CC1CCCN1C(=O)C1CCN(c2ccccc2F)C1,OADMET-0005760,5.24,,,,,,
CC(O)CN(c1ccccc1)S(=O)(=O)N1CCc2ccccc2C1,OADMET-0003399,5.3,,,,,,
CC(O)c1cc(C(=O)N[C@@H](C)Cn2ccc(-c3ccc(C#N)c(Cl)c3)n2)n[nH]1,OADMET-0003725,4.09,,,,,,
CC(Oc1ccc(Br)cc1)C(=O)NC1CCCCC1CO,OADMET-0005402,5.1,,,,,,
CC(Oc1ccc(CO)cc1)c1cn(C(C)c2cccc(F)c2)nn1,OADMET-0004938,5.01,,,,,,
CC(Oc1ccc(Cl)cc1)C(=O)N1CCC(n2c(=O)[nH]c3ccccc32)CC1,,,1.558852512,2.71993755,,1.461648568,,
CC(Oc1ccc(F)cc1)c1nnc2n1CC(C)(C)CC2,OADMET-0005872,5.48,,,,,,
CC(Oc1cccc(Br)c1)c1nnc(-c2cnn(C)c2)o1,OADMET-0005160,4.49,,,,,,
CC(Oc1ccccc1CN1CCN(C(=O)N(C)C)CC1)C(=O)O,OADMET-0001069,2.67,,,,,,
CC(Sc1ccc(C#N)cc1)C(=O)N1CCCN(C(=O)c2ccc(F)cc2)CC1,OADMET-0004779,4.93,,,,,,
CC(Sc1nc2c(cnn2-c2ccccc2)c(=O)[nH]1)C(N)=O,,,,,,0.33243846,,
CC(Sc1nc2ccccc2s1)C(=O)NCC(C)(C)CNC(=O)c1c[nH]c(C#N)c1,OADMET-0003196,5.16,,,,,,
CC(Sc1ncc(-c2ccccc2)n1CC1CCCO1)c1ncccn1,OADMET-0004835,5.28,,,,,,
CC(Sc1nnc(-c2c[nH]c3ccccc23)o1)C(=O)NCC(F)(F)F,OADMET-0006049,4.85,,,,,,
CC(Sc1nncn1C)c1cccc(NC(=O)c2cccc(C(F)(F)F)n2)c1,OADMET-0003211,5.6,,,,,,
CC(c1cc2ccccc2o1)N(C)C(=O)c1cn(C)nc1C(C)(C)C,OADMET-0005935,4.49,,,,,,
CC(c1ccc(Cl)c(Cl)c1)N(C)C(=O)c1ccnc2nn[nH]c12,OADMET-0005571,4.75,,,,,,
CC(c1ccc(Cl)cc1)N(C)C(=O)c1ccc(CCC(C)(C)O)cc1,OADMET-0001263,4.5,,,,,,
CC(c1ccc(S(N)(=O)=O)cc1)N(C)C(=O)[C@H](C)Oc1ccc2ccccc2c1,OADMET-0005128,5.46,,,,,,
CC(c1cccc(C#N)c1)N1CCN(C(=O)NC2CCCCC2)CC1,OADMET-0005149,4.64,,,,,,
CC(c1cccc(S(N)(=O)=O)c1)N(C)C(=O)CN1C(=O)CCOc2ccccc21,OADMET-0006006,4.81,,,,,,
CC(c1ccccc1)N1CC(C(=O)N2CCC(n3c(=O)[nH]c4ccccc43)CC2)CC1=O,,,1.506816098,2.657034807,,1.855519156,,
CC(c1ccccc1C(F)(F)F)n1cc(S(N)(=O)=O)nn1,OADMET-0005190,5.57,,,,,,
CC(c1ccccn1)N(C)C(=O)c1nc2cc(Br)c(F)cc2[nH]1,OADMET-0005566,5.31,,,,,,
CC(c1cccnc1)N(C)C(=O)Nc1cnc(C(C)(C)C)nc1,OADMET-0005774,5.05,,,,,,
CC(c1ccsc1)N1CCN(C(=O)Nc2nnc(CC(F)(F)F)s2)CC1,OADMET-0005330,4.21,,,,,,
CC(c1ccsc1)N1CCN(C(=O)c2cc3ccccc3c(=O)[nH]2)CC1,OADMET-0005860,4.36,,,,,,
CC(c1nc(Cc2cccnc2)no1)N1CCc2ccccc21,OADMET-0004763,4.91,,,,,,
CC(c1nnc(-c2cccs2)o1)N1CCC(n2c(=O)[nH]c3ccccc32)CC1,,,1.257318513,2.435559307,1.324201308,1.755112266,,
CC(c1nnc[nH]1)N1CC=C(c2cncc3ccccc23)CC1,OADMET-0003370,2.45,,,,,,
CC(c1nnnn1C)N1CCOC(c2ccc(Cl)c(Cl)c2)C1,OADMET-0005964,5.22,,,,,,
CC(c1nnnn1C1CC1)N1CCCC(Nc2ccccc2)C1,OADMET-0002943,5.16,,,,,,
CC/C(=C(/CC)c1ccc(O)cc1)c1ccc(O)cc1,OADMET-0003584,4.43,,,,,,
CC/C(=C(\c1ccccc1)c1ccc(OCCN(C)C)cc1)c1ccccc1,OADMET-0003549,4.18,1.177074546,2.199853869,,0.720159303,-0.580044252,-0.341988603
CC1(C(=O)NCC2(CO)CC3(CCC3)C2)CC(c2ccccc2)=NO1,OADMET-0004817,4.78,,,,,,
CC1(C(=O)NCc2noc(C(N)=O)n2)CCCCO1,OADMET-0001054,2.56,,,,,,
CC1(C(=O)Nc2ccc3c(c2)NC(=O)CCC3)CCc2ccccc2C1,OADMET-0002992,6.02,,,,,,
CC1(C(=O)Nc2ncn(Cc3ccc(Cl)cc3)n2)CCCN(C(=O)c2ccccc2)C1,OADMET-0006001,5.16,,,,,,
CC1(C(=O)O)CCN(Cc2ccccc2)CC1,,,0.675686709,1.027920136,,1.652633068,,
CC1(C)C(=O)N(Cc2ccc(CO)cc2)C(=O)c2ccccc21,,,,,,1.438700533,,
CC1(C)C(CNC(=O)NCc2cccc3ccsc23)C1(F)F,OADMET-0003426,5.49,,,,,,
CC1(C)C(NCCNS(=O)(=O)c2ccccc2)[C@H]2CCC[C@H]21,OADMET-0005726,4.83,,,,,,
CC1(C)C(c2cc(NC(=O)c3cc4n(n3)CCCO4)[nH]n2)C1(C)C,OADMET-0005239,5.15,,,,,,
CC1(C)C=Cc2cccc(NCC(O)CC3(O)CCCC3)c2O1,OADMET-0003360,5.39,,,,,,
CC1(C)CC(=O)C2=C(C1)NC(=O)CC2c1ccc(Br)cc1,,,1.775384687,2.392746182,0.528688647,,1.159236233,0.944630702
CC1(C)CC(=O)c2c(C(F)(F)F)nn(-c3ccc(C(N)=O)c(N[C@H]4CC[C@@H](O)CC4)c3)c2C1,,,1.678964281,2.032219736,2.035451507,,,
CC1(C)CC(=O)c2c(C(F)(F)F)nn(-c3ccc(C(N)=O)c(N[C@H]4CC[C@H](OC(=O)CN)CC4)c3)c2C1,,,2.309964529,2.671385411,,,,
CC1(C)CC(C(=O)N2CCCn3nc(-c4ccccc4)nc32)C1,OADMET-0004693,4.66,,,,,,
CC1(C)CC(CC(=O)NCCn2ccnn2)CC(C)(C)N1,,,0.675686709,1.027920136,-0.730196804,,,
CC1(C)CC(NC(=O)CCn2cnc3ccccc3c2=O)c2ccc(F)cc2O1,OADMET-0003024,5.09,,,,,,
CC1(C)CC(NC(=O)N[C@H]2c3ccccc3C[C@H]2O)c2ccc(F)cc2O1,OADMET-0005888,4.98,,,,,,
CC1(C)CC(NC(=O)Nc2ccn(CC(F)(F)F)n2)c2ccccc21,OADMET-0003420,5.3,,,,,,
CC1(C)CC(NC(=O)c2ncoc2-c2ccc3c(c2)OCCO3)c2ccc(F)cc2O1,OADMET-0003106,5.43,,,,,,
CC1(C)CC(Oc2ccc(-c3ccc(-c4cn[nH]c4)cc3O)nn2)CC(C)(C)N1,,,1.281601444,1.617409267,1.329007553,1.11058971,1.199947058,1.241969612
CC1(C)CC(c2ccccc2)CN1C(=O)c1nnc(C2CC2)o1,OADMET-0004768,4.58,,,,,,
CC1(C)CC(c2nc([C@H]3CCO[C@@H]3C(C)(C)C)no2)c2ccccc2O1,OADMET-0003282,5.55,,,,,,
CC1(C)CC1C(=O)N1CCN(C(c2ccc(F)cc2)c2ccc(F)cc2)CC1,OADMET-0001214,4.57,,,,,,
CC1(C)CC2CC(C)(CN2C(=O)C(=O)Nc2ccc(Cl)c(-n3nnnc3C3CC3)c2)C1,OADMET-0002767,6.27,,,,,,
CC1(C)CCC(CCNC(=O)c2ccc3cccnn23)OC1,OADMET-0002665,5.42,,,,,,
CC1(C)CCC(CN2CCN(c3ccc(C(=O)NS(=O)(=O)c4ccc(NCC5CCOCC5)c([N+](=O)[O-])c4)c(Oc4cnc5[nH]ccc5c4)c3)CC2)=C(c2ccc(Cl)cc2)C1,OADMET-0003691,2.4,,,,,,
CC1(C)CCC(NC(=O)CCc2cncs2)C(c2ccccc2)C1,OADMET-0005127,5.25,,,,,,
CC1(C)CCC(O)(CNC(c2ccccc2)c2nnc[nH]2)CC1,OADMET-0004733,4.23,,,,,,
CC1(C)CCCC(C)(CNc2ncc(S(C)(=N)=O)cn2)C1,OADMET-0005192,4.39,,,,,,
CC1(C)CCCC(CNC(=O)c2ccccc2-n2cccn2)O1,OADMET-0005079,4.94,,,,,,
CC1(C)CCCC(O)(CNC(=O)C2(S(C)(=O)=O)CCCC2)C1,OADMET-0005029,4.73,,,,,,
CC1(C)CCCC1C(=O)NS(=O)(=O)Cc1ccc(Br)c(F)c1,OADMET-0005001,4.63,,,,,,
CC1(C)CCCN1C(=O)Cn1cc(-c2ccc(Cl)s2)nn1,OADMET-0005829,5.38,,,,,,
CC1(C)CCCN1C(=O)c1c(F)cc(C#N)cc1F,,,0.675686709,1.842971001,-0.178464795,,,
CC1(C)CCN(C(=O)NCCOc2cccnc2)C1,,,0.675686709,1.680553059,0.522899443,1.599446376,,
CC1(C)CCN(C(=O)NCc2cc[nH]n2)CC1c1ccccc1,OADMET-0005491,4.84,,,,,,
CC1(C)CCN(c2nccnc2S(N)(=O)=O)CC1c1ccccc1,OADMET-0003022,5.19,,,,,,
CC1(C)CCOC1CS(=O)(=O)N1CCCC(c2ccn[nH]2)C1,OADMET-0005806,5.22,,,,,,
CC1(C)CC[C@]2(C(=O)O)CC[C@]3(C)C(C(=O)C=C4[C@@]5(C)C=C(C#N)C(=O)C(C)(C)[C@@H]5CC[C@]43C)C2C1,,,,,,1.803115555,,
CC1(C)CC[C@]2(NC(=O)C(C)(F)F)CC[C@]3(C)[C@H](C(=O)C=C4[C@@]5(C)C=C(C#N)C(=O)C(C)(C)[C@@H]5CC[C@]43C)[C@@H]2C1,,,1.884823674,2.160423509,0.79989303,,,-0.055517328
CC1(C)CCc2sc(NC(=O)N3CC(C)(C)C3C3CCCO3)nc21,OADMET-0003173,6.56,,,,,,
CC1(C)CN(C(=O)C2(C(=O)N3CC(C)(C)C3(C)C)CCC2)C1(C)C,,,2.48279929,3.082351577,0.379552507,1.875061263,,
CC1(C)CN(C(=O)CCc2ccc(C#N)cc2)c2ccccc2O1,OADMET-0004757,4.55,,,,,,
CC1(C)CN(C(=O)CCc2ccc(S(C)(=O)=O)cc2)[C@H]2CCC[C@H]21,OADMET-0002939,5.17,,,,,,
CC1(C)CN(C(=O)NC2CCCC2CNS(C)(=O)=O)CCc2ccccc21,OADMET-0002940,5.05,,,,,,
CC1(C)CN(C(=O)NC2CCOc3c(Cl)cccc32)C1c1ccncc1,OADMET-0005639,4.8,,,,,,
CC1(C)CN(C(=O)c2cncc(Br)c2)CCO1,,,0.675686709,1.027920136,-0.106381801,1.920540717,,
CC1(C)CN(C(=O)c2cscn2)CCS1(=O)=O,,,,,,1.601081728,,
CC1(C)CN(C(CNC(=O)c2cnn3cccnc23)c2ccc(Cl)cc2)CCO1,OADMET-0005416,5.28,,,,,,
CC1(C)CN(CC(=O)NCC#N)c2cccc(Cl)c21,,,1.327174959,2.64729395,-0.223714513,1.455453969,,
CC1(C)CN(S(=O)(=O)CCn2cnnn2)C1c1ccccc1,OADMET-0003491,4.98,,,,,,
CC1(C)CN(c2cc(-c3ccccc3)nc3ncnn23)CC2(CCOC2)O1,OADMET-0006030,5.06,,,,,,
CC1(C)CNC(=O)C1NCc1nc(C(F)(F)F)n2c1CCCC2,OADMET-0005661,5.08,,,,,,
CC1(C)COCCN1Cc1cnn(-c2ccccc2)n1,,,1.028652574,3.02917754,-0.263313263,1.168497484,,
CC1(C)COc2c(C(=O)N3CCCC(n4ccnn4)C3)cccc21,OADMET-0002920,5.2,,,,,,
CC1(C)Cc2cc(CN3CCC4(CC3)NC(=O)N(Cc3ccccc3)C4=O)ccc2O1,,,1.746712023,2.468611667,0.888183217,1.560504415,,
CC1(C)Cc2cc(NC(=O)c3cnn4cccnc34)c(N3CCN(CC(F)F)CC3)nc2O1,,,1.268718346,2.08385006,0.886929427,1.885785129,,
CC1(C)Cc2cc(NC(=O)c3cnn4cccnc34)c(OCC3CC3)nc2O1,,,,,-0.500333969,-0.15490196,-0.199970641,0.38219721
CC1(C)Cc2cccc(C(=O)Nc3nnc(C(C)(C)C)s3)c2O1,OADMET-0002824,6.52,,,,,,
CC1(C)N=C(N)N=C(N)N1c1ccc(Cl)cc1,OADMET-0003702,1.81,,,,,,
CC1(C)OCC(CNC(=O)c2ccccc2SCC(=O)Nc2ccc3c(c2)OCO3)O1,OADMET-0004927,4.81,,,,,,
CC1(C)OCCn2c1nc1c(N3CCOCC3)nc(-c3cnc(N)nc3)nc12,,,0.788168371,1.41575771,0.117090365,0.808885867,,
CC1(C)O[C@@](C)([C@H]2CC3(CCNCC3)CO2)CC[C@@H]1O,,,0.675686709,1.027920136,-0.353679122,1.62910365,,
CC1(C)Oc2cc(-c3ccc4c(c3)CCOC4)ccc2NC1=O,OADMET-0002669,3.36,,,,,,
CC1(C)Oc2ccc(Cl)cc2[C@@H]2O[C@@H]3CCNC[C@@H]3C[C@H]21,,,0.675686709,2.010800125,1.052795442,1.628286731,,
CC1(C)[C@@H]2C[C@H]1[C@@]1(O)[C@@H](C2)Oc2c(ccc(O)c2C(=O)NCCNS(C)(=O)=O)[C@@H]1O,,,1.466823151,2.12715017,1.959166783,,,
CC1(C)[C@@H]2C[C@H]1[C@@]1(O)[C@@H](C2)Oc2c(ccc(O)c2C(=O)NCCNc2ccccn2)[C@@H]1O,,,2.507289031,3.30226186,1.388807282,,,
CC1(C)[C@@H]2C[C@H]1[C@@]1(O)[C@@H](C2)Oc2c(ccc(O)c2C(=O)NCCc2ccccn2)[C@@H]1O,,,2.744454933,2.959167844,,,,
CC1(C)[C@H](C(=O)O)N2C(=O)C[C@H]2S1(=O)=O,OADMET-0003633,1.82,,,,,,
CC1(C)[C@H](NC(=O)Nc2ncn(C(C)(C)C)n2)[C@H]1c1ccccc1,OADMET-0002567,5.93,,,,,,
CC1(C)[C@H]2CC=C(CN3CCC4(CCC(=O)N4)CC3)[C@@H]1C2,,,0.675686709,2.292278229,-0.083602143,,,
CC1(C2CC2)COCCN1Cc1nnc(-c2cccc(O)c2)o1,OADMET-0005351,4.41,,,,,,
CC1(CN(Cc2cnn(C(C)(C)C)c2)c2ncccn2)CCC2(CC1)OCCO2,OADMET-0002852,4.86,,,,,,
CC1(CNC(=O)N2CCN(Cc3ccon3)CC2)CCCC1,,,0.870462432,2.488994654,0.315617108,,,
CC1(CNC(=O)c2cncc(C3CCNCC3)n2)CCCO1,,,0.675686709,1.32842038,,,1.988550039,1.960042456
CC1(CO)CCCN1C(=O)c1cccc(COc2cccc(F)c2)c1,OADMET-0002968,5.32,,,,,,
CC1(COc2ccc3c(c2)ncn3-c2ccc3cccc(N4CCC(N)CC4)c3n2)COC1,,,1.75665132,2.292880475,,1.516204735,,
CC1(COc2ccc3c(c2)ncn3-c2ccc3cccc(OS(=O)(=O)C(F)(F)F)c3n2)COC1,,,,,,-0.397940009,,
CC1(Cc2ccc(Cl)s2)CCCN1C(=O)c1cncc(C=O)c1,OADMET-0001498,5.51,,,,,,
CC1(Cc2ccc(F)cc2)CCCN1C(=O)COc1cccnc1,OADMET-0002930,5.53,,,,,,
CC1(Cc2cccc(Br)c2)CCCN1c1ccnc(C#N)n1,OADMET-0002791,6.125,,,,,,
CC1(Cc2ccccc2)CCCN1c1ncc(C=O)cn1,OADMET-0001495,5.09,,,,,,
CC1(Cc2cccs2)CCCN1C(=O)Cn1nnc2c1CCCC2,OADMET-0003333,5.44,,,,,,
CC1(Cn2cc(-c3cncc(C=O)c3)nn2)COC1,OADMET-0001512,1.82,,,,,,
CC1(NC(=O)Cc2c[nH]c3ncccc23)CCCc2ccccc21,OADMET-0002803,5.22,,,,,,
CC1(NC(=O)Nc2ccc3ccccc3n2)CCCOC1,OADMET-0004880,4.93,,,,,,
CC1(NC(=O)[C@@H]2CCCO2)CCN(C(=O)c2cc(F)cc3cc[nH]c23)C1,OADMET-0005776,4.99,,,,,,
CC1(NC(=O)c2ccc(=O)n(-c3ccccc3)n2)CCCCC1,OADMET-0006034,4.93,,,,,,
CC1(NC(=O)c2ccc(S(=O)(=O)NC3CC3)cc2)CC=CCC1,OADMET-0003257,6.6850000000000005,,,,,,
CC1(NC(=O)c2cccc(C3(C)NC(=O)NC3=O)c2)CC=CCC1,OADMET-0005102,5.09,,,,,,
CC1(O)CCCN(C(=O)c2ccc3c(c2)C(C)(C)CO3)C1,OADMET-0005262,4.24,,,,,,
CC1(c2cc(NS(=O)(=O)c3ccc(F)cc3F)on2)CC1,OADMET-0005673,4.39,,,,,,
CC1(c2ccc(C(=O)N3CCN(C4CC4)c4ccccc43)cc2)NC(=O)NC1=O,OADMET-0005676,5.66,,,,,,
CC1(c2ccccc2)CCCN(C(=O)CCn2ccc(=O)[nH]c2=O)C1,OADMET-0000985,4.55,,,,,,
CC1(c2ccccc2C(=O)N2CCOC3(CCS(=O)(=O)C3)C2)CC1,OADMET-0003108,5.15,,,,,,
CC1(c2ccccc2C(=O)NCc2cccc(S(N)(=O)=O)c2)CC1,OADMET-0005862,4.89,,,,,,
CC1(c2ccn[nH]2)CCN(Cc2ccco2)CC1,,,0.675686709,1.883030825,-0.043677557,1.321805484,,
CC1(c2cn(C(C(=O)NC(C(N)=O)c3ccc(Cl)cc3)C(C)(C)C)nn2)CCCO1,OADMET-0005474,5.27,,,,,,
CC1(c2nc(-c3csc(C(F)(F)F)c3)no2)CCNC(=O)C1,OADMET-0006020,5.07,,,,,,
CC1(c2nnc(-c3cc(-c4ccccc4)n[nH]3)o2)CCOCC1,,,1.129883155,2.252770531,0.084108023,1.263636069,,
CC1(c2nnc(-c3ccc4c(c3)OCCO4)o2)CCOCC1,,,1.125416198,2.392200836,-0.129831132,1.610660163,,
CC1(c2noc(C3=NN(Cc4ccc(F)cc4)C(=O)CC3)n2)CCC1,OADMET-0006085,5.28,,,,,,
CC12CC(CN1C(=O)NCc1ccccc1-c1ccc(Cn3cccn3)cc1)C2,OADMET-0002620,5.42,,,,,,
CC12CC(NC(=O)N1Cc1cccc(F)c1)c1ccccc1O2,OADMET-0003088,6.14,,,,,,
CC1=C(/C=C/C(C)=C/C=C/C(C)=C/CO)C(C)(C)CCC1,OADMET-0003796,4.86,,,,,,
CC1=C(/C=C/C(C)=C/C=C/C(C)=C\C(=O)O)C(C)(C)CCC1,OADMET-0003781,5.46,,,,,,
CC1=C(Br)CN(CCc2nc3ccccc3c(=O)[nH]2)CC1,,,2.123841845,3.311621646,-0.067739612,,,
CC1=C(C(=O)Nc2cc3cn[nH]c3cc2F)C(c2ccc(C(F)(F)F)cc2)CC(=O)N1,,,1.707493529,2.078300908,1.750760612,,,
CC1=C(C(=O)O)N2C(=O)[C@@H](NC(=O)[C@H](N)c3ccccc3)[C@H]2SC1,OADMET-0003728,2.74,,,,,,
CC1=C(C(=O)OCc2ccc3c(c2)OCO3)C(c2ccccc2)NC(=O)N1,,,,,,0.273001272,,
CC1=C(C)CC(C(=O)NS(=O)(=O)c2cncc(Cl)c2)CC1,OADMET-0005046,5.1,,,,,,
CC1=C(C)CN(C(=O)CCn2c(=O)[nH]c(=O)c3ccccc32)CC1,OADMET-0005206,5.13,,,,,,
CC1=C(C)CN(C(=O)NCC(=O)N2CCc3ccccc32)CC1,OADMET-0005406,4.69,,,,,,
CC1=CCN(C(=O)NC(c2ccc(F)cc2F)c2nccn2C)CC1,OADMET-0004954,5.03,,,,,,
CC1=CCN(C(=O)c2cc(C)nc3cc(C)cc(C)c23)CC1,,,1.990023455,3.329441815,0.011859022,,,
CC1=NC(Nc2nc(C)c3ccccc3n2)=NC(C)(C)C1,,,,,,-0.180456064,,
CC1=NN(c2ccc(F)cc2)C(=O)/C1=C(/C)Nc1ccc(S(N)(=O)=O)cc1,,,0.675686709,1.027920136,1.080077137,1.452859336,,
CC1C(=O)N(CCc2cccc(C(F)(F)F)n2)C(=O)N1C1CCC1,OADMET-0004870,4.79,,,,,,
CC1C(=O)N(Cc2ccc(OC(F)(F)F)cc2)C(=O)N1C1CCC1,OADMET-0004781,4.7,,,,,,
CC1C(=O)N(Cc2noc(C(C)(C)C)n2)C(=O)c2ccccc21,OADMET-0002971,5.79,,,,,,
CC1C(=O)Nc2cc(-c3nc(-c4ccc(N5CCCC5)nc4)no3)ccc2N1C,OADMET-0003535,2.62,,,,,,
CC1C(c2ccccc2)CCN1C(=O)Nc1cn(C)nc1C1CCCCC1,OADMET-0005884,5.04,,,,,,
CC1C(c2ccccc2)CCN1C(=O)c1ccc(NS(C)(=O)=O)cc1,OADMET-0005394,5.26,,,,,,
CC1C2CCCCC2CN1C(=O)c1cc(F)cc2c1CNCC2,OADMET-0006089,5.27,,,,,,
CC1CC(C(=O)Nc2ccc(F)c(C(N)=O)c2)(c2cccc(Cl)c2)C1,OADMET-0005677,5.13,,,,,,
CC1CC(C)CN(CC(C)NC(=O)c2cc(Br)c(C=O)n2C)C1,OADMET-0001520,4.55,,,,,,
CC1CC(N)CCN1C(=O)c1cc(N2CCNC2=O)c(F)cc1F,,,0.675686709,,0.119240695,,1.833504094,
CC1CC1C(=O)N1CCC(n2c(=O)[nH]c3ccccc32)CC1,,,0.675686709,2.208543468,,1.507855872,,
CC1CC1CNC(=O)N[C@@H](Cc1ccccc1)C(=O)N(C)c1ccccc1,OADMET-0002651,5.57,,,,,,
CC1CC2CCC(C(=O)NCc3nc(C(C)C)cs3)CN2C1,OADMET-0005693,4.82,,,,,,
CC1CCC(=O)N1c1ccc(NC(=O)c2cccc(OCC(N)=O)c2)cc1,OADMET-0001072,3.62,,,,,,
CC1CCC(CNC2(CCO)CCOCC2)CC1,,,0.675686709,3.078732968,0.10956357,,,
CC1CCC(N(Cc2nnc(C3CCC3)o2)C2CCC(O)CC2)CC1,,,2.362331652,3.208045043,0.307223631,,,
CC1CCC(NC(=O)c2oc3ccccc3c2CS(C)=O)CC1,,,1.181729285,2.188841335,0.40205758,1.837272703,,
CC1CCC(O)(CSc2nncn2C(C)C)CC1,,,0.807196661,2.33018642,-0.070651093,,,
CC1CCC(O)(CSc2nnnn2C2CC2)CC1,,,1.105476121,2.549866086,-0.210316977,,,
CC1CCCC(C(=O)N2CCCC(N(C)CC(=O)O)CC2)C1,OADMET-0002951,3.25,,,,,,
CC1CCCC1CC(=O)NCCC(O)(c1ncco1)C(F)(F)F,OADMET-0005139,5.12,,,,,,
CC1CCCCC1Nc1nnc(COCc2ccccc2)o1,OADMET-0005194,4.92,,,,,,
CC1CCCCC1c1nc(-c2nnc[nH]2)nn1Cc1cc(F)cc(F)c1,OADMET-0004913,5.23,,,,,,
CC1CCCCN1C(=O)c1ccc(NCc2cc(=O)n(C)c(=O)n2C)cc1Cl,OADMET-0005431,5.04,,,,,,
CC1CCCN(S(=O)(=O)c2cccc3c2OCC3)C1C(=O)O,OADMET-0005942,4.41,,,,,,
CC1CCCN(c2cc(C(=O)N3CCCc4cc(C#N)ccc43)ccn2)C1,OADMET-0003434,6.01,,,,,,
CC1CCCc2ncc(C(=O)Nc3nn(C)c4ccccc34)n21,OADMET-0004065,4.77,,,,,,
CC1CCN(C(=O)C2CC23CCc2ccccc23)c2c(O)cccc21,OADMET-0002603,6.855,,,,,,
CC1CCN(C(=O)CCn2ccc3ccncc32)CC1,,,2.074893203,3.293048379,0.295819799,,,
CC1CCN(C(=O)NCC2CCN(c3ccccc3Cl)C2)CC1,OADMET-0005162,4.9,,,,,,
CC1CCN(C(=O)Nc2cnn(C(F)F)c2)CC12CCC2,OADMET-0005545,5.43,,,,,,
CC1CCN(C(=O)c2n[nH]c3ccccc23)CC1,,,1.329682569,2.96168017,-0.251236396,1.421932813,,
CC1CCN(CC(=O)Nc2nc(-c3c[nH]c4ccccc34)cs2)CC1,,,1.578146195,2.498096801,-0.082956715,0.715167358,,
CC1CCN(CCNC(=O)c2ccncc2)CC1,,,0.675686709,2.690079071,0.361139584,1.533899101,,
CC1CCN(Cc2ccc(NC(=O)c3ccccn3)cc2)CC1,,,0.675686709,1.208763733,-0.17045294,1.610660163,,
CC1CCN(S(=O)(=O)c2ccc(C#N)cc2NCCCO)CC1,OADMET-0002897,4.89,,,,,,
CC1CCN(S(=O)(=O)c2ccc(C(=O)Nc3cnn(C)c3)s2)CC1,OADMET-0004996,5.03,,,,,,
CC1CCN([C@H](c2ccc(F)cc2)c2ccc([C@@H](C)C(=O)O)cc2-c2ccc(C(F)(F)F)cc2)CC1,,,0.894224095,1.247948729,0.297773947,1.596926814,,
CC1CCN(c2ccc(F)cc2F)CCN1c1ncc(C=O)cn1,OADMET-0001681,4.09,,,,,,
CC1CCNCC1,OADMET-0002102,2.82,,,,,,
CC1CCOCCN1C(=O)c1cc(-c2cccc(Cl)c2)no1,OADMET-0002933,5.26,,,,,,
CC1CCc2c(C(=O)NS(=O)(=O)CC(F)(F)F)csc2C1,OADMET-0005022,4.74,,,,,,
CC1CCc2ccccc2N1C(=O)COc1ccc2c(c1)NC(=O)CC2,OADMET-0002728,5.65,,,,,,
CC1CN(C(=O)NCC2CCOc3ccccc32)Cc2ccccc2O1,OADMET-0003466,5.3,,,,,,
CC1CN(C(=O)c2cccc(-c3c(F)cccc3F)c2)CCN1c1nccn2cnnc12,OADMET-0006086,5.23,,,,,,
CC1CN(C(=O)c2cccc(S(=O)(=O)N3CCc4ccccc4C3)c2)c2ccccc2O1,OADMET-0003292,5.43,,,,,,
CC1CN(C(=O)c2cccnc2N2CCOCC2)CC(c2ccccc2)O1,,,1.554695053,2.743158424,0.717768559,,1.573185017,1.555686814
CC1CN(C(=O)c2csc(C=O)c2)CC(C)O1,OADMET-0001542,1.68,,,,,,
CC1CN(CC(=O)N(CC(F)(F)F)C(C)C)c2ccccc2NC1=O,OADMET-0005781,4.85,,,,,,
CC1CN(CC(C)(C)O)CCN1C(=O)NCCCc1ccc(Cl)cc1,OADMET-0005792,4.58,,,,,,
CC1CN(Cc2cn(C)nc2-c2ccc(C#N)cc2)C1c1ccccc1,OADMET-0003515,5.14,,,,,,
CC1CN(c2ccc(N)cn2)CC(C)O1,OADMET-0002141,2.83,,,,,,
CC1CN(c2cccc(F)c2)CCN1C(=O)c1ccccc1-n1ccnn1,OADMET-0004808,4.51,,,,,,
CC1CN(c2nc3ccccc3nc2N2CCC(C(N)=O)C2)CC(C)O1,OADMET-0004829,4.49,,,,,,
CC1CNCC(Cn2cc(-c3cn4ccccc4n3)nn2)C1,OADMET-0003354,3.9,,,,,,
CC1COC(c2cccc(Cl)c2)CN1C(=O)Cc1n[nH]c2ccccc12,OADMET-0004294,5.48,,,,,,
CC1Cc2cccc(S(=O)(=O)Nc3ccc(OC(F)F)cn3)c2O1,OADMET-0003235,5.19,,,,,,
CC1Cc2ccccc2N1C(=O)C1Cc2cccnc2C1,OADMET-0004413,4.66,,,,,,
CC1Cc2ccccc2N1C(=O)CN1CCC(n2c(=O)[nH]c3ccccc32)CC1,,,1.787757932,3.013243501,1.462397998,1.738780558,,
CC1Cc2ccccc2N1C(=O)COC(=O)c1ccc2c(c1)CCC(=O)N2,OADMET-0005703,4.97,,,,,,
CC1Cc2ccccc2N1C(=O)c1cc2ccccc2c(=O)n1C,OADMET-0003228,5.4,,,,,,
CC1Cc2ccccc2N1CCNC(=O)c1cc(C(F)(F)F)c[nH]c1=O,OADMET-0005074,5.08,,,,,,
CC1Cc2ccccc2N1NC(=O)c1ccc(Cl)c(S(N)(=O)=O)c1,OADMET-0003619,4.37,,,,,,
CC1N(C(=O)Cc2n[nH]c3c2CCCC3)c2ccccc2C1(C)C,OADMET-0002773,5.91,,,,,,
CC1NC(c2nc(C3(c4ccncc4)CCC3)no2)=NN(c2ccccc2)C1=O,OADMET-0004814,4.83,,,,,,
CC1OC(=O)NC1C(=O)N(C)CCc1cccc2ccccc12,OADMET-0002868,5.44,,,,,,
CC1OCCC1(C)NC(=O)c1ccc(-c2ccccc2F)o1,OADMET-0005266,5.09,,,,,,
CC1OCCCC1C(=O)Nc1cc(-c2cccs2)nn1CCO,OADMET-0005649,4.79,,,,,,
CC1Oc2ccccc2OC1C(=O)N1CCCN(C(=O)c2ccc(F)cc2)CC1,OADMET-0005897,4.75,,,,,,
CC1c2c(F)cccc2CCN1C(=O)Nc1ccc(-n2cccn2)nc1,OADMET-0006033,5.14,,,,,,
CC1c2ccc(F)cc2CCN1C(=O)c1cccc(O)c1,OADMET-0005460,5.15,,,,,,
CC=Cc1ccc(O)c(OC)c1,OADMET-0003754,3.93,,,,,,
CCC(=O)N(C)CC(=O)Nc1cccc(F)c1,,,0.675686709,1.084719232,-0.15179006,1.651084089,,
CCC(=O)N(C)c1ccccc1C(=O)O,,,1.37386787,3.052677785,0.10619339,1.561339941,,
CCC(=O)N(C1CCOCC1)C1CCN(S(=O)(=O)c2ccccc2F)CC1,OADMET-0001402,4.39,,,,,,
CCC(=O)N(c1nnc(SCc2ccc(F)cc2)s1)C1CC1,OADMET-0004704,4.75,,,,,,
CCC(=O)N1CCC(Oc2ccccc2-c2nc(C3CC3)no2)C1,OADMET-0001425,5.15,,,,,,
CCC(=O)N1CCCC(C(=O)N2CCc3c(Cl)cc(Cl)cc3C2C)C1,,,2.618841659,3.17909284,,1.738780558,,
CCC(=O)N1CCCC(C(=O)Nc2nc(-c3ccccc3)co2)C1,OADMET-0004280,5.0,,,,,,
CCC(=O)N1CCCN(S(=O)(=O)CC2CCCC(C)C2)CC1,OADMET-0005480,5.11,,,,,,
CCC(=O)N1CCCc2cc(C(O)CN3CCN(c4ccc(OC)cc4)CC3)ccc21,,,2.223900713,2.451837075,0.226955437,1.84540814,,
CCC(=O)N1CCN(c2ccc(Cl)cc2NC(=O)COc2ccccc2)CC1,,,1.946432613,3.264134452,-0.060058571,,0.250420002,
CCC(=O)NC(C(=O)N1CC=C(c2cccs2)CC1)c1ccccc1,OADMET-0006059,4.45,,,,,,
CCC(=O)NCCNC(=O)c1cc(-c2ccccc2)nc2ccccc12,,,1.122903649,1.904785849,1.177695946,1.271376872,,
CCC(=O)NCC[C@@H]1CCc2ccc3c(c21)CCO3,,,1.422130026,2.475316636,-0.062207671,,,
CCC(=O)NCCc1csc(C2CCN(C(=O)c3ccccc3F)CC2)n1,OADMET-0001376,3.92,,,,,,
CCC(=O)NCc1cc(C2CC2)n(C2CCCC2)n1,,,1.002856926,2.338910472,0.021867016,1.397940009,,
CCC(=O)NCc1ccnc(N(C)C)c1,,,0.675686709,1.027920136,-0.056160773,1.485011215,,
CCC(=O)NCc1csc(C2CCCN(C(=O)c3ccccc3OC)C2)n1,OADMET-0001385,4.75,,,,,,
CCC(=O)NS(=O)(=O)c1ccc(-c2c(-c3ccccc3)noc2C)cc1,OADMET-0003757,3.98,,,,,,
CCC(=O)Nc1ccc(C)n(CC(=O)N2CCN(c3cccc(Cl)c3)CC2)c1=O,OADMET-0001393,3.04,,,,,,
CCC(=O)Nc1ccc(F)c(NC(=O)N2CC=C(C)CC2)c1,,,0.963929422,1.836083478,0.129375494,,,
CCC(=O)Nc1cccc(C(=O)N2CCN(C)Cc3ccccc32)c1,,,,,1.618256749,-0.698970004,,
CCC(=O)Nc1cccc(Oc2nc(Nc3ccc(N4CCN(C)CC4)cc3OC)ncc2Cl)c1,,,1.201287854,2.376343324,1.146128036,,,
CCC(=O)Nc1sc2c(c1C#N)CCC2,,,2.19269566,2.580826935,,,,
CCC(=O)O[C@@H](OP(=O)(CCCCc1ccccc1)CC(=O)N1C[C@H](C2CCCCC2)C[C@H]1C(=O)O)C(C)C,OADMET-0003695,4.48,,,,,,
CCC(C(=O)NC(CNS(=O)(=O)c1cnn(C)c1)c1ccccc1)c1c(C)noc1C,OADMET-0004949,4.9,,,,,,
CCC(C(=O)NCc1nnc2cc(-c3nc(C4CC4)no3)ccn12)c1ccccc1,OADMET-0001430,4.92,,,,,,
CCC(C(=O)Nc1cccc(C(F)(F)F)c1)c1ccccc1,OADMET-0002041,5.03,,,,,,
CCC(C(=O)O)c1ccccc1,OADMET-0002248,2.45,,,,,,
CCC(C)(C)C(=O)O[C@H]1C[C@@H](C)C=C2C=C[C@H](C)[C@H](CC[C@@H]3C[C@@H](O)CC(=O)O3)[C@H]21,OADMET-0004677,3.93,,,,,,
CCC(C)(C)N1CCN(C(=O)NCCc2cc(C)no2)CC1,,,0.675686709,2.437779092,0.856124878,,,
CCC(C)(C)N1CCN(C(=O)Nc2cnn(CC(C)C)c2C(F)F)CC1,,,0.675686709,2.201618312,0.610184113,,,
CCC(C)(C)NC(=O)C(C)n1cc(-c2ncccc2F)nn1,OADMET-0005663,4.85,,,,,,
CCC(C)(C)NC(=O)C1(Cc2ccc(-c3cc(F)ccc3OC)cc2)CCOCC1,,,2.845170003,3.006561448,0.209397874,1.07809415,,
CCC(C)(C)NC(=O)c1ccc(NC(=O)CC2OC(=O)c3ccccc32)cc1,OADMET-0004687,4.05,,,,,,
CCC(C)(C)NC(C)C(=O)Nc1ccc(-n2cc(C#N)cn2)cc1,OADMET-0005142,4.49,,,,,,
CCC(C)(C)c1ccc(Oc2ccc(NC(=O)CSc3cccc[n+]3[O-])cc2)cc1,,,,,0.342813808,-0.346787486,,
CCC(C)(C)c1ccc(Oc2ccc(NC(=O)Nc3ccccc3OC)cc2)cc1,,,,,,-0.366531544,,
CCC(C)(C)c1ccc(Oc2ccc(NC3=NN(c4ccccc4)C(=O)C3)cc2)cc1,,,0.881384657,1.23299611,,,,
CCC(C)(CC(=O)O)NC(=O)c1c(Cl)c2ccccc2n1C,OADMET-0005478,5.06,,,,,,
CCC(C)C(=O)N1CCC2(CC1)N(Cc1ccccc1)C(=O)CS2(=O)=O,OADMET-0001468,4.01,,,,,,
CCC(C)C(NC(=O)CSc1nnnn1-c1ccc(C)cc1)C(=O)OC,OADMET-0004914,5.16,,,,,,
CCC(C)Cc1nc(-c2cn(CCCF)nn2)n(-c2cccc(NC(C)=O)c2)n1,OADMET-0005317,5.34,,,,,,
CCC(C)NC(=O)C(C)Sc1nnc(-c2ccc(OC)cc2)n1CC1CCCO1,OADMET-0005305,4.64,,,,,,
CCC(C)NC(=O)C1CSCN1C(=O)c1ccc2c(c1)S(=O)(=O)N(C(C)C)C2=O,OADMET-0005522,5.37,,,,,,
CCC(C)NC(=O)c1ccc(NC(=O)Nc2ccn(Cc3ccccc3C)n2)cc1,OADMET-0003021,5.53,,,,,,
CCC(C)Oc1cc(C(=O)N2CCC(C)c3cccc(O)c32)ccn1,OADMET-0002541,6.195,,,,,,
CCC(C)S(=O)(=O)NC(=O)c1csc(C2CCCCC2)n1,OADMET-0005876,4.72,,,,,,
CCC(C)n1nc(NC(=O)C2CNC(=O)c3ccccc32)cc1C,OADMET-0005506,5.18,,,,,,
CCC(C)n1nc(NC(=O)NCc2nc(C)c(C)s2)cc1C,OADMET-0003260,5.98,,,,,,
CCC(C)n1nc(NS(=O)(=O)c2c[nH]c(C(=O)N3CCCC3)c2)cc1C,OADMET-0005137,5.44,,,,,,
CCC(C)n1ncc(NC(=O)N2CCOCC2c2ccccc2)c1C,OADMET-0005121,4.94,,,,,,
CCC(CC(=O)NCCN(C)C(=O)C(C)n1nccc1C)C1CCC1,OADMET-0003183,5.4,,,,,,
CCC(CC)(CO)c1nc(-c2ccc(N(C)C)nc2)no1,OADMET-0004834,4.64,,,,,,
CCC(CC)C(=O)N1CCC(N(CCc2noc(C3CCC3)n2)C(C)=O)C1,OADMET-0001461,5.18,,,,,,
CCC(CC)C(=O)O,OADMET-0002269,2.35,,,,,,
CCC(CC)CN(CC)C(=O)c1cn(C(F)(F)CO)nn1,OADMET-0005109,5.3,,,,,,
CCC(CC)COC(=O)[C@H](C)N[P@](=O)(OC[C@H]1O[C@@](C#N)(c2ccc3c(N)ncnn23)[C@H](O)[C@@H]1O)Oc1ccccc1,OADMET-0003740,1.86,,,,,,
CCC(CC)N1CC[C@H](O)[C@@](O)(COc2cc(C)ccc2Cl)C1,,,2.569262688,3.667870235,0.07209103,,,
CCC(CC)NC(=O)c1cc(C)nc2onc(C)c12,,,0.675686709,1.027920136,0.128494074,1.65829765,,
CCC(CC)NC(=O)c1ccc(C#N)c(C)n1,,,0.790144365,1.699013432,,1.723783937,,
CCC(CC)NC(=O)c1ccc2ncsc2c1,,,0.863501301,1.311287539,-0.278100764,1.346548559,,
CCC(CC)c1nnc(NC(=O)c2cc(C=O)[nH]c2C)s1,OADMET-0001519,3.81,,,,,,
CCC(CC)n1nc(C)cc1-c1nc(C(C)(C)NC(C)=O)no1,OADMET-0005887,5.02,,,,,,
CCC(CC)n1nc(C)cc1C(=O)Nc1nc(-c2c[nH]c(C(N)=O)c2)cs1,OADMET-0004056,4.92,,,,,,
CCC(CC)n1nccc1C(=O)NCC(C)(C)c1ccc(C)cn1,OADMET-0004846,4.95,,,,,,
CCC(CC1CCCC1)c1nc(-c2ccncc2OC)no1,OADMET-0004272,4.23,,,,,,
CCC(COC)n1cc(-c2ccc(C(F)(F)F)cc2)nn1,OADMET-0002784,5.35,,,,,,
CCC(Cc1ccc(C)cc1)NC(=O)NC(c1cccc(C(F)(F)F)c1)c1nnc[nH]1,OADMET-0003345,4.975,,,,,,
CCC(NC(=O)C(C)c1ccc(Br)cc1)c1cccc(S(N)(=O)=O)c1,OADMET-0005178,5.0,,,,,,
CCC(NC(=O)CC(C)(O)c1ccccc1)c1cccc2cc[nH]c12,OADMET-0002692,4.67,,,,,,
CCC(NC(=O)Cn1ncc2ccccc2c1=O)c1cc(F)ccc1F,OADMET-0002706,4.94,,,,,,
CCC(NC(=O)c1cc(C)n(CC)c1C)C(O)C(F)(F)F,OADMET-0002573,5.41,,,,,,
CCC(NC(=O)c1ccc(CO)cc1OC)C1Cc2ccccc2C1,OADMET-0002991,5.15,,,,,,
CCC(NC(=O)c1cnc(N)c(Cl)c1)c1cc(F)ccc1OC,OADMET-0004966,5.15,,,,,,
CCC(NC(=O)c1cnc(N)s1)c1nc(C)c[nH]1,OADMET-0000982,3.01,,,,,,
CCC(NC(CO)Cc1ccc(F)cc1)c1ccccc1F,OADMET-0006012,4.93,,,,,,
CCC(NS(=O)(=O)N1CCOCC1)c1nc(C)c[nH]1,OADMET-0001230,4.19,,,,,,
CCC(Nc1cnn(C)c1)c1ccc2c(c1)OCCO2,,,1.058577849,2.521183865,-0.078402034,1.57634135,,
CCC(Oc1ccccc1)C(=O)Nc1nc2ccccc2[nH]1,,,,,,1.07371835,,
CCC(Oc1ccccc1C)C(=O)N1CCC(c2ncccn2)C1,OADMET-0003123,5.17,,,,,,
CCC(Oc1ccccc1F)C(=O)NC1(c2ncon2)CCC1,OADMET-0005252,4.86,,,,,,
CCC(c1cc(Cl)cc2c1OCC2)n1cc(CN2CCOCCC2=O)nn1,OADMET-0005552,5.14,,,,,,
CCC(c1ccccc1)c1nnc(NC(=O)N2CCc3ncncc3C2)s1,OADMET-0005803,5.15,,,,,,
CCC1(C(=O)NCc2ccc3occc3c2)CCN(C(=O)c2ccccc2)CC1,OADMET-0005016,5.13,,,,,,
CCC1(CC)CC(=O)N(CC(=O)N2CCCCCC2)C(=O)C1,OADMET-0005019,5.38,,,,,,
CCC1(CC)CNC(=O)C1NC(=O)CCOc1ccccc1F,OADMET-0003098,5.14,,,,,,
CCC1(CC)CNC(=O)C1NC(=O)c1n[nH]c2c1CCC2,OADMET-0005403,4.98,,,,,,
CCC1(CC)CNC(=O)C1NC(=O)c1nc(-c2ccco2)sc1C,OADMET-0003249,5.08,,,,,,
CCC1(CC)NC(=O)N(CC(=O)N2CCOCC3(CCCC3)C2)C1=O,,,1.486246237,2.336153418,1.911396248,1.802157753,,
CCC1(CO)CCCN(C(=O)Nc2ccc3c(c2)N(C)CC3)C1,OADMET-0003816,4.83,,,,,,
CCC1(Cn2cc(-c3cccc(C(F)(F)F)n3)nn2)COC1,OADMET-0005324,4.08,,,,,,
CCC1(O)CN(c2ncccc2C#N)C1,,,0.675686709,1.397783635,-0.281311251,1.356025857,,
CCC1(O)CN(c2ncnc3c2c(Br)nn3C)C1,,,0.675686709,1.546530325,-0.070807274,1.691435152,,
CCC1(c2ccc(Cl)cc2)NC(=O)N(c2cncc(Br)c2C)C1=O,OADMET-0005811,5.22,,,,,,
CCC1=C(C)CN(C(=O)NCCc2ccc(S(=O)(=O)NC(=O)N[C@H]3CC[C@H](C)CC3)cc2)C1=O,,,1.28427278,2.484587375,1.836054283,,-1.180456064,-1.638272164
CCC1=Nc2c(cnn2-c2cccc(Cl)c2)C2=NCCCN12,,,,,,1.72607487,,
CCC1C(=O)N(CC)CCN1S(=O)(=O)c1c(F)cc(OC)cc1F,OADMET-0005144,4.6,,,,,,
CCC1CCC(CNC(=O)C2(Cc3cnn[nH]3)CCOCC2)CC1,OADMET-0004729,3.95,,,,,,
CCC1CCCCC1OCC(=O)N(C)Cc1cnccn1,OADMET-0004717,4.68,,,,,,
CCC1CCN(C(=O)c2nn(-c3cccc(Cl)c3)nc2C)C1,OADMET-0005520,4.29,,,,,,
CCC1CCc2nc(NC(=O)c3c(C)nn(C)c3-n3cccn3)sc2C1,OADMET-0003462,4.92,,,,,,
CCC1CN(C(=O)NCc2noc3c2CCCC3)CC(CC)O1,OADMET-0004725,4.38,,,,,,
CCC1CN(C(=O)c2cc(-c3c[nH]c4ccccc34)[nH]n2)CC1N1CCOCC1,OADMET-0005205,4.34,,,,,,
CCC1CN(C(=O)c2cnn3cccc(OC)c23)c2ccccc2O1,OADMET-0003271,5.62,,,,,,
CCC1CN(S(=O)(=O)c2ccccc2S(N)(=O)=O)c2cccc(Cl)c2O1,OADMET-0003250,5.06,,,,,,
CCC1CN(c2ccccc2)CCN1C(=O)c1cc(OC)ns1,OADMET-0005504,4.77,,,,,,
CCC1OCCCC1C(=O)Nc1nnc(-c2ccc(C)cc2C)s1,OADMET-0002626,5.19,,,,,,
CCCC(=O)N1CCC(c2cccc(C)n2)CC1,,,0.675686709,2.645975102,-0.241217394,1.604226053,,
CCCC(=O)N1CCCN(c2nc(N)c3cc(OC)c(OC)cc3n2)CC1,OADMET-0003577,4.42,,,,,,
CCCC(=O)NCC(=O)Nc1cnc(N2CCN(C)CC2)nc1,,,0.675686709,1.027920136,1.03757715,1.709439574,,
CCCC(=O)Nc1ccc(-n2cccn2)nc1,,,0.675686709,1.502577322,-0.252230617,1.655426588,,
CCCC(=O)Nc1ccc(C(=O)N(C)C)cc1,,,1.346313847,1.704605172,0.148709537,,,
CCCC(=O)Nc1ccc(C)c2ncccc12,,,0.941262909,1.449200609,-0.129125019,1.700703717,,
CCCC(=O)Nc1ccc2c(c1)CN(C(=O)c1ccc(OC)cc1)C(C(=O)N(C)C)C2,OADMET-0001369,4.26,,,,,,
CCCC(=O)Nc1cnc(N2CCN(C)CC2)nc1,,,0.675686709,1.536810866,0.143038809,1.547774705,,
CCCC(=O)OCOC(=O)C1=C(C)NC(C)=C(C(=O)OC)C1c1cccc(Cl)c1Cl,OADMET-0003564,4.84,,,,,,
CCCC(C)N1CC2(CCN(C(=O)c3cnccn3)CC2)OC1=O,OADMET-0001201,3.95,,,,,,
CCCC(C)c1cc(NS(=O)(=O)c2ccc(C#N)c(Br)c2)[nH]n1,OADMET-0002654,4.73,,,,,,
CCCC(C)c1cc(NS(=O)(=O)c2ccc(OC)cc2CC(=O)OC)[nH]n1,OADMET-0003469,4.82,,,,,,
CCCC(C)c1cc(NS(=O)(=O)c2cncc(C(=O)OC)c2)[nH]n1,OADMET-0004782,4.22,,,,,,
CCCC1(CCC)CCCN1C(=O)CCc1cnccn1,OADMET-0005110,4.93,,,,,,
CCCC1(CNC(=O)Cn2ccc(=O)cc2)CCC1,,,0.675686709,1.164174342,1.154045728,,,
CCCC1(CO)CCCN1C(=O)C(C)NS(=O)(=O)c1cccs1,OADMET-0005614,5.32,,,,,,
CCCC1(COC)CCCN1C(=O)N[C@@H](C)c1cccc(O)c1,OADMET-0002599,5.63,,,,,,
CCCC1(COC)CCCN1C(=O)c1sc(S(N)(=O)=O)cc1C,OADMET-0005534,5.49,,,,,,
CCCCC(=O)N1CSCC1C(=O)N1CCC[C@]1(C)C(=O)OC,OADMET-0006003,4.38,,,,,,
CCCCC(=O)Nc1ccc(C(=O)NCCc2nnc(N)s2)cc1,OADMET-0001290,3.41,,,,,,
CCCCC(=O)Nc1ccc(C)cc1NC(=O)Cn1nnnc1N,OADMET-0001171,3.55,,,,,,
CCCCC(=O)Nc1ccc(C)cc1NC(=O)c1ccc(CN(C)C)o1,OADMET-0001056,3.92,,,,,,
CCCCC(C)N(CCCC)C(=O)c1ccn2ccnc2n1,OADMET-0005132,5.33,,,,,,
CCCCC(CC)COC(=O)c1ccc(N(C)C)cc1,OADMET-0003804,4.4,,,,,,
CCCCC1=NC2(CCCC2)C(=O)N1Cc1ccc(-c2ccccc2-c2nn[nH]n2)cc1,,,1.028327198,2.177972019,2.168976645,1.567849451,,
CCCCC1=NC2(CCCC2)C(=O)N1Cc1ccc(-c2ccccc2-c2nnn[nH]2)cc1,,,0.962132469,2.033480049,1.878743868,1.469232743,,
CCCCC1C(=O)N(c2ccccc2)N(c2ccc(O)cc2)C1=O,OADMET-0003596,3.21,,,,,,
CCCCC1C(=O)N(c2ccccc2)N(c2ccccc2)C1=O,OADMET-0003618,4.35,,,,,,
CCCCC1CCCN1C(=O)NCc1ccc(O)cc1,OADMET-0001097,4.31,,,,,,
CCCCCC1NC(=O)N(Cc2ccccc2-n2nc(C)cc2C)C1=O,OADMET-0002557,5.13,,,,,,
CCCCCCCC/C(=C\CCCCCCCC(=O)O)[N+](=O)[O-],,,1.631960961,1.929096918,,1.103803721,,
CCCCCCCC/C=C\CCCCCCCC(=O)N(CCO)CCO,OADMET-0001865,2.81,,,,,,
CCCCCCCC/C=C\CCCCCCCC(=O)O,OADMET-0002255,2.17,,,,,,
CCCCCCCCC(=O)NCc1ccc(O)c(OC)c1,OADMET-0001953,4.07,,,,,,
CCCCCCCCC(=O)O,OADMET-0002254,2.45,,,,,,
CCCCCCCCCCCCCCCC(=O)NCCO,OADMET-0001957,1.89,,,,,,
CCCCCCCCCCCCCCCC(=O)O,OADMET-0002268,2.5,,,,,,
CCCCCCCCCCC[C@@H](C[C@@H]1OC(=O)[C@H]1CCCCCC)OC(=O)[C@H](CC(C)C)NC=O,OADMET-0003744,4.46,,,,,,
CCCCCCCCc1ccc(CCC(N)(CO)CO)cc1,,,0.880813592,1.230448921,,,,
CCCCCCCCc1ccc(CC[C@](N)(CO)COP(=O)(O)O)cc1,,,0.881384657,,,,,
CCCCCCCCc1ccc2c(c1)CC[C@@H](C(N)(CO)CO)C2,,,,,,-0.091514981,,
CCCCCCNc1ncnc2[nH]ccc12,,,1.850480817,2.758597028,-0.302947354,1.26904571,,
CCCCCCOC(=O)c1ccccc1C(=O)c1ccc(N(CC)CC)cc1O,OADMET-0003799,5.88,,,,,,
CCCCCNC(=N)N/N=C/c1c[nH]c2ccc(OC)cc12,,,1.013300787,2.26011911,1.857173854,1.479143248,,
CCCCCNC(=N)NN=Cc1c[nH]c2ccc(OC)cc12,OADMET-0003742,2.13,,,,,,
CCCCN(C)C(=O)Nc1cc(C)ccn1,,,1.615918504,2.353716244,-0.252110262,1.396548038,,
CCCCN(C)C(=O)c1cn(-c2ccc(C)c(C)c2)nn1,,,2.102776615,2.724528179,,0.944975908,,
CCCCN(CC)c1nc(C)nc2c1c(C)c(C)n2-c1c(C)cc(C)cc1C,,,2.296645449,3.140664826,,,,
CCCCN(Cc1ccc(F)cc1)Cc1cc(O)c(OC)cn1,OADMET-0001351,4.55,,,,,,
CCCCN1CCCCC1C(=O)Nc1c(C)cccc1C,OADMET-0001982,4.745,,,,,,
CCCCN1CCCCC1C(=O)O,OADMET-0002189,1.83,,,,,,
CCCCN1CCCC[C@H]1C(=O)Nc1c(C)cccc1C,OADMET-0003731,4.74,,,,,,
CCCCN1CCN(C(=O)c2cccc(-c3ccc(CO)cc3)c2)CC1,,,1.425469006,2.430244417,0.052484358,,,
CCCCN1CCc2nc3cc(C4CC4)nn3c(O)c2C1,,,0.675686709,1.027920136,1.422969774,,,
CCCCNC(=O)NS(=O)(=O)c1ccc(C)cc1,,,0.675686709,1.027920136,0.250979855,,0.439332694,0.440121603
CCCCNC(=O)c1ccc2c(c1)nnn2C,,,0.675686709,1.027920136,,1.41564098,,
CCCCNC(=O)c1cccc2ncccc12,,,0.675686709,1.446832188,-0.199648056,1.467312063,,
CCCCNC(=O)c1cn(CCC)nc1S(=O)(=O)N1CCN(c2ccc(Cl)cc2)CC1,OADMET-0001373,4.38,,,,,,
CCCCNc1nc2c(cc1C#N)CCC2,,,2.354563633,3.364486456,,,,
CCCCO[C@H]1CC[C@H](NC(=O)c2ccn3c(C)cc(C)nc23)CC1,OADMET-0004778,4.74,,,,,,
CCCCOc1cc(C(=O)NCCN(CC)CC)c2ccccc2n1,OADMET-0001871,4.38,,,,,,
CCCCOc1cc(C(=O)O)c2ccccc2n1,OADMET-0002186,3.79,,,,,,
CCCCOc1ccc(-c2cc3c(=O)[nH]ccn3n2)cc1,,,,,-0.128857507,-0.698970004,,
CCCCOc1ccc(C(=O)NCc2cc(C)on2)cc1,,,1.071550639,2.624314074,-0.24921245,0.62324929,,
CCCCOc1ccc(C(=O)Nc2ccc(F)cc2F)cc1,OADMET-0002018,2.36,,,,,,
CCCCOc1ccc(C(=O)O)cc1,OADMET-0002177,2.36,,,,,,
CCCCOc1ccc(Cl)cc1CC(=O)Nc1cnccc1C,OADMET-0002872,4.74,,,,,,
CCCCOc1ccccc1-c1cc(C(=O)NCCc2cccs2)[nH]n1,,,,,-0.337784563,-0.431798276,,
CCCCOc1ccccc1-c1cc(C(=O)NCc2ccccc2C)[nH]n1,,,,,-0.166075641,-0.585026652,,
CCCCOc1nc(N)c2c(n1)N(Cc1cccc(CN3CCCC3)c1)CC(=O)N2,,,2.053527879,3.271781916,0.739917382,,,
CCCCSCc1cc(C(=O)NC2(C(=O)O)CCCC2)oc1C,OADMET-0001168,4.55,,,,,,
CCCCc1c(C)[nH]c2nc(N(Cc3cccs3)C(C)=O)nn2c1=O,,,1.137733795,1.908216853,1.414582997,1.591064607,,
CCCCc1nc2cc(/C=C/C(=O)NO)ccc2n1CCN(CC)CC,,,0.675686709,2.562956293,1.451909392,1.759667845,,
CCCCc1oc2ccccc2c1C(=O)c1cc(I)c(OCCN(CC)CC)c(I)c1,OADMET-0003693,3.92,,,,0.565257343,,
CCCCn1nc(-c2ccc(C)o2)nc1CNC,,,1.156185573,2.37857776,0.122116453,1.467015818,,
CCCCn1ncc(NC(=O)NC2CCOC23CCCC3)c1C(C)C,OADMET-0005666,5.25,,,,,,
CCCN(C(=O)Cc1ccc(F)c(Cl)c1)c1cccnc1,OADMET-0004703,4.79,,,,,,
CCCN(C(=O)c1c(CC)noc1C)C1Cc2ccccc2C1,,,2.259849412,3.37586837,-0.023551889,1.571475904,,
CCCN(C(=O)c1cc(C)cc(O)n1)C1CCc2ccccc2C1,OADMET-0005818,4.92,,,,,,
CCCN(C(=O)c1ccc(COC)o1)c1nc2c(s1)CCc1c-2cnn1C,,,1.878663952,1.9493968,,,,
CCCN(C(=O)c1ccccc1N)C(C)C,,,0.675686709,2.533638624,,,,
CCCN(C)C(=O)Nc1cccc(-c2nnc3n2CCCCC3)c1,,,0.675686709,1.647901076,1.965645119,1.59505509,,
CCCN(C)c1nccnc1OC1CCN(C(=O)C(C)C)C1,OADMET-0001400,4.99,,,,,,
CCCN(C)c1nnc(-c2ccc([N+](=O)[O-])cc2)n1CC,OADMET-0005365,4.9,,,,,,
CCCN(CC)c1ccc(C(=O)N2CCCN(C(C)=O)CC2)cc1,,,1.40940895,2.488679012,0.840231739,1.684845362,,
CCCN(CC1CC1)C(=O)c1cccc(-c2ccnc(OC)c2C#N)c1,OADMET-0001080,5.22,,,,,,
CCCN(CCC)C(=O)c1coc(COc2ccc3sc(C)nc3c2)n1,OADMET-0000939,4.76,,,,,,
CCCN(CCC1=CCCCC1)C(=O)Cc1n[nH]c(=O)[nH]1,,,0.675686709,3.10539538,1.051398713,,,
CCCN(CCC1=CCCCC1)C(=O)c1cc(C(F)F)n[nH]1,,,1.819023787,3.298136445,-0.403187661,,,
CCCN(CCc1cccs1)[C@H]1CCc2c(O)cccc2C1,,,1.991761966,3.581057068,-0.290368309,,,
CCCN(Cc1cc(F)ccc1F)C(=O)c1ccc2ncn(C)c(=O)c2c1,OADMET-0005291,4.65,,,,,,
CCCN(Cc1ccccc1)C(=O)CC1(N)CCC1,,,0.675686709,2.860404493,1.074962623,1.7513561,,
CCCN(Cc1ccccc1OC)Cc1ccccc1C(=O)O,OADMET-0001136,4.16,,,,,,
CCCN(Cc1cnn(C)c1)C(=O)NCc1cn(Cc2ccccc2)nc1-c1ccccc1,OADMET-0002691,5.35,,,,,,
CCCN1C(=O)CC[C@]2(CNC(=O)c3cc(C4CC4)[nH]n3)CCC[C@@H]12,OADMET-0001408,5.27,,,,,,
CCCN1C(=O)CC[C@]2(CNC(=O)c3n[nH]c4ccccc34)CCC[C@@H]12,OADMET-0001405,5.8,,,,,,
CCCN1C(=O)CC[C@]2(CNC(=O)c3noc(C)c3COC)CCC[C@@H]12,OADMET-0001409,4.1,,,,,,
CCCN1C(=O)CC[C@]2(CNS(=O)(=O)c3cccc4cccnc34)CCC[C@@H]12,OADMET-0001406,5.86,,,,,,
CCCN1CCCC[C@H]1C(=O)Nc1c(C)cccc1C,OADMET-0003646,4.21,,,,,,
CCCN1CCCN(C(=O)c2ccccc2NC)CC1=O,OADMET-0002954,5.12,,,,,,
CCCN1CCCN(C(=O)c2nc3ccccc3[nH]2)CC1,,,1.283640389,2.227326129,,1.693287157,,
CCCN1CCCN(c2ncccc2C#N)CC1,,,1.468893548,3.224870371,-0.37693041,1.445136969,,
CCCN1CCn2nc(-c3nc4cc(OC)ccc4[nH]3)cc2C1,,,0.675686709,2.447564217,-0.083498619,1.603252662,,
CCCN1Cc2cccc(NS(=O)(=O)c3ccc(OC)c(F)c3C)c2C1,OADMET-0003066,5.07,,,,,,
CCCNC(=O)C1(Cc2ccccn2)CCOCC1,,,0.675686709,1.027920136,1.036571016,1.930745328,,
CCCNC(=O)C1(NCc2cncnc2)CCCCC1,,,1.635182049,2.104049865,0.872573729,,,
CCCNC(=O)C1(NCc2csnn2)CCCCC1,,,0.870228279,2.180630442,0.457563327,,,
CCCNC(=O)CSc1nc2cc(C)ccc2[nH]1,,,2.027512692,3.073910717,0.321696901,,,
CCCNC(=O)N1CCC2(CC1)N(C1CCCC1)C(=O)CS2=O,OADMET-0001431,3.64,,,,,,
CCCNC(=O)NS(=O)(=O)c1ccc(Cl)cc1,,,0.675686709,1.180527283,,,0.969835093,0.628286731
CCCNC(=O)Nc1ccc(Oc2ncnc3cc(OC)c(OC)cc23)cc1Cl,,,,,0.783858309,-0.657577319,,
CCCNC(=O)c1c(C)nn(-c2ccccc2)c1C,,,1.115876664,3.313825265,-0.175258334,1.487703863,,
CCCNC(=O)c1ccc(OC2CCN(C)CC2)cc1,,,0.675686709,1.54550504,,,,
CCCNC(=O)c1cccc(C(=O)N(C)Cc2cc(F)cc(F)c2)c1,OADMET-0005692,4.9,,,,,,
CCCNC(=O)c1ccnc(N(C)C)c1,,,1.590942096,1.92171248,-0.21058581,1.580924976,,
CCCNS(=O)(=O)N1CCN(c2ccc(F)cc2OC)CC1,OADMET-0004820,4.93,,,,,,
CCCNS(=O)(=O)Nc1ncnc(OCCOc2ncc(Br)cn2)c1-c1ccc(Br)cc1,,,2.003348497,2.800315583,-0.030142068,,,
CCCOC1(c2noc(-c3cc(=O)[nH]c(C4CC4)n3)n2)CCCCC1,OADMET-0006051,5.11,,,,,,
CCCOC1CCCN(C(=O)CCn2cncn2)C1,OADMET-0001085,3.53,,,,,,
CCCOC1CCCN(C(=O)c2cccc(-c3ccc4[nH]nc(N)c4c3)c2)C1,OADMET-0001279,4.83,,,,,,
CCCOC1CCCN(CCc2c[nH]c(=O)n(C)c2=O)C1,OADMET-0001018,3.34,,,,,,
CCCOc1c2c(nc3cc(C4CCOCC4)nn13)CCC2,,,0.675686709,1.206744944,1.347492838,,,
CCCOc1ccc(Cl)cc1NC(C)c1nc(C(C)C)no1,OADMET-0002970,5.28,,,,,,
CCCOc1ccc(S(=O)(=O)Nc2noc(Cc3ccccc3)n2)cc1,OADMET-0006078,4.19,,,,,,
CCCOc1ccc2[nH]cc(CCNC(=O)c3cncc4[nH]ccc34)c2c1,OADMET-0002652,1.71,,,,,,
CCCOc1cccc(-c2nccnc2NC)c1,OADMET-0001314,3.43,,,,,,
CCCOc1cccc(C(=O)NC(c2ccccn2)c2ccccc2OC)c1,OADMET-0002658,5.41,,,,,,
CCCOc1cccc(CCNC(=O)N2C3CCC2CC2(C3)CC2(F)F)c1,OADMET-0002714,5.82,,,,,,
CCCOc1ccccc1C(=O)N1CC(Oc2cccc(OC)c2)C1,,,1.967707064,3.134906696,-0.142465812,1.626340367,,
CCCOc1ccn2c(C(C)=O)cc(-c3ccccc3S(C)(=O)=O)c2c1,,,1.749094446,2.752265157,0.123834907,,,
CCCOc1cn(-c2ccccc2)nc1C(=O)NC1CCCN(S(C)(=O)=O)C1,OADMET-0003447,5.49,,,,,,
CCCS(=O)(=O)N1CCCC(C(=O)N2CCc3ccccc3C2)C1,,,1.792433716,3.004767908,0.272840209,1.738780558,,
CCCS(=O)(=O)NC(C)c1nc(-c2ccc(OC)c(OC)c2)no1,OADMET-0001183,3.85,,,,,,
CCCS(=O)(=O)NC1CCN(Cc2ccc(C)c(OC)c2)CC1,,,1.216746334,2.901865724,0.1561912,,,
CCCS(=O)(=O)Nc1ccc(F)c(C(=O)c2c[nH]c3ncc(-c4ccc(Cl)cc4)cc23)c1F,,,,,0.741991773,-0.455931956,-1.59345982,
CCCS(=O)(=O)Nc1ccc(F)c(C(=O)c2c[nH]c3ncc(Cl)cc23)c1F,,,0.881384657,1.346613012,,,,
CCCS(=O)(=O)Nc1ccccc1C(=O)NCc1cccc2c1OCC2,OADMET-0002860,5.3,,,,,,
CCCS(=O)(=O)c1ccccc1C(=O)NCC1(O)CCCCCC1,OADMET-0005628,5.27,,,,,,
CCCS(=O)(=O)c1nc(NC2CC2)cc(-c2ccc3c(ccn3C3CC(C)(C)NC(C)(C)C3)c2)n1,,,1.708803183,2.09095251,1.542523997,,,
CCCSCc1nc(-c2ccc(C)nn2)no1,OADMET-0000968,3.94,,,,,,
CCCSc1ccc2nc(NC(=O)OC)[nH]c2c1,OADMET-0003639,2.04,,,,,,
CCCSc1nc(N[C@@H]2C[C@H]2c2ccc(F)c(F)c2)c2nnn([C@@H]3C[C@H](OCCO)[C@@H](O)[C@H]3O)c2n1,OADMET-0003769,4.12,,,,,,
CCC[C@@H]1C[C@@H](C(=O)N[C@@H]([C@H]2O[C@H](SC)[C@H](O)[C@@H](O)[C@@H]2O)[C@@H](C)O)N(C)C1,,,1.123721006,1.946098397,0.400129998,,,
CCCc1c(-c2nc(CC3(C)CC3(F)F)no2)nnn1CC,OADMET-0004912,5.47,,,,,,
CCCc1c(C(=O)OCc2nnc3n2CCCCC3)nnn1-c1cccc(Cl)c1,OADMET-0005196,5.07,,,,,,
CCCc1c(NCc2nnnn2C(C)(C)C)cnn1-c1ccccc1C,OADMET-0003311,5.78,,,,,,
CCCc1cc(-c2nn3c(C4CCCC4)nnc3s2)n(C)n1,,,1.997189728,3.347750248,,1.12904506,,
CCCc1cc(=O)n2nc(NCC(c3ccc(Cl)cc3)n3cccn3)sc2n1,OADMET-0005720,5.0,,,,,,
CCCc1cc(C(=O)Nc2ccc(-c3nnc(C)[nH]3)cc2)no1,,,2.117234827,2.462724345,-0.062985208,,,
CCCc1cc(C(=O)Nc2ccc3oc(=O)n(CC(=O)N4CCCCC4)c3c2)[nH]n1,OADMET-0002871,5.16,,,,,,
CCCc1cc(C)nc(O)c1CNC(=O)c1cc(-c2ccc(N3CCN(C(C)C)CC3)nc2)cc2c1cnn2C(C)C,,,2.08089333,2.370840491,2.08725677,,,
CCCc1cc(CNC(=O)N2C[C@H]3C[C@@H](C2)c2cccc(=O)n2C3)on1,,,1.219663101,1.95595219,1.215782009,,,
CCCc1cc(CNS(=O)(=O)c2cc(-c3cnc(C)o3)ccc2C)on1,,,2.593232885,3.397385147,0.886337808,,,
CCCc1cc(N2CCc3c(nc(C(C)C)n3C)C2)n2ncnc2n1,,,1.155244917,2.261824114,1.182880272,1.751086555,,
CCCc1cc(N2CCc3c(nc(C4CC4)n3C)C2)n2ncnc2n1,,,0.983626287,2.25299858,1.582757474,1.726482697,1.677187053,1.388207807
CCCc1cc(O)nc(SCC(=O)N2CCN(C)CC2)n1,,,0.675686709,1.027920136,1.378416312,,,
CCCc1ccc(-c2cccc(C(=O)N3CCN(CC(N)=O)CC3)c2)cc1,,,1.09961159,2.849214197,0.917324704,,,
CCCc1ccc(C(=O)CSc2nncs2)cc1,,,2.441157629,3.099159728,-0.326773578,,,
CCCc1cnc(C)nc1N(C)CCC(C)(C)O,,,0.910571048,2.190014968,,,,
CCCc1csc(NC(=O)N2CCCC2c2ccc3c(c2)OCCO3)n1,OADMET-0005653,5.41,,,,,,
CCCc1n[nH]c2c1C(C1CC=CCC1)C(C#N)=C(N)O2,,,,,,0.487138375,,
CCCc1nc(C(C)(C)NC(=O)c2cccc(-c3ncn[nH]3)c2)no1,OADMET-0005606,4.59,,,,,,
CCCc1nc(C(C)(C)O)c(C(=O)O)n1Cc1ccc(-c2ccccc2-c2nnn[nH]2)cc1,OADMET-0003586,1.77,,,,,,
CCCc1nc(C(C)(C)O)c(C(=O)OCc2oc(=O)oc2C)n1Cc1ccc(-c2ccccc2-c2nnn[nH]2)cc1,OADMET-0003569,1.75,,,,,,
CCCc1nc(C)c(CNC(=O)Cn2nnnc2N)s1,OADMET-0001308,3.23,,,,,,
CCCc1nc(C)c2c(=O)nc(-c3cc(S(=O)(=O)N4CCN(CC)CC4)ccc3OCC)[nH]n12,OADMET-0003593,4.31,,,,,,
CCCc1nc(N2CCc3ccccc3C2)ncc1C(=O)O,,,0.675686709,1.594237812,-0.139917484,1.710878618,,
CCCc1nc2c(C)cc(-c3nc4ccccc4n3C)cc2n1Cc1ccc(-c2ccccc2C(=O)O)cc1,OADMET-0003636,4.3,,,,,,
CCCc1nc2nc(C)c(NS(=O)(=O)c3ccc(C4CCCCC4)cc3)c(O)n2n1,,,2.227421323,,1.701656374,1.64246452,-0.218963061,-0.137272472
CCCc1ncncc1C(=O)NCc1nncn1CCC,,,0.675686709,1.588350153,1.166192154,,,
CCCc1ncncc1C(=O)NCc1noc(C2CC2)n1,,,0.675686709,2.04767976,0.23826991,,,
CCCc1nn(C)c2c(=O)nc(-c3cc(S(=O)(=O)N4CCN(C)CC4)ccc3OCC)[nH]c12,OADMET-0003570,4.65,,,,,,
CCCc1nn(CCCN2CCCCC2)c(=O)o1,,,1.133858125,3.203114514,-0.26570447,,,
CCCc1nnc(N2CCC3(CCCC3)C2)s1,,,1.938094228,3.334054258,-0.279506249,,,
CCCc1nnc(NCc2cn3ccc(C)cc3n2)o1,,,0.675686709,1.53149169,0.544461675,1.341236623,,
CCCc1nnc2sc(-c3cc(C(C)C)nn3C)nn12,,,1.49497508,2.772900136,,1.251881455,,
CCCc1nnsc1C(=O)N1CCCC(CCc2ccc(F)cc2)C1,OADMET-0001010,5.6,,,,,,
CCCc1noc(CN(C)C(=O)NC2CCS(=O)(=O)C2)n1,OADMET-0001247,3.55,,,,,,
CCCc1noc(CN2CCN(c3ccccc3OC)CC2)n1,,,1.432151214,2.545714,-0.12887602,,,
CCCc1noc2nc(-c3ccco3)cc(C(=O)NCCNC(=O)c3ccc(O)cc3)c12,OADMET-0005375,4.53,,,,,,
CCCc1noc2nc(-c3ccncc3)cc(C(=O)O)c12,,,0.675686709,1.258254054,-0.075179316,,,
CCCn1c(=O)[nH]c2nc(-c3ccc(S(=O)(=O)O)cc3)[nH]c2c1=O,,,0.675686709,1.027920136,,1.716587578,,
CCCn1c(=O)c2c(nc3n2CCN3c2ccc(C)cc2)n(C)c1=O,,,,,,-0.823908741,,
CCCn1c(=O)n(Cc2ccc(C#N)cc2F)c2ccccc21,,,1.730903345,2.800934171,-0.195087144,1.168497484,,
CCCn1c(C)cnc1C1CCN(S(=O)(=O)c2cccc3cccnc23)C1,OADMET-0001470,6.43,,,,,,
CCCn1cc(-c2cn(Cc3ccn(Cc4ccccc4)n3)nn2)cn1,OADMET-0005675,4.41,,,,,,
CCCn1cc(C(=O)N2CCC(c3n[nH]cc3C(=O)N(C)Cc3ccccc3)CC2)cn1,,,2.109848421,2.74931418,0.975399512,1.656098202,,
CCCn1cc(C(=O)N2CCC(c3n[nH]cc3C(=O)N3CCOCC3)CC2)cn1,,,0.675686709,1.057932227,1.185228632,1.733197265,,
CCCn1cc(CN2CCC(c3nc(N(C)C)no3)CC2)cn1,,,1.321494867,2.163831985,0.054978613,,,
CCCn1cc(CN2CCCC(c3nnc4ccccn34)C2)c(C)n1,OADMET-0001098,3.49,,,,,,
CCCn1cc(CNC(=O)CN2CCCC2)cn1,,,0.675686709,2.403156568,,,,
CCCn1cc(CNc2ncccn2)cn1,,,0.675686709,1.752086879,,,,
CCCn1cc(NC(=O)N(C)Cc2cc(-c3ccncc3)no2)nn1,OADMET-0001096,2.3,,,,,,
CCCn1cc(NC(=O)NC(C)c2ccc(-n3cncn3)cc2)nn1,OADMET-0001362,3.53,,,,,,
CCCn1cc(NC(=O)NCCn2c(C)cc(C)nc2=O)nn1,OADMET-0001268,2.43,,,,,,
CCCn1cc(NC(=O)Nc2ccc(N3CCSCC3)cc2)cn1,,,1.647431874,2.907583862,0.856286561,,,
CCCn1cc(NC(=O)c2ccc3c(Br)cnn3c2)cn1,OADMET-0003997,4.29,,,,,,
CCCn1ccnc1CN(C)CCc1ccccn1,OADMET-0001152,3.86,,,,,,
CCCn1ccnc1CNc1nc2c(s1)c(C)nn2C,,,0.829239428,2.109912491,0.951579796,1.491501766,,
CCCn1cnnc1CN(C)Cc1cc(C(C)C)on1,,,0.675686709,2.727588425,1.185067577,,,
CCCn1cnnc1CN(C)Cc1ccc(C(F)(F)F)nc1,,,0.675686709,1.469983926,1.372585899,,,
CCCn1cnnc1CNC(=O)Nc1cccc(NS(C)(=O)=O)c1,OADMET-0001140,2.77,,,,,,
CCCn1cnnc1Cn1ccnc1-c1ccc2occc2c1,,,0.675686709,1.218929185,1.972098285,1.456821348,,
CCCn1ncc(CN2CCC(c3cc4cccnc4[nH]3)CC2)c1C,,,1.621280168,2.303200379,0.947269053,,,
CCCn1ncc(CN2CCC(c3ncc[nH]3)CC2)c1C,,,0.865222456,2.69734139,,,,
CCCn1ncc2[nH]c(-c3cc(Cn4cncn4)c(C)cc3C)nc21,,,1.713624927,2.298595479,1.958396411,1.526468512,,
CCCn1ncc2[nH]c(C3CCCCC3)nc21,,,1.2999429,1.922611292,0.1005288,1.350829274,,
CCCn1ncc2ccc(C3CCCN(CC(=O)N4CCCC4)C3)nc21,,,1.44120795,2.461072127,0.825726869,1.693726949,,
CCCn1nccc1NC(=O)c1c(C)noc1C,,,0.675686709,1.027920136,0.201983396,1.498310554,,
CCCn1nccc1S(=O)(=O)NCCCc1csc(N)n1,OADMET-0001128,4.28,,,,,,
CCCn1ncnc1-c1ccccc1SC,,,1.916432891,2.883842495,-0.097881451,1.29841638,,
CCCn1ncnc1C(C)NC(=O)c1cc(C)oc1C,OADMET-0001311,3.81,,,,,,
CCN(C(=O)CN1CCNC(=O)C1)c1ccc(F)cc1,,,0.675686709,1.027920136,1.694010845,1.541828767,,
CCN(C(=O)CO)[C@H]1CN(/C(=N\C#N)Nc2cccc(OC(F)F)c2)N=C1c1ccc(Cl)c(Cl)c1,,,1.652874598,2.264328967,,0.367355921,,
CCN(C(=O)N1CCC(CC(=O)N2CCN(C)CC2)CC1)C(C)C,,,1.377615831,1.737653736,1.210249742,1.910250772,,
CCN(C(=O)N1CCC(OC2CCOCC2)CC1)C(C)C,,,1.334534169,2.189796205,-0.117193924,1.748962861,,
CCN(C(=O)c1cc(NC(C)=O)ccc1F)C1CCCC1,,,1.799271608,3.34388635,1.151528389,1.688775655,,
CCN(C(=O)c1cccc(-n2cccn2)c1)c1ccc(C#N)c(Cl)c1,,,1.897385138,3.313590955,,,,
CCN(C(=O)c1nc(CC(F)(F)F)sc1C)C12CC3CC(CC(C3)C1)C2,OADMET-0003334,6.16,,,,,,
CCN(C(C)=O)c1ccc(C)cc1C(=O)O,,,0.675686709,1.027920136,-0.063427454,1.542825427,,
CCN(C(C)Cc1ccc(OC)cc1)S(=O)(=O)c1ccccc1-c1ccno1,OADMET-0002950,5.800000000000001,,,,,,
CCN(C)S(=O)(=O)N(C)Cc1cnc2ccccc2c1,,,1.179925032,3.364869049,-0.181920363,,,
CCN(C)c1ccccc1Cn1c(=O)[nH]c2ccccc2c1=O,OADMET-0002778,5.04,,,,,,
CCN(C/C=C/c1ccc(F)cc1)Cc1nc(COC)no1,,,1.413500935,2.935639247,-0.278250113,1.504742636,,
CCN(C/C=C\c1ccc(C2CCCCC2)c(Cl)c1)C1CCCCC1,,,1.676446677,2.771252261,,0.819543936,-0.853871964,-0.266802735
CCN(C1CCCCC1)S(=O)(=O)c1c(C2OCCO2)cnn1C,OADMET-0002642,5.48,,,,,,
CCN(CC#N)C(=O)c1nn(-c2ccc(F)cc2)c2c1CCCC2,,,1.700894004,2.598360375,-0.14739864,1.607562243,,
CCN(CC(=O)NC)S(=O)(=O)c1cnc(NCC(C)C)c(C(F)(F)F)c1,OADMET-0005464,4.81,,,,,,
CCN(CC(=O)Nc1c(Cl)cccc1Cl)C(=O)c1cnn(-c2ccccc2)n1,OADMET-0005783,5.22,,,,,,
CCN(CC(=O)Nc1ccccc1OC)CC1CCC2(COC2)O1,OADMET-0005111,5.19,,,,,,
CCN(CC(=O)OC)C(=O)c1ccc(-c2cccc(C)c2)n1C,OADMET-0002608,4.76,,,,,,
CCN(CC(N)=O)CC(=O)N1c2ccccc2CCc2ccccc21,,,1.611925012,2.828490398,1.460518098,,,
CCN(CC)C(=O)COc1cccc(NC(=O)c2cc(OC)c(C)c(OC)c2)c1,OADMET-0002812,5.0,,,,,,
CCN(CC)C(=O)CSCc1cncc(F)c1,,,1.493959675,2.921820644,-0.148063596,,,
CCN(CC)C(=O)CSc1nnc(-c2cc(Cl)ccc2OC)[nH]1,OADMET-0003532,5.62,,,,,,
CCN(CC)C(=O)N1CCC(C(=O)O)CC1,,,0.675686709,1.027920136,0.644040283,1.779452183,,
CCN(CC)C(=O)N1CCCN(C(=O)N(CC)CC)CC1,,,1.835956773,2.843747147,0.654039339,1.686546899,,
CCN(CC)C(=O)Oc1cccc2cccnc12,,,1.313403163,2.275953681,,,,
CCN(CC)C(=O)c1ccc(C2=CC3(CCNCC3)Oc3cccc(O)c32)cc1,,,0.954290762,1.818423855,1.319525011,,,
CCN(CC)C(=O)c1ccc(NC(C)=O)cc1,,,0.675686709,1.409070438,0.290552817,1.539076099,,
CCN(CC)C(=O)c1ccccc1Cn1cc(-c2cnc(F)cc2C)nn1,OADMET-0005449,5.32,,,,,,
CCN(CC)C(=S)SSC(=S)N(CC)CC,OADMET-0003753,1.76,,,,,,
CCN(CC)C(CNS(=O)(=O)c1ccc2c(c1)CCCC(=O)N2)c1ccco1,OADMET-0005238,4.73,,,,,,
CCN(CC)CC#CCOC(=O)C(O)(c1ccccc1)C1CCCCC1,OADMET-0003603,5.2,,,,,,
CCN(CC)CC(=O)N1CCC(n2c(=O)[nH]c3ccccc32)CC1,,,0.675686709,1.371104822,,1.688864568,,
CCN(CC)CC(=O)Nc1c(C)cc(C)cc1C,OADMET-0002007,4.83,,,,,,
CCN(CC)CC(=O)Nc1c(C)cccc1C,OADMET-0001944,3.13,,,,,,
CCN(CC)CC(=O)Nc1ccc(Oc2ccc(C)nn2)cc1,,,0.675686709,1.499824496,0.210627141,,,
CCN(CC)CC(=O)O,OADMET-0002159,1.99,,,,,,
CCN(CC)CCCC(C)Nc1ccnc2cc(Cl)ccc12,OADMET-0003607,3.59,,,,,,
CCN(CC)CCCNc1c2c(nc3ccccc13)CCC2,,,,,,1.405687787,,
CCN(CC)CCCNc1ncc(-c2cc(C)no2)c(-c2ccco2)n1,,,0.710202015,2.493877504,1.242365666,1.843544212,,
CCN(CC)CCN,OADMET-0002051,2.01,,,,,,
CCN(CC)CCNC(=O)COc1ccc(OC)cc1,OADMET-0001954,2.28,,,,,,
CCN(CC)CCNC(=O)c1c(C)[nH]c(/C=C2\C(=O)Nc3ccc(F)cc32)c1C,OADMET-0003585,1.74,,,,,,
CCN(CC)CCNC(=O)c1ccc(NC(C)=O)cc1,OADMET-0001971,2.84,,,,,,
CCN(CC)Cc1cc(Nc2ccnc3cc(Cl)ccc23)ccc1O,OADMET-0003811,4.56,,,,,,
CCN(CC)Cc1ccc2cc(COC(=O)Nc3ccc(C(=O)NO)cc3)ccc2c1,,,0.900913068,2.355369136,1.354911115,1.89187183,,
CCN(CC)Cc1cccc(/C=C/c2nc3ccc(F)cc3c(=O)n2-c2ccccc2Cl)n1,,,1.84105899,2.71229522,0.925585766,1.829368108,,
CCN(CC)Cc1cnc(NC(=O)c2ccccc2)s1,,,0.675686709,2.284299862,,,,
CCN(CC)S(=O)(=O)c1cc(C)c(C)c(NCc2nnc3n2CCOC3)c1,OADMET-0004722,4.49,,,,,,
CCN(CC)S(=O)(=O)c1ccc(OC(C)C)c(NS(=O)(=O)N(C)C2CCCC2)c1,OADMET-0003266,6.18,,,,,,
CCN(CC)S(=O)(=O)c1ccc2c(c1)CCN2CC(=O)NCc1ccccc1F,,,2.527626035,3.254931209,0.9964933,1.640580806,,
CCN(CCO)Cc1nc2cc(OC)c(OC)cc2c(=O)[nH]1,,,0.675686709,1.027920136,1.494803466,,,
CCN(CCOC)C(=O)Nc1ccc2occc(=O)c2c1,,,0.992420956,1.514640711,0.120116855,,,
CCN(Cc1ccc2c(c1)OCO2)C(=O)NCc1nnc2n1CCCCC2,OADMET-0005997,5.11,,,,,,
CCN(Cc1ccccc1)C(=O)c1ccc(O)cc1O,,,0.675686709,2.860846881,-0.081098938,1.669316881,,
CCN(Cc1ccccc1)C(=O)c1cccnc1N,,,0.675686709,2.23981482,-0.187283487,1.564666064,,
CCN(Cc1ccccc1Cl)C(=O)c1ccccc1OCC(=O)N(C)C,OADMET-0003136,5.12,,,,,,
CCN(Cc1cccs1)C(=O)CN1CCC(n2c(=O)[nH]c3ccccc32)CC1,,,2.17829189,3.447533999,,,,
CCN(Cc1ccncc1)C(=O)C(CO)c1ccccc1,OADMET-0001966,4.59,,,,,,
CCN(Cc1ccncc1)C1CN(C(=O)CC2CCN(C(C)=O)CC2)C1,OADMET-0001380,2.42,,,,,,
CCN(Cc1ccncc1)C1CN(C(=O)c2ccn(CC)n2)C1,OADMET-0001381,4.44,,,,,,
CCN(Cc1ccncc1)[C@@H]1CN(C(=O)c2ccccc2)C[C@H]1O,,,1.654744316,2.557970122,1.571721154,2.061452479,,
CCN(Cc1cnn(C(C)C)c1)C(=O)NCCC(C)(C)OC,,,0.751587005,2.211504986,1.235613737,,,
CCN(Cc1cnn(CC)c1)C(=O)NCC1CCN(C)CC1,OADMET-0001000,2.65,,,,,,
CCN(Cc1nc(C(C)C)no1)S(=O)(=O)c1cc(-c2ccno2)cs1,OADMET-0000999,4.84,,,,,,
CCN(Cc1nc(C)no1)C(=O)c1cc(C)c(C)n(C)c1=O,,,0.675686709,1.027920136,1.917146338,,,
CCN(Cc1nc2c(cnn2C)c(=O)[nH]1)Cc1nc(COC)no1,OADMET-0001094,3.09,,,,,,
CCN(Cc1nc2cc(Cl)ccc2c(=O)[nH]1)C(=O)COc1ccccc1Cc1ccccc1,,,2.352111095,3.167441401,,0.086359831,,
CCN(Cc1nnc(-c2ccccc2OC)o1)c1cccc2ccccc12,OADMET-0002962,5.88,,,,,,
CCN(c1cc(-c2ccc(CN3CCOCC3)cc2)cc(C(=O)NCc2c(C)cc(C)nc2O)c1C)C1CCOCC1,,,2.116381905,2.72053057,1.780028125,1.691965103,,
CCN(c1ccc(C(C)C)cc1)S(=O)(=O)c1ccccc1,,,,,-0.287352908,-0.187086643,,
CCN(c1ccccc1)S(=O)(=O)c1ccc(C(=O)Nc2ccccc2C(C)=O)cc1,,,,,0.0722319,-0.346787486,,
CCN(c1ccccc1)S(=O)(=O)c1ccc(C(F)(F)F)cc1,,,,,,0.146128036,,
CCN(c1cccnc1)S(=O)(=O)c1cccc(OC)c1OC,OADMET-0005794,4.71,,,,,,
CCN1C(=O)C(=O)N(Cc2sc3ccccc3c2Cl)C1=O,,,,,,-0.522878745,,
CCN1C(=O)C(C)(C)COc2cc(NS(=O)(=O)c3cc(C)c(C)cc3OC)ccc21,,,2.648072874,3.969621762,,,,
CCN1C(=O)CC[C@H](C(=O)N2CCc3cc(F)cc(C)c3C2)[C@H]1c1ccncc1,,,2.266933388,2.675200731,1.71058657,1.846646329,,
CCN1C(=O)c2ccc(C(=O)N3CC(C(C)C)Cc4cc(OC)ccc43)cc2S1(=O)=O,OADMET-0002821,5.52,,,,,,
CCN1CC(C(=O)NCCCc2nc(C)c(C)s2)CC1=O,OADMET-0001255,3.39,,,,,,
CCN1CC(CCN2CCOCC2)C(c2ccccc2)(c2ccccc2)C1=O,OADMET-0003809,4.67,,,,,,
CCN1CCC(CCNc2ncc(C)c(N(C)C)n2)CC1,,,0.675686709,2.509163528,1.061672147,,,
CCN1CCC(CNC(=O)c2cc(C)nc3cc(F)ccc23)CC1,,,0.675686709,1.027920136,1.404609905,1.57054294,,
CCN1CCC(N(C)c2ncnc3c2cnn3C)CC1,,,2.181949292,1.567955163,0.002661153,1.614897216,,
CCN1CCC(Nc2nc(C)cc(C)c2C#N)CC1,,,0.827821428,3.396260039,0.093630466,1.63748973,,
CCN1CCC(Nc2ncnc3c2cnn3C)CC1,,,1.802363174,1.340265601,0.603701577,1.511482289,,
CCN1CCC(Oc2ncnc3c2c(C)c(C)n3C2CCCCC2)CC1,,,1.500785173,2.860599702,,,,
CCN1CCC(n2cc(CNc3cc(Cl)c4ncc(C#N)c(Nc5ccc(F)c(Cl)c5)c4c3)nn2)CC1,,,2.15518416,2.374445884,1.290195829,0.644438589,,
CCN1CCCC(NC(=O)Nc2cccc3cc[nH]c23)C1=O,OADMET-0005550,5.0,,,,,,
CCN1CCCC1CN(Cc1ccc(O)cc1)C(=O)c1nccc2ccsc12,OADMET-0005716,4.51,,,,,,
CCN1CCCCC1CNc1ncc(C#N)c(N)n1,OADMET-0001078,2.93,,,,,,
CCN1CCCN(C(=O)Nc2ccc(COC3CCCC3)cc2)CC1,,,0.800854492,2.457959064,0.961726233,,,
CCN1CCN(C(=O)C(C)(C)c2csc(-c3c(Cl)cccc3Cl)n2)CC1=O,OADMET-0003230,5.29,,,,,,
CCN1CCN(C(=O)CNc2ncnc3onc(C)c23)CC1,,,0.675686709,1.027920136,0.565635584,,,
CCN1CCN(C(=O)NC(C)c2nncn2CCCOC)CC1,OADMET-0001266,2.79,,,,,,
CCN1CCN(Cc2ccc(Nc3ncc(F)c(-c4cc(F)c5nc(C)n(C(C)C)c5c4)n3)nc2)CC1.CS(=O)(=O)O,,,2.111810079,2.028742009,1.788301402,1.683047038,,
CCN1CCN(S(=O)(=O)Cc2ccc(Cl)c(Cl)c2)CC1,,,1.917836225,3.159066443,-0.38705313,1.409764104,1.249124949,1.071845201
CCN1CCN(S(=O)(=O)c2c[nH]c(C(C)C)n2)c2ccccc21,,,2.412445427,2.393736608,1.305650441,,,
CCN1CCN(c2ccc(NC(=O)c3ncoc3-c3ccc4ccccc4c3)cc2)CC1,,,1.281056105,2.471762431,,0.008600172,,
CCN1CCN(c2ccc(Nc3ncnc4sccc34)cc2)CC1,,,0.675686709,1.791978213,0.080452761,,,
CCN1CCOC(C(=O)N2CCC(c3cn[nH]c3)CC2)C1,,,0.675686709,,0.545609844,,,
CCN1CCc2c(sc(NC(=O)CS(=O)(=O)c3ccccc3)c2-c2nc3ccccc3s2)C1,,,1.854977534,2.638016249,,,,
CCN1CCc2cc(-c3nc4nccc(C#N)c4[nH]3)ccc21,OADMET-0002841,5.45,,,,,,
CCN1CCc2nc(NC(=O)Cc3ccc(Cl)cc3)sc2C1,,,1.064570292,1.027920136,0.007508291,1.668012972,,
CCN1CCc2ncnc(N(C)Cc3ccc4c(c3)OCCO4)c2C1,,,2.057434063,2.65121112,-0.104246303,1.589949601,,
CCN1CCc2ncnc(N3CCNc4ccccc4C3)c2C1,,,0.675686709,2.022622173,0.251420912,1.716587578,,
CCN1N=C(c2ccccc2)C(C(=O)Nc2ccccc2F)C1=O,OADMET-0006052,4.6,,,,,,
CCN1[C@@H]2CCCC[C@@]2(C(=O)NCCCN2CCCC2=O)CCS1(=O)=O,OADMET-0001445,4.36,,,,,,
CCN1c2ccccc2N(CC(=O)N2CCCc3ccccc32)S1(=O)=O,OADMET-0003433,5.83,,,,,,
CCNC(=O)C(c1cccc(OCC)c1)N1CC2CN(C(=O)CCSC)CC2C1,OADMET-0005551,5.3,,,,,,
CCNC(=O)C1CN(c2cccc(C#N)n2)C1,,,0.675686709,1.027920136,0.315174587,1.632558515,,
CCNC(=O)C1CN(c2nc(C3CC3)nc3c2CCC3)C1,,,0.675686709,1.299572667,1.370969319,1.653212514,,
CCNC(=O)CN(C)C(C(=O)OC)c1ccccc1C(F)(F)F,OADMET-0005483,5.17,,,,,,
CCNC(=O)N1CCC(c2nc(-c3ccccc3)no2)CC1,,,0.675686709,1.650822153,-0.07529868,1.722551662,,
CCNC(=O)N1CCC2(CCc3ccccc3O2)CC1,,,0.794069584,2.946536266,-0.132461438,1.824321125,,
CCNC(=O)N1CCc2nc3ccc(F)cn3c(=O)c2C1,,,0.675686709,1.027920136,1.014399318,1.760949951,,
CCNC(=O)c1cc(C2CC2)nc2c1c(C)nn2-c1ccccn1,,,1.412443747,1.849259672,0.577752368,1.732876041,,
CCNC(=O)c1cc(N2CCC(N3CCCC3=O)CC2)ccn1,,,0.675686709,1.027920136,,,,
CCNC(=O)c1ccc(-c2cc(C)cc(OC)c2OC)nc1,,,0.675686709,1.969075613,-0.000886,1.541204691,,
CCNC(=O)c1ccc(CNC(=O)CN(C(=O)CC2OCCc3ccsc32)C2CC2)cc1,OADMET-0005560,4.8,,,,,,
CCNC(=O)c1ccc(CS(C)(=O)=O)cc1,,,0.675686709,1.314920056,0.419051029,1.611723308,,
CCNC(=O)c1ccnc(-c2ccc(F)c(C)c2)c1,,,2.088564854,3.029882321,,1.452706227,,
CCNC(=O)c1noc(-c2cc(C(C)C)c(O)cc2O)c1-c1ccc(CN2CCOCC2)cc1,,,1.588831726,2.544740609,,,,
CCNC1=N[C@@H]2[C@@H](O)[C@@H](O)[C@H](CO)O[C@@H]2S1,,,0.675686709,1.027920136,,,,
CCNCc1ccncc1,OADMET-0002134,2.85,,,,,,
CCNS(=O)(=O)c1ccc(F)c(C(=O)N2CCN(Cc3cccc(Cl)c3)C(=O)C2)c1,OADMET-0004697,5.03,,,,,,
CCNS(=O)(=O)c1ccc2c(c1)N(C(=O)C1CCc3cccnc31)CC2,OADMET-0003221,5.74,,,,,,
CCNc1cc(N2CCCC(CCC(=O)N3CCN(C(=O)OCC)CC3)C2)ncn1,OADMET-0001401,3.49,,,,,,
CCNc1cc2c(nn1)CCN(C(=O)Cn1ccc3ccccc31)C2,,,0.675686709,1.969178197,,,,
CCNc1ccc(S(=O)(=O)C(F)F)cc1NC(=O)c1cnc2snc(C)c2c1,OADMET-0005214,5.12,,,,,,
CCNc1ccnc(-c2cccc(C(=O)NCCCc3cnn(C)c3)c2)n1,,,1.416474079,2.80180283,1.593589228,,,
CCNc1ccnc(N(C)Cc2nc3ccccc3n2C)n1,,,1.469100046,2.637424681,0.107651415,1.567849451,,
CCNc1nc(-c2cccnc2)nc(C)c1C,,,1.69634765,1.843768306,-0.239057038,,,
CCNc1ncc(C(=O)N2C[C@@H](NS(C)(=O)=O)[C@H](C(C)C)C2)cn1,OADMET-0001040,3.08,,,,,,
CCNc1ncc(CN2CCC(C(=O)O)CC2)cn1,OADMET-0001232,3.35,,,,,,
CCOC(=O)C(C)(C)Oc1ccc(Cl)cc1,OADMET-0003664,3.4,,,,,,
CCOC(=O)C(Cc1ccccc1)N(C(=O)c1cncc(Cl)c1)C1CC1,OADMET-0002584,5.62,,,,,,
CCOC(=O)C1(Cc2cc(-c3ccc(F)cc3)no2)CCN(Cc2ccccc2O)CC1,,,2.190611798,2.897525378,0.333624388,0.84135947,,
CCOC(=O)C1(Cc2cc(-c3cccc(F)c3)no2)CCN(Cc2ccccc2O)CC1,,,,,,-0.167491087,,
CCOC(=O)C1(F)CN(c2ncnc3[nH]cc(CC)c23)CC12COC2,OADMET-0002881,1.76,,,,,,
CCOC(=O)C1(c2cn(Cc3nn(C)c4c3CCC4)nn2)CCC1,OADMET-0003214,5.66,,,,,,
CCOC(=O)C1=C(C)NC(C)=C(C(=O)OC)C1c1cccc(Cl)c1Cl,OADMET-0003626,5.88,,,,,,
CCOC(=O)C1CCN(C(=O)c2cc3occc3c(Nc3ccc(F)cc3)n2)CC1,,,,,0.121760984,-0.055517328,,
CCOC(=O)CCN1CCC=C(Br)C1,,,,,-0.204264727,,,
CCOC(=O)CNC(=O)c1ccc(O)cc1O,,,1.535686454,2.05592086,-0.152155262,1.559188189,,
CCOC(=O)Cc1c(C)[nH]c2c(-c3ccccc3)cnn2c1=O,,,0.7930916,1.95240494,1.254105924,1.173768823,,
CCOC(=O)N1CCC(=C2c3ccc(Cl)cc3CCc3cccnc32)CC1,OADMET-0003567,5.24,,,,,,
CCOC(=O)N1CCC(C(=O)Nc2cccc(C)c2)CC1,,,,,,1.750354089,,
CCOC(=O)N1CCC(NCc2n[nH]c(N)n2)CC1,OADMET-0001032,2.5,,,,,,
CCOC(=O)N1CCC(Nc2nc3ccccc3s2)CC1,,,0.914660431,2.467858104,-0.090177348,1.691965103,,
CCOC(=O)N1CCN(C(=O)C2CCN(c3cc(Oc4ccc(CC)cc4)ncn3)CC2)CC1,OADMET-0001384,1.71,,,,,,
CCOC(=O)N1CCN(C(=O)CSCc2ccc(Cl)cc2)CC1,OADMET-0001961,3.92,,,,,,
CCOC(=O)N1CCN(C(=O)Nc2cccc3c2CCCC3)CC1,,,1.575753445,2.595324234,0.225785048,1.712902125,,
CCOC(=O)N1CCN(C(=O)c2ccc(Cl)c(S(=O)(=O)N3CCOCC3)c2)CC1,OADMET-0002036,4.09,,,,,,
CCOC(=O)N1CCN(C(=O)c2ccc3c(c2)OCO3)CC1,,,0.675686709,2.04821644,-0.086383416,1.724521627,,
CCOC(=O)N1CCNCC1,OADMET-0002152,2.85,,,,,,
CCOC(=O)N1CCc2cc(NC(=O)c3oc(C)cc3C)ccc21,,,1.060017543,2.072610128,,,,
CCOC(=O)N1CSCC1C(=O)NC1CC=C(c2ccc(F)cc2)CC1,OADMET-0005141,4.8,,,,,,
CCOC(=O)N1CSCC1C(=O)O,OADMET-0003537,1.77,,,,,,
CCOC(=O)Nc1cc(-c2ccc(C)c(NS(C)(=O)=O)c2)nn2c(C)nnc12,,,0.845903839,2.094921611,1.453615476,1.710963119,,
CCOC(=O)Nc1ccc2c(c1)N(C(=O)CN(CC)CC)c1ccccc1CC2,,,1.652604075,2.556304914,1.33702227,1.9364132,,
CCOC(=O)[C@H]1CCC[C@H]1NC(=O)c1n[nH]c2nc[nH]c(=O)c12,OADMET-0003076,3.86,,,,,,
CCOC(=O)c1c(C)[nH]c(CN(Cc2ccccc2)C(=O)c2ccccc2Cl)c1C,,,2.492268562,3.172363536,0.330171683,0.711807229,,
CCOC(=O)c1c(C)n(C)c2ccc(O)cc12,,,1.488353265,2.220701567,,,,
CCOC(=O)c1c(NC(=O)CN(C)Cc2ccon2)sc(C(N)=O)c1C,OADMET-0006040,5.3,,,,,,
CCOC(=O)c1c(Nc2ccccc2)sc(C=O)c1Cl,OADMET-0001514,4.53,,,,,,
CCOC(=O)c1cc2ccccc2n1CC(=O)c1ccc(F)cc1,,,2.878301145,3.277170803,-0.178961448,0.816903839,,
CCOC(=O)c1ccc(-n2cc(Cc3cnc(OCC)nc3)c(=O)nc2SCc2ccc(F)cc2)cc1,,,1.963367491,3.558861267,1.318948109,,,
CCOC(=O)c1ccc(CNC(=O)N2CCc3[nH]c(-c4ccccc4)nc3C2)cc1,OADMET-0001469,4.34,,,,,,
CCOC(=O)c1ccc(N2CCSCC2)nc1,,,2.613674835,3.474911453,-0.509552116,,,
CCOC(=O)c1ccc(N2CCc3ccccc3C2C)nc1,OADMET-0005244,4.81,,,,,,
CCOC(=O)c1ccc(NC(=O)CC2CCCCN(C)C2=O)cc1,OADMET-0001424,4.98,,,,,,
CCOC(=O)c1ccc(NC(=O)Cn2cnc3ccccc32)cc1,,,0.847202364,2.716877733,0.631818494,1.264817823,,
CCOC(=O)c1ccc(OCC(=O)c2c[nH]c3ccccc23)cc1,,,,,-0.341226036,-0.161150909,,
CCOC(=O)c1ccc(S(=O)(=O)N2CCc3cc(C(=O)OC)ccc32)cc1,,,,,,-0.080921908,,
CCOC(=O)c1cccc(N)c1,OADMET-0002066,2.69,,,,,,
CCOC(=O)c1cccc(NC(=O)COc2ccc([N+](=O)[O-])cc2)c1,OADMET-0001955,4.57,,,,,,
CCOC(=O)c1cccc(Nc2c(C(=O)N3CCSCC3)cnc3nc(C)ccc23)c1,OADMET-0001365,4.8,,,,,,
CCOC(=O)c1cccc2nc(C=O)c([N+](=O)[O-])n12,OADMET-0001540,3.37,,,,,,
CCOC(=O)c1cccnc1-c1ccc2[nH]ccc2c1,,,1.936523795,2.842059159,-0.222648727,1.565847819,,
CCOC(=O)c1cccnc1-c1cccc2ccnn12,,,0.675686709,1.903442708,-0.163322864,1.660675788,,
CCOC(=O)c1cccnc1SCc1cccnc1,,,2.46652954,3.099884622,-0.189637188,,,
CCOC(=O)c1cnc(NC2C(=O)NCC2(CC)CC)s1,OADMET-0003310,5.64,,,,,,
CCOC(=O)c1csc(C2CCCN2C(=O)Nc2ccc(C(C)(C)C)cc2)n1,OADMET-0002827,5.91,,,,,,
CCOC(=O)c1oc2ccc(S(=O)(=O)N(C)Cc3c(C)noc3C)cc2c1C,OADMET-0003224,4.12,,,,,,
CCOC(=S)SCC(=O)Nc1nc(-c2ccc(C3CCCCC3)cc2)cs1,,,2.426057211,3.144022817,-0.640244847,0.338456494,,
CCOC(C)C(=O)N1CCC(n2c(=O)[nH]c3ccccc32)CC1,,,0.675686709,1.879800964,,1.810568529,,
CCOC(C)c1nc(-c2cn(C)nc2C)n(-c2ccc(C(C)C)cc2)n1,OADMET-0005336,4.75,,,,,,
CCOC(C)c1nc(C(NC(=O)OC(C)(C)C)c2ccccc2)no1,OADMET-0002606,5.33,,,,,,
CCOC(CS(=O)(=O)N1CCCN(c2ccc(F)c(F)c2)CC1)C1CC1,OADMET-0003419,5.68,,,,,,
CCOC(Cn1cc(-c2ccc(C)c(Cl)c2)nn1)OCC,OADMET-0002564,5.52,,,,,,
CCOC1(C)CCN(C(=O)N(C)Cc2ccccc2)CC1,OADMET-0005877,4.44,,,,,,
CCOC1CC(CC(=O)N2CCCCC2Cc2ccc(O)cc2)C1,OADMET-0005222,5.48,,,,,,
CCOC1CC(N(C)CC(=O)Nc2nccs2)C12CCCCC2,OADMET-0003208,5.13,,,,,,
CCOC1CC(NC(=O)c2ccnc(-n3cccn3)c2)C12CCCC2,OADMET-0005951,4.8,,,,,,
CCOC1CC(O)(CNC(=O)c2ccc(C)c(OC)c2)C1(C)C,OADMET-0005854,3.96,,,,,,
CCOC1CC(O)(CNC(=O)c2cnnn2-c2c(Cl)cccc2Cl)C1(C)C,OADMET-0004708,4.97,,,,,,
CCOC1CC(O)(CNc2nc(-c3cccnc3)nc3ccccc23)C1(C)C,OADMET-0004679,5.23,,,,,,
CCOC1CCN(C(=O)Cn2c(=O)[nH]c3ccccc32)CC1,,,0.675686709,1.305566314,1.226891433,1.675136504,,
CCOC1CCN(c2ccnc(C(=O)NCc3ccccc3)c2)CC1,,,1.261405627,2.591440833,-0.311652863,,,
CCOCC(=O)N1CCC(C(=O)N2CCCC(O)CC2)CC1,OADMET-0001199,2.53,,,,,,
CCOCC(=O)N1CCC2(CCc3ccccc3O2)CC1,,,1.011908613,2.912676313,-0.135734794,1.533263517,,
CCOCC(=O)NC1CCN(c2cnn(CC)c(=O)c2)CC1,OADMET-0001471,1.73,,,,,,
CCOCC(=O)NCc1cc(C2CC2)n(C2CCCC2)n1,,,1.340741475,2.421750312,-0.114810987,1.57818061,,
CCOCC(=O)Nc1cccc(CN2CCCC2)c1,,,1.177478783,2.700245823,0.363116742,,,
CCOCC1(c2nc(C(Oc3ccc(Br)cc3)C(C)C)no2)CC1,OADMET-0005017,5.14,,,,,,
CCOCCC(=O)N1CCC2(CCCN(C)CC2)CC1,,,0.675686709,1.485210191,0.465281188,,,
CCOCCC1(CN(Cc2cc[nH]n2)c2ncnc(C)c2F)CC1,OADMET-0004740,4.81,,,,,,
CCOCCCNC(=O)CN1C(=O)C(Oc2ccc(F)cc2)C12CCCCC2,OADMET-0001436,5.35,,,,,,
CCOCCCNC(=O)N1CCC(Cc2nnc(-c3ccccc3)[nH]2)CC1,OADMET-0001427,4.79,,,,,,
CCOCCCNC(=O)N1CCC(OC2CCN(Cc3ccccc3)CC2)CC1,OADMET-0001404,4.09,,,,,,
CCOCCNC(=O)c1cccc(-c2cc(F)ccc2OC)c1,,,2.115364175,2.913366617,-0.279460693,,,
CCOCc1ccc(NC(=O)c2ccc(C(F)(F)F)c(F)c2)cc1,OADMET-0002644,2.0,,,,,,
CCONC(=O)C(CC)n1nnc(-c2ccc(Cl)cc2)n1,OADMET-0005189,4.37,,,,,,
CCONC(=O)Cc1coc2c(C)c(C)ccc12,,,1.952898946,3.024431891,,1.534026106,,
CCONC(=O)c1cncn1-c1ccc(F)cc1,,,0.675686709,1.027920136,0.349871015,1.681693392,,
CCONC(=O)c1cnn(-c2cccc(Cl)c2)c1,,,1.542613828,2.649659971,,1.613101517,,
CCONC(=O)c1sc(C)nc1C,,,0.675686709,1.027920136,-0.10351373,1.462397998,,
CCOP(=O)(OCC)C(=Cc1cc(C(C)(C)C)c(O)c(C(C)(C)C)c1)P(=O)(OCC)OCC,OADMET-0002337,6.87,,,,,,
CCO[C@H]1CCN(C(=O)Cc2cc(-c3ccccc3)on2)C1,OADMET-0005267,4.24,,,,,,
CCO[C@H]1CN(C)C[C@@H]1NC(=O)c1cc(=O)cc(C)o1,OADMET-0000975,3.28,,,,,,
CCOc1c(CN(C)Cc2nc(C(N)=O)no2)cccc1OC,OADMET-0001284,3.35,,,,,,
CCOc1c(Cl)cc(C(=O)NC(C)c2noc(-c3ccccc3)n2)cc1OC,OADMET-0005986,4.63,,,,,,
CCOc1c2c(c(OCC)c3ccccc13)C(=O)N(c1ccc(CC(=O)NS(=O)(=O)c3ccccc3)cc1)C2,,,0.675686709,1.237895455,0.462650421,,,
CCOc1cc(-c2nnc(NC(=O)c3cccc(C(F)(F)F)c3)o2)cc(OCC)c1OCC,,,0.881384657,1.242429196,,,,
CCOc1cc(=O)c(C(=O)N2CCN(CC(C)C)CC2)nn1-c1ccc(C)cc1,OADMET-0001391,4.33,,,,,,
CCOc1cc(C)nc(N2CCN(C(=O)c3ccn(-c4ccccc4)n3)CC2)n1,OADMET-0005037,4.09,,,,,,
CCOc1cc(CC(=O)N[C@@H](CC(C)C)c2ccccc2N2CCCCC2)ccc1C(=O)O,,,1.581926914,2.339360001,1.457674686,,0.106870544,-0.063486258
CCOc1cc(CN2CCc3c(N)nc(N4CCCC4)nc3C2)ccc1OC,,,1.424669336,2.447449531,1.220981453,,,
CCOc1cc(CNc2ccc(N3CCOCC3)c(C(=O)O)c2)cc(Cl)c1OC,,,1.32407658,2.187043863,,1.356599436,,
CCOc1cc(N(C)CC2CCN(C)CC2)ncn1,,,1.303044784,2.748801035,0.191139745,,,
CCOc1cc(N2CCC(Cc3c[nH]cn3)CC2)nc(C)n1,OADMET-0005457,4.59,,,,,,
CCOc1cc(N2CCOC3(CCCC3)C2)ncn1,,,1.572999317,2.800129146,-0.237487215,,,
CCOc1cc(N2CCc3nc[nH]c3C2)ncn1,,,0.675686709,1.890856771,,,,
CCOc1cc(NC(=O)c2cc(C)cc3ccncc23)cc(OCC)c1,OADMET-0002556,5.6,,,,,,
CCOc1cc(NC2CCN(C(=O)C3CCc4cccnc43)CC2)ncn1,OADMET-0003323,2.69,,,,,,
CCOc1cc2c(cc1CCC(=O)N1CCC(Cc3ncncc3C(N)=O)CC1)CCC2,,,2.751297584,3.217347844,,1.876275589,,
CCOc1cc2ncc(C#N)c(Nc3ccc(OCc4ccccn4)c(Cl)c3)c2cc1NC(=O)/C=C/CN(C)C,OADMET-0003789,3.24,,,,,,
CCOc1cc2nn(CCC(C)(C)O)cc2cc1NC(=O)c1cccc(C(F)F)n1,,,0.675686709,1.027920136,1.040780099,0.550228353,0.099680641,0.268343914
CCOc1ccc(-c2cc(CCCC(=O)Nc3cc(C)cc(C)c3)no2)cc1,OADMET-0001481,4.41,,,,,,
CCOc1ccc(-c2ccccc2NC(=O)COC)cc1,,,2.59989944,3.62353676,-0.396946441,1.571242851,,
CCOc1ccc(-c2cn(CCC3CCCO3)nn2)cc1,OADMET-0005369,4.15,,,,,,
CCOc1ccc(-c2csc(N)n2)cc1,,,2.008761938,2.528736778,-0.24258264,0.8162413,,
CCOc1ccc(C(=O)Cn2c(=O)n(-c3ccc(F)cc3)c3nc(C)nc(C(N)=O)c32)cc1,,,,,-0.033308388,-0.408935393,,
CCOc1ccc(C(=O)N(C)CCc2ccc(O)c(OC)c2)cc1C,OADMET-0006057,4.48,,,,,,
CCOc1ccc(C(=O)Nc2cc(C(=O)OC)ccc2N2CCN(C(C)=O)CC2)cc1,,,1.337559088,2.646919084,0.763928856,0.382017043,,
CCOc1ccc(C(=O)Nc2ccccc2N2CCCC2)cc1,OADMET-0002035,4.95,,,,,,
CCOc1ccc(C(=O)Nc2cnn(C3CCOCC3)c2)cn1,,,0.675686709,2.025297671,0.147743474,1.600537294,,
CCOc1ccc(C(=O)O)cc1,OADMET-0002285,2.21,,,,,,
CCOc1ccc(C2CCCN2C(=O)c2cccn2C)cc1,OADMET-0004701,4.89,,,,,,
CCOc1ccc(CC(=O)N2CCC(CCOC)(NC(=O)Nc3cccc(C)c3)C2)cc1,OADMET-0001478,5.04,,,,,,
CCOc1ccc(CC(=O)N2CCC3(CC2)Nc2cc(C)ccc2-n2cccc23)cc1OCC,,,2.270932586,2.980428817,,,,
CCOc1ccc(CC(=O)NCCn2cccnc2=O)cc1,,,0.675686709,1.04351946,1.25635307,1.835817354,,
CCOc1ccc(CC2=NCCc3cc(OCC)c(OCC)cc32)cc1OCC,OADMET-0003689,3.95,,,,,,
CCOc1ccc(CN2C[C@@H]3C(=O)N(CCN4CCc5ccccc5C4)C(=O)[C@@H]3C2)cc1,OADMET-0001420,5.19,,,,,,
CCOc1ccc(CNC(=O)Cn2ccc3cc(S(=O)(=O)N4CCCC4)ccc32)cc1,,,2.626439946,3.322280298,1.074830752,,,
CCOc1ccc(CNC(=O)N2CCOC[C@@H]2CC(C)C)cc1F,OADMET-0005881,4.68,,,,,,
CCOc1ccc(CN[C@@H]2CCC[C@H]2Cc2cc(C)no2)cc1OC,,,1.789623012,3.34628039,0.40718693,,,
CCOc1ccc(NC(=O)c2ccc3c(c2)NC(=O)CO3)cc1,,,0.675686709,2.661793762,,,,
CCOc1ccc(NS(=O)(=O)c2ccc(C)cc2C)cc1OCC,OADMET-0003472,6.015000000000001,,,,,,
CCOc1ccc(Nc2nc(-c3c(C)nc4ccccn34)cs2)cc1,,,2.202093076,2.654183283,-0.871824053,1.653115993,,
CCOc1ccc(Nc2ncccc2C#N)cc1,,,1.99830294,2.503695373,,0.965201701,,
CCOc1ccc(OCC)c(S(=O)(=O)Nc2cc(Cl)ccc2OC)c1,OADMET-0003097,5.9,,,,,,
CCOc1ccc(OCCN2CCN(C(C)=O)CC2)cc1,,,0.675686709,1.242093984,-0.173383783,,,
CCOc1ccc(Oc2ccc(OCc3cc(F)ccc3F)cc2)c(N)c1,,,0.943791199,2.017667614,,,,
CCOc1ccc(S(=O)(=O)N(CC)CC(=O)Nc2ccc3c(c2)OCO3)cc1,,,,,-0.068920114,-0.356547324,,
CCOc1ccc(S(=O)(=O)Nc2c(C)cccc2CC)cc1OCC,OADMET-0003234,5.43,,,,,,
CCOc1ccc([C@@H]2C[C@H]2NC(=O)c2cnn3ccncc23)cc1,OADMET-0005385,4.57,,,,,,
CCOc1ccc2[nH]c(C(=O)N3CC[C@@](O)(CC(C)C)[C@@H](Oc4ccc(F)cc4)C3)c(C)c2c1,,,2.036780553,2.974696793,0.828753541,,,
CCOc1ccc2c(c1)cc(CN1CCSCC1)c1nn(C)c(=O)n12,,,1.944832928,2.780831967,,,,
CCOc1ccc2ccccc2c1OCC1(O)CCOCC1,OADMET-0005691,4.25,,,,,,
CCOc1ccc2nc(N3CCCC(C(=O)Nc4cccc(C(C)=O)c4)C3)sc2c1,OADMET-0001492,4.19,,,,,,
CCOc1ccc2nc3c(cc2c1)CN(CCOC)C(=O)O3,,,1.080626487,2.333197307,,,,
CCOc1ccc2ncc(C(=O)c3ccccc3)c(S(=O)(=O)c3ccc(C)cc3)c2c1,OADMET-0001485,5.78,,,,,,
CCOc1cccc(-c2cccc(N)n2)c1,,,2.374878432,2.745395707,-0.252563399,,,
CCOc1cccc(C(=O)Nc2ccc3c(c2)CCC(=O)N3C)c1,,,1.087035665,1.729375404,,0.960946196,,
CCOc1cccc(CC(=O)N2CCC(c3ccc(F)cn3)CC2)n1,OADMET-0005469,4.87,,,,,,
CCOc1cccc(CC(=O)NC2CCCOc3ccccc32)n1,OADMET-0002911,5.06,,,,,,
CCOc1cccc(CCC(=O)N2CCCNC(=O)[C@@H]2CC)c1,OADMET-0002910,5.035,,,,,,
CCOc1cccc(CNCCc2c[nH]c3ccccc23)c1,,,1.95800453,3.122647009,-0.201728237,1.863263364,,
CCOc1cccc(NC(=O)N2CCN(C3CC3)C(C(N)=O)C2)c1,OADMET-0005331,4.46,,,,,,
CCOc1cccc(NS(=O)(=O)c2ccnn2C2CCC2)n1,OADMET-0003521,4.79,,,,,,
CCOc1cccc(NS(C)(=O)=O)n1,,,0.675686709,1.027920136,-0.013547001,,,
CCOc1ccccc1C(=O)N1CCC(c2nc(-c3ccc(OC)cc3)c(C(N)=O)[nH]2)CC1,,,2.017467417,2.375154963,1.678142919,1.666517981,,
CCOc1ccccc1C(=O)NCCc1ccc(S(N)(=O)=O)cc1,OADMET-0002033,3.88,,,,,,
CCOc1ccccc1C(=O)Nc1ccc(Oc2ccccc2OC)nc1,OADMET-0001058,4.1,,,,,,
CCOc1ccccc1C(=O)O,OADMET-0002300,2.1,,,,,,
CCOc1ccccc1C(F)(F)C(=O)N1CCC(NC(=O)C2CC2)CC1,OADMET-0005945,5.26,,,,,,
CCOc1ccccc1CCC(=O)N1CCN(c2ccc(C(N)=O)cc2)CC1,OADMET-0003119,5.17,,,,,,
CCOc1ccccc1CN(C)S(=O)(=O)CC1CCCO1,OADMET-0005777,4.72,,,,,,
CCOc1ccccc1CNCCc1c[nH]c2ccccc12,,,2.104196802,3.335979142,0.524248505,1.597804842,,
CCOc1ccccc1N/C=C1\C(=O)Oc2ccccc2C1=O,,,,,,-0.180456064,,
CCOc1ccccc1NC(=O)C(=O)NCc1ccccc1F,,,,,,-0.468521083,,
CCOc1cccnc1N1CCN(c2nc(C)cc(C)n2)CC1,OADMET-0003078,5.28,,,,,,
CCOc1cccnc1S(=O)(=O)N1CCc2ccc(F)cc2C(C)C1,OADMET-0002818,5.74,,,,,,
CCOc1cccnc1S(=O)(=O)NCc1ccc(F)cc1C(F)(F)F,OADMET-0002817,5.3,,,,,,
CCOc1ccnc(NCCCc2nc3cc(F)ccc3[nH]2)n1,,,2.374271643,3.515722344,0.498019135,,,
CCOc1cn(-c2ccccc2)nc1C(=O)N1CCN(c2nc(C)cs2)CC1,OADMET-0005300,4.38,,,,,,
CCOc1cncc(NS(=O)(=O)c2cccc(N(C)C)c2)n1,OADMET-0002578,4.65,,,,,,
CCOc1nc(-c2ccc(Cl)c(Cl)c2)n(-c2cccc(NC(=O)c3ccc(F)cc3)c2)n1,,,,,0.425703345,-0.602059991,,
CCOc1nc(C)ccc1C(=O)N1CCCC1c1csc(C)n1,OADMET-0004830,4.67,,,,,,
CCOc1nccc(C)c1C(=O)N1CC[C@@H](Oc2ccccc2)C1,OADMET-0005561,4.59,,,,,,
CCOc1ncccc1-c1cc(Cl)ccc1O,,,1.77755006,2.815365197,-0.225338528,1.356025857,,
CCOc1ncccc1-c1nc(C)cc(NC)n1,,,0.675686709,1.41715603,-0.172673285,1.560504415,,
CCOc1ncccc1C(=O)Nc1cc(S(=O)(=O)Nc2cccc(Cl)c2)ccc1O,OADMET-0002981,5.97,,,,,,
CCOc1ncccc1C(=O)Nc1sccc1C#N,,,,,,0.053078443,,
CCS(=O)(=O)CC(=O)Nc1cc(C)ccc1C,,,0.675686709,1.027920136,,1.606596309,,
CCS(=O)(=O)Cc1ccn(-c2cccc(F)c2)n1,,,0.675686709,1.587542601,-0.199468216,1.691700208,,
CCS(=O)(=O)N(C)c1ccc(N(C)C)cc1,,,0.675686709,3.474097618,-0.237408633,,,
CCS(=O)(=O)N1CC(CC#N)(n2cc(-c3ncnc4[nH]ccc34)cn2)C1,,,0.675686709,1.28368559,2.305351369,,1.378597739,2.0
CCS(=O)(=O)N1CCC(C(=O)N(C)C2CCCCCCC2)CC1,,,2.1225599,2.932890102,0.195034772,1.710540448,,
CCS(=O)(=O)N1CCC(C(=O)N2CC(C)(C)C2C(C)C)CC1,OADMET-0003482,5.43,,,,,,
CCS(=O)(=O)N1CCC(NC(=O)C(C)(C)c2csc(-c3ccccc3F)n2)CC1,OADMET-0003039,5.42,,,,,,
CCS(=O)(=O)N1CCC(c2ccccc2)(c2nc(Cc3cnc(C4CC4)o3)no2)CC1,OADMET-0006083,4.66,,,,,,
CCS(=O)(=O)N1CCN(c2ccc(Nc3ncc(C(N)=O)c(NC4CC4)n3)cc2)CC1,,,0.988068203,1.559511632,1.595322614,,,
CCS(=O)(=O)NCC1CN(C(C)=O)CCO1,OADMET-0001106,2.45,,,,,,
CCS(=O)(=O)N[C@@H](Cc1ccccc1)C(=O)N1CCCOCCNC(=O)CC1,OADMET-0001442,3.69,,,,,,
CCS(=O)(=O)Nc1cc(OC)ccc1S(=O)(=O)N1CCCC(C)C1,OADMET-0003492,5.47,,,,,,
CCS(=O)(=O)Nc1ccc(Oc2ccc(F)cc2F)c(-c2cn(C)c(=O)c3[nH]ccc23)c1,,,0.675686709,1.17350677,1.709676559,1.227115083,,
CCS(=O)(=O)Nc1ccccc1C(=O)Nc1cc(C2CC2)n(C)n1,OADMET-0003488,5.37,,,,,,
CCS(=O)(=O)c1c[nH]c(=O)c(C(=O)NC2Cc3ccccc3C2)c1,OADMET-0005651,4.09,,,,,,
CCS(=O)(=O)c1ccc(N2CCC(Nc3ncnc4[nH]ccc34)CC2)cc1,OADMET-0002858,2.82,,,,,,
CCS(=O)(=O)c1cccc(CC(=O)N2CCCC2CSC)c1,OADMET-0005697,4.9,,,,,,
CCS(=O)(=O)c1ccccc1CC(=O)N(C)c1ccc(C)nn1,OADMET-0002594,4.175,,,,,,
CCSCCC(=O)NCCn1nc(C)c(CC)c1C,,,2.164974107,3.187317062,0.39658859,,,
CCSCc1nc(N)c2ccccc2n1,,,1.481471294,2.081602912,-0.166927023,1.4827307,,
CCSc1cccc(-c2cc(C(=O)N3CCCCC3)ccn2)c1,OADMET-0001180,4.77,,,,,,
CCSc1cccc(Cn2nnnc2N(C)CC2COCCO2)c1,OADMET-0005115,5.12,,,,,,
CCSc1ccccc1NC(=O)c1cscn1,OADMET-0001293,4.19,,,,,,
CCSc1nnc(-c2ccccc2NC(=O)c2csnn2)c(=O)[nH]1,OADMET-0001021,1.62,,,,,,
CCSc1nnc(SCc2cc(C=O)ccc2OC)s1,OADMET-0001693,4.52,,,,,,
CC[C@@H]1C(=O)N(C)c2cnc(-n3ccnc3-c3ccc(F)cc3)nc2N1c1ccn(C)n1,,,1.640898636,2.615611317,1.152409719,,,
CC[C@@H]1C(=O)NCCCN1CC(=O)Nc1ccccc1C(F)(F)F,OADMET-0005752,4.62,,,,,,
CC[C@@H]1C(=O)NCCCN1Cc1nc(-c2cccc(Cl)c2)no1,OADMET-0003242,5.21,,,,,,
CC[C@@H]1CN(c2ccc(C(=O)Nc3cn4cc(C)nc4cn3)c(F)c2)CCN1,,,,,0.379213695,,,
CC[C@@H]1[C@H](F)C(=O)N[C@@H]1COc1nccc2cc(C(N)=O)c(OC)cc12,,,1.543596268,2.338270185,1.790315225,1.729002709,,
CC[C@@]1(O)C(=O)OCc2c1cc1n(c2=O)Cc2cc3c(CN(C)C)c(O)ccc3nc2-1,OADMET-0003595,2.51,,,,,,
CC[C@H](C)[C@H](NCc1ccc(Br)c2cccnc12)C(=O)O,OADMET-0005253,4.51,,,,,,
CC[C@H](N)c1ccccc1,OADMET-0002058,2.13,,,,,,
CC[C@H](NC(=O)c1c(C)c(-c2ccccc2)nc2ccccc12)c1ccccc1,OADMET-0001951,5.95,,,,,,
CC[C@H]1C(=O)NCCCN1Cc1oc(-c2ccccc2)nc1C,OADMET-0002880,5.06,,,,,,
CC[C@]1(O)C[C@@H]2CN(CCc3c([nH]c4ccccc34)[C@@](C(=O)OC)(c3cc4c(cc3OC)N(C)[C@H]3[C@@](O)(C(=O)OC)[C@H](OC(C)=O)[C@]5(CC)C=CCN6CC[C@]43[C@@H]65)C2)C1,OADMET-0003716,5.64,,,,,,
CC[N+](C)(C)Cc1ccccc1Br,OADMET-0003659,2.89,,,,,,
CC[N+](CC)(CC)CCOc1cccc(OCC[N+](CC)(CC)CC)c1OCC[N+](CC)(CC)CC,OADMET-0003685,1.93,,,,,,
CC[P](CC)(CC)=[Au][S][C@@H]1O[C@H](COC(C)=O)[C@@H](OC(C)=O)[C@H](OC(C)=O)[C@H]1OC(C)=O,OADMET-0003727,2.54,,,,,,
CCc1[nH]nc(NC2CCC(C(=O)OC)CC2)c1C,,,2.718688487,2.471828379,-0.083099422,,,
CCc1[nH]nc(NC2CCN(C(C)C)CC2)c1C,,,0.675686709,2.211571695,1.136492655,,,
CCc1c(-c2ccccc2)[n+]([O-])c2c([n+]1[O-])CCCCC2,,,0.951677437,1.637209449,0.469465353,,,
CCc1c(-c2ccncc2)n[nH]c1NC(=O)c1ccnn1C1CCC1,OADMET-0003086,2.01,,,,,,
CCc1c(C(=O)N2CC[C@@](O)(CC(C)C)[C@@H](Oc3ccc(F)cc3)C2)[nH]c2ccc(C)cc12,,,2.014948742,3.111775834,0.618089766,,,
CCc1c(C(=O)NC2(CNC(=O)C3COC(C)C3)CCCC2)oc2ccccc12,OADMET-0003510,5.2,,,,,,
CCc1c(C(=O)NCCc2ccc(N3CCCCC3)cc2)[nH]c2ccc(Cl)cc12,,,1.607186857,2.684616489,-0.238843529,,,
CCc1c(C(=O)Nc2ccc3c(c2)N(C(N)=O)CC3)cnn1-c1ccccn1,OADMET-0005723,4.17,,,,,,
CCc1c(C)cccc1C(C(=O)NCC1CCOC1)N1CCC(CC(C)O)CC1,OADMET-0003209,4.95,,,,,,
CCc1c(C)nn(CCNC(=O)CCc2cnccn2)c1C,,,1.80988279,2.811035153,1.369653461,,,
CCc1c(N)cnn1-c1ccccc1C,,,0.909235003,2.217907504,-0.169532811,1.569841899,,
CCc1c(NC(=O)c2cocn2)cnn1-c1ccccc1Cl,OADMET-0005851,4.34,,,,,,
CCc1c(O)cc(O)c(C(=O)c2ccc(OCCN3CCOCC3)c(OC)c2)c1CC(=O)N(CCOC)CCOC,,,1.449447542,2.320447486,0.876701694,,,
CCc1c2c(nc3ccc(O)cc13)-c1cc3c(c(=O)n1C2)COC(=O)[C@]3(O)CC,OADMET-0003571,2.24,1.26131046,1.027920136,1.705643909,,,
CCc1c2c(nc3ccc(OC(=O)N4CCC(N5CCCCC5)CC4)cc13)-c1cc3c(c(=O)n1C2)COC(=O)[C@]3(O)CC,OADMET-0003686,1.76,1.10503305,1.027920136,1.294052457,,,
CCc1c[nH]c2ncnc(N3CC4(CCOCC(=O)N4)C3)c12,OADMET-0002839,1.74,,,,,,
CCc1c[nH]c2ncnc(N3CCC(CN4CCN(C)CC4)CC3)c12,,,0.675686709,,0.915580783,,1.728012707,
CCc1c[nH]c2ncnc(N3CCCC(n4cc(C)cn4)C3)c12,OADMET-0002650,1.75,,,,,,
CCc1c[nH]c2ncnc(N3CCN(C4CCS(=O)(=O)C4)CC3)c12,OADMET-0003193,1.76,,,,,,
CCc1c[nH]c2ncnc(N3CCc4c(CC(N)=O)cccc4C3)c12,OADMET-0003145,3.29,,,,,,
CCc1c[nH]c2ncnc(NCc3ccc(CO)c(F)c3)c12,OADMET-0003274,1.74,,,,,,
CCc1cc(-c2ccc(OC)c3nc(C)ccc23)nc(N2CCOCC2)n1,,,0.804684515,2.021474599,0.050426158,,,
CCc1cc(-c2ccc(OC)c3ncccc23)nc(N2CCOCC2)n1,,,1.455864635,1.979156696,-0.071566219,,,
CCc1cc(-c2ccnn2C)nc(N(C)C)n1,OADMET-0001357,3.38,,,,,,
CCc1cc(=O)[nH]c(SCCCCC2CCOCC2)n1,,,1.533606848,2.457488281,0.047558529,,,
CCc1cc(=O)[nH]c(SCCN2CCCCC2)n1,,,0.675686709,2.64412137,0.535559174,,,
CCc1cc(C(=O)NCCc2c(C)[nH]c3c(Cl)ccc(Cl)c23)cc(=O)[nH]1,OADMET-0004775,5.16,,,,,,
CCc1cc(CN(C)c2nccc(-c3ccc(C)nc3C)n2)on1,,,1.951230632,3.227190505,-0.172064451,1.561339941,,
CCc1cc(CNC(=O)NC2CCN(CC3CCCCC3)CC2)on1,,,0.675686709,1.905153405,1.425657377,,,
CCc1cc(CNC(=O)Nc2ccc(N3CCSCC3)cc2)on1,,,1.554755591,3.155026758,1.282203798,,,
CCc1cc(N(C)Cc2ccc(N)nc2)nc(C)n1,,,0.675686709,1.027920136,0.298174618,1.562887381,,
CCc1cc(N2CCC(NC(=O)c3cccc(C)c3F)CC2)ncn1,OADMET-0003355,2.96,,,,,,
CCc1cc(N2CCC(Nc3ncnc4c(C)cccc34)CC2)ncn1,OADMET-0002753,6.15,,,,,,
CCc1cc(N2CCOCC2)nc(C2CCN(C(=O)C3CC3)CC2)n1,,,1.064532861,2.44365094,0.677749696,,,
CCc1cc(NC(=O)Cc2c(C)nc3nc(SC)nn3c2C)[nH]n1,,,,,,1.199480915,,
CCc1cc(NC(=O)N2CC3(CCCC3)C2c2ccccc2)no1,OADMET-0003350,5.82,,,,,,
CCc1cc(NC(=O)N2CCN(CC(C)C)CC2)ccc1C,OADMET-0004415,4.17,,,,,,
CCc1cc(NC(=O)N2CCN(c3ncnc4sccc34)CC2)no1,OADMET-0003239,3.78,,,,,,
CCc1cc(NC(=O)NC2Cc3ccccc3N(C)C2=O)ccc1C,OADMET-0003301,5.42,,,,,,
CCc1cc(NC(=O)c2cnn(C)c2C(F)(F)F)ccc1F,OADMET-0005112,4.26,,,,,,
CCc1cc(NC(=O)c2coc3ccc(OC)cc23)n(C)n1,OADMET-0005922,4.26,,,,,,
CCc1cc(NCCCn2ccnc2)n2nccc2n1,OADMET-0001277,1.61,,,,,,
CCc1cc(NCc2cccc(OCCOC)c2)ncn1,,,0.967641564,2.169906505,-0.082586085,1.691258358,,
CCc1cc(NS(C)(=O)=O)n(C)n1,,,0.675686709,1.027920136,0.405509667,,,
CCc1cc(Nc2nc(C)nc3c2cnn3C)ccc1C,OADMET-0003963,5.17,,,,,,
CCc1cc(S(=O)(=O)N2CC(OCCO)C2)c(C)cc1OC,OADMET-0004750,3.92,,,,,,
CCc1cc2c(=O)[nH]c(-c3ccccn3)nc2s1,,,,,,1.689885759,,
CCc1cc2c(N(C)CCO)ncnc2s1,,,1.866860112,2.142730385,-0.170002224,1.611404638,,
CCc1cc2c(N3CCN(Cc4nccn4C)CC3)ncnc2s1,,,,,,1.82445127,,
CCc1cc2c(Nc3cnn(CC)c3)ncnc2s1,,,1.609871757,2.00858314,,1.633670406,,
CCc1cc2c(OCC(=O)N3CCCC3)ncnc2s1,,,1.411383978,2.775980878,,,,
CCc1cc2c(cc1N1CCC(N3CCOCC3)CC1)C(C)(C)c1[nH]c3cc(C#N)ccc3c1C2=O,,,1.553276046,1.249442961,1.073002787,1.068185862,,
CCc1ccc(-c2cc(C(=O)NCCCc3nnn[nH]3)[nH]n2)cc1,OADMET-0000942,2.26,,,,,,
CCc1ccc(-c2nccn2CC(=O)Nc2ccc(C)cc2F)nc1,,,1.513270884,2.795620753,-0.139668825,1.451325808,,
CCc1ccc(-c2nccn2Cc2c(C)nn(CC)c2C)o1,,,2.391108084,3.480109321,0.516232152,1.607776604,,
CCc1ccc(-c2nnc(SC3CCN(c4ccccc4)C3=O)[nH]2)cc1,OADMET-0005699,4.95,,,,,,
CCc1ccc(-c2noc(C(C)NS(=O)(=O)Cc3ccccc3)n2)cc1,OADMET-0005257,5.46,,,,,,
CCc1ccc(-n2nc(C3CC3)nc2C2CCC(C(=O)N(C)C)CC2)cc1,OADMET-0002690,5.27,,,,,,
CCc1ccc(C(=O)N(C)Cc2ncccc2C)[nH]1,OADMET-0001103,3.94,,,,,,
CCc1ccc(C(=O)N2CCN(S(=O)(=O)c3ccccc3OC(F)F)CC2)cc1,OADMET-0002587,5.02,,,,,,
CCc1ccc(C(=O)NC(C)c2c(C)nn(C)c2C)[nH]1,OADMET-0001319,3.69,,,,,,
CCc1ccc(C(C)NC(=O)CN2C(=O)Nc3ccccc3S2(=O)=O)cc1,OADMET-0002623,5.28,,,,,,
CCc1ccc(C(O)CNc2ncnc3[nH]ncc23)cc1,OADMET-0003394,1.74,,,,,,
CCc1ccc(C2CCCCN2C(=O)c2cc(C(F)F)ncn2)o1,OADMET-0002926,4.87,,,,,,
CCc1ccc(C2COCCN2C(=O)c2ccc(N3CCC(C)=N3)cc2)o1,OADMET-0004790,5.31,,,,,,
CCc1ccc(C2COCCN2S(=O)(=O)c2ccc3c(c2)C(C)(C)C(=O)N3)o1,OADMET-0006023,4.98,,,,,,
CCc1ccc(CC)c(C(=O)CSc2nncs2)c1,,,2.341284128,3.189669385,-0.3254201,,,
CCc1ccc(CCOc2ccc(CC3SC(=O)NC3=O)cc2)nc1,OADMET-0003734,4.67,,,,,,
CCc1ccc(CN(C)Cc2ccc(CN3CCCCC3)s2)nc1,OADMET-0001355,3.78,,,,,,
CCc1ccc(CNc2nncs2)o1,,,0.890309217,1.670811552,-0.176716425,,,
CCc1ccc(NC(=O)C2CCN(c3ccc4nncn4n3)CC2)cc1,,,0.686546899,1.539414867,1.132459745,0.06069784,,
CCc1ccc(NC(=O)CN2CC(=O)N(C)c3ccccc3C2)cc1,OADMET-0004804,4.67,,,,,,
CCc1ccc(NC(=O)N2CC(COC)(C3CCC3)C2)cc1F,OADMET-0003431,5.7,,,,,,
CCc1ccc(NC(=O)NCCCc2cccc(C(F)(F)F)c2)cc1S(N)(=O)=O,OADMET-0002683,6.07,,,,,,
CCc1ccc(NCc2nc(C)c(C)s2)cc1S(N)(=O)=O,OADMET-0003060,5.45,,,,,,
CCc1ccc(OCC(=O)NS(=O)(=O)c2csc(-c3ccccc3)n2)c(OC)c1,OADMET-0005197,4.44,,,,,,
CCc1ccc(S(=O)(=O)N2CCCc3cnn(C)c32)cc1,OADMET-0003378,5.51,,,,,,
CCc1ccc(S(=O)(=O)NCc2ccnc(N3CCCC3)n2)cc1,,,2.49343156,3.31341266,-0.050001327,1.830396176,,
CCc1ccc([N+](=O)[O-])cc1S(=O)(=O)Nc1ccc(-c2noc(C(F)(F)F)n2)cc1,OADMET-0002570,5.14,,,,,,
CCc1ccc2c(c1)CCN2S(=O)(=O)c1ccccc1S(N)(=O)=O,OADMET-0002953,5.25,,,,,,
CCc1ccc2nc(C)cc(C(=O)N3CC(c4cccnc4)C3)c2c1,,,2.156424963,2.81682505,1.050448301,1.594171479,,
CCc1cccc(C)c1NC(=O)c1ccc(C)o1,,,0.675686709,2.234919503,-0.179796655,,,
CCc1cccc(C)c1NS(=O)(=O)c1ccc(C)c(C(=O)OC)c1,OADMET-0003298,5.85,,,,,,
CCc1cccc(C)c1NS(=O)(=O)c1cn(C(C)C)cn1,OADMET-0003512,5.89,,,,,,
CCc1cccc(CC)c1NC(=O)C(C)n1cc(CN2CCCC3(CC3)S2(=O)=O)nn1,OADMET-0005169,4.87,,,,,,
CCc1cccc(NC(=O)COC(=O)c2cnc(C)cn2)c1,,,,,,1.748962861,,
CCc1cccc(S(=O)(=O)NC2CCCN(CC(F)(F)F)C2=O)c1,OADMET-0005050,5.22,,,,,,
CCc1cccc(S(=O)(=O)NCCc2nc(C)cc(C)n2)c1,OADMET-0002738,5.34,,,,,,
CCc1cccc2ccc(C(=O)NCC34CCCC(C3)C(=O)N4)nc12,OADMET-0005095,5.47,,,,,,
CCc1ccccc1-c1cn(CCc2cnccn2)nn1,,,1.393329472,2.461999462,-0.106077702,1.441695136,,
CCc1ccccc1-n1cc(C(=O)NC(C)c2nn(C)cc2O)nn1,OADMET-0005608,4.53,,,,,,
CCc1ccccc1NC(=O)CCn1ccnc1-c1ccc2c(c1)OCO2,,,2.100329182,2.949836759,1.344515239,1.623662707,,
CCc1ccccc1NC(=O)Cn1nc(C)cc1C,,,1.401934464,1.977476673,-0.145285064,1.645618738,,
CCc1ccccc1NC(=O)c1cc(C)nc2onc(C)c12,,,1.71393553,1.724873637,-0.17421145,1.123851641,,
CCc1ccccc1S(=O)(=O)NCC(=O)NC(C)c1ccccn1,OADMET-0004868,4.71,,,,,,
CCc1ccccc1S(=O)(=O)NCCc1cn[nH]c1,,,1.541891125,2.726353865,0.423722702,,,
CCc1cccnc1C(=O)NCc1cc2ccccc2n(C)c1=O,OADMET-0003104,5.46,,,,,,
CCc1ccnc(C(=O)N[C@H]2CCCO[C@@H]2c2nccn2CC)c1,OADMET-0004694,4.76,,,,,,
CCc1cn[nH]c1C1CCN(C(=O)c2c(-c3ccccc3)noc2C)CC1,OADMET-0001336,4.96,,,,,,
CCc1cnc(C)nc1-c1ccc(-c2ccn[nH]2)cc1,,,0.675686709,1.875188638,-0.070332162,1.316808752,,
CCc1cnc(CCNc2cncc(Cl)n2)s1,,,2.263505879,2.932178385,,1.68115075,,
CCc1cnc(CN2C(=O)NC3(CCC3)C2=O)o1,,,0.675686709,1.715351413,0.560077673,1.510142699,,
CCc1cnc(CNC(=O)N2CCC(n3cncn3)CC2)s1,,,0.675686709,1.027920136,1.392465549,1.694078462,,
CCc1cnc(CNS(=O)(=O)c2cnn(-c3ccccc3)c2)s1,OADMET-0005756,4.54,,,,,,
CCc1cnc(N(Cc2ccn(C)n2)CC2CCCC(C)(C)O2)nc1,OADMET-0002850,5.35,,,,,,
CCc1cnc(NC(=O)N2CCc3cc(OC)c(OC)cc3C2)s1,OADMET-0003151,5.63,,,,,,
CCc1cnc(NC(=O)c2cc(C(F)(F)F)c[nH]c2=O)s1,OADMET-0004263,4.98,,,,,,
CCc1cnc(NCc2ccc(CN3CCCC3)cc2)nc1,,,0.675686709,2.464419494,0.025132666,1.50242712,,
CCc1cnccc1C(=O)Nc1cnccn1,,,0.675686709,1.234871459,-0.115419761,,,
CCc1csc(CCNC(=O)c2cc(C)c(C)c(S(N)(=O)=O)c2)n1,OADMET-0001213,4.36,,,,,,
CCc1csc(CNC(=O)C2(c3ccc(S(C)(=O)=O)cc3)CCCCC2)n1,OADMET-0001337,4.99,,,,,,
CCc1csc(CNC(=O)c2cc3ncccn3n2)n1,OADMET-0001170,3.24,,,,,,
CCc1csc(NC(=O)c2ccc3c(c2)nc(C)n3C)n1,,,1.530212509,2.031832452,,1.599664779,,
CCc1n[nH]c(-c2ccccc2NC(=O)c2ccc(NC(C)=O)c(F)c2)n1,OADMET-0004305,5.19,,,,,,
CCc1n[nH]c2ncnc(N3CC4(C3)SCCC4C(=O)OC)c12,OADMET-0002875,1.99,,,,,,
CCc1nc(C#N)cc(Oc2ccc3c(c2)CN(C)C3=O)n1,OADMET-0003393,1.97,,,,,,
CCc1nc(C(C)NC(=O)Nc2cccc3c2OC(C)(C)C3)n[nH]1,OADMET-0004969,4.97,,,,,,
CCc1nc(C(N)=O)c(Nc2ccc(N3CCC(N4CCN(C)CC4)CC3)c(OC)c2)nc1NC1CCOCC1,OADMET-0003730,5.74,1.176178109,1.168025809,2.125245919,1.560265398,,
CCc1nc(C)c(C(=O)NC2COc3c(cccc3OC)C2)o1,OADMET-0001095,3.87,,,,,,
CCc1nc(C)c(Cn2ccnc2-c2cnc(N3CCCC3)nc2)s1,,,1.504076488,2.738503885,0.628548874,1.544688022,,
CCc1nc(C)cc(N2CCCC3(CCNCC3)CC2)n1,,,0.675686709,1.027920136,1.511064263,,,
CCc1nc(C)cn2nc(-c3cc(=O)n4cc(C5CCN(C)CC5)cc(C)c4n3)cc12,,,0.675686709,1.409628842,0.559004282,1.247359422,0.868232868,0.593618308
CCc1nc(CC)n(Cc2nc(C)cs2)n1,,,0.675686709,1.600286626,-0.098623098,1.554731377,,
CCc1nc(CC2CN(C(=O)CN3C(=O)OC(C)(C)C3=O)CCO2)no1,OADMET-0000940,3.09,,,,,,
CCc1nc(CN(C)C(=O)NCc2nc(C(=O)NC)no2)no1,OADMET-0000943,2.61,,,,,,
CCc1nc(CN2C(=O)COc3ccc(F)cc32)cs1,,,1.813694384,3.096984358,-0.162685448,1.320354033,,
CCc1nc(CN2CCC(=O)Nc3cc(F)ccc32)n[nH]1,,,0.675686709,1.207795885,1.167842791,,,
CCc1nc(CN2CCC(n3nc(C)cc3C)C2)no1,OADMET-0001313,3.53,,,,,,
CCc1nc(CN2CCOC(c3ccc4cc(OC)ccc4c3)C2)no1,OADMET-0001195,3.78,,,,,,
CCc1nc(CNC(=O)c2ccc3nnnn3c2)cs1,OADMET-0001225,3.52,,,,,,
CCc1nc(CNc2ccc(C#N)nc2)cs1,,,0.675686709,2.035977764,-0.254673384,,,
CCc1nc(COc2ccccc2Br)no1,,,,,,1.341236623,,
CCc1nc(CS(=O)(=O)CC(=O)Nc2ccc3c(c2)CCC3)cs1,OADMET-0005499,5.17,,,,,,
CCc1nc(N)nc(N)c1-c1ccc(Cl)cc1,OADMET-0003627,2.95,,,,,,
CCc1nc(N2CC(CO)C2)c2ccsc2n1,,,1.030963842,1.698917886,0.124744623,,,
CCc1nc(N2CCN(c3ccccn3)CC2)sc1C(=O)OC,OADMET-0005863,4.69,,,,,,
CCc1nc(NC(=O)NC(CO)CC(O)c2ccccc2)sc1C(C)(C)C,OADMET-0002800,5.09,,,,,,
CCc1nc(NC(=O)c2ccccc2F)sc1C,,,1.414455226,2.164834477,-0.634244895,1.361916619,,
CCc1nc(S(=O)(=O)N(CC#N)c2ccc(F)cc2C)cn1CC1CC1,OADMET-0003130,5.56,,,,,,
CCc1nc2c(C(=O)N3CCOc4c(C)cc(C)cc43)ccnc2[nH]1,OADMET-0005202,4.47,,,,,,
CCc1nc2c(C)cc(N3CCN(CC(=O)N4CC(O)C4)CC3)cn2c1N(C)c1nc(-c2ccc(F)cc2)c(C#N)s1,,,2.032792967,2.746011108,1.990864514,1.780317312,-0.204728421,-0.434152181
CCc1nc2cc(-c3c(OC)cccc3OC)ccc2o1,,,1.695253962,3.575702918,-0.337017946,1.279210513,,
CCc1nc2cc(NC(=O)C3CCC3)ccc2n1CC,OADMET-0001181,4.56,,,,,,
CCc1nc2ccc(C(=O)N3CCN(c4cc(C)ccc4C)CC3)cc2nc1CC,OADMET-0001964,4.71,,,,,,
CCc1nc2ccc(C(=O)NCc3ccccc3)cc2nc1CC,,,2.005386453,2.974492349,,0.33243846,,
CCc1nc2ccc(C(=O)O)cc2nc1CC,OADMET-0002244,2.05,,,,,,
CCc1nc2ccc(Cl)cn2c1C(=O)NC(C)C1(OC)CCC1,OADMET-0003205,5.14,,,,,,
CCc1nc2ccccc2n1CC(=O)N1CCNC(=O)C1,,,0.675686709,1.027920136,0.586423039,1.704150517,,
CCc1nc2ccccc2n1CC(=O)Nc1cnc2ccccc2c1,,,1.328909405,2.274342616,,,,
CCc1nc2ccccc2n1CC(=O)Nc1ncc(C)s1,,,0.931152639,2.541104755,1.467681102,1.691965103,,
CCc1ncc(Br)cc1C(=O)Nc1cc(C(C)(C)F)on1,OADMET-0003829,4.49,,,,,,
CCc1ncc2c(n1)CN(c1ccnc(-c3ccccc3)n1)CC2,,,1.557338745,2.413735517,-0.313987742,1.542576476,,
CCc1nccn1CCCNC(=O)c1ccc(-c2cncc(C(=O)O)n2)cc1,OADMET-0000998,2.57,,,,,,
CCc1nccn1Cc1nc(N)nc(N(C)C)n1,,,0.675686709,1.239149265,1.266501095,,,
CCc1ncnc(N(C)Cc2ccc(N)nc2)c1F,,,0.675686709,1.645648201,-0.197245538,1.542825427,,
CCc1ncnc(NC(c2ccc(OC)cc2)c2nccn2C)c1F,OADMET-0003100,4.99,,,,,,
CCc1nn(C)c(C(=O)NCc2ccc(C(C)(C)C)cc2)c1Cl,OADMET-0001917,4.16,,,,,,
CCc1nn(C)c(C(=O)O)c1Cl,OADMET-0002245,2.64,,,,,,
CCc1nn(C)c(CC)c1CN1CCCC1c1cccnc1,OADMET-0005600,4.73,,,,,,
CCc1nn(C)cc1C(=O)NCc1csc(-c2ccco2)n1,OADMET-0002924,3.78,,,,,,
CCc1nn(C)cc1NC(=O)C1CCN(c2ccccc2Cl)C1,OADMET-0005968,3.85,,,,,,
CCc1nn(CCCN2CCN(c3cccc(Cl)c3)CC2)c(=O)n1CCOc1ccccc1,OADMET-0003546,4.34,,,,,,
CCc1nn(Cc2cccc3c2CCOC3)c(=O)c(C#N)c1CC,OADMET-0006063,5.44,,,,,,
CCc1nn(Cc2coc(-c3cccc(OC)c3)n2)c(=O)c(C#N)c1CC,OADMET-0003834,5.26,,,,,,
CCc1nnc(CN(C)Cc2nccn2C2CC2)o1,OADMET-0001084,3.46,,,,,,
CCc1nnc(CN(CC)C(=O)CC2CCOC2)o1,OADMET-0001229,3.49,,,,,,
CCc1nnc(CN(CC)C(=O)Nc2ccc(Cc3nnc(C)[nH]3)cc2)o1,OADMET-0001202,2.49,,,,,,
CCc1nnc(CN2CCC(n3c(=O)[nH]c4ccccc43)CC2)o1,,,0.675686709,1.51913204,,1.640978057,,
CCc1nnc(CN2C[C@H](C)CC[C@H]2c2cccc(C)c2)o1,OADMET-0005118,4.36,,,,,,
CCc1nnc(CNC(=O)Nc2cc3c(cc2OC)n(C)c(=O)n3C)s1,OADMET-0001352,2.61,,,,,,
CCc1nnc(CNC(=O)Nc2cccc(NS(=O)(=O)N(C)C)c2)s1,OADMET-0000970,4.25,,,,,,
CCc1nnc(N2CC(N(C)C)C2)c(C#N)c1CC,,,0.961468555,2.113451988,-0.074031476,,,
CCc1nnc(N2CCC(C3(NC(=O)CNC(=O)OC)CC3)CC2)nc1CC,OADMET-0004822,3.92,,,,,,
CCc1nnc(N2CCCO2)c(C#N)c1CC,,,1.220787776,2.166868036,-0.127354494,,,
CCc1nnc(NC(=O)C(C)C(C)NC(=O)c2ccc3sccc3c2)s1,OADMET-0004899,4.73,,,,,,
CCc1nnc(NC(=O)Cc2c(C)noc2C)s1,,,0.675686709,1.027920136,1.108457557,1.649237472,,
CCc1nnc(NC(=O)Cc2cccc(F)c2)s1,,,0.870462432,1.882649742,-0.040046006,1.086359831,,
CCc1nnc(NC(=O)c2ccc3cc(OC)ccc3n2)s1,,,1.554864538,2.021900133,-0.605521883,0.620136055,,
CCc1nnc(Nc2cc(C)nc(C3CN(C(=O)C(C)C)CCO3)c2)s1,,,1.137607271,2.117218249,1.606833572,,,
CCc1nnc(Nc2cccc(C3CCCN(CC(=O)N4CCCC4)C3)n2)s1,,,1.687493289,2.268868029,1.544254113,1.728150793,,
CCc1nnc(Oc2cccnc2)c(C#N)c1CC,,,0.693902741,1.333507729,-0.107510911,1.484869033,,
CCc1nnc(Sc2nc3cc(C)nn3c3ccccc23)[nH]1,,,1.136530324,2.142401982,0.081861329,,,
CCc1nnc2c3ccccc3nc(Nc3ccc(OC)cc3)n12,,,,,-1.034437331,-0.853871964,,
CCc1nnc2ccc(NC3CCc4cc(Cl)ccc43)nn12,OADMET-0004973,5.21,,,,,,
CCc1nnc2n1CCN(C(=O)c1ccccc1Oc1cccnc1)C2,,,0.684037037,1.873518228,1.788616162,1.637289548,,
CCc1nnnn1-c1ccccc1NC(=O)c1ccc2c(C)nn(-c3ccccc3)c2n1,OADMET-0003133,6.22,,,,,,
CCc1nnnn1Cc1noc2c1CCCC2,,,0.675686709,1.782852287,-0.101019422,1.366236124,,
CCc1nnsc1C(=O)Nc1cccc(-c2nnc3n2CCCCC3)c1,,,1.174699288,2.1507902,1.67383843,1.508529719,,
CCc1noc(-c2ccc(C)c(N)c2)n1,,,2.319774171,2.292397859,,,,
CCc1noc(-c2ccc(CCN)cc2)n1,,,2.595662633,1.736579744,-0.31959347,1.644241586,,
CCc1noc(C(C)NC(=O)c2cnc(N)nc2-c2ccccc2)n1,OADMET-0001224,3.76,,,,,,
CCc1noc(C)c1C(=O)N1CCC(N2CCSCC2)CC1,OADMET-0001305,3.17,,,,,,
CCc1noc(C)c1CN1C(=O)c2ccccc2C(C)C1=O,OADMET-0002786,6.14,,,,,,
CCc1noc(C)c1NC(=O)N1CCC(c2cc(C)ccc2C)CC1,OADMET-0005273,4.13,,,,,,
CCc1noc(C2CCC(NCC3CCC(F)(F)CC3)CC2)n1,,,1.735774498,2.379492251,0.473527956,1.880470593,,
CCc1noc(CN(CC)C(=O)Nc2cccc(NS(C)(=O)=O)c2)n1,OADMET-0000981,3.99,,,,,,
CCc1noc(CN(CC)C(=O)c2ccc(-c3cc(C)n[nH]c3=O)cc2)n1,OADMET-0001062,3.3,,,,,,
CCc1noc(CN2CCCN(C(C)=O)c3ccccc32)n1,,,1.707289071,2.931718674,0.098776106,1.743823222,,
CCc1noc(COc2c(C)ccnc2Cl)n1,,,,,,1.366982976,,
CCc1noc(NC(=O)N2CCCc3ccccc3CC2)n1,OADMET-0005690,4.7,,,,,,
CCc1nocc1CN(C)C(=O)c1ccc2[nH]c3c(c2c1)CCCC3,OADMET-0004995,5.34,,,,,,
CCc1nocc1Cn1cc(-c2ccccc2OC)nn1,OADMET-0006008,4.81,,,,,,
CCc1nsc(N2CCS(=O)(=O)CC2)n1,,,0.675686709,1.027920136,,,,
CCc1oc(C(=O)NCc2nc(-c3cnccn3)n[nH]2)cc1CN1CCCC1,OADMET-0001007,1.63,,,,,,
CCc1oc2c(-n3cnnc3)cccc2c1C,,,2.046417117,2.229033884,-0.231156947,1.354108439,,
CCc1oc2ccccc2c1C(=O)c1cc(I)c(O)c(I)c1,OADMET-0003787,4.06,,,,,,
CCc1ocnc1C(=O)N1CCN(C(=O)COC)[C@@H]2CS(=O)(=O)C[C@@H]21,OADMET-0001244,2.8,,,,,,
CCc1ocnc1C(=O)NC1CCN(c2cc(=O)[nH]c(N)n2)CC1,OADMET-0001107,2.23,,,,,,
CCc1sc(N)nc1-c1ccc(OC)cc1,,,2.266417514,2.691289302,-0.24966405,,,
CCn1c(-c2cc(C)oc2C)nnc1N(C)CCCSC,OADMET-0006010,5.28,,,,,,
CCn1c(-c2cc3c(s2)CCC(C)C3)nnc1N1CCCN(C(C)=O)CC1,OADMET-0002978,5.11,,,,,,
CCn1c(-c2n[nH]c(=O)c3ccccc23)nnc1N1Cc2ccccc2C(c2ccccc2)C1,OADMET-0003520,5.49,,,,,,
CCn1c(-c2nonc2N)nc2cnc(Oc3cccc(NC(=O)c4ccc(OCCN5CCOCC5)cc4)c3)cc21,,,2.004110625,2.365560985,0.891865247,,-0.449771647,-0.325138859
CCn1c(=O)[nH]c(=O)c2c(C(=O)Nc3cc(-c4ccco4)nn3C)cc(C3CC3)nc21,OADMET-0006015,4.51,,,,,,
CCn1c(=O)c(N2CCN(c3cc(C)ccn3)CC2)nc2ccccc21,OADMET-0003969,5.04,,,,,,
CCn1c(=O)c(NCc2nnc3ccc(C)cn23)nc2ccccc21,OADMET-0005467,5.22,,,,,,
CCn1c(=O)c2c(nc3n2CCN3c2cc(C)cc(C)c2)n(C)c1=O,,,,,,-0.301029996,,
CCn1c(=O)c2cc(OC)c(OC)cc2n(Cc2ccc(Cl)cc2)c1=O,,,,,,-0.397940009,,
CCn1c(=O)n(CC)c2cc(N)ccc21,,,0.675686709,1.300921408,-0.089289029,1.574031268,,
CCn1c(=O)oc2cc(NC(=O)c3ccc(C(C)(C)C)cc3)ccc21,,,,,-0.468793021,,0.21005085,0.180412633
CCn1c(C(=O)N(C2CC2)C2CC2)cc2c3c(ncn3C)c(Nc3cc(C)n(C)n3)nc21,,,1.05219358,1.303951634,1.321795214,,,
CCn1c(C)nc2cc(NC(=O)c3ccc(=O)n(CC(=O)N4CCCCC4)c3)ccc21,,,0.675686709,1.739065768,0.610390196,1.894316063,,
CCn1c(C2CCCN2C(=O)c2cnn(C(C)C)c2)nc2ccccc21,OADMET-0005802,4.53,,,,,,
CCn1c(C2CCCN2c2cc(C)nc(OC)n2)nc2ccccc21,OADMET-0003220,5.01,,,,,,
CCn1c(CN2CCCCCC2)nc2ccccc2c1=O,,,1.409696478,3.350809136,-0.250872304,,,
CCn1c(CO)nn(-c2cc(O[C@@H](C)C(F)(F)F)c(C(=O)Nc3c(F)cccc3Cl)cc2F)c1=O,,,0.857242009,2.243926822,1.797731012,1.82672252,0.975753389,0.876910311
CCn1c(COC(=O)c2ccc(C)s2)nc2cc(S(=O)(=O)N3CCCCC3)ccc21,,,2.547455942,2.886557838,,0.017033339,,
CCn1c(NC(=O)c2cc(C)nn2C2CCOCC2)nc2cc(C#N)ccc21,OADMET-0002734,1.81,,,,,,
CCn1c(SC)nnc1C1CCN(C)CC1,,,0.675686709,1.027920136,0.872226914,1.615107987,,
CCn1c(SCC(=O)N(C)C2CCCCC2)nc2ccccc2c1=O,OADMET-0002576,5.38,,,,,,
CCn1c2ccccc2c2cc(N)ccc21,OADMET-0002083,4.28,,,,,,
CCn1c2ccccc2c2cc(NC(=O)c3cccc([N+](=O)[O-])c3)ccc21,OADMET-0001899,4.95,,,,,,
CCn1cc(-c2ccc(C(=O)NCCCc3cccc(OC)c3)cc2)cn1,OADMET-0000990,4.39,,,,,,
CCn1cc(-c2cn([C@@H](C)c3ccccc3Cl)nn2)cn1,OADMET-0002856,5.545,,,,,,
CCn1cc(-c2nc(-c3ccc(N4CCCCC4)nc3)no2)cn1,OADMET-0002682,2.42,,,,,,
CCn1cc(C(=O)N2CCCC(N(CCCN3CCCC3)C(=O)C(C)C)C2)cn1,OADMET-0001473,2.52,,,,,,
CCn1cc(C(=O)O)c(=O)c2c(N)c(F)c(NC3CCCCC3)cc21,,,0.940516485,2.048927103,,,0.427486109,0.426673888
CCn1cc(C2CCN(Cc3ccc(C#N)cc3)CC2)cn1,,,1.087000121,2.27343882,-0.347026615,1.632963168,,
CCn1cc(C2CSCCN2C(=O)C2CCC(C(F)(F)F)CC2)cn1,OADMET-0004932,5.49,,,,,,
CCn1cc(CN2CCC(c3nc(N(C)C)ncc3-c3ccc(OC)cc3)CC2)c(C)n1,,,2.197947343,2.675280542,1.124374909,1.73239376,,
CCn1cc(CN2CCN(C(=O)c3ccc4[nH]ccc4c3)CC2)ccc1=O,OADMET-0001438,1.67,,,,,,
CCn1cc(CNC(=O)c2cccc(S(=O)(=O)N(C)CCO)c2)cn1,OADMET-0001220,3.16,,,,,,
CCn1cc(CS(=O)(=O)Cc2nc3c(s2)CC(C)(C)CC3)nn1,OADMET-0005408,5.82,,,,,,
CCn1cc(NC(=O)Cc2ccc(C)c(Cl)c2)c(C(N)=O)n1,OADMET-0004894,4.73,,,,,,
CCn1cc(NC(=O)c2ccccc2C)cn1,,,0.856184927,1.027920136,-0.22665398,1.507451061,,
CCn1cc(S(=O)(=O)N2CCc3c(Cl)cc(F)cc3C2)nc1C,OADMET-0002732,5.66,,,,,,
CCn1cc(S(=O)(=O)NC[C@@]23CCC[C@H]2N(CCOC)C(=O)CC3)cn1,OADMET-0001410,4.8,,,,,,
CCn1cc(S(=O)(=O)N[C@@H]2CCOC[C@H]2OCc2cscn2)cn1,OADMET-0001091,4.1,,,,,,
CCn1ccc(C(=O)Nc2cccc3c2OC(C)(C)CC3O)c1C,OADMET-0002904,5.44,,,,,,
CCn1ccc(CN(CC2(c3ccccc3)CCOCC2)c2nc(C)ns2)n1,OADMET-0002851,4.97,,,,,,
CCn1ccc(NC(C)C(=O)Nc2ccccc2Cc2ccccc2)n1,OADMET-0002774,5.07,,,,,,
CCn1ccc2cc(C(=O)N3CCN(c4ccc(C)cc4)C(=O)C3)ccc21,,,1.079904468,2.415362368,0.393428153,1.660201201,,
CCn1cccc(NC(=O)N2CCC2c2ccc(Cl)cc2)c1=O,OADMET-0005705,4.52,,,,,,
CCn1cccc(NC(=O)N2CCCC(C(C)C)CC2)c1=O,OADMET-0002998,5.28,,,,,,
CCn1ccnc1-c1cn([C@@H]2c3cc(OC)ccc3CC[C@H]2O)nn1,OADMET-0004746,5.04,,,,,,
CCn1ccnc1C1CCCCN1C(=O)c1ccc2[nH]c(C)c(C)c2c1,OADMET-0003397,6.470000000000001,,,,,,
CCn1ccnc1[C@H]1OCCC[C@@H]1NC(=O)c1ccc(Br)o1,OADMET-0006060,4.87,,,,,,
CCn1cnc2c1CCN(C(=O)Nc1cnc(-c3ccccc3)nc1)C2,OADMET-0005356,4.72,,,,,,
CCn1cnnc1C1CCCN(c2ncnc3sc(-c4ccccc4)cc23)C1,,,,,,1.540954809,,
CCn1cnnc1CCNC(=O)c1ccc(CN2CCCC2)o1,OADMET-0001169,3.01,,,,,,
CCn1cnnc1CCNC(=O)c1cnc2c(c1)nc(N)n2CC,OADMET-0000930,2.76,,,,,,
CCn1cnnc1CN(C)C1CCN(c2ccccc2F)CC1,,,0.675686709,2.531992103,0.427548157,,,
CCn1nc(C(=O)O)c(=O)c2cc3c(cc21)OCO3,OADMET-0003628,2.54,,,,,,
CCn1nc(C)c(CN2CCC(N(CCCN3CCCC3)C(=O)C(C)C)C2)c1C,OADMET-0001466,3.16,,,,,,
CCn1nc(C)c(CN2CCc3c(c(CCC(=O)N4CCCC4)nn3C)C2)c1C,OADMET-0001474,2.86,,,,,,
CCn1nc(C2CCCC2)nc1-c1ccncc1,,,1.39054654,2.567680258,-0.144800496,1.431363764,,
CCn1nc(CNC(=O)C2CCOCC2)c2ccccc21,,,0.675686709,2.051025111,0.451315881,,,
CCn1nc(CNC(=O)c2nc(C)c[nH]2)c2ccccc21,,,1.049334336,2.372549326,0.729599391,,,
CCn1nc(Cc2ccc(OC)cc2)nc1Cc1sc(C)nc1C,,,1.330170175,2.366940067,0.324777979,1.458335626,,
CCn1nc(NC(=O)N(CC2CCCCC2)C2CC2)cc1C1CC1,OADMET-0002949,4.97,,,,,,
CCn1ncc(-c2cc(C(F)F)nc(NCCCOC)n2)c1C,,,1.639685661,2.614855049,-0.279753048,1.650307523,,
CCn1ncc(C)c1NS(=O)(=O)CCc1cccc(F)c1,OADMET-0004809,4.53,,,,,,
CCn1ncc(CN(C)C(=O)c2ccc(-c3nc(C)cc(C)n3)cc2)c1C,,,1.285804764,2.444113528,0.61899364,,,
CCn1ncc(CN2CCC(c3nc(N(C)C)ncc3-c3ccc(OC)cc3)CC2)c1C,,,2.356002898,2.91951792,1.194472464,1.720737977,,
CCn1ncc(CNC(=O)Cc2nc(C(C)C)c(C)s2)c1C,OADMET-0005531,4.4,,,,,,
CCn1ncc(Cl)c1-c1nc(Cc2ccccc2OC)no1,OADMET-0004793,4.66,,,,,,
CCn1ncc(NS(=O)(=O)c2ccc(Br)c(C)c2)c1C(F)(F)F,OADMET-0002638,5.26,,,,,,
CCn1ncc2c(=O)n(CC3CCC(c4ccccc4)CC3)cnc21,OADMET-0003457,5.25,,,,,,
CCn1ncc2c(C(=O)NC3CCCN(C)C3C)cc(C3CC3)nc21,OADMET-0003207,5.67,,,,,,
CCn1ncc2c(C(=O)NCc3coc(-c4ccccc4)n3)cc(-c3ccccc3)nc21,OADMET-0004895,4.63,,,,,,
CCn1ncc2c1CCCC2NC(=O)c1cc(C(F)(F)F)n(C)n1,OADMET-0004611,4.66,,,,,,
CCn1ncc2c1CCCC2NC(=O)c1ccc(F)c2cccnc12,OADMET-0004214,5.24,,,,,,
CCn1nccc1-c1cc(C)nc(N2CCCC2)n1,,,2.059608852,2.599547947,-0.193182682,,,
CCn1nccc1-c1cc(CC2CCNCC2)ncn1,,,0.675686709,1.027920136,1.737968436,1.571359393,,
CCn1nccc1-c1n[nH]c(=O)n1Cc1ccccc1,,,,,,1.430719888,,
CCn1nccc1C(=O)N1CC(N(Cc2ccncc2)CC(C)C)C1,OADMET-0001379,4.88,,,,,,
CCn1nccc1CNc1ncccn1,,,0.675686709,1.027920136,-0.227366084,,,
CCn1nccc1CNc1nnc(-c2ccc(OC)cc2)o1,,,0.821120324,1.881755446,0.277277296,1.433289685,,
CCn1ncnc1-c1[nH]cnc1-c1ccccc1,,,0.675686709,1.681621079,0.339381008,1.362293938,,
CCn1nnc2cc(C(=O)Nc3cccc(C#N)c3)ccc21,,,,,,0.0,,
CCn1nncc1CNC(=O)C(OC)c1ccccc1C(F)(F)F,OADMET-0005250,4.35,,,,,,
CN(C(=O)C1(c2c(Cl)cccc2Cl)CCC1)[C@H]1C[C@@H](C(N)=O)C1,OADMET-0003529,5.74,,,,,,
CN(C(=O)C1CCN(c2ncccn2)CC1)C1CCCCCCC1,,,2.715346394,3.589768031,-0.070580205,1.69399061,,
CN(C(=O)CCc1ncc(-c2ccccc2F)o1)c1ccc(F)cn1,OADMET-0004919,4.65,,,,,,
CN(C(=O)CCn1ccc2cccnc21)c1cccc2cc[nH]c12,OADMET-0004721,5.41,,,,,,
CN(C(=O)CNC(=O)c1ccccc1OCC(=O)Nc1ccc(Br)cc1)c1ccccc1,,,,,0.535780026,-0.455931956,,
CN(C(=O)CSC(C)(C)C)c1ccccc1C#N,,,1.674833595,2.836985815,-0.092676694,,,
CN(C(=O)Cc1c[nH]c2ccc(F)cc12)C(CC(N)=O)C(F)(F)F,OADMET-0005646,4.64,,,,,,
CN(C(=O)Cn1c(-c2ccccc2)nc2ccccc21)c1cccnc1,OADMET-0005645,4.65,,,,,,
CN(C(=O)N1CCCNC(=O)C1Cc1ccccc1)c1ccc(F)cc1,OADMET-0002755,5.38,,,,,,
CN(C(=O)Nc1nc(C2CCOCC2)cs1)C1CCCC1C(C)(C)C,OADMET-0003283,5.79,,,,,,
CN(C(=O)OC(C)(C)C)c1ccc2ccccc2n1,,,,,-0.325979623,-0.552841969,,
CN(C(=O)[C@@H](N)Cc1ccccc1)c1ccccc1,,,0.675686709,2.593793186,,,,
CN(C(=O)c1c[nH]nc1-c1ccccn1)C1CCc2ccccc2C1,OADMET-0005599,4.43,,,,,,
CN(C(=O)c1cc(C=O)ccc1F)C(c1ccccc1)c1nnc[nH]1,OADMET-0001511,3.62,,,,,,
CN(C(=O)c1cc(N2CCNC2=O)ccc1F)C1CCC(N)CC1,,,0.675686709,,0.00918543,,1.828717885,
CN(C(=O)c1cc(N2CCNC2=O)ccc1F)C1CCNC1,,,0.675686709,,-0.078221256,,1.885728632,
CN(C(=O)c1cc(O)n(C)n1)c1ccc(OCc2ccccc2)cc1,OADMET-0005367,4.75,,,,,,
CN(C(=O)c1cc2c(C(F)F)nn(C)c2s1)C1CCCc2c1cnn2C,OADMET-0005418,4.84,,,,,,
CN(C(=O)c1cc2ccc(C(C)(C)C)cc2[nH]1)C1(C#N)CCC1,,,,,-0.307825683,-0.657577319,,
CN(C(=O)c1ccc2[nH]c(=O)n(C)c2c1)c1ccc(N2CCOCC2)nc1,OADMET-0002719,2.53,,,,,,
CN(C(=O)c1cccc(C(=O)O)c1)c1ccccc1,,,0.675686709,1.027920136,,,,
CN(C(=O)c1ccccc1SCC(=O)N1CCc2ccccc21)C1CCNC1,OADMET-0006088,5.08,,,,,,
CN(C(=O)c1cncc(F)c1)c1cccc2ncccc12,,,1.346450778,2.128321709,0.4377512,1.790777601,,
CN(C(=O)c1noc2c1CCCCC2)c1ccc(-c2ccccc2)nn1,OADMET-0005891,5.11,,,,,,
CN(C)C(=O)C(C)(C)NC(=O)OC(C)(C)C,,,0.675686709,1.385945713,0.135927905,,,
CN(C)C(=O)C(CCN1CCC(O)(c2ccc(Cl)cc2)CC1)(c1ccccc1)c1ccccc1,OADMET-0003717,4.3,,,2.039605073,,,
CN(C)C(=O)C(Cc1ccccc1)NCc1cccc2[nH]ccc12,OADMET-0005996,4.85,,,,,,
CN(C)C(=O)C(OC(=O)c1c(F)cc(O)cc1F)c1ccccc1,OADMET-0005983,4.56,,,,,,
CN(C)C(=O)C1(Cc2ccccc2-c2cccc(F)c2)CCN(C(=O)C2CC=CCC2)CC1,,,2.998834093,3.432739262,0.164553862,,-0.104025268,0.142702246
CN(C)C(=O)C1(Cc2ccccc2-c2ccccc2)CCN(C(=O)C2CCCO2)CC1,,,2.596224212,3.377908999,1.237227531,1.924795996,0.902546779,1.265713811
CN(C)C(=O)C1(Cc2ccccc2-c2ccccc2)CCN(C(=O)c2cnn(C)c2)CC1,,,2.666523596,3.097606757,1.39985037,,1.041353202,1.146840934
CN(C)C(=O)CCNc1ccnc2ccc(Cl)cc12,,,0.816638945,1.863685612,,,,
CN(C)C(=O)CN1CCN(C(=O)c2ccc3ccccc3c2O)CC1,,,0.675686709,1.027920136,0.371628476,1.64246452,,
CN(C)C(=O)COC(=O)Cc1ccc(OC(=O)c2ccc(NC(=N)N)cc2)cc1,,,2.008306285,2.971121777,-0.150744256,1.8896378,,
CN(C)C(=O)COc1ccc(N)c(F)c1,,,0.675686709,1.027920136,-0.115530568,1.641474111,,
CN(C)C(=O)Cc1nc(-c2cc3cc(Cl)ccc3o2)cs1,,,,,,0.382017043,,
CN(C)C(=O)Cn1cc(C(=O)O)ccc1=O,,,0.675686709,1.027920136,,1.3232521,,
CN(C)C(=O)N1CCC(C(=O)N2CCN(C3CC3)c3ccccc32)CC1,OADMET-0003246,5.765000000000001,,,,,,
CN(C)C(=O)N1CCOCC1CC(=O)NCCc1ccccn1,OADMET-0001086,3.39,,,,,,
CN(C)C(=O)OCCN1CCC(c2c[nH]c3ncccc23)CC1,,,1.471511737,2.006089348,0.806097056,1.698535493,,
CN(C)C(=O)[C@@H]1CCCN1c1nc(-c2ccccc2C(F)(F)F)cs1,OADMET-0003460,5.555,,,,,,
CN(C)C(=O)[C@H]1CC[C@@H](C2CCN(c3ncnc4[nH]ncc34)CC2)O1,OADMET-0002771,1.8,,,,,,
CN(C)C(=O)c1ccc(-c2ccc(C(=O)NCCc3noc(CO)n3)cc2)o1,OADMET-0001002,3.6,,,,,,
CN(C)C(=O)c1ccc(NC(=O)c2cccc(F)c2)cc1,,,0.99895644,1.839905218,-0.032901257,1.666985718,,
CN(C)C(=O)c1cccc(NC(=O)CN2CC(O)Cc3ccccc32)c1,OADMET-0004812,4.72,,,,,,
CN(C)C(=O)c1ccnc(NCc2cccc(C#N)c2)c1,,,0.675686709,1.839006415,0.757610352,,,
CN(C)C(=O)c1cnc(NCCOC2CCCCCC2)c(Cl)c1,OADMET-0004764,4.95,,,,,,
CN(C)C(=O)c1cncc(N(C)CCN(C)C2CCCC2)n1,,,0.813180533,1.509202522,1.305873312,,,
CN(C)C(=O)c1sc2nc(C3(C)CCN(c4ncccn4)CC3)ccc2c1N,,,1.505651841,2.047259287,0.096234041,1.818555779,,
CN(C)C(=S)SSC(=S)N(C)C,OADMET-0003677,1.86,,,,,,
CN(C)C(C)(C)CNc1ncnc2ccccc12,,,0.675686709,2.466869103,0.45636973,1.59206567,,
CN(C)C/C=C/C(=O)Nc1cc2c(Nc3ccc(F)c(Cl)c3)ncnc2cc1O[C@H]1CCOC1,OADMET-0003701,2.24,,,,,,
CN(C)C1(CN)CCCC1,OADMET-0002048,2.01,,,,,,
CN(C)C1(CNC(=O)Cn2ccc(=O)cc2)CCCCC1,,,0.723947976,1.207957343,-0.564585257,,,
CN(C)C1(CNC(=O)N2CCC=C(c3ccccc3)C2)CCOCC1,,,1.542177858,2.941385201,1.550029124,,,
CN(C)C1(CNC(=O)N2CCCC(C)(C)CC2)CCOCC1,,,0.92556991,2.079155911,1.218027545,1.754806855,,
CN(C)C1=N[C@@H]2[C@@H](O)[C@H](O)[C@@H](CO)O[C@@H]2S1,,,0.675686709,1.027920136,-0.561572286,1.564666064,,
CN(C)C1CN(c2nc(-c3cnccn3)nc3sc4c(c23)CCCC4)C1,,,1.966118257,3.434142543,0.069382959,1.568084331,,
CN(C)CC(=O)N1CCC(c2ccc(NC(=O)c3nc(C#N)c[nH]3)c(C3=CCCCC3)c2)CC1,,,1.094051656,1.750824551,1.62941048,,,
CN(C)CC(C)(C)CNc1cn[nH]c(=O)c1Br,,,0.931254406,1.642889703,-0.16998327,,,
CN(C)CC(c1ccc(O)cc1)C1(O)CCCCC1,OADMET-0003775,3.06,,,,,,
CN(C)CC/C=C1/c2ccccc2Sc2ccc(Cl)cc21,OADMET-0003620,3.89,,,,,,
CN(C)CC1COCCN(CCCn2cccn2)C1,OADMET-0001189,3.05,,,,,,
CN(C)CCCN1c2ccccc2CCc2ccc(Cl)cc21,OADMET-0003562,5.42,,,,,,
CN(C)CCCN1c2ccccc2Sc2ccc(C(F)(F)F)cc21,OADMET-0003553,4.12,,,,,,
CN(C)CCCOc1cccc(CN2CCN(c3ccc(Cl)cn3)CC2)c1,OADMET-0000957,3.56,,,,,,
CN(C)CCN(Cc1ccccc1)C(=O)CCC(=O)Nc1ncc(-c2ccccc2)n1C,,,1.964019075,2.445604203,1.582404845,1.771954749,,
CN(C)CCN(Cc1ccccc1)Cc1ccccc1O,,,2.518487618,3.140291785,-0.075697873,1.622628426,,
CN(C)CCN1CC2(CCN(C(=O)CCCS(N)(=O)=O)CC2)OC1=O,OADMET-0001281,2.28,,,,,,
CN(C)CCNc1c2c(c(C#N)c3nc4ccccc4n13)CCCC2,,,1.380102655,2.43117392,0.410152385,1.556302501,,
CN(C)CCOC(C)(c1ccccc1)c1ccc(Br)cc1,OADMET-0003708,4.68,,,,,,
CN(C)CCOc1cc(-c2cn[nH]c2)ccc1NC(=O)C1COc2ccccc2O1,,,1.298743943,2.839462963,1.506248698,,,
CN(C)CCOc1ccc(-c2nc(-c3ccncc3)c(-c3ccc4c(c3)CC/C4=N\O)[nH]2)cc1,,,1.105237601,2.232536175,0.681315546,0.041392685,,
CN(C)CCOc1ccc(CN2CCN(Cc3nccn3C)CC2)cc1,OADMET-0001083,3.46,,,,,,
CN(C)CCSc1nnnn1-c1ccc(Br)cc1,,,1.456214155,3.239850821,-0.36159687,,,
CN(C)CCn1ccc2cc(NC(=O)c3ccc(=O)[nH]n3)ccc21,,,,,,1.728434951,,
CN(C)Cc1cc(C(=O)NC(CC2CC2)c2cc(F)cc(Br)c2)no1,OADMET-0003121,5.43,,,,,,
CN(C)Cc1ccc(-c2ccccc2C(=O)O)cc1,,,0.675686709,1.027920136,,1.484157424,,
CN(C)Cc1cccc(N/C(=C2\C(=O)Nc3cc(C(=O)N(C)C)ccc32)c2ccccc2)c1,,,1.881681314,2.180696337,1.657434904,1.817300878,,
CN(C)Cc1ccccc1CN(C)C(=O)c1ccc(-c2cccc(F)c2)cc1,OADMET-0001315,4.46,,,,,,
CN(C)Cc1ccnc(NC(=O)c2ccsc2)c1,,,0.82445127,2.598863795,,,,
CN(C)Cc1csc(-c2nccn2-c2ccc3c(c2)n(C)c(=O)n3C)c1,,,0.675686709,1.582188404,1.860187073,1.497482537,,
CN(C)Cc1nc2ccc(NC(=O)c3ccc(C4CC4(F)F)cc3)cc2[nH]1,OADMET-0002705,3.56,,,,,,
CN(C)S(=O)(=O)C1(Cn2c(=O)[nH]c3cc4c(cc3c2=O)CCCC4)CC1,OADMET-0005528,3.86,,,,,,
CN(C)S(=O)(=O)CCCN1CCC(CCC(N)=O)CC1,,,0.675686709,1.027920136,-0.37149501,,,
CN(C)S(=O)(=O)CCCN1CCc2ccccc2CC1,,,1.20054956,2.855173763,-0.221808266,,,
CN(C)S(=O)(=O)N(C1CCCC1)C1CC1,,,,,,1.513350799,,
CN(C)S(=O)(=O)N1CCC(C(=O)N2CCCCCCNC(=O)CC2)CC1,OADMET-0001448,4.54,,,,,,
CN(C)S(=O)(=O)N1CCC(c2ccc3c(NCc4ccccc4F)n[nH]c3n2)CC1,,,,,0.48697348,-0.823908741,,
CN(C)S(=O)(=O)N1CCCC(NC(=O)c2ccc(Cl)cc2)C1,OADMET-0005361,5.11,,,,,,
CN(C)S(=O)(=O)N1C[C@@H]2CC[C@H](C1)N(C(=O)CSc1ccccn1)C2,OADMET-0001006,4.26,,,,,,
CN(C)S(=O)(=O)N[C@@H]1CCN(C(=O)c2coc3ccccc23)C[C@H]1O,OADMET-0000984,3.92,,,,,,
CN(C)S(=O)(=O)Nc1ccc(-n2ncc3ccccc32)cc1,,,1.332761536,2.981805021,-0.250647802,1.589837943,,
CN(C)S(=O)(=O)Nc1ccc2sncc2c1,,,,,,1.72916479,,
CN(C)S(=O)(=O)c1cc(C(=O)NC(Cc2ccccc2)C(=O)Nc2ccccc2)ccc1F,OADMET-0003309,5.33,,,,,,
CN(C)S(=O)(=O)c1ccc(C(=O)N2CCCc3ccccc3CC2)cn1,OADMET-0003437,5.955,,,,,,
CN(C)S(=O)(=O)c1ccc(N2CCCCC2)c(C(=O)Nc2ccc(F)c(C(N)=O)c2)c1,OADMET-0004858,5.27,,,,,,
CN(C)S(=O)(=O)c1cccc(C(=O)Nc2cc(Cl)ccc2O)c1,OADMET-0001863,5.06,,,,,,
CN(C)S(=O)(=O)c1cccc(C(=O)O)c1,OADMET-0002172,2.42,,,,,,
CN(C)S(=O)(=O)c1cccc(NC(=O)CN2C(=O)NC3(CCCc4ccccc43)C2=O)c1,OADMET-0003251,5.1,,,,,,
CN(C)S(=O)(=O)c1ccccc1CNC(=O)N1CC(C)(C)C1c1ccccc1,OADMET-0003474,5.89,,,,,,
CN(C)[C@@H]1CN(C(=O)CCn2cnc3ccccc32)C[C@H]1O,,,0.739493231,1.487166667,0.220292133,2.179264464,,
CN(C)[C@@H]1CN(C(=O)COc2ccccc2)C[C@H]1O,,,0.675686709,1.245315216,,1.920645001,,
CN(C)[C@@H]1CN(C(=O)c2cc3ccc(F)cc3[nH]2)C[C@H]1O,,,0.675686709,2.081919508,0.643130598,1.741466762,,
CN(C)[C@H]1CN(C(=O)[C@H]2CC[C@H](C)CC2)C[C@@H]1O,OADMET-0001188,3.19,,,,,,
CN(C)c1cc(C#N)cc(C(=O)N2CCC3C(CCCN3C3CC3)C2)c1,OADMET-0002972,5.26,,,,,,
CN(C)c1cc(C(=O)N2CCC(Oc3ccccn3)C2)c2ccccc2n1,OADMET-0003218,5.11,,,,,,
CN(C)c1cc(CNC(=O)C2CCOCC2)ccn1,,,0.675686709,1.027920136,0.68731016,1.614897216,,
CN(C)c1cc(CNc2ccc(C#N)cn2)ccn1,,,1.018034403,1.975257136,-0.158067643,1.662568967,,
CN(C)c1ccc(-c2ccc(C(=O)NCCN3CCCC3=O)cc2)nn1,,,0.675686709,1.875206004,1.741872227,,,
CN(C)c1ccc(-c2ccc(COCc3cccs3)cc2)nn1,,,1.883553558,2.613046473,-0.315710209,0.130333768,,
CN(C)c1ccc(-c2cn(Cc3ccccc3C#N)nn2)cc1,OADMET-0005166,5.37,,,,,,
CN(C)c1ccc(C(=C2C=CC(=[N+](C)C)C=C2)c2ccc(N(C)C)cc2)cc1,OADMET-0003688,2.08,,,,,,
CN(C)c1ccc(C(=O)N2CCN3C(=O)N(Cc4ccccc4)C(=O)[C@H]3C2)cc1,,,1.477237051,2.589451384,0.208151459,1.133538908,,
CN(C)c1ccc(C(=O)NCc2cn(C(C)(C)C)c(=O)[nH]c2=O)cc1,OADMET-0005867,4.47,,,,,,
CN(C)c1ccc(CCC(=O)NCc2noc(C(N)=O)n2)cc1,OADMET-0001262,3.18,,,,,,
CN(C)c1ccc(Cn2c(=O)[nH]c3ccccc3c2=O)cn1,,,0.960470778,2.565557405,0.672983954,0.414973348,,
CN(C)c1ccc(S(=O)(=O)N2CCCC2C(F)(F)F)cn1,OADMET-0005035,4.54,,,,,,
CN(C)c1ccc2c(c1)OCCN2C(=O)NCc1cccnc1,,,1.372838388,2.872877942,0.42550367,1.682325619,,
CN(C)c1ccc2c(c1)Sc1cc(N(C)C)ccc1N2,,,1.503041253,2.184980864,0.81876548,,,
CN(C)c1ccc2nc3ccc(=[N+](C)C)cc-3sc2c1,OADMET-0003560,3.0,,,,,,
CN(C)c1cccc(C(=O)N2CCCC(c3cccc(-c4cccs4)n3)C2)c1,,,2.6977575,3.559495825,-0.189183687,0.322219295,,
CN(C)c1cccc(C(=O)O)c1,OADMET-0002310,1.97,,,,,,
CN(C)c1cccc(C2CCN(c3ncccn3)CC2)n1,,,1.975017998,3.351413426,,1.22685757,,
CN(C)c1cccc(CNC(=O)C2CN(C(=O)C3CCCCC3)C2)n1,OADMET-0005341,4.33,,,,,,
CN(C)c1cccc(CNC(=O)c2cc3ccccc3c(=O)o2)n1,OADMET-0005059,4.92,,,,,,
CN(C)c1cccc(Cn2ccnc2-c2ccc(O)cc2)c1,,,1.890180609,3.015474183,0.575857465,1.433769834,,
CN(C)c1cccc(S(=O)(=O)N2CCN(c3cnccn3)CC2)c1,OADMET-0006048,4.99,,,,,,
CN(C)c1cccnc1CNC(=O)Nc1cccc(-c2ncco2)c1,OADMET-0002870,5.07,,,,,,
CN(C)c1ccnc(C(=O)Nc2ccnn2-c2ccc(C#N)cc2)c1,,,1.876240941,2.649213122,,,,
CN(C)c1ccnc(NC(=O)c2cnsn2)c1,,,2.211774429,2.446835293,,,,
CN(C)c1ccnc(NCc2ccc(F)cc2)n1,,,1.73254654,3.251684932,,,,
CN(C)c1ccnc2sc3c(=O)n(N4CCCCCC4)cnc3c12,,,0.933942603,1.958769276,0.486469777,,,
CN(C)c1ccncc1CN1CCN(c2ccc(C(N)=O)cc2)CC1,,,0.675686709,1.027920136,1.274025761,,,
CN(C)c1cncc(-c2ccc(C(=O)NC(C)(C)C)cc2)n1,,,1.272213037,2.683949828,-0.156792413,,,
CN(C)c1cncc(-c2ccc(S(=O)(=O)N(C)C)cc2)n1,,,1.907368359,3.385993749,-0.214490823,,,
CN(C)c1cncc(-c2nc(C(C)(C)NC(=O)OC(C)(C)C)no2)c1,OADMET-0003070,5.25,,,,,,
CN(C)c1cnn(CCC(C#N)(c2ccccc2)c2ccccc2)c(=O)c1,,,2.092874971,3.101228979,0.438178551,1.346744055,,
CN(C)c1nc(-c2cccc(-c3ccccc3)c2)n[nH]1,,,,,,-0.091514981,,
CN(C)c1nc(CN2CCOCC2)nc2scc(-c3cccs3)c12,,,2.216862327,3.253160083,0.013182827,1.757927183,,
CN(C)c1nc(N)nc(CNC(=O)c2ccc(CCC(C)(C)O)cc2)n1,OADMET-0000964,3.15,,,,,,
CN(C)c1nc(N)nc(Sc2ccccc2)n1,,,2.03213908,2.807417983,-0.127049198,0.492760389,,
CN(C)c1nc2cc(NC(=O)c3ccc(F)c(S(=O)(=O)N4CCCC4)c3)ccc2[nH]1,OADMET-0005360,3.98,,,,,,
CN(C)c1ncc(CN2CCC(Cc3ccc(F)cc3)CC2)s1,,,1.634698895,3.409779319,,,,
CN(C)c1nccc(CNC(=O)c2cccc3ccccc23)n1,OADMET-0005058,4.96,,,,,,
CN(C)c1nccc(N2CCN(CCCCCF)CC2)n1,,,1.510477984,3.159829375,-0.378241575,,,
CN(C)c1ncccc1CNC(=O)NC1(c2ccccc2)CC1(C)C,OADMET-0002923,5.27,,,,,,
CN(C)c1ncn(-c2cccc(N)c2)n1,,,1.185797047,1.404611383,-0.22456622,1.343605508,,
CN(C)c1ncncc1NC(=O)c1ccc(C(F)(F)F)nc1,,,0.675686709,1.027920136,,,,
CN(C)c1noc(C2CCCN(c3ncnc4sccc34)C2)n1,OADMET-0002936,4.64,,,,,,
CN(C/C=C/C#CC(C)(C)C)Cc1cccc2ccccc12,OADMET-0003623,4.7,,,,,,
CN(C/C=C/C(=O)N1CCC[C@@H](n2nc(-c3ccc(Oc4ccccc4)cc3)c3c(N)ncnc32)C1)CCCCNC(=O)CCCC(=O)NCCCOCCOCCOCCCNC(=O)CCCC[C@@H]1SC[C@@H]2NC(=O)N[C@@H]21,,,2.104937561,1.940924689,,,,
CN(C1CCN(c2ccccc2Cl)C1=O)S(=O)(=O)c1cccs1,OADMET-0002934,4.9,,,,,,
CN(CC#N)C(=O)c1cccc(CN2CCCC2)c1,,,0.675686709,2.508392339,0.412682232,1.543074235,,
CN(CC(=O)N(C)C)Cc1cc(C#N)ccc1F,,,0.675686709,1.58043455,-0.147187086,1.548389418,,
CN(CC(=O)N1CC=CC(NC(=O)C2Cc3cc(F)ccc3O2)C1)C(=O)c1cccs1,OADMET-0005338,5.06,,,,,,
CN(CC(=O)NC(Cc1ccccc1)C(=O)Nc1ccccc1)C(=O)c1ccco1,OADMET-0005563,5.18,,,,,,
CN(CC(=O)NC1(C#N)CCCC1)c1ccccc1,,,1.307196421,2.697531848,-0.03454929,1.667639706,,
CN(CC(=O)NC1(C#N)CCCCC1)c1cccc(C#N)c1,,,1.933284772,2.845618261,1.015286735,1.306853749,,
CN(CC(=O)NC1CC1)C(=O)C1C2CC3CC(C2)CC1C3,,,1.336679827,2.665527522,0.198433223,1.705692697,,
CN(CC(=O)NCCc1cn(C)c2ccccc12)[C@@H]1CCC[C@H]1O,OADMET-0005245,5.01,,,,,,
CN(CC(=O)Nc1cc(F)cc(F)c1)c1ccnc(C(N)=O)c1,,,0.675686709,1.629715333,1.088930526,1.661812686,,
CN(CC(=O)Nc1cccc(F)c1)C(=O)c1cccc(C#N)c1,,,1.422031431,2.117890801,0.786160947,1.749968084,,
CN(CC(=O)Nc1cccc(S(=O)(=O)N2CCCC2)c1)C1CCCCC1,,,2.778966957,3.474071815,0.359625767,,,
CN(CC(=O)Nc1ccncc1)C1CCCC1,,,0.675686709,2.594630077,-0.314728649,1.610553705,,
CN(CC(=O)O)Cc1cc2ccccc2n(C)c1=O,OADMET-0001234,4.11,,,,,,
CN(CC(N)=O)Cc1cc2c(cc1Br)OCO2,,,1.016991578,2.511115652,-0.118484638,1.843232778,,
CN(CC1(CO)CCC1)C(=O)CCN1CCCCC1=O,,,0.675686709,1.662889988,1.364789207,,,
CN(CC1(CO)CCCC1)C(=O)CCN1CCCCC1=O,,,0.675686709,2.051198845,1.326193915,,,
CN(CC1(O)CCCC1)c1ncccn1,,,0.675686709,2.120001074,0.105518013,1.51308436,,
CN(CC1CC1)S(=O)(=O)Nc1ccc(F)cc1OCC(F)F,OADMET-0002977,5.02,,,,,,
CN(CC1CCC1)C(=O)C1CCN(c2ccc3nncn3n2)CC1,,,0.887561041,2.099169406,1.0643813,,,
CN(CC1CCCC1)C(=O)Nc1ccccc1N1CCOC1=O,,,1.652110905,2.73292906,0.70139821,1.704150517,,
CN(CC1CCCCC1O)C(=O)NCC1CCN(CC(F)(F)F)CC1,OADMET-0006079,5.3,,,,,,
CN(CC1CN(c2nc(-c3ccccc3)c3ccccc3n2)CCO1)c1cccnn1,OADMET-0003171,5.2,,,,,,
CN(CCC#N)Cc1cc(C#N)ccc1F,,,0.675686709,1.027920136,,1.496929648,,
CN(CCC1CCCCC1)C(=O)c1ccon1,,,1.606424362,2.987719878,-0.223742536,1.84460142,,
CN(CCCC1CCCC1)Cc1cc(=O)[nH]c(=O)[nH]1,,,0.878808932,2.217210121,-0.076474244,,,
CN(CCCNC(=O)C(C)(C)S(=O)(=O)c1ccc(Cl)cc1)c1ccccc1,OADMET-0002627,5.29,,,,,,
CN(CCN(C)C1CCCC1)C(=O)c1ccc(-c2nc[nH]n2)cc1,,,0.675686709,1.293030906,,1.56549363,,
CN(CCN1C(=O)c2ccccc2C1=O)S(=O)(=O)c1ccsc1C=O,OADMET-0001695,4.44,,,,,,
CN(CCN1CCCCC1)c1cncc(C(N)=O)n1,,,0.675686709,1.978723616,0.644203043,,,
CN(CCN1CCOC1=O)C(=O)c1cc2cc(Br)ccc2o1,,,1.121494186,2.031275125,0.358545611,1.706973676,,
CN(CCNC(=O)NC1CCOCC1)C1CCCC1,,,0.675686709,2.26421553,1.259458419,,,
CN(CCNC(=O)c1cnn(C)c1-c1ccccc1)C(=O)c1cnn(C)c1-c1ccccc1,OADMET-0005173,4.82,,,,,,
CN(CCNc1ccccn1)C(=O)CCc1cccc(O)c1,OADMET-0004885,4.72,,,,,,
CN(CCO)C(=O)c1ccc(-c2cccc(C(F)(F)F)n2)cc1,,,0.675686709,1.734551819,0.181285996,,,
CN(CCO)S(=O)(=O)c1ccccc1CNC(=O)C1CC12CCCC2,OADMET-0005812,4.69,,,,,,
CN(CCOCCOc1ccccc1-c1ccccc1)Cc1ccccc1.O=C(O)C(=O)O,,,2.334294883,3.182121219,0.259009444,1.461798558,,
CN(CCOP(=O)(O)O)C(=N)N,OADMET-0003751,1.78,,,,,,
CN(CCOc1ccc(CC2SC(=O)NC2=O)cc1)c1ccccn1,OADMET-0003724,4.55,,,,,,
CN(CCOc1ccccc1)CC(=O)NCCc1ccccc1,,,2.426867334,3.73427484,-0.138130078,,,
CN(CCSc1ccc2nnc(C(F)F)n2n1)Cc1ccccc1,,,2.39006211,3.502383279,-0.185015201,,,
CN(CCSc1ccc2nnnn2n1)Cc1ccccc1,,,1.810575247,1.027920136,-0.365291517,,,
CN(CCc1ccccc1)C(=O)CC#N,,,0.675686709,1.027920136,-0.17635555,1.51201697,,
CN(CCc1ccccn1)C(=O)Nc1nncs1,,,0.675686709,1.027920136,0.212286466,1.658869592,,
CN(CCc1ccccn1)c1cnc2ccccc2n1,,,1.936086275,2.935338453,-0.193864874,1.648847708,,
CN(CCc1ccncc1)c1ncccc1C#N,,,1.646403726,2.741716366,-0.129238094,,,
CN(CCn1cnc(C#N)c1C#N)c1ccccc1,,,1.719588141,3.024705633,-0.197835711,,,
CN(C[C@@H]1COCCO1)S(=O)(=O)Nc1ccc2ccc3ncc(-c4cnn(C)c4)cc3c(=O)c2c1,,,1.646717325,2.339971885,1.189141981,0.526339277,,
CN(C[C@]12CCC[C@H]1OCC2)c1cccc(O)c1C=O,OADMET-0001823,5.23,,,,,,
CN(Cc1c(F)cccc1Cl)C(=O)C1(C#N)CCCC1,,,2.045835222,3.098164526,,1.547159121,,
CN(Cc1c(F)cccc1Cl)C(=O)c1ccc(-n2ccnc2)nc1,,,1.419294722,3.220411988,-0.20429509,1.733438027,,
CN(Cc1cc(-c2ccccc2)no1)C(=O)c1cc(=O)[nH]c(=O)[nH]1,OADMET-0001334,3.49,,,,,,
CN(Cc1cc(-c2cccs2)n[nH]1)C(=O)Cn1nnnc1N,OADMET-0001051,2.49,,,,,,
CN(Cc1cc(C(C)(C)C)[nH]n1)C(=O)c1ccc(-c2cc[nH]n2)s1,OADMET-0002758,5.795,,,,,,
CN(Cc1cc(F)cc(F)c1)C(=O)CCCc1ccc(-c2noc(=O)[nH]2)cc1,OADMET-0005126,4.15,,,,,,
CN(Cc1ccc(-c2cc[nH]n2)o1)C1CCSCC1,OADMET-0001325,3.98,,,,,,
CN(Cc1ccc(-c2ccc(Br)cc2)o1)C(=O)c1cnn(C)c1,,,1.02094106,2.128295853,,0.742725131,,
CN(Cc1ccc(Br)o1)C(=O)CN1CCCC1=O,,,0.675686709,1.222560409,0.426527598,1.845284126,,
CN(Cc1ccc(C(=O)O)cc1)C(=O)c1ccnn1C,,,0.675686709,1.027920136,-0.178606365,,,
CN(Cc1ccc(C(C)(C)C)cc1)Cc1cccc2ccccc12,OADMET-0003783,4.86,,,,,,
CN(Cc1ccc(CN2CC[C@@H](N)[C@H](O)C2)o1)S(C)(=O)=O,OADMET-0001197,2.68,,,,,,
CN(Cc1ccc(CO)cc1)Cc1cc(F)c(F)c(F)c1,,,1.732361589,2.569665293,-0.372015059,,,
CN(Cc1ccc(Cl)cc1)C(=O)c1ccc(-n2ccnc2)nc1,,,0.675686709,1.66669578,0.033817964,1.813314059,,
CN(Cc1ccc(F)cc1)S(=O)(=O)c1cc(F)cc(F)c1,OADMET-0005397,4.53,,,,,,
CN(Cc1ccc(N)nc1)c1nc(C(F)(F)F)cs1,,,0.675686709,2.066150681,-0.223514412,,,
CN(Cc1ccc(N)nc1)c1nc2cc(F)ccc2o1,,,0.675686709,1.764101376,1.524990912,,,
CN(Cc1ccc(N)nc1)c1ncccn1,,,0.675686709,1.357401175,-0.207808196,1.454997217,,
CN(Cc1ccc(OC(F)(F)F)cc1)Cc1cn(C)nn1,,,1.177276711,2.462612097,-0.176718139,,,
CN(Cc1ccc2c(c1)OCO2)Cc1ccccc1C#N,,,1.943261973,3.613144912,-0.454856064,1.448087667,,
CN(Cc1ccc2nonc2c1)C(=O)N[C@H]1C[C@H]2C(=O)N(C)CC(=O)N2C1,OADMET-0001227,2.79,,,,,,
CN(Cc1cccc(C#N)c1)C(=O)CC(C)(C)C,,,,,,1.476396827,,
CN(Cc1cccc(C#N)c1)Cc1ccccc1C#N,,,2.451204429,3.625142096,-0.228504787,1.467756051,,
CN(Cc1cccc(C#N)c1)Cc1cnn(C)c1,,,0.675686709,1.027920136,-0.238437991,1.507180977,,
CN(Cc1cccc(C#N)c1)c1cnc2ccccc2n1,,,1.876950671,2.678327138,-0.354723958,1.07371835,,
CN(Cc1cccc(Cl)c1Cl)Cc1cc(=O)n(C)c(=O)n1C,,,2.280539674,3.441501427,-0.08136574,,,
CN(Cc1cccc(O)c1)C(=O)c1cccc(N2CCCC2)c1,OADMET-0005640,4.67,,,,,,
CN(Cc1cccc(OC(F)(F)F)c1)C(=O)C1(C#N)CCCCC1,OADMET-0005659,5.12,,,,,,
CN(Cc1ccccc1)C(=O)N1CCC(Oc2ncccc2F)CC1,OADMET-0004862,4.54,,,,,,
CN(Cc1ccccc1)C(=O)c1ccc(-n2cccn2)nc1,,,0.675686709,3.697944903,-0.247169416,1.588831726,,
CN(Cc1ccccc1)C1(C(=O)N2CCNC(=O)CC2)Cc2ccccc2C1,,,2.052682402,3.440209084,0.937779221,,0.904931827,0.912806393
CN(Cc1ccccc1)S(=O)(=O)c1ccc(NC(=O)CN2CCCC2)cc1,OADMET-0005445,4.5,,,,,,
CN(Cc1ccccc1Br)C(=O)Nc1ccc(C(=O)N2CCCC2)cc1,,,1.165184952,2.884571081,0.99858606,1.841296887,,
CN(Cc1ccccc1N1CCCC1)C(=O)c1cccc(Cn2ccnc2)c1,,,2.593406811,3.180541325,1.336132216,1.789580712,,
CN(Cc1ccccn1)c1nc2ccccc2o1,,,1.176236,2.557217174,-0.14384076,1.577951128,,
CN(Cc1cccnc1)Cc1ccc(C#N)o1,,,0.990116766,1.843039577,-0.188640098,1.487138375,,
CN(Cc1cccnc1)Cc1cnn(CCC(=O)O)c1,OADMET-0001033,2.04,,,,,,
CN(Cc1cccnc1)c1nc2c(c(=O)[nH]1)CCN(Cc1ccc(F)c(Cl)c1)CC2,OADMET-0001418,4.24,,,,,,
CN(Cc1ccn(-c2ccccc2)n1)C(=O)c1ccc(O)nc1,,,0.675686709,1.027920136,1.488598503,1.59736605,,
CN(Cc1ccncc1)Cc1cc2ccccc2nc1O,,,1.187577119,2.345599152,0.399825638,1.686546899,,
CN(Cc1ccnn1-c1ccc(F)cc1)CC(O)Cc1ccccc1,OADMET-0005493,5.13,,,,,,
CN(Cc1ccoc1)c1ccc(S(=O)(=O)N2CCCC2)cc1,OADMET-0005934,5.25,,,,,,
CN(Cc1cnc2ccccc2n1)S(=O)(=O)N1CCCC1,,,1.124112792,3.203587918,-0.153579411,,,
CN(Cc1cnc2ccccc2n1)S(=O)(=O)N1CCCCCC1,,,2.361629637,3.760281616,-0.207431873,,,
CN(Cc1cnccn1)C(=O)c1cc(-c2ccc(F)cc2)on1,,,,,,1.203848464,,
CN(Cc1cnccn1)Cc1nc(N)c2ccccc2n1,,,1.1766121,2.661308081,,,,
CN(Cc1cnn(C)c1)C(=O)c1ccccc1-c1ccccc1C#N,,,1.806383502,1.027920136,1.285808592,1.606703741,,
CN(Cc1cnn(C)c1)c1ncnc2c1oc1ccccc12,,,1.294840836,2.703378228,-0.01346576,1.628491105,,
CN(Cc1cscn1)c1nc2c(cc1C#N)CCC2,,,1.977385181,3.073361239,-0.193310653,1.526339277,,
CN(Cc1n[nH]c2c1CCCC2)c1nccnc1C#N,,,1.597409949,3.057485808,0.005423268,1.311753861,,
CN(Cc1nc(-c2c(F)cccc2F)cs1)CC1(O)CCC1,OADMET-0005780,4.03,,,,,,
CN(Cc1nc(-c2cccnc2)no1)C(=O)c1cn(CCN)nn1,OADMET-0001193,2.48,,,,,,
CN(Cc1nc(N)c2ccccc2n1)Cc1ccc(F)cc1F,,,1.732417887,3.294209101,0.54295874,1.634174872,,
CN(Cc1nc2c(s1)CCCC2)c1cnccn1,,,2.118420158,3.106013674,-0.239907537,,,
CN(Cc1nc2ccccc2n1C)c1ccnc(-c2ccccc2)n1,,,2.021040373,3.24054226,,,,
CN(Cc1nnc(-c2cc3c(s2)CCCC3)o1)c1ccn(C)n1,OADMET-0005982,4.42,,,,,,
CN(Cc1nnc(C2CC2)n1C)C(=O)C1C2CC3CC(C2)CC1C3,,,1.679164333,2.97812891,1.045831238,1.666892211,,
CN(Cc1nncn1C)C1CCN(c2ccccc2F)CC1,,,0.675686709,1.951439522,0.314435217,,,
CN(Cc1noc(C2CC2)n1)C(=O)c1ccc2ccccc2n1,OADMET-0005540,4.63,,,,,,
CN(Cc1noc(C2CCCC2)n1)Cc1nc2ccc(F)cc2[nH]1,OADMET-0001347,4.64,,,,,,
CN(Cc1sccc1Br)c1nccnc1C#N,,,,,,0.929418926,,
CN(NC(=O)c1ccn(-c2ccccc2)n1)c1ccccc1,,,1.915637234,3.279867166,,1.764549719,,
CN(c1ccc(NC(=O)Nc2ccc(OC(F)(F)F)cc2)cc1)c1ccnc(Nc2cccc(S(N)(=O)=O)c2)n1,,,0.675686709,1.027920136,0.929418926,0.290034611,,
CN(c1ccccc1)S(=O)(=O)c1csc(C(=O)Nc2ccc(C(=O)O)cc2)c1,,,,,,1.904607364,,
CN(c1ccccc1)c1nc(C(=O)N2CC3(C2)CC3(F)F)cs1,OADMET-0005679,4.4,,,,,,
CN(c1ccccc1C(=O)Nc1ccc(-c2nc3ccccc3[nH]2)cc1)S(C)(=O)=O,OADMET-0005796,4.63,,,,,,
CN(c1ccccc1C(N)=O)S(=O)(=O)c1c[nH]c2cc(Cl)ccc12,OADMET-0003190,5.66,,,,,,
CN(c1ccccc1N)S(C)(=O)=O,,,1.008088936,1.381494133,,,,
CN(c1nc2ccccc2o1)C1CCN(C2CCOCC2)CC1,,,2.641865592,2.067584114,,,,
CN(c1ncc(Br)cn1)C1CCS(=O)CC1,,,0.675686709,1.410541048,-0.025675361,1.882638362,,
CN(c1ncc(F)cn1)[C@H]1CCCNC1,,,0.675686709,1.027920136,-0.358805917,,2.0,2.0
CN(c1ncccc1CNc1nc(Nc2ccc3c(c2)CC(=O)N3)ncc1C(F)(F)F)S(C)(=O)=O,,,1.507410559,1.975441,,1.97482245,,
CN(c1ncnc2c1cnn2CCO)C1CCCCC1,,,0.675686709,1.889178401,-0.172579322,1.650307523,,
CN1C(=O)C(C)(C)COc2ccc(NC(=O)Cc3ccsc3)cc21,OADMET-0003114,5.13,,,,,,
CN1C(=O)CCC(C(=O)Nc2cccc(-c3nnnn3C)c2)C1c1cnn(C)c1,OADMET-0002544,3.45,,,,,,
CN1C(=O)CCCC1C(=O)Nc1ccc(Oc2ccncc2)c(Cl)c1,OADMET-0002647,1.73,,,,,,
CN1C(=O)CCCc2occ(C(=O)N3CCc4c3ccc(Cl)c4Cl)c21,OADMET-0003324,5.86,,,,,,
CN1C(=O)CCc2cc(NC(=O)C(C)(C)c3ccccc3F)ccc21,,,1.466897264,2.558641382,,1.907250083,,
CN1C(=O)CN(C(=O)c2cnn(C3CCC3)c2)c2ccccc21,OADMET-0005243,3.98,,,,,,
CN1C(=O)COc2cc(NC(=O)C3CC=CC3)ccc21,,,0.675686709,1.967079734,,,,
CN1C(=O)COc2ccc(NC(=O)CCN3C(=O)COc4ccc(Cl)cc43)cc21,,,2.191260934,3.066508924,0.968937645,0.176091259,,
CN1C(=O)N(CC(=O)NCc2ccc(Cl)cc2)C(=O)C12CCCCC2,,,2.900687678,3.323269224,0.742348022,1.705007959,,
CN1C(=O)N(CC(=O)Nc2ccccc2-c2ccccc2)C(=O)C1(C)C,,,1.330088946,2.447496029,1.110659648,1.271609301,,
CN1C(=O)N[C@H](Cc2c[nH]c3c(Cl)cccc23)C1=O,,,0.933639113,1.887257114,,,,
CN1C(=O)OC(C)(C)C1=O,OADMET-0003736,2.69,,,,,,
CN1C(=O)[C@@H](NC(=O)c2nnc(Cc3ccccc3)[nH]2)COc2ccccc21,,,0.675686709,2.015812259,,1.618048097,,
CN1C(=O)[C@H](Cc2ccccc2)N[C@@H]1C(C)(C)C,,,1.731274412,2.873374086,-0.112926587,1.482015576,,
CN1C(=O)[C@H]2CN(CC3=CC[C@H]4C[C@@H]3C4(C)C)C[C@H]2C1=O,,,2.31529425,3.379188723,-0.114810548,,,
CN1C(=O)c2ccc(C(=O)N(CC3CCCCC3)C3CC3)cc2C1=O,,,2.089809768,3.414878461,,,,
CN1C(=O)c2ccc(C(=O)N3CCN(C4CCCCC4)CC3)cc2C1=O,,,1.266607954,2.137537666,,,,
CN1C(=O)c2cccc3c(S(=O)(=O)Nc4ccc5[nH]ccc5c4)ccc1c23,OADMET-0004419,4.55,,,,,,
CN1C(=O)c2cccn2CC1CNC(=O)CCc1c[nH]c2ccccc12,OADMET-0001426,4.87,,,,,,
CN1C(N)=N[C@](C)(c2cc(NC(=O)c3ccc(F)cn3)ccc2F)CS1(=O)=O,,,0.675686709,1.915521189,1.970451844,,1.560468571,1.491417728
CN1CC(=O)N(CC(=O)Nc2cccc(NC(=O)c3cccnc3)c2)C1=O,OADMET-0001261,3.15,,,,,,
CN1CC(=O)N(CCCC(=O)Nc2cccc(C#Cc3cccs3)c2)C1=O,,,1.29444418,2.86787684,0.63114069,1.635483747,,
CN1CC(=O)N(CCOc2ccccc2)C1=O,,,,,,1.36267093,,
CN1CC(CNC(=O)c2ccc(=O)n(-c3ccc(F)cc3)c2)Cc2ccccc21,OADMET-0005168,4.95,,,,,,
CN1CCC(=C2c3ccccc3CCc3sccc32)CC1,OADMET-0003805,4.42,1.179810223,3.329293921,-0.064603753,,,
CN1CCC(C(=O)N2CCC(c3cc(C(F)(F)F)c4c(n3)CCNC4=O)CC2)CC1,,,0.675686709,1.040087843,0.713042212,1.718501689,,
CN1CCC(C(=O)Nc2nc(-c3c[nH]c(C(N)=O)c3)cs2)c2ccccc21,OADMET-0004551,4.43,,,,,,
CN1CCC(CNC(=O)c2ncoc2-c2ccc(F)cc2)CC1,,,0.675686709,1.699941736,0.244581439,,,
CN1CCC(CNc2ccc3ncc(-c4cccc(OC(F)(F)F)c4)n3n2)CC1,,,1.958442761,2.561770861,,,,
CN1CCC(CNc2nccc3cccnc23)CC1,,,0.675686709,3.182323047,-0.068373028,,,
CN1CCC(Cc2cccc(-c3nccs3)n2)C1,,,1.633205779,3.306892099,0.066119855,,,
CN1CCC(N(Cc2cccnc2)C(=O)NCCCc2ccccc2)CC1,,,0.797890483,3.058604413,2.116985993,,,
CN1CCC(NC(=O)COc2ccc(C#N)cc2)CC1,,,0.675686709,1.027920136,0.386546103,1.546295835,,
CN1CCC(NC(=O)COc2ccccc2)C1c1ccc(F)c(F)c1,OADMET-0005000,4.57,,,,,,
CN1CCC(NS(=O)(=O)C2CN(C(=O)c3cccc(Cl)c3)C2)CC1,,,0.69399061,1.027920136,1.452864095,1.754348336,,
CN1CCC(O)(CNC(=O)C2CCCCCC2)CC1,,,0.675686709,2.661105317,1.049068338,,,
CN1CCC(O)(CNS(=O)(=O)CC2CCCCC2)CC1,,,0.675686709,2.588020584,0.46608173,,,
CN1CCC(OC(=O)Nc2ccc(Cl)c(Cl)c2)CC1,,,0.932930143,2.320391417,-0.400703495,1.941461739,,
CN1CCC(OCc2nc(-c3ccc(Oc4ccccc4C(F)(F)F)nc3)no2)CC1,OADMET-0005809,5.62,,,,,,
CN1CCC(n2ncc3[nH]c(-c4ccc5ccccc5c4)nc32)CC1,,,1.36890023,2.967422537,1.141719792,1.624282096,,
CN1CCCCC(N(C)C(=O)Cc2ccc3c(c2)OCO3)C1=O,OADMET-0005106,4.73,,,,,,
CN1CCCCC1C(=O)O,OADMET-0002223,2.1,,,,,,
CN1CCCN(C(=O)NCCOc2ccc3c(c2)OCO3)CC1,,,0.675686709,1.307709923,1.298090245,1.844849801,,
CN1CCCN(C(=O)Nc2cccc(OCC(F)F)n2)CC1,,,0.675686709,2.280705818,,,,
CN1CCCN(S(=O)(=O)c2cccc(NCc3cc(F)cc(C(F)(F)F)c3)c2)CC1,OADMET-0003425,5.59,,,,,,
CN1CCCN(c2nc(C(F)(F)F)nc3cc4c(cc23)OCO4)CC1,,,1.347661709,2.319788729,0.046589828,1.636588184,,
CN1CCC[C@@H]1CCO[C@](C)(c1ccccc1)c1ccc(Cl)cc1,,,1.395134107,3.038249682,,1.994141111,,
CN1CCC[C@H]1C(=O)N[C@@H](CO)Cc1ccccc1,,,0.854973674,2.498719839,0.443195938,,,
CN1CCCc2cc(CC(=O)Nc3ccccc3NS(=O)(=O)c3cccs3)ccc21,OADMET-0002822,5.47,,,,,,
CN1CCCn2c1cc(OCc1cc(F)c(Oc3ccc(C(F)(F)F)nc3)c(F)c1)nc2=O,,,1.291146762,2.100267129,1.07969281,,,
CN1CCN(C(=O)C(Cc2ccccc2)NC(N)=O)Cc2ccccc21,OADMET-0004629,4.41,,,,,,
CN1CCN(C(=O)C2(NC(=O)c3cc(Cl)c4c(c3)OCO4)CCCC2)CC1,,,0.675686709,1.576249182,,1.897682062,,
CN1CCN(C(=O)C2(NC(=O)c3ccc(C(F)(F)F)cc3)CCCC2)CC1,,,0.675686709,1.027920136,1.934414346,1.88149878,,
CN1CCN(C(=O)C2CCCCC2)CC1,OADMET-0002031,1.96,,,,,,
CN1CCN(C(=O)CCc2nc3ccccc3o2)C(c2ccccc2)C1,OADMET-0005904,4.39,,,,,,
CN1CCN(C(=O)CSCc2ccccc2Cl)[C@H]2CS(=O)(=O)C[C@H]21,OADMET-0001332,4.69,,,,,,
CN1CCN(C(=O)Nc2ccc(N3CCCCC3)nc2)Cc2ccccc21,OADMET-0003347,5.83,,,,,,
CN1CCN(C(=O)c2c3ccc(Br)cc3nn2C)c2ccc(F)cc21,OADMET-0003291,5.865,,,,,,
CN1CCN(C(=O)c2cc(Br)cnc2Cl)c2cnccc21,,,0.958611658,1.958238877,0.656606993,1.762228284,,
CN1CCN(C(=O)c2ccc(COc3ccc(C(C)(C)C)cc3)o2)CC1,OADMET-0001930,3.63,,,,,,
CN1CCN(C(=O)c2ccc(N3CCCC3)nn2)c2ccc(F)cc21,OADMET-0004452,4.89,,,,,,
CN1CCN(C(=O)c2ccc(S(C)(=O)=O)nc2)c2cc(F)ccc21,OADMET-0005845,4.84,,,,,,
CN1CCN(C(=O)c2ccc3cc(CCNc4ncnc5ccc(C#N)cc45)ccc3c2)CC1,,,1.912965621,2.376649942,,,,
CN1CCN(C(=O)c2cccc3[nH]c(-c4cccs4)nc23)CC12CCOC2,OADMET-0005392,4.43,,,,,,
CN1CCN(C2=c3ccccc3=Nc3ccc(Cl)cc3N2)CC1,,,,,-0.097029501,1.764699064,,
CN1CCN(CCCN2c3ccccc3Sc3ccc(C(F)(F)F)cc32)CC1,OADMET-0003552,4.24,,,,,,
CN1CCN(CCCN2c3ccccc3Sc3ccc(Cl)cc32)CC1,OADMET-0003555,4.0,,,,,,
CN1CCN(CCOc2ccccc2N)CC1,,,0.904499155,2.115344196,-0.26149444,1.580810973,,
CN1CCN(Cc2ccc(N)cc2C(F)(F)F)CC1,OADMET-0002165,2.92,,,,,,
CN1CCN(Cc2ccc3c4c(cccc24)C(=O)OC3)CC1c1ccccc1,OADMET-0001015,4.0,,,,,,
CN1CCN(Cc2nnc(C3CCN(C(=O)Cn4ncnn4)CC3)n2C)CC1,OADMET-0001329,3.05,,,,,,
CN1CCN(Cc2noc(Cc3ccccc3)n2)c2ccccc21,,,2.53226377,3.300817574,-0.193289967,1.149219113,,
CN1CCN(S(=O)(=O)Cc2ccc(Cl)c(Cl)c2)CC1,,,1.530250939,2.947691967,-0.250186338,,,
CN1CCN(S(=O)(=O)c2cc3ccccc3o2)C(c2ccccc2)C1,OADMET-0003487,4.94,,,,,,
CN1CCN(S(=O)(=O)c2ccc(-c3cnc(N)c(C(=O)Nc4cccnc4)n3)cc2)CC1,,,2.095078646,2.827400293,1.859838654,,1.078638038,0.915558115
CN1CCN(S(=O)(=O)c2ccc(C(F)(F)F)nc2)C(C)(C)C1,,,1.625353614,2.820328904,-0.192567424,,,
CN1CCN(S(=O)(=O)c2cnn(C3CCCC3)c2)C(c2ccccc2)C1,OADMET-0004837,5.37,,,,,,
CN1CCN(c2ccc(N)cc2)CC1,OADMET-0002105,1.86,,,,,,
CN1CCN(c2ccc(NC(=O)c3ccc(S(=O)(=O)N4CCCc5ccccc54)cc3)cc2)CC1,,,2.720869311,2.861773297,0.943247431,1.005180513,,
CN1CCN(c2ccc(NC(=O)c3ccccc3Cl)nc2)CC1,,,0.675686709,2.54333533,-0.281105523,1.660486016,,
CN1CCN(c2ccc(NC(=O)c3sc4ccccc4c3Cl)cc2)CC1,OADMET-0001890,3.37,,,,,,
CN1CCN(c2ccc3nc(-c4cc(C(C)(C)C)c(OCCCC(=O)NCCCN=[N+]=[N-])c(C(C)(C)C)c4)[nH]c3c2)CC1,,,2.248341157,2.326528383,,,,
CN1CCN(c2cccc(C#N)n2)CC1,,,0.675686709,2.790511755,,,,
CN1CCN(c2ncncc2-c2nc(-c3ccccc3)no2)CC1,,,1.449324093,2.684593146,-0.277985961,1.751048035,,
CN1CCN(c2oc(-c3cccc4ccccc34)nc2C#N)CC1,,,1.974396541,3.203969854,-0.439979347,,,
CN1CCN2c3ncccc3Cc3ccccc3C2C1,OADMET-0003616,4.04,,,,,,
CN1CCNCC1,OADMET-0002153,1.8,,,,,,
CN1CCNc2nc3ccccc3nc21,,,1.869255194,2.156709635,-0.173210403,,,
CN1CCOC(C(=O)Nc2cc(C(F)(F)F)c3cn[nH]c3c2)C1,OADMET-0003942,5.44,,,,,,
CN1CCOC(C(=O)Nc2nnc(Cc3ccc(Cl)cc3)s2)C1,OADMET-0004628,4.15,,,,,,
CN1CCOC(CN(CC2CC2)S(=O)(=O)c2ccc3c(c2)CCCO3)C1,OADMET-0005284,4.93,,,,,,
CN1CCOc2ccc(NC(=O)c3cc4cc(F)ccc4[nH]3)cc21,OADMET-0004182,4.9,,,,,,
CN1CC[C@@H](c2c(O)cc(O)c3c(=O)cc(-c4ccccc4Cl)oc23)[C@@H]1CO,,,1.430671559,2.152526835,2.08709309,1.812311609,,
CN1CCc2c(c3ccccc3n2Cc2ccccc2)C1,OADMET-0004678,5.08,,,,,,
CN1CCc2cc(NC(=O)CC3CCc4ccccc43)ccc2C1=O,OADMET-0004731,5.25,,,,,,
CN1CCc2ccc(C(=O)NCCC(=O)Nc3cccnc3)cc21,,,0.791409916,1.937758543,1.637796544,,,
CN1CCc2ccc(NC(=O)Cc3cccc(F)c3F)cc2C1=O,OADMET-0005064,4.99,,,,,,
CN1CCc2nc(C(=O)N[C@H]3C[C@@H](C(=O)N(C)C)CC[C@@H]3NC(=O)C(=O)Nc3ccc(Cl)cn3)sc2C1,,,0.675686709,1.027920136,2.251464495,,,
CN1CCc2nc(NC(=O)c3ccc(Cl)s3)sc2C1,,,1.301160264,2.678538409,-0.231966782,1.688419822,,
CN1CCc2nc(NC(=O)c3cncn3-c3ccccc3)sc2C1,,,0.707995746,1.803368336,1.306726149,1.63748973,,
CN1CCc2ncnc(N3CCCN(c4nccs4)CC3)c2C1,,,1.367765791,2.117619255,0.677908983,1.635986112,,
CN1C[C@H](C(=O)N[C@]2(C)O[C@@]3(O)[C@@H]4CCCN4C(=O)[C@H](Cc4ccccc4)N3C2=O)C[C@@H]2c3cccc4[nH]cc(c34)C[C@H]21,OADMET-0003706,4.92,,,,,,
CN1Cc2c(N)cccc2C(c2ccccc2)C1,OADMET-0003704,4.19,,,,,,
CN1N=C(SCc2ccc(Cl)cc2Cl)Sc2c1cnn(C)c2=O,,,2.13664448,3.276576911,,,,
CN1[C@@H]2CC[C@H]1C[C@H](OC(c1ccccc1)c1ccccc1)C2,,,0.993700695,3.037733185,0.867508889,1.716837723,1.106122874,1.180842415
CNC(=O)C(NC(=O)c1cc(C)ccc1O)c1ccccc1,OADMET-0006005,4.4,,,,,,
CNC(=O)C(NC(=O)c1ccc2c(C=O)c[nH]c2c1)c1ccccc1,OADMET-0001691,3.47,,,,,,
CNC(=O)C1(Cc2ccc(-c3cccnc3)cc2)CCN(Cc2ccc(F)cc2)C1,,,2.35761091,2.878798599,0.184537071,,1.021602716,0.918868743
CNC(=O)C1(Cc2ccc(-c3cccnc3)cc2)CCN(Cc2cccc(F)c2)C1,,,2.447729993,2.992100431,0.121230488,,0.829753919,0.531095547
CNC(=O)C1(Cc2ccc(-c3cccnc3)cc2)CCN(Cc2ccccc2Cl)C1,,,2.649622021,2.747637831,-0.017278025,,0.387567779,0.273695588
CNC(=O)C1(Cc2ccc(-c3ccncc3)cc2)CCN(Cc2cccc(F)c2)C1,,,2.398082434,2.949896713,,1.759667845,1.10503305,0.715167358
CNC(=O)C1(NC(=O)c2nccn2C)CCCCC1,OADMET-0001238,3.33,,,,,,
CNC(=O)C1CCN(Cc2ncc(-c3ccc(F)cc3)o2)CC1,,,0.675686709,1.05095946,0.68632098,1.29666519,,
CNC(=O)C1CCN(c2ncc(Cl)cn2)C1,OADMET-0001118,3.14,,,,,,
CNC(=O)C1CN(C(=O)C2CCc3cc(C)ccc3O2)c2ccccc2O1,OADMET-0005861,4.63,,,,,,
CNC(=O)C1Cc2ccccc2N1C(=O)Cc1c[nH]c2cccc(C)c12,OADMET-0002751,5.13,,,,,,
CNC(=O)C1Cc2ccccc2N1C(=O)c1cccc(OCC(F)(F)F)n1,OADMET-0005428,5.0,,,,,,
CNC(=O)CC1C(=O)NCCN1C(=O)NCc1nc2cc(F)ccc2[nH]1,OADMET-0001297,2.6,,,,,,
CNC(=O)CC1CCN(S(=O)(=O)c2cc(C(F)(F)F)ccc2NC2CCC2C2CC2)CC1,OADMET-0003489,5.3,,,,,,
CNC(=O)CC1CCN(c2ncccn2)CC1,,,0.675686709,1.027920136,-0.084611841,1.698970004,,
CNC(=O)CCOc1ccc(Nc2ncnc3ccsc23)cc1,OADMET-0003461,1.76,,,,,,
CNC(=O)CCc1nc(-c2ccccn2)no1,,,0.675686709,1.027920136,0.019773726,1.702861171,,
CNC(=O)CN(C)c1cccc(F)c1C#N,,,0.675686709,1.181957861,-0.131891955,1.532754379,,
CNC(=O)CN(Cc1cccc(C(F)(F)F)c1)C(=O)C(C)NC(=O)C1CCC1,OADMET-0005193,4.81,,,,,,
CNC(=O)CN1CCC(c2ccccc2)c2ccccc21,OADMET-0005386,4.88,,,,,,
CNC(=O)CN1CCCN(C(=O)c2c(C)nn(-c3ccccc3)c2Cl)CC1,,,0.675686709,1.943123377,1.914378256,1.698100546,,
CNC(=O)CNc1cccc(-c2cn(Cc3cc4ccc(F)cc4[nH]c3=O)nn2)c1,OADMET-0004394,4.1,,,,,,
CNC(=O)Cc1ccc(NC(=O)NCC2CCCN(S(C)(=O)=O)C2)cc1,OADMET-0000992,3.26,,,,,,
CNC(=O)Cc1cccc(OCCN2CCCCC2)c1,,,0.675686709,1.757995427,1.070491415,,,
CNC(=O)Cc1csc(-c2ccc(C)cc2)n1,,,2.033568496,3.002748188,-0.150116795,0.608526034,,
CNC(=O)Cc1nc(-c2cncc(C)c2)cs1,,,0.767601068,1.160198326,-0.00963411,1.574956776,,
CNC(=O)Cc1noc(-c2ccc3ncccc3c2)n1,,,0.675686709,1.337539124,,,,
CNC(=O)Cn1cc(-c2cccc(C(=O)NCCN3CCCOC3=O)c2)cn1,OADMET-0001121,2.84,,,,,,
CNC(=O)Cn1cc(NCc2cccc(-c3ccc(C)cc3)c2)cn1,OADMET-0005643,4.29,,,,,,
CNC(=O)Cn1ccc2cc(OC)ccc21,,,0.675686709,1.999652425,-0.177851664,1.600646236,,
CNC(=O)Cn1ccc2ccc(NC(=O)C3(c4cc(F)cc(F)c4)CCCC3)cc21,OADMET-0003513,5.66,,,,,,
CNC(=O)N1CCc2nc3ccc(Cl)cn3c(=O)c2C1,,,0.675686709,1.027920136,0.789322338,1.703377369,,
CNC(=O)Nc1cccc(C(=O)Nc2ccc3[nH]c(-c4ccncc4)nc3c2)c1,OADMET-0003361,1.88,,,,,,
CNC(=O)[C@H](Cc1c[nH]c2ccccc12)NC(=O)c1cc(C#N)c(SC)[nH]c1=O,OADMET-0003468,1.85,,,,,,
CNC(=O)[C@H]1O[C@@H](n2cnc3c(NCc4cccc(I)c4)ncnc32)[C@H](O)[C@@H]1O,,,2.289894278,3.566639684,,,,
CNC(=O)c1cc(-c2ccccc2)no1,,,,,,1.567731963,,
CNC(=O)c1cc(C2CCN(C)CC2)ncn1,,,0.675686709,1.027920136,-0.217981666,1.511883361,,
CNC(=O)c1cc(Oc2ccc(NC(=O)Nc3ccc(Cl)c(C(F)(F)F)c3)c(F)c2)ccn1,OADMET-0003658,1.87,,,,,,
CNC(=O)c1cc[nH]c1C1CCCN(C(=O)CN2CCCC2=O)C1,OADMET-0001433,2.36,,,,,,
CNC(=O)c1ccc(-c2nnc(-c3cccc(C)c3)o2)cc1,,,,,,-0.677780705,,
CNC(=O)c1ccc(/C=C/c2nc3cc(Cl)ccc3o2)cc1,,,,,-0.223096778,-0.119186408,,
CNC(=O)c1ccc(C(=O)N2CCC(C)C2c2cccc(F)c2)cn1,OADMET-0005732,5.12,,,,,,
CNC(=O)c1ccc(CN(C)C(=O)NC2CCCN(c3cccc(F)c3)C2)cc1,OADMET-0005998,4.83,,,,,,
CNC(=O)c1ccc(CN(C)c2c(F)cc(C#N)cc2F)cc1,,,1.058995094,2.375840953,-0.225310643,1.197004728,,
CNC(=O)c1ccc(CNC(=O)c2nnc3nc(C)cc(C)n23)o1,OADMET-0001153,3.48,,,,,,
CNC(=O)c1ccc(N(C)C2CCC2)nn1,,,1.394504213,1.605595915,-0.232246634,1.674585602,,
CNC(=O)c1ccc(N2C(=S)N(c3cnc(C#N)c(C(F)(F)F)c3)C(=O)C23CCC3)cc1F,OADMET-0003797,4.26,,,,,,
CNC(=O)c1ccc(N2CCCC2)nc1,,,1.650200637,1.764295715,-0.236228965,1.540329475,,
CNC(=O)c1ccc(N2CCCc3cc(OC)ccc3C2)nn1,,,1.073168262,2.93425346,-0.052542282,,,
CNC(=O)c1ccc(Nc2ncc(C(F)(F)F)c(NCc3nccnc3N(C)S(C)(=O)=O)n2)cc1,,,1.448226941,2.148278664,,0.278753601,,
CNC(=O)c1ccc(OC)c(NC(=O)C2Cc3cc(Cl)ccc3O2)c1,OADMET-0005047,4.88,,,,,,
CNC(=O)c1ccc(OC)c(NCc2cccc(OC)c2)c1,OADMET-0004281,4.85,,,,,,
CNC(=O)c1ccc(S(=O)(=O)NCc2nonc2C)cc1,OADMET-0001274,3.68,,,,,,
CNC(=O)c1ccc(S(=O)(=O)N[C@H](C(=O)O)C(C)C)cc1,OADMET-0000958,2.56,,,,,,
CNC(=O)c1ccc2c(c1)CCO[C@H]2CCN1CCN(c2ccc(C(N)=O)cc2)CC1,,,0.675686709,1.027920136,1.333228789,1.95438725,,
CNC(=O)c1ccc2c(c1)NC(=O)/C2=C(\Nc1cccc(CN(C)C)c1)c1ccccc1,,,,,,0.923761961,,
CNC(=O)c1cccc(Cn2nnc(-c3ccccc3Cl)n2)c1,,,1.216482597,2.889505633,0.96991259,1.360404055,,
CNC(=O)c1cccc(NC(=O)N2CCC(Oc3cccc(F)c3)C2)c1,OADMET-0002750,3.43,,,,,,
CNC(=O)c1cccc(NC(=O)N2CCC(Oc3ccccc3Cl)CC2)c1,,,0.819280647,2.348908172,1.300833724,1.837525309,1.068760828,
CNC(=O)c1cccc(Oc2ncnc3c2CN(C)CC3)c1,,,0.675686709,1.027920136,1.283347211,1.670987603,,
CNC(=O)c1ccccc1Nc1nc(Nc2ccc(N3CCOCC3)cc2OC)ncc1Cl,,,1.173696047,1.978150832,0.485783711,0.288919606,,
CNC(=O)c1cccnc1N1CCc2ccccc2C(C)(C)C1,OADMET-0005596,4.79,,,,,,
CNC(=O)c1ccsc1NC(=O)N1CCOC(c2ccccc2)C1,OADMET-0004216,4.24,,,,,,
CNC(=O)c1cn(C)nc1CC1CCN(Cc2cnc(-c3ccc(OC)cc3)nc2)CC1,,,0.675686709,1.37794338,1.31340841,1.759743368,,
CNC(=O)c1cnc(/C=C/c2csc(-c3cccs3)n2)s1,,,1.535926741,2.335905004,-0.28333235,0.948412966,,
CNC(=O)c1ncoc1C1C2CC1N(C(=O)Cc1ccc(Cl)cc1Cl)C2,OADMET-0006046,5.13,,,,,,
CNC(=O)c1noc(CN2CCC3(CC2)Nc2ccccc2NC3=O)n1,OADMET-0000946,2.52,,,,,,
CNC(=O)c1sc2ncccc2c1[C@H]1CC[C@H](CNC(=O)CCc2ccccc2)CC1,,,2.313316625,3.164344229,1.52726544,1.790496277,,
CNC(=O)c1sc2ncccc2c1[C@H]1CC[C@H](CNC(=O)COc2ccccc2)CC1,,,2.011138895,3.027395685,1.490875382,1.959851955,,
CNC(C)Cc1ccccc1OC,OADMET-0003540,2.09,,,,,,
CNC1(C)C2CCC(C2)C1(C)C,OADMET-0003729,2.93,,,,,,
CNCC(=O)Nc1cc(Cl)c(OCCOC)c(Cl)c1,,,,,,1.941014244,,
CNCCCC(=O)Nc1ccc(Oc2cccc(Br)c2)nc1,OADMET-0005321,4.29,,,,,,
CNCCN1CCC(OCc2ccccc2)CC1,,,1.667537002,2.154019011,,1.740678425,,
CNCCc1ccccn1,OADMET-0003539,2.38,,,,,,
CNC[C@H](O)c1cccc(O)c1,OADMET-0003543,1.82,,,,,,
CNCc1cc(N(C)C)nc(C2CCCN2C(=O)C2CCCC2)n1,,,0.675686709,2.396668271,1.658677005,,,
CNCc1cc(N(C)C)nc(C2CCCN2C(=O)C2CN(Cc3ccc(Cl)cc3)C2)n1,,,0.937517892,1.452920564,1.66984561,,,
CNCc1cc(N(C)C)nc(C2CCCN2C(=O)CCc2c[nH]c3ccccc23)n1,,,1.704502273,2.591536507,1.544932541,,,
CNCc1cc(N(C)C)nc(C2CCCN2C(=O)COC)n1,,,0.675686709,1.027920136,0.703676119,,,
CNCc1cc(N(C)C)nc(C2CCCN2C(=O)COc2ccc(F)cc2)n1,,,0.675686709,2.388197148,1.669440592,,,
CNCc1cc(N(C)C)nc(C2CCCN2C(=O)c2ccccc2-c2ccccc2)n1,,,1.488790358,2.358298512,1.815801884,,,
CNCc1cc(N(C)C)nc(C2CCCN2C(=O)c2oc3ccc(Cl)cc3c2C)n1,,,1.650773629,2.924283422,2.06814925,,,
CNCc1cc(NC)nc(C2CCCN2C(=O)C(C)(C)c2ccc(C)cc2)n1,,,1.208548842,2.184384762,1.565545224,,,
CNCc1cc(NC)nc(C2CCCN2C(=O)COc2ccccc2OC)n1,,,0.675686709,1.654147652,0.077643742,,,
CNCc1ccco1,OADMET-0002089,1.95,,,,,,
CNS(=O)(=O)c1ccc(CCC(=O)NCc2nc(COC)no2)cc1,OADMET-0001016,3.28,,,,,,
CNS(=O)(=O)c1ccc(CCNC(=O)c2cc(-c3ccncc3)nc3ccccc23)cc1,OADMET-0004710,4.56,,,,,,
CNS(=O)(=O)c1cccc(C(C)NC(=O)c2ccc3noc(-c4ccc(F)cc4)c3c2)c1,OADMET-0002879,5.42,,,,,,
CNS(=O)(=O)c1cccc2c1CCN(C(=O)C1(c3ccccc3C)CCC1)C2,OADMET-0003048,6.46,,,,,,
CNS(=O)(=O)c1csc(C(=O)Nc2ccc(Oc3ccccc3Cl)cc2)c1,OADMET-0002672,1.72,,,,,,
CN[C@@H](C)C(=O)N[C@H](C(=O)N1CCC[C@H]1C(=O)Nc1snnc1-c1ccccc1)C1CCCCC1,,,,,1.679480998,,,
CNc1cc(C)nc(-c2ccnc3c2ccn3C)n1,,,1.932843975,1.914776706,,1.465382851,,
CNc1cc(CC2CCNCC2)ncn1,,,,,,1.486005186,,
CNc1cc(Nc2cccn(-c3ccccn3)c2=O)nn2c(C(=O)N[C@@H]3C[C@@H]3F)cnc12,,,0.675686709,1.392169149,1.493167369,0.089905111,0.991226076,0.51851394
CNc1ccc(/C=C/C=C/c2nc3ccc(O)cc3s2)cn1,,,,,,-0.657577319,,
CNc1ccc(/C=C/c2ccc(OCCOCCOCCF)nc2)cc1,,,2.402383484,2.751363029,-0.273671847,,,
CNc1ccc(C#N)cc1NS(=O)(=O)c1c[nH]c2cc(C(F)(F)F)ccc12,OADMET-0003328,5.13,,,,,,
CNc1ccc(Cl)cc1,OADMET-0002128,2.87,,,,,,
CNc1ccc(OC2CCN(C(=O)CCc3nc4ccccc4[nH]3)C2)nc1,OADMET-0001397,4.38,,,,,,
CNc1ccccc1C(=O)NCc1ccn(C2CCCC2)n1,OADMET-0002928,5.54,,,,,,
CNc1nc(-c2cc(OC)cc(OC)c2)ncc1F,,,1.568975721,2.07021155,-0.389627958,1.408748606,,
CNc1nc(C)cc(-c2ccc(C(=O)NCCc3n[nH]c(=O)n3C)cc2)n1,OADMET-0000945,3.26,,,,,,
CNc1nc(C)cc(C(=O)N2CCN(C)c3ccc(F)cc32)n1,OADMET-0005731,5.11,,,,,,
CNc1nc(C)cc(C(=O)Nc2ccc3[nH]ncc3c2)n1,,,1.328705712,,-0.181247003,,1.493625323,
CNc1nc(C)nc(N[C@H]2CCC[C@@H](C(=O)NCc3ccc(C#N)cc3C(F)(F)F)C2)n1,,,1.265030198,1.960570659,2.033209193,,,
CNc1nc(C2CCNCC2)nc2c1CN(C)CC2,,,0.978134847,1.464370301,,1.559308011,,
CNc1nc(N2CCCCC2)nc(N2CCCCC2)n1,,,1.738312727,2.903508879,,1.430719888,,
CNc1nc(Nc2cnn([C@H]3CCN(C4COC4)C[C@@H]3F)c2Cl)ncc1C(F)(F)F,,,1.02596091,1.784560239,0.117134507,,,
CNc1ncc(-c2nc(C3(c4ccccc4)CC3)nn2C(C)(C)C)cn1,,,1.788642017,2.943585026,-0.002023625,0.582063363,,
CNc1ncc(CN(C)CCN2CCCCC2)cn1,,,0.823343791,1.757213769,0.053952319,,,
CNc1ncc2cc(-c3ccc(-c4cccc(C)n4)cc3Cl)c(=O)n(C[C@H]3OC[C@H](N)CO3)c2n1,,,0.675686709,2.229894203,,,,
CNc1ncnc2c1ncn2[C@H]1CC[C@H](NC(=O)CCCNC(=O)OC(C)(C)C)[C@H](O)[C@H]1O,,,0.705692697,1.298547435,0.505293073,,,
COC(=O)C(C)(C)Cc1cn(-c2ccc(C(C)C)cc2)nn1,OADMET-0002761,5.41,,,,,,
COC(=O)C1(N(C)S(=O)(=O)c2cccc(Cl)c2)CC(OC)C1,OADMET-0005852,4.73,,,,,,
COC(=O)C1=C(C)NC(C)=C(C(=O)OCC(C)C)C1c1ccccc1[N+](=O)[O-],OADMET-0003630,5.66,,,,,,
COC(=O)C1=C(C)NC(C)=C(C(=O)OCCN(C)Cc2ccccc2)C1c1cccc([N+](=O)[O-])c1,OADMET-0003747,5.28,,,,,,
COC(=O)C1=NOC2(CCN(CCC(C)(C)C)CC2)C1,,,2.159209144,2.478225852,-0.323809424,,,
COC(=O)C1=NOC2(CCN(CCCCCF)CC2)C1,,,2.299204298,2.853308145,-0.334081766,,,
COC(=O)C1CCN(C(=O)c2cc3ccccc3oc2=O)CC1,OADMET-0001942,2.82,,,,,,
COC(=O)C1CCNCC1,OADMET-0002178,2.45,,,,,,
COC(=O)C1CCn2c(CCCOc3ccc(Cl)cc3C)nnc2C1,OADMET-0005909,4.77,,,,,,
COC(=O)C1CN(C(=O)Nc2ccn3cnnc3c2)Cc2ccccc21,OADMET-0004936,3.97,,,,,,
COC(=O)C1CN(S(=O)(=O)N2CCCC2C)Cc2ccccc21,OADMET-0004931,5.36,,,,,,
COC(=O)CC1=NN(c2ccc(OC)cc2)C(=O)/C1=C(/C)NCc1ccc(OC)cc1,,,2.43432774,2.701906309,0.099820888,0.357934847,,
COC(=O)CC1CN(C(=O)c2cc(C(F)(F)F)ccn2)c2ccccc21,OADMET-0002988,5.18,,,,,,
COC(=O)CCCNC(=O)CN1CCC(C(=O)c2ccc(C)cc2C)CC1,,,2.809258634,3.280152289,0.517360549,,,
COC(=O)CCc1ccccc1C(=O)N(C)CC(C)C1CCCCC1,OADMET-0002834,5.64,,,,,,
COC(=O)CN(C(=O)c1cn(Cc2ccccc2)c2ccccc12)C1CC1,OADMET-0002914,5.46,,,,,,
COC(=O)CN(CCc1ccccc1)C(=O)c1ccc(C2(C(F)(F)F)N=N2)cc1,OADMET-0003514,5.35,,,,,,
COC(=O)Cc1ccccc1S(=O)(=O)Nc1ccc(-c2nc(C3CC3)n[nH]2)cc1,OADMET-0004567,4.92,,,,,,
COC(=O)Cc1nn(C)c(C)c1-c1cccc(OC)c1OC,OADMET-0004784,4.73,,,,,,
COC(=O)N1CC(NCc2c(C)nn(C(C)(C)C)c2C)C1,,,0.675686709,1.78651008,0.254016455,,,
COC(=O)N1CCCN(C(=O)C(=O)Nc2cccc(C(C)C)c2)CC1,,,1.82087111,3.0852995,0.028796796,1.766189693,,
COC(=O)N1CCCN(C(=O)c2ccc(-c3ccccc3Cl)o2)CC1,,,2.241150355,3.685872813,-0.179893138,1.770115295,,
COC(=O)N[C@H](C(=O)N1CCC[C@H]1c1ncc(-c2ccc(-c3ccc(-c4cnc([C@@H]5CCCN5C(=O)[C@@H](NC(=O)OC)C(C)C)[nH]4)cc3)cc2)[nH]1)C(C)C,OADMET-0003663,4.57,,,,,,
COC(=O)N[C@H](C(=O)N[C@@H](Cc1ccccc1)[C@@H](O)CN(Cc1ccc(-c2ccccn2)cc1)NC(=O)[C@@H](NC(=O)OC)C(C)(C)C)C(C)(C)C,OADMET-0003700,5.52,,,,,,
COC(=O)N[C@H](C)CNc1nccc(-c2cn(C(C)C)nc2-c2cc(Cl)cc(NS(C)(=O)=O)c2F)n1,,,1.168644777,1.822965298,2.112230821,,,
COC(=O)Nc1ccc(Oc2nc3ccccc3o2)cc1,,,0.675686709,1.463878065,-0.264923712,1.346352974,,
COC(=O)Nc1cccc(NS(=O)(=O)c2ccc3ccccc3c2)c1C,OADMET-0004865,5.37,,,,,,
COC(=O)Nc1nc2ccc(C(=O)c3ccccc3)cc2[nH]1,OADMET-0003582,1.79,,,,,,
COC(=O)Nc1nc2ccccc2[nH]1,,,,,,0.90579588,,
COC(=O)[C@@H](NC(=O)CN1CC(OC)C(C)(C)C1)C(C)C,OADMET-0004849,4.3,,,,,,
COC(=O)[C@@H]1C[C@H](O)CN1CC#Cc1ccc(Cl)cc1,,,,,-0.167037556,1.50242712,,
COC(=O)[C@@H]1C[C@H](O)CN1CCc1ccccc1F,,,,3.528063335,-0.138984766,1.753965866,,
COC(=O)[C@@H]1Cc2ncn(Cc3ccccc3)c2CN1C(C)=O,,,0.796851749,1.988170861,1.244487404,1.507855872,,
COC(=O)[C@H](c1ccccc1Cl)N1CCc2sccc2C1,OADMET-0003714,4.54,,,,,,
COC(=O)[C@H]1[C@H]2CC[C@H]2CN1C(=O)CCc1n[nH]c2ccccc12,OADMET-0006056,4.58,,,,,,
COC(=O)[C@H]1[C@H]2C[C@@H]3c4[nH]c5cc(OC)ccc5c4CCN3C[C@H]2C[C@@H](OC(=O)c2cc(OC)c(OC)c(OC)c2)[C@@H]1OC,OADMET-0003554,4.71,,,,,,
COC(=O)[C@]12CCC(C)(C)CC1C1C(=O)C=C3[C@@]4(C)C=C(C#N)C(=O)C(C)(C)[C@@H]4CC[C@@]3(C)[C@]1(C)CC2,,,1.970769805,2.508843375,,0.498310554,,
COC(=O)[C@]12CCC[C@H]1N(C(=O)c1cc(C(O)C(F)(F)F)ccn1)CCC2,OADMET-0003167,5.63,,,,,,
COC(=O)c1[nH]c(C)cc1NC(=O)c1cc(-c2ccccc2)nc2c1c(C)nn2C,OADMET-0002844,5.88,,,,,,
COC(=O)c1[nH]c2ccc(Br)cc2c1C=O,OADMET-0001688,3.48,,,,,,
COC(=O)c1c(C)[nH]c(C(=O)N(C)Cc2ccc(OC)c(F)c2)c1C,,,1.740560051,2.771466214,0.175740046,1.674585602,,
COC(=O)c1c(C)[nH]c(C(=O)OCC(=O)N(C)Cc2cccs2)c1C,,,1.733526273,2.68463624,0.167772727,1.608526034,,
COC(=O)c1c(CN(CC2CCCC(C)C2)OC)nn2c1CCCC2,OADMET-0003314,5.77,,,,,,
COC(=O)c1c(CNC(=O)Nc2c(Cl)ccc3c2OC(C)(C)C3)nn2c1CCCC2,OADMET-0002659,5.87,,,,,,
COC(=O)c1c(CNC(=O)c2cnnn2-c2ccccc2)nn2c1CCCC2,OADMET-0002796,5.0,,,,,,
COC(=O)c1c(CNS(=O)(=O)c2ccc(F)c(C(=O)N3CCCC3)c2)nn2c1CCCC2,OADMET-0004950,5.33,,,,,,
COC(=O)c1c(COc2ccc(C3CC3)cc2Cl)nn2c1CCCC2,OADMET-0002657,5.76,,,,,,
COC(=O)c1c(S(=O)(=O)N[C@H]2C[C@H](c3ccc(Cl)cc3)C2)c(C)nn1C,OADMET-0004998,5.08,,,,,,
COC(=O)c1cc(-c2ccc(C)cc2)n(-c2nccnc2C)n1,OADMET-0002759,4.74,,,,,,
COC(=O)c1cc(-c2ccoc2)n(CC2CCCCO2)n1,OADMET-0005314,4.34,,,,,,
COC(=O)c1cc(-c2csc(NC(=O)c3ccc(OC)cc3)n2)c[nH]1,OADMET-0002795,5.029999999999999,,,,,,
COC(=O)c1cc(C#N)c(N(C)Cc2noc(C(C)C)n2)nc1C,OADMET-0000973,4.06,,,,,,
COC(=O)c1cc(C)c2c(c1)CCCN2C(=O)c1cc(OC)no1,OADMET-0005015,4.8,,,,,,
COC(=O)c1cc(Cl)cc(C)c1NC(=O)C1CCCCO1,OADMET-0005719,4.86,,,,,,
COC(=O)c1cc(F)c(C)c(NC(=O)CCCc2ccccn2)c1,,,2.900555555,3.224233848,-0.105086921,1.633468456,,
COC(=O)c1cc(NC(=O)N2CC(C(F)(F)F)OC(C)(C)C2)cc2[nH]ccc12,OADMET-0004653,4.72,,,,,,
COC(=O)c1cc(S(=O)(=O)N(CCC2CC2)CC2CC2)n(C)c1,OADMET-0002976,4.93,,,,,,
COC(=O)c1cc2c(N3CC(C)c4ccc(OC)cc43)ncnc2[nH]1,OADMET-0003216,1.78,,,,,,
COC(=O)c1cc2c(n1C)CCN(C(=O)c1cccc3[nH]c(=O)n(CC(C)(C)C)c13)C2,OADMET-0005070,5.3,,,,,,
COC(=O)c1ccc(-c2ccc(C(=O)N(C)CC(O)CO)cc2)c(CO)c1,OADMET-0001126,2.5,,,,,,
COC(=O)c1ccc(C(=O)N[C@H]2CC[C@H]2c2ccccc2)n1C,OADMET-0005437,5.16,,,,,,
COC(=O)c1ccc(CSc2nnc(-c3c[nH]c4ccccc34)n2C2CC2)cc1F,OADMET-0004841,5.41,,,,,,
COC(=O)c1ccc(Cl)cc1-c1cn([C@H]2CC[C@H]2F)nn1,OADMET-0005182,4.87,,,,,,
COC(=O)c1ccc(NC(=O)Cc2sc(C)nc2-c2ccc(OC)cc2)cc1,OADMET-0005131,4.46,,,,,,
COC(=O)c1ccc(NC(=O)N(C)Cc2ccccc2CN2CCCC2)cc1,,,1.25947442,2.442799493,0.894896297,1.610660163,,
COC(=O)c1ccc(NC(=O)N[C@@H]2C[C@@H](C)Oc3ccccc32)cc1OC,OADMET-0005259,4.38,,,,,,
COC(=O)c1ccc(NS(=O)(=O)c2ccc3c(c2)n(C)c(=O)n3C)cc1,,,,,1.3108139,1.193124598,,
COC(=O)c1ccc2c(c1)CCCCN2Cc1cnc2n1CCOC2,OADMET-0004939,4.71,,,,,,
COC(=O)c1ccc2c(c1)CCN2S(=O)(=O)c1ccc(Cl)c(C(F)(F)F)c1,,,,,,-0.045757491,,
COC(=O)c1ccc2c(c1)NC(=O)/C2=C(\Nc1ccc(N(C)C(=O)CN2CCN(C)CC2)cc1)c1ccccc1,OADMET-0003572,1.82,,,,,,
COC(=O)c1cccc(-c2nc(-c3cn(CC4CCCCNC4)nn3)cs2)c1,OADMET-0005527,4.09,,,,,,
COC(=O)c1cccc(NC(=O)CN2C(=O)NC(Cc3ccccc3)(c3ccccc3)C2=O)c1,OADMET-0004896,4.77,,,,,,
COC(=O)c1cccc2c1CCCN2C(=O)c1ccc(F)cc1F,,,3.060029646,3.301822511,-0.149727787,,,
COC(=O)c1cccc2c1CCCN2C(=O)c1ccccc1,,,2.892047273,3.310941925,-0.324209995,,,
COC(=O)c1ccccc1CNC(=O)c1nn[nH]c1C1CC1,OADMET-0005157,4.8,,,,,,
COC(=O)c1cnc(NC(=O)c2ccccc2OC2CCCC2)s1,OADMET-0005621,4.95,,,,,,
COC(=O)c1cnc(NC(C)c2nccc(C)n2)cc1C(F)(F)F,OADMET-0003375,5.19,,,,,,
COC(=O)c1cnc(NC2CCCCCN(C(=O)C3CCC3(F)F)C2)nc1,OADMET-0005961,4.61,,,,,,
COC(=O)c1cnn(C)c1NC(=O)C(=O)NC1(Cc2ccc(Cl)cc2Cl)CCC1,OADMET-0003107,5.48,,,,,,
COC(=O)c1sccc1C(=O)N1CC(c2ccccc2)(C(C)C)C1,OADMET-0003424,5.69,,,,,,
COC(C(=O)N1CCN(S(=O)(=O)N(C)C2CCCCC2)CC1)C1CC1,OADMET-0005920,5.41,,,,,,
COC(C)(C(=O)N1CCN(c2nccc(C(C)C)n2)CC1)c1ccccc1,OADMET-0002559,6.140000000000001,,,,,,
COC(C)(C(=O)O)C(=O)Nc1ccc(Oc2ccc(C)c(C)c2)nc1,OADMET-0003094,5.02,,,,,,
COC(C)(C)C(=O)Nc1ccnc(C(C)(C)C)n1,,,1.036229544,2.023737939,-0.222284545,,,
COC(C)(C)CCNC(=O)CC1CC(C)(C)NC(C)(C)C1,,,0.675686709,1.613471827,1.110478937,,,
COC(C)c1cccc(-c2nc(N(C)C)n(Cc3ccccc3)n2)c1,OADMET-0001196,4.98,,,,,,
COC(C)c1cccc(NC(=O)C(=O)N2CCN(C(C)=O)C[C@H]2C)c1,OADMET-0002648,4.69,,,,,,
COC(C)c1noc(CN2CCCc3ccc(Cl)c(C)c32)n1,OADMET-0004273,4.63,,,,,,
COC(CNC(=O)c1ccccc1-c1ccc(C(F)(F)F)cc1)C1CCOC1,OADMET-0005225,4.62,,,,,,
COC(CNS(=O)(=O)CCOC1CCC1)c1cccc(F)c1,OADMET-0005333,5.27,,,,,,
COC(CSc1nc2ccccc2c(=O)n1C)c1ccc(Cl)cc1,OADMET-0004964,5.21,,,,,,
COC(Cc1ccccc1)CS(=O)(=O)N1CC(C)CC1c1cccnc1,OADMET-0005865,5.2,,,,,,
COC(Cn1nnn(-c2ccc(F)cc2)c1=O)C1CCCOC1,OADMET-0005581,4.66,,,,,,
COC(c1ccccc1)(c1ccccc1)[C@H](Oc1nc(C)cc(C)n1)C(=O)O,,,0.675686709,1.027920136,1.583412111,,,
COC(c1noc(Cc2cc(C)on2)n1)c1ccccc1Cl,OADMET-0006070,4.36,,,,,,
COC1(C(=O)NC2CCN(c3ccccc3OC(F)F)C2)CCCCC1,OADMET-0003451,5.66,,,,,,
COC1(C(F)(F)F)CN(C(=O)c2oc(-c3ccccc3)nc2C)C1,OADMET-0005236,5.19,,,,,,
COC1(C)CCCN(C(=O)NCc2cc(Cl)cc3c2OCC3)CC1,OADMET-0002730,5.58,,,,,,
COC1(C)CCCN(C(=O)c2ncccc2NCC2CCC2)CC1,OADMET-0006042,5.24,,,,,,
COC1(CNC(=O)c2nnc(C(C)(C)C)o2)CCCCCC1,OADMET-0003141,5.69,,,,,,
COC1(CNC(C(=O)Nc2cc(C)on2)c2ccccc2)CCC(F)(F)CC1,OADMET-0004850,5.0,,,,,,
COC1(c2ccccc2)CN(C(=O)Cc2cnc3c(C)cccn23)C1,OADMET-0005227,4.63,,,,,,
COC1(c2ccnn2C)CN(c2ncnc3scc(C)c23)C1,OADMET-0003267,1.75,,,,,,
COC1(c2nc(Cc3ccccc3)no2)CCN(Cc2cnc(C)o2)CC1,,,1.256332818,2.454536935,0.047534209,,,
COC1(c2nc(Cc3ccccc3)no2)CCN(Cc2ncccc2Cl)CC1,,,2.088671093,3.2507417,-0.11911846,,,
COC1(c2noc(CCc3ccccc3C)n2)CCOCC1,OADMET-0005830,3.93,,,,,,
COC1=C(OC)C(=O)C(CCCCCCCCCCO)=C(C)C1=O,OADMET-0003653,3.4,,,,,,
COC1CC(NC(=O)N2CCC(c3c[nH]c4ncccc34)CC2)C12CCC2,OADMET-0002742,1.82,,,,,,
COC1CCC(CC(=O)N(C)CC(C)(O)c2ccccc2)CC1,OADMET-0005789,4.36,,,,,,
COC1CCCC(CC(=O)Nc2c(C)c(C(F)(F)F)nn2C)C1,OADMET-0005629,4.73,,,,,,
COC1CCCN(C(=O)C(Cc2ccccc2)NC(=O)c2cccnc2)CC1,OADMET-0005937,4.89,,,,,,
COC1CCCN(CC(=O)Nc2cccc(C(F)(F)F)c2)C1,OADMET-0005987,4.83,,,,,,
COC1CCCN(CC(=O)Nc2ccccc2C(C)C)CC1,OADMET-0004873,5.01,,,,,,
COC1CCCN(Cc2cc(-c3cccnc3)ccc2OCC(=O)O)C1,OADMET-0001164,2.51,,,,,,
COC1CCN(C(=O)CNS(=O)(=O)c2ccc3c(c2)COC3)C(C2CC2)C1,OADMET-0005834,4.52,,,,,,
COC1CCN(C(=O)NCCOc2ccc(C(C)(C)C)cc2)C(C)C1,OADMET-0005915,4.67,,,,,,
COC1CCN(C(=O)Nc2cc(C(F)(F)F)cc(C(F)(F)F)c2)CC1,,,1.777847138,2.19830236,-0.322058297,1.853576544,,
COC1CN(S(=O)(=O)N2CCCC2c2cc(F)ccc2F)C1,OADMET-0004977,5.33,,,,,,
COCC(=O)N(CC1CCCO1)c1nc2c(s1)CCc1c-2cnn1C,,,0.799340549,1.152288344,,,,
COCC(=O)N1CCC(Cc2ccccc2-c2cccc(F)c2)(C(=O)NC(C)C)CC1,,,2.172170757,2.757490166,1.519214154,,0.596597096,1.076967952
COCC(=O)N1CCN2C(=O)NC[C@H]2C1,,,,,,1.584331224,,
COCC(=O)N1CC[C@H](c2nnc(-c3ccc(C)cc3)o2)C1,,,0.675686709,1.027920136,0.133088451,1.722140125,,
COCC(=O)N1CCc2cc(NS(=O)(=O)c3cccc(OC)c3)ccc21,OADMET-0005044,4.84,,,,,,
COCC(=O)NC1(C#Cc2ccc(NC(=O)C3CC3)nc2)CCCCC1,,,1.223158342,2.184282491,,,,
COCC(=O)Nc1cc(C#N)cn1C(C)(C)C,,,0.675686709,1.18568378,0.111864834,,,
COCC(=O)Nc1ccc(C)c(NC(=O)[C@H](OC)c2ccccc2)c1,,,1.930623061,1.652720034,0.446935164,,,
COCC(=O)Nc1ccc(Cl)c(NC(=O)N2CCS(=O)(=O)CC2)c1,OADMET-0001260,3.37,,,,,,
COCC(=O)Nc1ccc(NC(=O)Cc2cc(C)ccc2C)cc1,,,1.563836919,1.884115362,0.078246234,,,
COCC(=O)Nc1ccc(NC(=O)Cc2ccc(C(F)(F)F)cc2)cc1,,,1.515582451,1.94899457,0.034373381,,,
COCC(=O)Nc1cccc(-n2cccc2)c1,,,2.312775898,2.111430552,-0.302584598,1.706632451,,
COCC(=O)Nc1nc(C)c(C)s1,,,1.277288245,1.852949412,-0.181257434,1.408579125,,
COCC(C)(C)C(=O)N1CCCC2(CCNCC2)CC1,,,0.675686709,1.027920136,0.634517175,,,
COCC(C)(C)CN(Cc1ccn(C)n1)c1nc(C)c(C#N)s1,OADMET-0005176,4.86,,,,,,
COCC(C)(C)CNC(=O)C1(Cn2cccn2)CC1,,,1.112403893,2.2738505,,,,
COCC(C)(C)c1noc([C@@H](C(C)C)N2Cc3ccccc3C2=O)n1,OADMET-0003352,5.59,,,,,,
COCC(C)c1nc(C2(c3ccc(C)cc3)CCOCC2)no1,OADMET-0004749,4.26,,,,,,
COCC(Cc1ccccc1)N(C)C(=O)c1cc(-c2cccs2)n[nH]1,OADMET-0002906,5.54,,,,,,
COCC(NC(=O)c1cc(S(=O)(=O)N(C)C)c[nH]1)c1cccc(Br)c1,OADMET-0006077,5.07,,,,,,
COCC(NS(=O)(=O)c1cc(C)ccc1Cl)c1cccc(OC)c1,OADMET-0002572,5.58,,,,,,
COCC(Oc1cc(F)cc(F)c1)C(=O)NCC(C(=O)N1CCOCC1)c1ccccc1,OADMET-0005085,5.25,,,,,,
COCC(c1ccc(F)cc1)N(C)c1nc2nccnc2s1,OADMET-0005339,4.44,,,,,,
COCC1(C(=O)N(C)Cc2ccc3ccccc3n2)CCC1,,,1.777738475,3.620792936,0.055618708,,,
COCC1(C(=O)N2CCN(c3ccccc3C#N)CC2)CCC1,OADMET-0004915,5.19,,,,,,
COCC1(C(=O)Nc2cnc3c(F)c(F)ccc3c2)CCCCC1,OADMET-0002619,5.91,,,,,,
COCC1(C)CCN(CC(=O)Nc2nc3c(s2)CCCC3)CC1,OADMET-0005069,5.02,,,,,,
COCC1(C2CCC2)CN(C(=O)NCCc2cc(C)c(O)c(C)c2)C1,OADMET-0002739,5.33,,,,,,
COCC1(CNC(=O)c2cc(Cl)cnc2O)CCC1,,,1.212453961,2.676555528,0.751288733,,,
COCC1(CNC(=O)c2ccc(-n3cccn3)cc2)CCC1,,,1.260357642,2.691908606,-0.224883282,,,
COCC1(CNS(=O)(=O)c2ccc3[nH]cnc3c2)CCC1,,,1.21031852,2.934497441,1.515902572,,,
COCC1(CNS(=O)(=O)c2ccccc2)CCC1,,,1.486472985,2.998378797,-0.15743676,,,
COCC1(O)CCN(C(=O)c2cc(C(C)C)cc(C(C)C)c2O)CC1,OADMET-0004805,5.0,,,,,,
COCC1(c2nc(-c3ccncc3)nn2Cc2cccc(Cl)c2)CC1,,,2.532381056,3.153666112,-0.136159031,1.447623098,,
COCC1(c2noc(-c3cccc(C)c3O)n2)CCCCO1,OADMET-0003015,4.91,,,,,,
COCC1CCN(C(=O)Cn2nc3ccccc3n2)C1,OADMET-0001209,4.0,,,,,,
COCC1CCN(c2noc(-c3cccs3)n2)CC1,,,1.597552591,2.511771098,-0.266547198,1.109578547,,
COCC1CN(C(=O)C2(S(=O)(=O)c3ccccc3)CCCCC2)CC(C)(C)O1,OADMET-0003238,5.19,,,,,,
COCC1CN(C(=O)NCc2ccccc2OC2CCCC2)CC(C)O1,OADMET-0003518,5.25,,,,,,
COCCC1(C(=O)N2CCN(S(=O)(=O)Cc3ccccc3)CC2)CC1,OADMET-0005749,4.3,,,,,,
COCCC1(C(N)=O)CCCN(C2CCN(C(=O)CCc3nc4ccccc4[nH]3)CC2)C1,OADMET-0001454,2.3,,,,,,
COCCC1(C)CN(C(=O)c2ncsc2-c2ccccc2)C1,OADMET-0004946,4.56,,,,,,
COCCC1(NC(=O)c2ccc(F)cc2)CCN(C(=O)COc2cccc(C)c2)C1,OADMET-0001476,4.38,,,,,,
COCCCN1CC2(CCN(Cc3ccc(NC(C)=O)cc3)CC2)CC1=O,OADMET-0001025,2.39,,,,,,
COCCCN1CCCC(c2nccn2CC2CCC2)C1,OADMET-0000960,3.63,,,,,,
COCCCNc1ncc(-c2cc(C)no2)c(C(C)C)n1,,,1.523226042,3.77518235,-0.357944819,,,
COCCCNc1ncc(-c2ccsc2)c(-c2nc(C)c(C)s2)n1,,,1.373573981,1.991832778,,,,
COCCCNc1nnc(-c2ccncc2)s1,,,1.123165371,1.924542885,-0.184477522,,,
COCCCOc1cc(C[C@@H](C[C@H](N)[C@@H](O)C[C@H](C(=O)NCC(C)(C)C(N)=O)C(C)C)C(C)C)ccc1OC,OADMET-0003738,5.01,,,,,,
COCCCn1cnnc1CNC(=O)Cn1ccccc1=O,OADMET-0001282,2.37,,,,,,
COCCN(C(=O)C1CCC1c1ccc(F)cc1)C1CCCc2cccnc21,OADMET-0003148,5.66,,,,,,
COCCN(C)C(=O)c1ccc(-c2cccc(-c3noc(C)n3)c2)cc1,,,1.057399817,1.87602144,-0.056554431,,,
COCCN(C)C[C@@H]1CN(C(=O)c2cnc(C)nc2-c2ccccc2)C[C@@H]1CO,OADMET-0001034,3.56,,,,,,
COCCN(C)c1ccc(CN2CCOC3(CCCC3)C2)cn1,,,1.585031864,2.801295294,-0.208234763,,,
COCCN(C)c1ccc(CN2CCc3nn(C)c(=O)cc3C2)cn1,,,0.675686709,1.341691662,0.480306751,,,
COCCN(C1CC1)S(=O)(=O)c1cccc2ccn(C)c12,OADMET-0003511,5.55,,,,,,
COCCN(Cc1cc(C(C)C)on1)Cc1ccccc1Cl,OADMET-0001326,4.8,,,,,,
COCCN(Cc1cccs1)Cc1cccc(C)c1O,,,2.093306091,3.322859097,,0.021189299,,
COCCN1C(=O)N[C@H]2CN(C(=O)C3CCN(c4ncnc5sc(C)c(C)c45)CC3)CC[C@H]21,OADMET-0002862,2.57,,,,,,
COCCN1CCN(c2cc(C(F)F)nc3ccc(Cl)cc23)CC1=O,OADMET-0005358,4.43,,,,,,
COCCN1CCOc2nc3c(C)cccc3cc2C1,,,1.168556407,2.945691092,-0.248957344,,,
COCCNC(=O)CN(C)C(=O)c1ccccc1Oc1ccccc1C(C)C,OADMET-0004981,5.53,,,,,,
COCCNC(=O)CN1CCN(C(=O)C2CCN(c3cnn(Cc4ccccc4)c(=O)c3)C2)CC1,OADMET-0001423,1.88,,,,,,
COCCNC(=O)CN1CCN(c2nccn2-c2cccc(Cl)c2)CC1,,,0.702344358,2.547935844,1.720133413,1.784331948,,
COCCNC(=O)c1cccc(S(=O)(=O)NCCc2cnccn2)c1,OADMET-0000995,2.93,,,,,,
COCCNC(=O)c1ccnc(C2CCNCC2)c1,,,0.675686709,1.206123964,,,2.0,2.0
COCCNC(=O)c1nnc2n(c1=O)CCN2c1ccccc1,,,0.675686709,1.027920136,0.978521532,,,
COCCNc1c(C)c(C)nc2cc(-c3nccn3C)nn12,,,1.323685147,1.901093077,0.183631468,,,
COCCNc1cc(NC(=O)N2CCCc3cc(CN4CCN(C)CC4=O)c(C=O)nc32)ncc1C#N,,,1.158935142,1.379740501,1.662291199,1.300812794,,
COCCNc1ccc(CNC(=O)N2CCCC3(CCCC3)CC2)cc1,OADMET-0005950,4.83,,,,,,
COCCNc1ncnc2ccsc12,,,0.675686709,1.36078269,-0.148292612,1.610127613,,
COCCOC(=O)C1=C(C)NC(C)=C(C(=O)OC(C)C)C1c1cccc([N+](=O)[O-])c1,OADMET-0003625,6.21,,,,,,
COCCOC1CC(CO)CN(S(=O)(=O)c2cc(F)ccc2C)C1,OADMET-0005953,5.52,,,,,,
COCCOCc1ccc(-c2cc3onc(-c4ccccc4)c3c(=O)n2C)cc1,,,1.137512353,2.131021661,-0.331867817,1.153509989,,
COCCOc1ccc(Cl)cc1S(=O)(=O)NC(=O)Cc1ccc(C)cc1,OADMET-0005216,4.14,,,,,,
COCCOc1ccc(Cl)cc1S(=O)(=O)NC(=O)c1csc(C)c1,OADMET-0004879,4.86,,,,,,
COCCOc1ccc(N2CCN(CCn3ncc4c3nc(N)n3nc(-c5ccco5)nc43)CC2)cc1,,,,,,-0.045757491,,
COCCOc1ccc2c(c1)ncn2-c1ccc2cccc(N3CCC(N)CC3)c2n1,,,1.16790781,2.410868299,,1.482158695,,
COCCOc1cccc(C(=O)N(C)c2ccc(C(=O)OC)cc2)c1,OADMET-0005974,4.06,,,,,,
COCCOc1ccccc1N1CCN(C(=O)c2cc3c(C)nn(-c4ccccc4)c3s2)CC1,OADMET-0003168,5.08,,,,,,
COCCOc1ccccc1NC(=O)NCc1nnc(N)s1,OADMET-0001048,2.97,,,,,,
COCCOc1cnc2ccn([C@H](C)c3nnc4c(F)cc(-c5cnn(C)c5)cn34)c(=O)c2c1,,,0.787956123,1.399414105,2.098730674,,,
COCCS(=O)(=O)N1CCC2(Cc3ccccc3C2)C1,,,1.282576801,2.950686561,-0.234128823,1.732634968,,
COCCc1ccc(OCC(O)CNC(C)C)cc1,,,,,,,,2.0
COCCc1csc(-c2ccc(Oc3ccccc3OC)cc2)n1,OADMET-0003930,4.9,,,,,,
COCCc1n[nH]c(-c2ccc(N3CCN(C)CC3)cc2)n1,,,0.675686709,1.698848385,0.876785449,,,
COCCc1nc(-c2ccccc2-c2ccccc2)n(CCO)n1,,,1.388633969,2.260912913,1.200198028,1.421603927,,
COCCc1nc(-c2cnc(C3CC3)nc2)n(Cc2ccc(F)cc2)n1,,,0.906011625,3.01474183,0.17797598,1.532372134,,
COCCc1nc(C2(Nc3ccc(Cl)cc3)CCC2)no1,OADMET-0005031,4.53,,,,,,
COCCc1nc(CCCn2cccn2)n(C2Cc3ccccc3C2)n1,,,1.399483352,2.740063318,0.993668683,1.330819467,,
COCCc1nc(CNC(=O)CSc2nc(C)n[nH]2)no1,OADMET-0001198,2.79,,,,,,
COCCc1nc(CNC(=O)N(C)Cc2noc(C3CC3)n2)no1,OADMET-0001158,3.2,,,,,,
COCCc1noc(C(C)NC(=O)Cn2c(C)cc(C)nc2=O)n1,OADMET-0001066,2.42,,,,,,
COCCc1noc(C(C)NC(=O)c2nonc2C)n1,OADMET-0001001,2.92,,,,,,
COCCc1noc(CN(C)C(=O)c2ccc3c(c2)CCC3)n1,,,1.018742096,2.419673283,-0.090682195,,,
COCCc1noc(CN(C)Cc2c[nH]nc2C(=O)O)n1,OADMET-0000932,2.64,,,,,,
COCCc1noc(CN2CC(c3ccccc3)(c3ccccc3)CCC2=O)n1,,,2.325244658,3.302756139,0.385070919,,1.167051359,1.25166255
COCCc1nsc(Oc2ccc(C)cc2Br)n1,,,2.170475875,3.662283814,-0.238278125,,,
COCCn1ccnc1CN1CCC(NS(C)(=O)=O)CC1,OADMET-0001361,3.55,,,,,,
COCCn1cncc1CN1CCN(S(C)(=O)=O)CC1,OADMET-0001280,3.14,,,,,,
COCCn1nnnc1C1CN(C(=O)CCn2nc(C)cc2C)CCO1,OADMET-0001047,3.79,,,,,,
COCCn1nnnc1NC(=O)C1CCc2ccccc2C1,OADMET-0005638,4.84,,,,,,
COC[C@@H](O)Cn1c(C)nc2ccccc21,,,0.675686709,1.027920136,0.154801589,,,
COCc1cc(-c2nc(CCc3ccccc3)n[nH]2)ccc1OC,,,1.847788519,3.039764983,0.360701305,1.396722279,,
COCc1cc(Cn2cc(C34CC5CC(CC(C5)C3)C4)nn2)no1,OADMET-0006027,5.23,,,,,,
COCc1cc(NS(=O)(=O)c2cc3cc(Cl)ccc3s2)ccc1OC,OADMET-0005006,5.05,,,,,,
COCc1ccc(-c2nc3c([nH]2)c(C)nn3C2CCCCC2)o1,,,1.714111719,2.685304538,,1.579326204,,
COCc1ccc(C(=O)N(Cc2cccc(OC)c2OC)C2CCCC2)s1,OADMET-0001023,5.58,,,,,,
COCc1ccc(C(=O)NCc2noc(C(N)=O)n2)s1,OADMET-0001179,2.66,,,,,,
COCc1ccc(S(=O)(=O)Nc2cnc(OC)c(Br)c2)cc1,OADMET-0005011,4.51,,,,,,
COCc1ccc(SCC(=O)NC2CCCC2)cc1,,,1.521974472,3.406091177,-0.146160842,,,
COCc1cccc(CC(=O)N2CCC(c3nccc(C)n3)CC2)c1,OADMET-0005593,4.74,,,,,,
COCc1cccc(NC(=O)c2cn(C)c3ccccc23)c1,,,,,,0.56937391,,
COCc1ccccc1CNc1ccc2cc(C#N)ccc2n1,,,1.867820908,2.632489686,-0.354728807,0.416640507,,
COCc1ccccc1CNc1ccc2nnc(-c3ccccc3)n2n1,,,2.006217803,2.619622305,0.969947862,0.447158031,,
COCc1ccccc1COC(=O)c1ccc(C)nc1,,,2.647509132,3.346358648,-0.216392771,,,
COCc1nc(-c2cc(F)ccc2F)c(C)s1,,,2.124037727,2.628320459,-0.165145088,0.556302501,,
COCc1nc(C2CCN(CCO)CC2)no1,,,0.675686709,1.859606578,,1.557507202,,
COCc1nc(CNC(=O)CSc2nc3cc(C)ccc3[nH]2)no1,OADMET-0001363,3.57,,,,,,
COCc1nc(NCc2ccc(S(N)(=O)=O)cc2)cc([C@H]2C[C@@H](N)C2)n1,OADMET-0000934,2.14,,,,,,
COCc1ncc(CN2CCC(Oc3cccc(C)c3)CC2)cn1,,,1.006893708,2.116352006,,,,
COCc1ncc(CN2CCC(Oc3ccccc3C)CC2)cn1,,,1.362821635,2.255308695,,,,
COCc1nccc(N(Cc2nc(C)cn2C)CC2CCCCC2)n1,OADMET-0003176,4.78,,,,,,
COCc1nn(CCCN2CCCCC2)c(=O)o1,,,0.675686709,2.568772974,-0.178989188,,,
COCc1nn(Cc2nc(N)c3c4c(sc3n2)CCCC4)c(=O)o1,OADMET-0005664,5.28,,,,,,
COCc1nnc(NC(=O)CN2CCC(NS(C)(=O)=O)CC2)s1,OADMET-0001165,2.49,,,,,,
COCc1nnc([C@]23CC[C@H]2CCN3C(=O)c2cc(O)c3ccsc3c2)o1,OADMET-0003049,5.18,,,,,,
COCc1noc(-c2ccc(-c3cc(C)cc(C)c3)nc2)n1,,,,,-0.530544301,-0.677780705,,
COCc1noc(CCNC(=O)Nc2cccc3nsnc23)n1,OADMET-0000974,3.64,,,,,,
COCc1noc(CN2CCc3c(Br)cc(C)cc3C2)n1,OADMET-0005758,4.29,,,,,,
COCc1noc(CNC(=O)N(C)[C@@H](C)c2ccccc2)n1,,,0.675686709,1.802855789,0.432686852,,,
COCc1noc(CNC(=O)Nc2cc(-c3nnc(C)o3)ccc2OC)n1,OADMET-0001030,3.39,,,,,,
COCc1nocc1CN1CCC(=O)N(CC2CCCC2(F)F)C1=O,OADMET-0004792,4.04,,,,,,
COCn1nc(C)c(NS(=O)(=O)c2cc(C)c(Cl)cc2Cl)c1C,OADMET-0002782,5.41,,,,,,
CON(C)C(=O)CCc1c(C)nn(C)c1C,,,0.675686709,1.451279719,0.123270222,1.534026106,,
CON(C)C(=O)CSc1nc2sc(C)c(C)c2c(=O)n1Cc1ccccn1,OADMET-0002966,4.96,,,,,,
CON(C)C(=O)Cc1c(C)[nH]c2ccccc12,,,0.675686709,1.847554152,-0.20271854,1.724029973,,
CON(C)C(=O)c1cc(-c2cccnc2)nc2c1cnn2Cc1ccco1,OADMET-0006032,4.76,,,,,,
CON(C)C(=O)c1cc(C)ccc1NS(C)(=O)=O,,,0.675686709,1.027920136,0.182053466,1.522313795,,
CON(C)C(=O)c1cc2ccc(C(C)(C)C)cc2[nH]1,,,1.739983503,2.537113581,-0.358821555,0.008600172,,
CON(C)C(=O)c1cccc2c(C)c(C)[nH]c12,,,2.051449671,2.291526465,-0.322065913,1.498723971,,
CONC(=O)c1c(C)nn(C)c1Cl,,,0.675686709,1.027920136,-0.061346799,,,
CONC(=O)c1c2c(nc3ccccc13)CCC2,,,0.675686709,1.027920136,,,,
CONC(=O)c1ccccc1Nc1cc(Nc2cc(C)nn2C(C)C)ncc1Cl,,,1.820700513,2.417979595,,1.384263786,,
CONC(=O)c1cn(-c2ccc(Br)cc2)cn1,,,0.675686709,2.665532212,,1.803525396,,
CO[C@@H](C(=O)Nc1cc2c(C)cc(=O)oc2cc1C)c1ccccc1,,,1.10761693,2.408757078,0.058834712,1.599883072,,
CO[C@@H](C)c1nc(-c2cccc(S(=O)(=O)NC(C)C)c2)no1,OADMET-0004908,5.58,,,,,,
CO[C@@H]1CCOC[C@H]1NC(=O)NCC1(c2ccc(F)cc2)CCC1,OADMET-0005850,4.07,,,,,,
CO[C@@H]1CC[C@@H](N(C)C(=O)COc2c(C)cccc2C)[C@H]1O,,,1.083395108,2.209780336,0.222765119,,,
CO[C@@H]1C[C@@H](C(=O)Nc2ccc(SC(F)F)cc2)N(C(=O)OCc2ccccc2)C1,OADMET-0005748,4.74,,,,,,
CO[C@H]1/C=C/O[C@@]2(C)Oc3c(C)c(O)c4c(O)c(c(/C=N/N5CCN(C)CC5)c(O)c4c3C2=O)NC(=O)/C(C)=C\C=C\[C@H](C)[C@H](O)[C@@H](C)[C@@H](O)[C@@H](C)[C@H](OC(C)=O)[C@@H]1C,OADMET-0002338,6.12,,,,,,
CO[C@H]1/C=C\C=C(/C)C(=O)NC2=CC(=O)C(NCCN(C)C)=C(C[C@@H](C)C[C@@H](OC)[C@@H](O)[C@@H](C)/C=C(\C)[C@H]1OC(N)=O)C2=O,,,1.32255006,1.866807,1.788852693,,,
CO[C@H]1C=CO[C@@]2(C)Oc3c(C)c(O)c4c(O)c(c(C=NN5CCN(C)CC5)c(O)c4c3C2=O)NC(=O)C(C)=CC=C[C@H](C)[C@H](O)[C@@H](C)[C@@H](O)[C@@H](C)[C@H](OC(C)=O)[C@@H]1C,OADMET-0003649,6.69,,,,,,
CO[C@H]1C=CO[C@@]2(C)Oc3c(C)c(O)c4c(c3C2=O)C(=O)/C(=C/NN2CCN(C3CCCC3)CC2)C(=C4O)NC(=O)/C(C)=C\C=C/[C@H](C)[C@H](O)[C@@H](C)[C@@H](O)[C@@H](C)[C@H](OC(C)=O)[C@@H]1C,OADMET-0003780,6.22,,,,,,
CO[C@H]1CC[C@@H](C(=O)c2ccc3nc4c(cc3c2)CCCO4)CC1,,,1.468332558,2.742175043,-0.094419767,1.648457594,,
CO[C@H]1CC[C@H](C(=O)NC[C@H]2CC[C@H](c3nnc(-c4nccc5ccccc45)o3)CC2)CC1,,,2.011430872,2.577812232,0.936409998,1.326540669,,
CO[C@H]1CN(C(=O)CCc2ccc(C)cc2C)C[C@@H]1O,OADMET-0001081,3.64,,,,,,
CO[C@H]1CN(C2CCN(C(=O)COCc3ccccc3)CC2)[C@H]1c1cccnc1,OADMET-0001444,4.56,,,,,,
CO[C@H]1CN(C2CSCCSC2)C[C@@H]1O,OADMET-0001150,3.69,,,,,,
CO[C@H]1COCCN(C(=O)c2cccnc2)C1,,,0.675686709,1.027920136,0.077755842,1.541579244,,
CO[C@H]1COC[C@H]1NC(=O)c1c(Cl)cccc1OCC1CC1,OADMET-0002905,4.72,,,,,,
CO[C@H]1C[C@@H](C(=O)N2CCCC2)N(C(=O)c2ccn(Cc3ccccc3)n2)C1,OADMET-0005642,5.14,,,,,,
CO[C@H]1C[C@@H](CN2CCCC2)N(c2ncnc3ccccc23)C1,OADMET-0005298,4.26,,,,,,
CO[C@H]1C[C@@H]2CC[C@@H](C)[C@@](O)(O2)C(=O)C(=O)N2CCCC[C@H]2C(=O)O[C@H]([C@H](C)C[C@@H]2CC[C@@H](OCCO)[C@H](OC)C2)CC(=O)[C@H](C)C=C(C)[C@@H](O)[C@@H](OC)C(=O)[C@H](C)C[C@H](C)C=CC=CC=C1C,OADMET-0003581,2.04,,,,,,
CO[C@H]1C[C@H](CNC(=O)Nc2c(-c3ccccc3)[nH]c3ccccc23)C1,OADMET-0004180,4.85,,,,,,
CO[C@H]1C[C@H](c2nnc(C)o2)N(C(=O)C2SCCc3ccccc32)C1,OADMET-0005873,4.38,,,,,,
CO[C@H]1C[C@H](c2nnc(C)o2)N(C(=O)c2cc(C(C)C)n(C(C)(C)C)n2)C1,OADMET-0002611,5.27,,,,,,
CO[C@H]1C[C@H](c2nnc(C)o2)N(CC2CCc3ccccc3C2)C1,OADMET-0005810,4.75,,,,,,
CO[C@H]1C[C@H](c2nnc(C)o2)N(Cc2nc(C(C)(C)C)cs2)C1,OADMET-0005604,3.91,,,,,,
CO[C@H]1[C@H](C2(C)O[C@@H]2CC=C(C)C)[C@]2(CC[C@H]1OC(=O)/C=C/c1ccc(OCCN(C)C)cc1)CO2,,,2.321213048,2.900126151,,,,
COc1c(C(=O)N2CCC(Cc3nccs3)C2)[nH]c2ccccc12,OADMET-0005234,4.87,,,,,,
COc1c(C(=O)N2CCN(C3CC3)c3ccccc32)cnc2c1cnn2C,OADMET-0005771,5.46,,,,,,
COc1c(C)c2c(c(O)c1C/C=C(\C)CCC(=O)O)C(=O)OC2,OADMET-0003652,6.58,,,,,,
COc1c(C)cccc1CN1CCC(O)(c2ccc(F)cc2)CC1,,,1.444481995,3.106687484,-0.23617028,1.59900924,,
COc1c(C)cccc1CNC(=O)NC1CCOCC12CCCC2,OADMET-0005542,5.28,,,,,,
COc1c(C)cnc(CN(C)C(=O)NC2CCCOC2CC(C)C)c1C,OADMET-0003349,5.41,,,,,,
COc1c(C)cnc(CN(C)S(N)(=O)=O)c1C,,,0.675686709,1.913729104,0.279969626,1.485721426,,
COc1c(C)cnc(Cn2cc(C#CCC(C)(C)O)c3c(Cl)nc(N)nc32)c1C,,,1.7648722,2.159945156,,,,
COc1c(C)cnc(Cn2cnc3c(Cl)nc(N)nc32)c1C,,,0.927195258,1.862783943,,,,
COc1c(Cl)cccc1C(=O)NCCc1cnn(-c2ccccc2)n1,OADMET-0005150,5.02,,,,,,
COc1c(F)cccc1C(=O)Nc1ccc2c(c1)CC(C)O2,OADMET-0001111,4.24,,,,,,
COc1c(F)cccc1N(C)S(=O)(=O)c1ccc(F)c2ncccc12,OADMET-0005218,5.57,,,,,,
COc1c(N)ncnc1N1CCCC(C)(C)CC1,,,1.5704145,3.082971969,-0.039929044,1.583878599,,
COc1c[nH]c(C(=O)N[C@H]2C[C@H](c3cc(=O)[nH]c(C4CC4)n3)C2)cc1=O,OADMET-0001154,2.74,,,,,,
COc1cc(-c2ccc(C(C)N3CCCC3)cc2)nc(N)n1,OADMET-0001354,3.62,,,,,,
COc1cc(-c2ccc(C)s2)cc2c1OCCN(c1noc(C)n1)C2,,,1.759176625,2.973013259,,0.478566496,,
COc1cc(-c2ccc(Cn3nc(C)cc3C)cn2)cc(OC)c1OC,,,1.664068178,2.537741041,0.216405758,,,
COc1cc(-c2cn(C3CCc4c(F)cccc4N(CC(F)(F)F)C3=O)nn2)ccc1-n1cnc(C)c1,,,1.417069656,1.692000366,,,,
COc1cc(-c2cnc(NC3CC3)nc2-c2cccs2)nc(OC)n1,,,1.539740839,2.686076509,,,,
COc1cc(/C=C/c2nccc(C#N)n2)ccc1F,,,,,,0.514547753,,
COc1cc(/C=C2\CCCN([C@@H](C)c3ccc(F)cc3)C2=O)ccc1-n1cnc(C)c1,,,1.646945139,1.919411166,0.170311364,1.110926242,,
COc1cc(Br)c(Nc2nc(-c3c(C)nc4ncccn34)cs2)c(Br)c1,,,1.880035738,2.714752111,0.413039743,1.463146137,,
COc1cc(Br)c2c(=O)[nH]c(C)nc2c1,,,1.142702246,2.170801314,-0.160586357,,,
COc1cc(Br)ccc1NC(=O)C(C)c1cn(C)c2ccccc12,OADMET-0002656,5.65,,,,,,
COc1cc(C#N)ccc1Cn1ccnc1C(C)C,,,1.237945677,2.219733806,0.450567277,,,
COc1cc(C#N)ccc1OCC(=O)N1CCCC1C1CCCC1O,OADMET-0005936,4.97,,,,,,
COc1cc(C#N)ccc1Oc1nc2ccccc2o1,,,,,,0.939519253,,
COc1cc(C(=O)N(Cc2ccccc2)C2CC(C)(C)OC2(C)C)on1,OADMET-0005924,4.48,,,,,,
COc1cc(C(=O)N2CCC(OC(C)C)CC2)c2ccccc2n1,OADMET-0005271,4.45,,,,,,
COc1cc(C(=O)N2CCCCC2c2ncccn2)cc(OC)c1C,OADMET-0002903,5.4,,,,,,
COc1cc(C(=O)N2CCCCCCC2)cc(OC)c1OC,OADMET-0001916,4.95,,,,,,
COc1cc(C(=O)N2CCOCC2)cc(OC)c1OC,OADMET-0001945,1.81,,,,,,
COc1cc(C(=O)NC2CCCN(c3ccccn3)C2)cc2c1OC(C)C2,OADMET-0005529,5.3,,,,,,
COc1cc(C(=O)NC2CCCNC2)cc(OC)c1OC,OADMET-0003722,3.1,,,,,,
COc1cc(C(=O)NCC2(N(C)C)CCCC2)cc(OC)c1OCc1ccccc1,OADMET-0001973,5.19,,,,,,
COc1cc(C(=O)NCCC(C)C)c([N+](=O)[O-])cc1OC,OADMET-0002022,3.85,,,,,,
COc1cc(C(=O)NCCN2CCc3sccc3C2)ccc1C,OADMET-0005620,4.67,,,,,,
COc1cc(C(=O)NS(=O)(=O)c2ccccc2C)ccc1Cc1cn(C)c2ccc(NC(=O)OC3CCCC3)cc12,OADMET-0003588,5.18,,,,,,
COc1cc(C(=O)N[C@H](C)c2oc3ccccc3c2C)cc(Cl)c1O,OADMET-0005790,4.57,,,,,,
COc1cc(C(=O)Nc2cc(C(F)(F)F)n(C)n2)ccc1C,OADMET-0005992,4.56,,,,,,
COc1cc(C(=O)O)c(N)c(OC)c1OC,,,0.675686709,1.027920136,0.227921672,1.73183042,,
COc1cc(C(=O)O)c([N+](=O)[O-])cc1OC,OADMET-0002222,2.03,,,,,,
COc1cc(C(=O)O)cc(OC)c1OC,OADMET-0002220,1.88,,,,,,
COc1cc(C(=O)O)cc(OC)c1OCc1ccccc1,OADMET-0002227,2.87,,,,,,
COc1cc(C(C)C)c2c(c1)S(=O)(=O)N(COc1cc(=O)n3cccc(OCCN4CCCCC4)c3n1)C2=O,,,2.208962412,2.397159315,1.961285944,1.727459921,,
COc1cc(C(C)NC(=O)N2CCOC[C@H]2C)cc2ccccc12,OADMET-0005669,4.68,,,,,,
COc1cc(C)c(C(C)C)cc1S(=O)(=O)Nc1c(C)n(C)n(-c2ccccc2)c1=O,OADMET-0003045,5.22,,,,,,
COc1cc(C)c(C)cc1S(=O)(=O)N[C@H]1CCN(Cc2ccccc2)C1,OADMET-0001254,5.05,,,,,,
COc1cc(C)c(NC(=O)Cn2sc3ccccc3c2=O)cc1C(F)(F)F,OADMET-0005689,5.05,,,,,,
COc1cc(C)cc(OC)c1-c1ccc(-c2nn[nH]n2)cc1,,,0.675686709,1.919904036,0.294728229,,,
COc1cc(C)cc(OC)c1-c1ccc(OCC(N)=O)cc1,,,0.675686709,2.403695195,,,,
COc1cc(C)ccc1CNC(=O)c1ccc(F)cc1C,OADMET-0005472,4.92,,,,,,
COc1cc(C)ccc1NC(=O)C1CC2(C)CCCN2S1(=O)=O,OADMET-0005170,5.14,,,,,,
COc1cc(C)ccc1NC(=O)c1cccc(-c2ncn[nH]2)c1,OADMET-0005956,4.45,,,,,,
COc1cc(C)nc(N2CCCC(Nc3ccccc3)C2)n1,OADMET-0005033,4.83,,,,,,
COc1cc(C)nc(N2CCN(C(=O)c3cccc(C(C)C)n3)CC2)n1,OADMET-0003342,5.38,,,,,,
COc1cc(C)nc(N2CCN(c3ccc4ccccc4n3)CC2)n1,,,1.558612583,2.808135319,,,,
COc1cc(C=C2C(=O)NN(c3ccccc3)C2=O)ccc1OCC(N)=O,,,2.197440459,2.442962399,,1.472171147,,
COc1cc(C=CC(=O)CC(=O)C=Cc2ccc(O)c(OC)c2)ccc1O,OADMET-0003614,4.56,,,,,,
COc1cc(C=O)ccc1OCC(=O)NC1CCCc2ccccc21,OADMET-0001525,4.91,,,,,,
COc1cc(C=O)ccc1OCc1ncc(C)c(OC)c1C,OADMET-0001506,4.47,,,,,,
COc1cc(CC(=O)Nc2ccccc2F)ccc1C,,,,,,1.414639147,,
COc1cc(CCC(=O)N2CCC(Cc3ccccc3)C2)on1,OADMET-0005475,4.85,,,,,,
COc1cc(CCC(=O)N2CCC(c3cc(C)n[nH]3)CC2)ccc1OCC(F)(F)F,OADMET-0005230,5.21,,,,,,
COc1cc(CCNC(=O)c2nc3cccc(C)n3c2F)cc(OC)c1,,,1.911674192,2.914215125,,1.596926814,,
COc1cc(CCNC2CCC3(CC2)OCCO3)ccc1F,,,1.782716219,3.350642001,0.000954,,,
COc1cc(CN(C)C(=O)Nc2cccc(C)c2C)ccc1O,,,1.188984699,2.135615992,,1.714497409,,
COc1cc(CN)ccc1O,OADMET-0002060,2.49,,,,,,
COc1cc(CN2CCC(C(=O)N3CCOCC3)CC2)ccc1C,,,0.97386645,2.358239508,0.463168066,,,
COc1cc(CN2CCC(c3ccnc(C)n3)CC2)ccc1F,,,1.050689028,1.867007611,-0.171590374,1.851441815,,
COc1cc(CN2CCCNCC2)cc2c1OCO2,,,0.713742478,1.862554729,0.92344865,,,
COc1cc(CN2C[C@H]3CCc4c(nc(C)[nH]c4=O)[C@H]3C2)cc(OC)c1OC,,,0.675686709,1.027920136,1.676461299,,,
COc1cc(CNC(=O)NC2CCCCC2)cc(OC)c1O,,,0.675686709,1.027920136,0.621347066,1.892150278,,
COc1cc(CNCCN2CCOCC2)cc(Cl)c1OCc1ccccc1,,,1.666059108,2.519061069,0.287620321,1.728434951,,
COc1cc(CNS(=O)(=O)c2ccc(-c3ccc(NC(C)=O)cc3)cc2)ccn1,OADMET-0003160,3.89,,,,,,
COc1cc(CN[C@@H]2CCC[C@H]2Cc2cc(C)no2)ccc1OC(C)C,,,1.825101412,3.375901268,,,,
COc1cc(CNc2nc3ccccc3nc2C)ccn1,,,1.041984501,2.093680784,-0.178120645,1.428458774,,
COc1cc(CNc2nnn[nH]2)cc(Br)c1OCc1ccc(Cl)cc1,,,1.020858282,1.872097974,0.605102208,0.274157849,,
COc1cc(Cc2cnc(N)nc2N)cc(OC)c1OC,OADMET-0003574,2.36,,,,,,1.855513099
COc1cc(Cl)c(Cl)cc1C(=O)N1CCC(C(C)CO)CC1,OADMET-0005684,4.67,,,,,,
COc1cc(Cl)ccc1C(=O)N1CCC(c2c[nH]c3ncccc23)CC1,OADMET-0003295,1.73,,,,,,
COc1cc(Cl)ccc1CC1NC(=O)C(C2CC(C)(C)C2)NC1=O,OADMET-0005220,5.16,,,,,,
COc1cc(Cl)ccc1NC(=O)c1cccc(Nc2cnccn2)c1,OADMET-0003032,4.31,,,,,,
COc1cc(Cl)ccc1S(=O)(=O)NC(C)c1nc2ccccc2n1C(F)F,OADMET-0003044,5.59,,,,,,
COc1cc(F)c(C(=O)NCc2nnc(C(C)(C)C)s2)c(F)c1,OADMET-0005841,4.87,,,,,,
COc1cc(F)c(C(=O)Nc2cc(C)n(C3CCCCC3)n2)c(F)c1,OADMET-0003844,4.54,,,,,,
COc1cc(F)c(C(C)NC(=O)c2ccccc2OC(F)(F)F)cc1OC,OADMET-0005641,5.1,,,,,,
COc1cc(F)c(NC(=O)C2CCCN2C(=O)c2ccccc2O)cc1F,OADMET-0005268,4.73,,,,,,
COc1cc(F)c(NC(=O)N2CCOC(C)(c3ccccc3)C2)cc1F,OADMET-0004851,4.86,,,,,,
COc1cc(F)c(NCC(=O)Nc2ccc(C)cc2)cc1OC,,,1.50134687,2.42911571,-0.174810933,1.678062905,,
COc1cc(F)c(S(=O)(=O)Nc2cnc(C(C)C)nc2)cc1F,OADMET-0004719,4.64,,,,,,
COc1cc(F)ccc1-c1ncccc1NC(=O)C(C)C,,,0.675686709,1.410321618,0.522111816,1.539703239,,
COc1cc(F)ccc1-c1ncnc(Nc2cccc(C[S@@](C)(=N)=O)c2)n1,,,0.675686709,1.027920136,2.175835946,1.729974286,1.594922663,1.574609941
COc1cc(N)cc(OC)c1,OADMET-0002063,3.96,,,,,,
COc1cc(N2CCC(N3CCN(C)CC3)CC2)ccc1Nc1ncc(Cl)c(Nc2ccccc2P(C)(C)=O)n1,OADMET-0003767,2.03,,,,,,
COc1cc(N2CCCC(c3nc4c(C)cccc4[nH]3)C2)nc(N)n1,OADMET-0000978,4.25,,,,,,
COc1cc(N2CCN(C)CC2)ccc1Nc1ncc2c(n1)N(C)c1ccccc1C(=O)N2,,,1.151001908,2.118145634,1.653277829,1.790285164,,
COc1cc(NC(=O)C(C)c2c(F)cccc2F)cnc1OC,OADMET-0003125,4.91,,,,,,
COc1cc(NC(=O)c2ccc(F)cc2C)ncn1,,,0.92251786,1.690718691,-0.253640431,1.197556213,,
COc1cc(NC(=O)c2ccc(NS(=O)(=O)c3ccc(F)cc3)cc2)cc(OC)c1C,OADMET-0002813,5.02,,,,,,
COc1cc(NCC2(C3CCCCO3)CC2)ccc1OC(F)F,OADMET-0002859,5.83,,,,,,
COc1cc(NCCNC(=O)c2cnn3c2NCCC3)cc(OC)c1,OADMET-0006067,4.74,,,,,,
COc1cc(NS(=O)(=O)c2ccc(N)cc2)nc(OC)n1,OADMET-0003573,4.52,,,,,,
COc1cc(Nc2c(C#N)cnc3cc(OC)c(OC)cc23)c(Cl)cc1Cl,,,2.207243784,2.646507631,,,,
COc1cc(Nc2c(C#N)cnc3cc(OCCCN4CCN(C)CC4)c(OC)cc23)c(Cl)cc1Cl,OADMET-0003723,1.84,,,2.089905111,,,
COc1cc(Nc2cc(-c3cccc(C#N)c3)ccn2)ccc1N1CCN(C)CC1,,,0.76930346,2.296616933,0.585698536,1.660865478,,
COc1cc(Nc2ncc(F)c(Nc3ccc4c(n3)N(COP(=O)(O)O)C(=O)C(C)(C)O4)n2)cc(OC)c1OC,OADMET-0003752,4.27,,,,,,
COc1cc(Nc2ncc(F)c(Nc3ccc4c(n3)NC(=O)C(C)(C)O4)n2)cc(OC)c1OC,,,2.122406886,2.084995734,,,,
COc1cc(Nc2ncc3c(n2)-c2ccc(Cl)cc2C(c2c(F)cccc2OC)=NC3)ccc1C(=O)O,,,0.675686709,1.312748421,1.129768853,1.863857962,,
COc1cc(OC)c(OC)cc1CNC(C)(C)C,,,0.675686709,2.042862847,0.679502073,,,
COc1cc(OC)c(OC)cc1CNc1ccc(N2CCOCC2)c(C(=O)O)c1,,,0.675686709,1.027920136,1.447434186,1.465680212,,
COc1cc(OC)c(S(=O)(=O)n2nc(C)cc2C)cc1S(=O)(=O)n1nc(C)cc1C,OADMET-0003118,6.3100000000000005,,,,,,
COc1cc(OC)c2c(=O)cc(CCC(=O)O)oc2c1,,,0.675686709,1.027920136,,,,
COc1cc(OC)cc(-c2c(C)ncnc2OC)c1,,,0.675686709,2.030190734,-0.12524595,,,
COc1cc(OC)cc(-c2nnc(SCC(=O)Nc3cccc(C(=O)O)c3)s2)c1,,,0.675686709,1.684324614,-0.032341716,1.591064607,,
COc1cc(OC)cc(-c2noc(NC(C)CSC)n2)c1,OADMET-0005631,4.35,,,,,,
COc1cc(OC)cc(-n2c(S)nnc2COc2cccc3ccccc23)c1,,,,,0.218373913,-0.552841969,,
COc1cc(OC)cc(C(=O)N(C)Cc2cccc(C)c2)c1,OADMET-0003122,5.37,,,,,,
COc1cc(OC)cc(C(=O)NCc2noc(-c3ccccc3)n2)c1,,,1.543074235,2.797784646,-0.475032434,,,
COc1cc(OC)cc(C(=O)Nc2nc3c(s2)COc2ccccc2-3)c1,,,,,,-0.408935393,,
COc1cc(OC)cc(N(CCNC(C)C)c2ccc3ncc(-c4cnn(C)c4)nc3c2)c1,,,1.245438634,2.897660624,2.025796101,,,
COc1cc(OC)cc(N2CCC(NCC3(C)CCOCC3)CC2)c1,,,0.675686709,1.765072201,0.189080451,,,
COc1cc(OC)nc(C(=O)N2CCCCc3cccnc32)n1,OADMET-0005090,5.44,,,,,,
COc1cc(OC)nc(N2CCCC(c3nc4cc(C)ccc4[nH]3)C2)n1,OADMET-0004203,5.07,,,,,,
COc1cc(OC)nc(N2CCCN(C(=O)c3ccsc3)CC2)n1,OADMET-0002662,5.87,,,,,,
COc1cc(OCc2ccccn2)ccc1/C=C/c1cc(/C=C/c2ccc3cc[nH]c3c2)[nH]n1,,,,,,-0.214670165,,
COc1cc(S(=O)(=O)N2CCCc3cccc(OC)c32)sn1,OADMET-0003233,5.58,,,,,,
COc1cc(S(=O)(=O)N2CCN(c3ccc(C)cc3)CC2)ccc1Cl,OADMET-0005447,5.07,,,,,,
COc1cc([C@@H]2c3cc4c(cc3[C@H](O)[C@H]3COC(=O)[C@@H]23)OCO4)cc(OC)c1OC,,,1.64823312,3.76762999,-0.352168503,,,
COc1cc([C@H](CC(=O)O)c2ccc(C)c(CN3C[C@@H](C)Oc4ccccc4S3(=O)=O)c2)cc2nnn(C)c12,,,,,1.997865412,,,
COc1cc2c(=O)n(CC(=O)Nc3ccccc3Cl)cnc2cc1F,OADMET-0005039,4.57,,,,,,
COc1cc2c(N3CCC(CS(C)(=O)=O)CC3)ccnc2cc1F,OADMET-0002828,3.73,,,,,,
COc1cc2c(NC3CCN(C(C)C)CC3)nc(N3CCC(F)(F)CC3)nc2cc1OCCCN1CCCC1,,,0.675686709,1.419162396,,1.811709027,,
COc1cc2c(c(OC)c1OC)CCNC(=O)C2,,,0.675686709,1.027920136,,1.695744275,,
COc1cc2c(cc1CN(Cc1ccccn1)CC1CCCO1)CCC2,OADMET-0001123,4.26,,,,,,
COc1cc2c(cc1NC(C)=O)oc1ccccc12,,,2.067691896,1.804391618,-0.421464393,1.536558443,,
COc1cc2c(cc1OC)-c1[nH]nc(NCc3c(Cl)cccc3Cl)c1C2=O,,,,,0.484072505,-0.537602002,,
COc1cc2c(cc1OC)-c1cc3ccc(OC)c(OC)c3c[n+]1CC2,,,0.675686709,1.368621544,1.352465131,1.733036683,,
COc1cc2c(cc1OC)C(=O)C(CC1CCN(Cc3ccccc3)CC1)C2,OADMET-0003605,4.34,,,,,,
COc1cc2c(cc1OC)C1CC(=O)C(CC(C)C)CN1CC2,OADMET-0003631,4.89,,,,,,
COc1cc2c(cc1OC)CC(=O)N(CCCN(C)C[C@H]1Cc3cc(OC)c(OC)cc31)CC2,,,1.564145072,2.2125152,1.868344533,1.818225894,1.730984039,1.615139594
COc1cc2c(cc1OC)CN(C(=O)C1CCCN(C(=O)Nc3ccccc3)C1)CC2,,,0.675686709,1.813761073,1.431363764,1.8162413,,
COc1cc2c(cc1OC)CN(C(=O)C1CCCN(C(=O)OC(C)(C)C)C1)CC2,,,2.024419985,2.808478357,0.253818933,1.791339704,,
COc1cc2c(cc1OC)CN(C(=O)C1CCCN(C(=O)c3ccc(Cl)cc3)C1)CC2,,,,,1.002637577,,,
COc1cc2c(cc1OC)CN(C(=O)C1CCCN(C(C)=O)C1)CC2,,,0.675686709,1.298044843,1.756492212,1.740362689,,
COc1cc2c(cc1OC)CN(C(=O)C1CCCN(S(=O)(=O)c3ccc(F)cc3)C1)CC2,,,2.174803841,3.085767077,0.732752577,0.848189117,,
COc1cc2c(cc1OC)CN(C(=O)C1CCCN(S(=O)(=O)c3cccs3)C1)CC2,,,1.834516073,2.849634972,0.986771734,1.344392274,,
COc1cc2c(cc1OC)CN(CCc1ccc(NC(=O)c3cccc4c(O)c5cccc(OC)c5nc34)cc1)CC2,,,,,,,-1.207608311,-1.292429824
COc1cc2c(cc1OC)CN(CN1C(=O)c3cccc4cccc1c34)CC2,,,2.118400319,2.7024021,,1.727703884,,
COc1cc2c(cc1OC)[C@@H]1CC(=O)[C@@H](CC(C)C)CN1CC2,,,1.761950379,2.519096556,-0.14213147,,,
COc1cc2c(cc1OC)[C@@H]1Cc3ccc(OC)c(OC)c3CN1CC2,,,0.762078087,1.932113394,-0.265722661,,,
COc1cc2cc(C(=O)N[C@H](CC(N)=O)c3cccc(Cl)c3)[nH]c2cc1OC,OADMET-0004439,4.2,,,,,,
COc1cc2cc(N)c(C3CCN(C(=O)C(C)(C)C)CC3)nc2cc1OC,,,0.847696021,1.63856912,0.76342456,1.72427587,,
COc1cc2cc(N)c(C3CCNCC3)nc2cc1OC,,,0.675686709,1.027920136,,,,
COc1cc2cc3c(nc2cc1OC)OCCN(C1CCCCC1)C3,,,1.520588327,3.224549636,0.113354605,,,
COc1cc2nc(-c3cc(F)ccc3O)nc(N[C@@H]3CNC[C@H]3C(C)(C)O)c2cc1OC.Cl,,,,,,,-1.119186408,-0.823908741
COc1cc2nc(-c3ccc(N4CCN(C)CC4)cc3)nc(NCCN3CCOCC3)c2cc1OC,,,0.939443869,1.958776856,,,,
COc1cc2nc(/C=C/c3cocn3)sc2cc1OC,,,1.056447458,1.871993017,-0.29748998,1.092018471,,
COc1cc2nc(CN3CCC(CO)CC3)[nH]c(=O)c2cc1OC,,,0.675686709,1.027920136,1.462311082,,,
COc1cc2nc(N)sc2cc1OC,,,0.675686709,1.098920479,-0.175465056,1.513483957,,
COc1cc2nc(N3CCN(C(=O)c4ccco4)CC3)nc(N)c2cc1OC,,,,,1.560195498,,,1.371880249
COc1cc2nccc(Oc3ccc(NC(=O)NC4CC4)c(Cl)c3)c2cc1C(N)=O,OADMET-0003772,1.78,,,,,,
COc1cc2ncn(-c3cc(OCc4ccccc4S(C)(=O)=O)c(C#N)s3)c2cc1OC,,,,,0.903380095,-0.522878745,,
COc1cc2ncnc(Nc3ccc(F)c(Cl)c3)c2cc1OCCCN1CCOCC1,,,1.83466862,2.226256974,1.660253964,1.004321374,,
COc1cc2ncnc(Nc3cccc(O)c3)c2cc1OC,,,1.342679234,2.187091855,,,0.994317153,0.650307523
COc1cc2nn(CCC(C)(C)O)cc2cc1NC(=O)c1ccn(C(F)F)n1,,,1.271562825,1.027920136,1.007757206,,,
COc1ccc(-c2[nH]c3ccccc3c2CCC(=O)NCc2cc(=O)nc(SC)[nH]2)cc1,OADMET-0004923,4.4,,,,,,
COc1ccc(-c2[nH]c3ccccc3c2CCC(=O)NS(=O)(=O)c2cccs2)cc1,OADMET-0002716,4.79,,,,,,
COc1ccc(-c2[nH]c3ncccc3c2CN(C)CCOc2ccccc2OC)cc1,,,,,0.589220683,-0.522878745,,
COc1ccc(-c2c(C)n[nH]c2C)cn1,,,0.675686709,1.717878449,-0.16858531,1.167612673,,
COc1ccc(-c2cc(C(=O)N3CCN(S(=O)(=O)c4ccc(C)cc4)CC3)[nH]n2)cc1,OADMET-0001866,4.54,,,,,,
COc1ccc(-c2cc(C(=O)NCc3nc4c(C)cccc4[nH]3)[nH]n2)cc1,OADMET-0003835,3.9,,,,,,
COc1ccc(-c2cc(C(=O)Nc3cn[nH]c3)c3ccccc3n2)cc1,OADMET-0004176,5.07,,,,,,
COc1ccc(-c2cc(C(=O)O)[nH]n2)cc1,OADMET-0002206,2.84,,,,,,
COc1ccc(-c2cc(C(C)(C)C)nc(-c3ncccn3)n2)cc1,,,1.334534169,1.877739821,0.085830606,,,
COc1ccc(-c2ccc(CN(CCN(C)C)Cc3ccncc3)cc2)cc1,,,1.50370899,2.667448283,0.31347484,1.74647851,,
COc1ccc(-c2ccc(CN(CCN3CCOCC3)Cc3cccnc3)cc2)cc1,,,2.649960532,3.199491614,0.170337308,1.800442121,,
COc1ccc(-c2ccc(CNc3ccc(CN4CCC(C)CC4)cc3)cc2)cc1,,,2.092731169,1.517341079,,1.167317335,,
COc1ccc(-c2ccc(Cn3nc(C)cc3C)cn2)cc1,,,1.374455052,2.406013599,-0.319760198,,,
COc1ccc(-c2cccc(C(=O)N(C)C3CCCCC3)c2)cc1CO,OADMET-0001177,4.84,,,,,,
COc1ccc(-c2cccc(C3CCCN(C(=O)C4CCCC4)C3)n2)cc1,,,2.243283666,3.296850932,-0.144510531,0.389166084,,
COc1ccc(-c2cccc(C3CCCN(CC(=O)Nc4ccccn4)C3)n2)cc1,,,2.118449915,3.345796839,-0.079551988,0.908485019,,
COc1ccc(-c2ccccc2)c(NS(=O)(=O)c2cc(O)c(Cl)cc2Cl)c1,,,,,,1.440279213,,
COc1ccc(-c2cn(CCn3[nH]c(=O)c4ccccc4c3=O)nn2)cn1,OADMET-0000947,2.15,,,,,,
COc1ccc(-c2cn3c4ccccc4nc3n2CCO)cc1,,,1.625168348,3.07726468,-0.410040804,1.672282625,,
COc1ccc(-c2cnn3c(N)c(-c4ccccc4)cnc23)cc1OC,,,,,-0.338148082,-0.721246399,,
COc1ccc(-c2csc(CC(N)=O)n2)cc1,,,,,-0.124585622,1.495544338,,
COc1ccc(-c2csc(CC(N)=O)n2)cc1Br,,,,,,1.574609941,,
COc1ccc(-c2csc3ncnc(Oc4ccc(C)nc4)c23)cc1,,,1.895030067,2.504792896,-0.225720619,0.892651034,,
COc1ccc(-c2n[nH]cc2CNC(=O)C2CC3(CCNCC3)CN2)cc1,OADMET-0001082,2.11,,,,,,
COc1ccc(-c2nc(C)c(C(C)NC(=O)NCc3c[nH]nc3C)s2)cc1,OADMET-0004944,4.37,,,,,,
COc1ccc(-c2nc(C3CCN(C(=O)c4sc(C)nc4C)CC3)[nH]c2C(N)=O)cc1,,,0.675686709,1.59601398,1.623797163,1.790918195,,
COc1ccc(-c2nc(CC(N)=O)sc2C)cc1.Cl,,,2.220395778,2.045510741,-0.608487427,1.481442629,,
COc1ccc(-c2nc(CC3CCN(C(=O)Cc4c[nH]c5ccccc45)C3)no2)cc1,OADMET-0001415,3.83,,,,,,
COc1ccc(-c2nc(CN3CCC[C@H](O)C3)no2)cc1,,,1.060055365,1.681195996,-0.075302165,1.566201719,,
COc1ccc(-c2nc(N3CCOCC3)cc3ccccc23)cn1,OADMET-0003932,4.64,,,,,,
COc1ccc(-c2nc(NC(C)C)ncc2-c2ncc[nH]2)cc1,,,1.427518566,3.063681556,0.805649524,,,
COc1ccc(-c2nc3cc(C)ccc3cc2CN(C)Cc2nccn2C)cc1,,,2.470672106,3.397295037,0.685219936,1.255513713,,
COc1ccc(-c2nn(C)c3ccccc23)c(OC)c1OC,,,1.97966672,3.102548267,-0.288078559,,,
COc1ccc(-c2nn3c(-c4ccco4)nnc3c3ccccc23)cc1,,,,,-0.279169754,-0.744727495,,
COc1ccc(-c2nnc(-c3ccccc3)o2)cc1OC,,,1.693946678,1.70588081,-0.64410218,0.63748973,,
COc1ccc(-c2nnc(NC(=O)c3ccc4ccccc4c3)o2)cc1OC,,,,,,-0.568636236,,
COc1ccc(-c2nnc3ccc(C(F)(F)F)cn23)cc1OC(C)C,,,1.494766629,2.122215878,0.043807281,1.360025089,,
COc1ccc(-c2nnc3n2CC(C)(C)CC3)c(OC)c1,OADMET-0005513,5.2,,,,,,
COc1ccc(-c2nnc3nn(C)c(=O)n3c2-c2ccc(OC)cc2)cc1,,,,,-0.043987836,-0.602059991,,
COc1ccc(-c2noc(CCCC(=O)Nc3cccc(Cl)c3C)n2)cc1,OADMET-0002019,4.49,,,,,,
COc1ccc(-c2noc(CCCC(=O)O)n2)cc1,OADMET-0002327,2.65,,,,,,
COc1ccc(-c2noc([C@@H]3CCCN3Cc3ccccc3)n2)cn1,,,1.952298315,3.061012684,-0.227776593,1.40654018,,
COc1ccc(-c2noc([C@@H]3CCCN3Cc3cccnc3)n2)cn1,,,1.991155165,3.09247396,-0.119979411,1.418301291,,
COc1ccc(-c2onc(C)c2-c2cnn(-c3ccccc3)c2)c(O)c1,,,,,,-0.602059991,,
COc1ccc(-n2c(Cn3cnc(C#N)n3)nc3ccccc32)cc1,,,0.698535493,2.821992756,0.135614977,1.556543708,,
COc1ccc(-n2c(SCc3cc(C)no3)nc3ccccc3c2=O)cc1,OADMET-0003036,5.11,,,,,,
COc1ccc(-n2cc3c(c2-c2ccccc2Br)c(=O)n(C)c(=O)n3C)cc1,,,1.574575243,2.717138541,-0.02430358,0.691965103,,
COc1ccc(-n2nnnc2CNC(C)(C)c2cccc(C#N)c2)cc1,OADMET-0005525,5.54,,,,,,
COc1ccc(/C=C/C(=O)c2c(C)nc3ccccc3c2N)c(OC)c1,,,1.637629802,2.91044777,,1.608739919,,
COc1ccc(/C=C/C(=O)c2c(C)nc3ccccc3c2N)cc1,,,2.258919698,3.075357144,-0.705421816,1.59747579,,
COc1ccc(=O)n(Cc2noc3c2CCCC3)n1,,,1.055836851,2.431087014,-0.093538757,,,
COc1ccc(Br)c(-c2nnc(N)o2)c1,,,1.215426048,1.772439068,-0.150551104,1.393926007,,
COc1ccc(Br)cc1C(=O)Nc1ccccc1-c1ccccc1,OADMET-0001894,5.1,,,,,,
COc1ccc(Br)cc1C(=O)O,OADMET-0002260,2.01,,,,,,
COc1ccc(Br)cc1S(=O)(=O)Nc1ccccc1C(C)C,OADMET-0003043,6.34,,,,,,
COc1ccc(C(=O)C2CCN(CC(=O)N(Cc3nc4c(c(=O)[nH]3)COCC4)CC3CC3)CC2)cc1,,,1.035509785,1.658354878,1.731137009,1.975431809,,
COc1ccc(C(=O)Cn2c(=O)n(-c3ccccc3F)c3nc(C)nc(C(N)=O)c32)cc1,,,0.675686709,1.880859305,0.164345342,0.567026366,,
COc1ccc(C(=O)N(C)C(C)Cc2ccccc2C)cc1S(=O)(=O)N1CCOCC1,OADMET-0002733,5.76,,,,,,
COc1ccc(C(=O)N(C)Cc2nccn2C)c(F)c1,,,0.675686709,1.730426945,0.345550205,1.720242018,,
COc1ccc(C(=O)N2CC(c3nc(CCOCC4CC4)no3)C2)cc1,OADMET-0001440,4.59,,,,,,
COc1ccc(C(=O)N2CCCC2)cc1NC(=O)c1cc(F)c(F)c(F)c1F,,,0.675686709,1.954932007,,1.642860053,,
COc1ccc(C(=O)N2CCCC2)cc1NC(C)C,,,0.893428842,1.938339566,0.035279562,1.554610285,,
COc1ccc(C(=O)N2CCN(C(=O)/C=C/c3ccc(Br)cc3)CC2)cc1,,,,,-0.066590068,,,
COc1ccc(C(=O)N2CCN(CC(=O)N3CCOCC3)CC2)cc1,OADMET-0001921,1.84,,,,,,
COc1ccc(C(=O)N2CCOCC2)cc1Br,OADMET-0002016,2.99,,,,,,
COc1ccc(C(=O)NC(CNS(=O)(=O)c2cnn(C)c2)c2ccccc2)cc1Cl,OADMET-0003884,4.58,,,,,,
COc1ccc(C(=O)NCC2(C)CCCCO2)cc1-n1cnnn1,OADMET-0005242,4.46,,,,,,
COc1ccc(C(=O)NCC2CCOc3ccccc32)cc1N1CCNC1=O,OADMET-0005616,4.54,,,,,,
COc1ccc(C(=O)NCCCN2CCOCC2)cc1OC,OADMET-0002038,2.0,,,,,,
COc1ccc(C(=O)Nc2cc(-c3ccc(F)c(F)c3)no2)cc1,,,,,-0.366543018,-0.455931956,,
COc1ccc(C(=O)Nc2ccc3oc(C)nc3c2)c(OC)c1,,,1.403926565,2.280808203,-0.262384759,1.188647296,,
COc1ccc(C(=O)Nc2ccccc2Cl)cc1C1CC1,OADMET-0004315,4.04,,,,,,
COc1ccc(C(=O)O)cc1,OADMET-0002277,2.26,,,,,,
COc1ccc(C(=O)O)cc1Br,OADMET-0002271,3.02,,,,,,
COc1ccc(C(=O)O)cc1OC,OADMET-0002239,2.07,,,,,,
COc1ccc(C(=O)OCc2nc(N)c3c4c(sc3n2)CCCC4)cc1O,OADMET-0005535,5.23,,,,,,
COc1ccc(C(=O)c2ccc(C)cc2)c(OC)c1,,,2.007939713,3.478520755,-0.336951015,,,
COc1ccc(C(=O)c2ccc(Cl)cc2)c(OC)c1,,,1.941317597,3.241915623,-0.28214926,,,
COc1ccc(C(=O)c2ccccc2)c(Oc2nc3c(c(=O)n(C)c(=O)n3C)n2C)c1,,,1.333265861,3.179450387,0.26184523,1.693199145,,
COc1ccc(C(C)(C)C)cc1NC(=O)C1(C#N)CCCC1,,,,,-0.320893339,-0.522878745,,
COc1ccc(C(C)(C)c2noc(-c3cc(C)[nH]n3)n2)cc1OC,OADMET-0004993,4.65,,,,,,
COc1ccc(C(C)=O)cc1COc1c(C)cc(C=O)cc1C,OADMET-0001684,3.91,,,,,,
COc1ccc(C(C)NC(=O)N2CCCCCC2c2ccncc2)cc1F,OADMET-0002566,5.61,,,,,,
COc1ccc(C(CC(=O)N2CCC(C)C3(CCC3)C2)NC(C)=O)cc1,OADMET-0003020,5.28,,,,,,
COc1ccc(C(CCO)NC(=O)NCCc2c[nH]c3ccccc23)cc1,OADMET-0005630,4.63,,,,,,
COc1ccc(C(CNC(=O)[C@@H]2C[C@H]2C(F)(F)F)c2c[nH]c3ccccc23)cc1,OADMET-0004832,4.81,,,,,,
COc1ccc(C(NC(=O)CNC(C)c2cc(F)ccc2-n2cccn2)C2CC2)cc1,OADMET-0002640,5.12,,,,,,
COc1ccc(C(NC(=O)Cc2c[nH]c(=O)[nH]c2=O)[C@H]2C[C@@H](O)C2)cn1,OADMET-0001020,2.74,,,,,,
COc1ccc(C(NC(=O)N2CCC3(C2)C(=O)Nc2ccccc23)c2ccc(C)cc2)cc1,OADMET-0003126,5.2,,,,,,
COc1ccc(C(NC(=O)N2Cc3ccccc3C2)C2CC2)cn1,OADMET-0003464,5.16,,,,,,
COc1ccc(C(NC(=O)c2cnn3cccnc23)C2CC2)cn1,OADMET-0005770,4.85,,,,,,
COc1ccc(C(NS(=O)(=O)c2ccc(C)c(C)c2)[C@H]2C[C@@H](O)C2)cn1,OADMET-0000996,4.55,,,,,,
COc1ccc(C)cc1-c1cccnc1O,,,0.729893404,1.423180315,0.032510123,1.515873844,,
COc1ccc(C)cc1-n1ccc(C(=O)NC(C)C)n1,,,1.796192597,2.524216914,-0.263596755,1.552668216,,
COc1ccc(C)cc1-n1ccc(C(=O)NS(=O)(=O)c2cnc3c(cnn3C)c2)n1,OADMET-0005466,4.43,,,,,,
COc1ccc(C)cc1-n1ccc(C(=O)Nc2c3c(nn2C)CCC3)n1,,,1.667069858,2.406255667,0.160628991,1.521138084,,
COc1ccc(C)cc1NC(=O)CC(NS(C)(=O)=O)c1ccc(Cl)cc1,OADMET-0005496,5.08,,,,,,
COc1ccc(C)cc1NC(=O)CN1CCc2ccccc2C1,,,2.280145681,3.365992559,-0.303720877,1.191171456,,
COc1ccc(C)cc1Nc1nc2ccccc2nc1NS(=O)(=O)c1ccc(C)cc1,OADMET-0001487,3.76,,,,,,
COc1ccc(C)cc1S(=O)(=O)N1CC(O)CC1c1ccc(F)cc1,OADMET-0005948,5.04,,,,,,
COc1ccc(C)cc1S(=O)(=O)N1CCN(C2CCOCC2)C[C@H]1C,OADMET-0004828,4.46,,,,,,
COc1ccc(C)cc1S(=O)(=O)NC1CC(C)(C)Oc2ccccc21,OADMET-0003306,5.76,,,,,,
COc1ccc(C)cc1S(=O)(=O)NCCC(=O)Nc1ccccc1C,,,1.96363202,3.333076707,1.229000429,,,
COc1ccc(C)cc1S(=O)(=O)Nc1cc(Cl)cc(Cl)c1,OADMET-0003117,5.08,,,,,,
COc1ccc(C)nc1-c1ccc(OC)c(OC)c1OC,,,0.675686709,2.554897217,-0.008320311,,,
COc1ccc(C2(C(=O)NCC3CN(CC(C)C)C(=O)CO3)CCCCC2)cc1,OADMET-0001453,5.52,,,,,,
COc1ccc(C2(CN)CCOCC2)cc1,OADMET-0002080,3.32,,,,,,
COc1ccc(C2(CNC(=O)c3ccc(NC(=O)c4ccco4)cc3)CCOCC2)cc1,OADMET-0002011,4.46,,,,,,
COc1ccc(C2(NC(=O)C3Cc4ccccc43)CC2)cc1,OADMET-0005094,5.24,,,,,,
COc1ccc(C2(NC(=O)c3c[nH]c4ncc(Br)cc34)CC2)cc1,OADMET-0003315,5.1,,,,,,
COc1ccc(C2(NCc3ccc(N4CCCC4=O)cc3)CC2)cc1,,,1.125708926,2.425389105,-0.290717711,1.911317442,,
COc1ccc(C2(NCc3cccc4ncccc34)CC2)cc1,,,2.416617211,3.12682501,-0.315829101,1.744449457,,
COc1ccc(C2(NCc3cnn(-c4ccccc4)c3)CCCC2)cc1,,,1.910981724,2.989325652,,1.759063188,,
COc1ccc(C2(c3noc(CC4CCOCC4)n3)CCCC2)cc1OC,OADMET-0003428,5.09,,,,,,
COc1ccc(C2=N/C(=C/c3cc4ccccc4n3C(C)=O)C(=O)O2)cc1,,,,,,0.369215857,,
COc1ccc(C2=NOC(C(=O)N3CCN(c4ccccc4)CC3)C2)cc1,OADMET-0001484,2.44,,,,,,
COc1ccc(C2C(=O)c3ccccc3C2=O)cc1,OADMET-0003794,4.6,,,,,,
COc1ccc(C2CCCN2C(=O)c2nccc3occc23)cc1F,OADMET-0004514,5.26,,,,,,
COc1ccc(C2CCN(C(=O)c3ccc(C)c(NC(=O)c4ccccc4)c3)CC2)cc1,OADMET-0005295,5.27,,,,,,
COc1ccc(C=O)cc1Cn1ncc(Cl)c(Cl)c1=O,OADMET-0001543,4.2,,,,,,
COc1ccc(CC(=O)N2CC(C(N)=O)Cc3ccccc32)c(C)c1,OADMET-0005427,4.7,,,,,,
COc1ccc(CC(=O)N2CCC(CNC(=O)CCn3nnnc3C)CC2)cc1,OADMET-0001349,3.36,,,,,,
COc1ccc(CC(=O)N2CCCC2c2ccc(OC)cn2)cc1,OADMET-0005263,5.08,,,,,,
COc1ccc(CC(=O)N2CC[C@@H](NC(=O)c3cccnc3)[C@@H](CO)C2)cc1,OADMET-0001417,3.38,,,,,,
COc1ccc(CC(=O)N2CCc3[nH]c4ccc(Cl)cc4c3C2)cc1OC,,,2.077560479,2.829490319,0.804078694,0.826074803,,
COc1ccc(CC(=O)NC(c2ccc(F)c(F)c2)C(C)(C)N2CCCC2)cc1,OADMET-0006047,4.93,,,,,,
COc1ccc(CC(=O)NCC2CCC3(CCOCC3)CO2)c(C)c1,OADMET-0005799,3.56,,,,,,
COc1ccc(CC(=O)Nc2ccc(F)nc2)cc1,,,1.217720768,1.883434294,-0.204544545,,,
COc1ccc(CC(C)(CO)NC(=O)c2cc3c(C)cc(C)nc3s2)cc1OC,OADMET-0002833,4.885,,,,,,
COc1ccc(CC2CN3CCN(C(=O)OCc4ccccc4)CC3CO2)cc1,,,1.521504202,2.935136799,-0.098326578,,,
COc1ccc(CCC(=O)N2CCCN(C(=O)c3coc(C4CC4)n3)CC2)cc1,OADMET-0004798,4.63,,,,,,
COc1ccc(CCC(=O)N2CCCNCC2)cc1,,,0.675686709,1.027920136,0.440998893,1.552668216,,
COc1ccc(CCC(=O)N2CCN(C(=O)c3cc4n(n3)CCCC4)CC2)cc1,,,1.211093831,2.938167844,0.773781223,1.921009802,,
COc1ccc(CCC(=O)Nc2nc3ccc(Cl)cc3s2)cc1OC,OADMET-0001935,4.99,,,,,,
COc1ccc(CCC(=O)O)cc1OC,OADMET-0002309,2.87,,,,,,
COc1ccc(CCCC(=O)NC2CCCCC2)cc1,OADMET-0002020,3.82,,,,,,
COc1ccc(CCCC(=O)O)cc1,OADMET-0002164,2.82,,,,,,
COc1ccc(CCCN2CCN(c3cnn(C)c3)C(=O)C2)cc1F,,,0.675686709,1.644537058,-0.134166202,,1.343408594,1.308414999
COc1ccc(CCCNC(=O)N2C(C)CCC2C)cc1OC,OADMET-0005927,4.63,,,,,,
COc1ccc(CCCNc2nnc(C)o2)cc1,,,0.675686709,2.180283615,,1.405517107,,
COc1ccc(CCN(C)CCCC(C#N)(c2ccc(OC)c(OC)c2)C(C)C)cc1OC,OADMET-0003647,4.75,,,,,,
COc1ccc(CCN)cc1OC,OADMET-0002312,2.47,,,,,,
COc1ccc(CCNC(=O)Cn2c(=O)oc3cc(Cl)ccc32)cc1OC,OADMET-0005611,4.85,,,,,,
COc1ccc(CCNC(=O)Cn2c(=O)oc3ccccc32)cc1OC,OADMET-0002032,3.89,,,,,,
COc1ccc(CCNC(=O)c2cc3c(s2)-c2ccccc2OC3)cc1OC,OADMET-0001491,5.18,,,,,,
COc1ccc(CCNC(=O)c2cnc3scc(C)n3c2=O)cc1OC,OADMET-0001888,4.13,,,,,,
COc1ccc(CCNCc2ccc(-c3ccccc3)o2)cc1OC,,,1.805113286,3.03685317,-0.009030745,1.870813424,,
COc1ccc(CCn2c(C)c3c(=O)n(-c4nc5ccccc5s4)[nH]c3cc2=O)cc1,,,1.730354228,2.950275747,,1.352761192,,
COc1ccc(CCn2c(C3CC3)n[nH]c2=O)cc1,,,0.745387121,2.563022817,0.001959324,1.452553063,,
COc1ccc(CCn2nnnc2N2CCCC2)cc1F,OADMET-0005002,4.87,,,,,,
COc1ccc(CN(C)C(=O)C2(C#N)CCC2)cc1,,,,,,1.752662943,,
COc1ccc(CN(C)C(=O)Nc2ccccc2)cc1F,,,1.261048643,2.808804935,-0.174610896,1.66133934,,
COc1ccc(CN(C)c2ncncc2Br)cc1O,,,1.413718765,2.325086493,,1.74530906,,
COc1ccc(CN(Cc2ccccn2)C(=O)NCC2CCN(C)C2)cc1,OADMET-0001102,3.53,,,,,,
COc1ccc(CN2CC(c3ccncc3)C2)cc1Cn1cccn1,,,1.034989216,2.599287965,0.803270415,,,
COc1ccc(CN2CCC(c3cc[nH]n3)CC2)cn1,,,0.675686709,2.011096563,,,,
COc1ccc(CN2CCC(c3nc(C(C)C)no3)CC2)c(F)c1,,,1.544489726,3.233032935,-0.109525737,1.67329744,,
COc1ccc(CN2CCC(n3c(=O)[nH]c4ccccc43)CC2)cc1F,,,1.224351745,2.573176894,,1.492760389,,
COc1ccc(CN2CCN(C(=O)C3CCN(C(=O)C4CC4)CC3)CC2)cc1,,,0.675686709,1.702611455,0.879415261,,,
COc1ccc(CN2CCN(C(=O)CCNC(=O)c3ccc(C(C)(C)C)cc3)CC2)cc1,OADMET-0001997,3.61,,,,,,
COc1ccc(CN2CCN(c3cc(C)nc(N)n3)CC2)cc1OC,,,0.675686709,1.027920136,0.755720737,1.729002709,,
COc1ccc(CN2CCN(c3ccccc3OC)CC2)cc1Cn1cccn1,OADMET-0001212,4.28,,,,,,
COc1ccc(CN2CCNCC2)cc1,OADMET-0002088,2.08,,,,,,
COc1ccc(CN2CCc3nc(-c4cccnc4)nc(O)c3C2)c(C)c1C,,,1.283007076,1.713498943,0.524151436,0.926342447,,
COc1ccc(CNC(=O)C2CCCN2C(=O)c2ccccc2O)cc1Cl,OADMET-0005868,4.43,,,,,,
COc1ccc(CNC(=O)CCCOc2ccc(C(C)=O)cc2)cc1,,,1.537214439,2.80904836,0.008974258,1.305566314,,
COc1ccc(CNC(=O)CCSc2nc3c(=O)n(C)c(=O)n(C)c3n2C)cc1,,,1.71613664,2.392191039,,,,
COc1ccc(CNC(=O)N2CC3(CC=CC3)C2C(C)C)cc1OC(F)F,OADMET-0003441,5.75,,,,,,
COc1ccc(CNC(=O)N2CCC(C)C(n3ccnc3)C2)cc1F,OADMET-0004588,4.85,,,,,,
COc1ccc(CNC(=O)c2cc(-c3cncc(C)c3)ncc2-c2nccs2)nc1OC,,,1.247703282,2.098307926,0.99213809,0.993876915,,
COc1ccc(CNC(=O)c2nnn(-c3ccc(OC)cc3)c2N)cc1,,,0.874249823,1.90538567,-0.290216126,1.062205809,,
COc1ccc(CNC(=O)c2sc3nc(C)cc(C)c3c2N)cc1,,,1.644123341,2.746921299,-0.413757799,,-0.356547324,-0.18243463
COc1ccc(CNCCCc2ccccc2F)c(OC)c1C,OADMET-0001090,4.32,,,,,,
COc1ccc(CNCc2cccc3ccccc23)cc1,,,2.286790932,2.792058836,-0.346785399,1.673941999,,
COc1ccc(CN[C@@H]2CCC[C@H]2Cc2cc(C)no2)cc1OC,,,1.567191108,3.04908306,0.518255516,,,
COc1ccc(CNc2c(-c3ccc(OC)c(OC)c3)nc3cnccn23)cc1,,,2.829621496,3.289164929,0.384412452,1.670802284,,
COc1ccc(CNc2cc(C(N)=O)ccc2CN2C(=O)CN(C)C2=O)c(Cl)c1,OADMET-0005733,5.22,,,,,,
COc1ccc(CNc2cc(OC)ncn2)c(OC2CCCC2)c1,OADMET-0003268,4.99,,,,,,
COc1ccc(CNc2ncc(-c3ccc4c(c3)OCO4)n2C)c(OC)c1,,,2.304921162,3.202609543,0.171566881,1.628899564,,
COc1ccc(COc2ccc(Cc3cnc(N)nc3N)cc2OC)cc1,,,1.124764984,2.396649106,1.04007604,,,
COc1ccc(CS(=O)(=O)CC(=O)N2CCCC2(C)C)c(C)n1,OADMET-0005181,5.33,,,,,,
COc1ccc(Cc2cccc(C3CCN(C(=O)C4CCCC4)CC3)n2)cc1,,,2.056054478,2.945827395,-0.18071819,1.412124406,,
COc1ccc(Cc2cnc(N)nc2N)cc1OC,OADMET-0003712,1.81,,,,,,
COc1ccc(Cc2nc(-c3ccc(OC)nn3)no2)c(C)c1,OADMET-0004806,4.11,,,,,,
COc1ccc(Cc2ncnn2-c2ccc3c(c2)OCO3)c(OC)c1,,,2.118307723,3.482677107,-0.212052821,1.543074235,,
COc1ccc(Cc2nnn[nH]2)cc1F,,,0.675686709,1.027920136,,,,
COc1ccc(Cc2noc(-c3cccc4c3OCC(=O)N4)n2)cc1,,,1.269746373,2.170892158,,,,
COc1ccc(Cl)c(CN2C(=O)NC3(CCc4ccccc4C3)C2=O)c1,OADMET-0005906,4.89,,,,,,
COc1ccc(Cl)c(NS(=O)(=O)c2cccc(S(N)(=O)=O)c2)c1,OADMET-0005473,4.33,,,,,,
COc1ccc(Cl)c2c1CCCC2NCc1nnc(C(C)C)[nH]1,OADMET-0003828,4.77,,,,,,
COc1ccc(Cl)cc1-c1cccc(C(=O)NCCN2CCCC2=O)c1,,,2.024777015,2.942241269,0.778875677,,,
COc1ccc(Cl)cc1C(=O)N1CCC(Oc2cccc(F)c2)CC1,OADMET-0005463,5.34,,,,,,
COc1ccc(Cl)cc1C(=O)N1CCCN(C(=O)c2cc(Cl)ccc2OC)CC1,OADMET-0002884,5.21,,,,,,
COc1ccc(Cl)cc1C(=O)NCCc1ccc(S(=O)(=O)NC(=O)NC2CCCCC2)cc1,OADMET-0003599,4.75,1.458063445,2.72806226,2.091561417,,-0.91721463,-0.943095149
COc1ccc(Cl)cc1C(=O)NCCc1ccc(S(N)(=O)=O)cc1,OADMET-0001949,3.47,,,,,,
COc1ccc(Cl)cc1C(=O)O,OADMET-0002217,2.05,,,,,,
COc1ccc(Cl)cc1C(O)CNC(=O)c1cccc2c1OCC2,OADMET-0003389,5.31,,,,,,
COc1ccc(Cl)cc1N(CC(=O)Nc1ccccc1C(=O)NCc1ccccc1)S(C)(=O)=O,,,2.773559017,3.136159078,,,,
COc1ccc(Cl)cc1N1CCC(NC(=O)NCC2C(C)(C)C2(F)F)C1,OADMET-0005885,5.17,,,,,,
COc1ccc(Cl)cc1NC(=O)CN1CCCN(c2ccc(C(F)(F)F)cn2)CC1,,,2.656293734,3.026313815,0.241911184,,,
COc1ccc(Cn2ccc(NC(=O)C3C4CCCC43)n2)cc1,OADMET-0004811,4.76,,,,,,
COc1ccc(F)c(CN2CCC(Cc3noc(C)n3)CC2)c1,,,1.304576689,2.420097738,-0.18289097,1.841422044,,
COc1ccc(F)c(CN2C[C@H]3CC[C@@H]2CN(CC(=O)N(C)C)C3)c1,OADMET-0001303,4.15,,,,,,
COc1ccc(F)cc1-c1ccc(-c2nnco2)cc1,,,1.377470174,2.521983611,,,,
COc1ccc(F)cc1C(=O)NC1CCN(c2ncccc2Cl)C1,OADMET-0002964,5.404999999999999,,,,,,
COc1ccc(F)cc1CC(=O)NC(C)C1(N2CCOCC2)CCCC1,OADMET-0005062,4.99,,,,,,
COc1ccc(F)cc1CN1CCC(n2c(=O)[nH]c3ccccc32)CC1,,,2.044112311,3.172893239,0.558379198,1.779596491,,
COc1ccc(N(C(=O)c2ccccc2)C(C(=O)NC2CCCCC2)c2ccccn2)cc1,OADMET-0002693,5.06,,,,,,
COc1ccc(N(C)C(=O)Cn2ncc3ccccc3c2=O)c(OC)c1,OADMET-0005578,4.77,,,,,,
COc1ccc(N(C)S(=O)(=O)c2cccc3c(Cl)cc(C)nc23)cn1,OADMET-0002807,5.775,,,,,,
COc1ccc(N(CC2CC2)C(=O)CC2CC(C)(C)CO2)cc1,OADMET-0002663,5.08,,,,,,
COc1ccc(N)c(OC)c1,OADMET-0002081,3.02,,,,,,
COc1ccc(N)c(OCc2ccccc2)c1,,,2.01301428,2.849197603,-0.151738538,,,
COc1ccc(N)cc1,OADMET-0002109,2.53,,,,,,
COc1ccc(N)cc1N1CCOC1=O,,,0.675686709,1.027920136,,1.508395033,,
COc1ccc(N2CCCN(CC3CCN(C(=O)C4CC4)CC3)CC2)cc1,,,0.701654317,1.706922509,0.047440831,1.775974331,,
COc1ccc(N2CCN(Cc3cc(=O)c(OC)co3)C(C)C2=O)cc1,OADMET-0001138,2.9,,,,,,
COc1ccc(N2N=C(C)/C(=C(\C)Nc3ccc(S(N)(=O)=O)cc3)C2=O)cc1,,,0.950316164,1.593894982,1.613323067,1.319314304,,
COc1ccc(NC(=O)C(C)N2CCCN(c3ccc(C(F)(F)F)cn3)CC2)cc1,,,2.59262526,3.286232753,-0.013573742,1.27989498,,
COc1ccc(NC(=O)C2CCCN2C(=O)CCc2ccco2)cc1,OADMET-0005890,4.09,,,,,,
COc1ccc(NC(=O)CCCn2cncn2)cc1NC(=O)c1ccco1,OADMET-0000979,3.6,,,,,,
COc1ccc(NC(=O)CN2CCC(c3cc(-c4cnc(N)nc4)cc(C)n3)CC2)cc1,,,1.196120893,2.389036663,0.706126106,1.628286731,,
COc1ccc(NC(=O)CN2CCCC2)cc1,,,0.675686709,3.268166648,,,,
COc1ccc(NC(=O)N2CCn3nnc(CCC(=O)N4CCCC4)c3C2)cc1,OADMET-0001429,3.34,,,,,,
COc1ccc(NC(=O)N2Cc3ccccc3NC(=O)C2C)c(C)n1,OADMET-0005391,4.54,,,,,,
COc1ccc(NC(=O)NC(C)c2cccc(C#N)c2)cc1S(=O)(=O)NC1CC1,OADMET-0003051,5.21,,,,,,
COc1ccc(NC(=O)NC(C)c2cnn(C)c2)cc1NS(C)(=O)=O,OADMET-0001356,3.94,,,,,,
COc1ccc(NC(=O)N[C@H]2COC[C@@H]2OC)cc1OC,OADMET-0000994,3.14,,,,,,
COc1ccc(NC(=O)c2cc[nH]n2)c(OCc2ccccc2)c1,OADMET-0004129,4.51,,,,,,
COc1ccc(NC(=O)c2ccc(C)cc2)c(OC)c1,OADMET-0001908,4.05,,,,,,
COc1ccc(NC(=O)c2cccc3c(Br)cccc23)cc1,OADMET-0001867,3.55,,,,,,
COc1ccc(NC(=O)c2snnc2C)c(OC)c1,,,1.534495703,2.259519818,-0.283477722,0.564666064,,
COc1ccc(NC(C)(C)C(=O)NCc2nc3cc(C)c(C)cc3[nH]2)cc1,OADMET-0001093,4.08,,,,,,
COc1ccc(NC(C)=O)cc1NC(=O)CN(Cc1ccccc1)C(C)C,,,3.128647043,3.622840034,0.344454085,,,
COc1ccc(NC2(C(=O)NCc3noc(C4CC4)n3)CCCCC2)cc1,OADMET-0001335,4.74,,,,,,
COc1ccc(NS(=O)(=O)c2cc(Cl)c(NC(C)=O)cc2F)cc1-n1nnnc1C,OADMET-0005633,4.43,,,,,,
COc1ccc(NS(=O)(=O)c2ccc3c(c2)n(C)c(=O)n3C)cc1,,,,,,0.311753861,,
COc1ccc(Nc2c(C#N)cnc3cc(OC)c(OC)cc23)cc1Cl,,,1.724816353,2.759158477,0.510221561,,-0.033858267,0.115943177
COc1ccc(Nc2nc(Cl)cc(Cl)n2)cc1,,,2.275092424,2.229205572,,,,
COc1ccc(Nc2nc(N)nc(CN3CCN(Cc4ccccc4)CC3)n2)cc1,,,1.398183146,2.774065649,1.039028681,1.813647695,,
COc1ccc(Nc2nc3ccccc3c3nncn23)cc1,,,,,,-0.853871964,,
COc1ccc(Nc2ncnc3sccc23)c(OC)c1,,,1.951084836,2.781696508,-0.242457763,1.60346916,,
COc1ccc(O)c(CNC(=O)Nc2cc3c(cc2N2CCCCC2)n(C)c(=O)n3C)c1,OADMET-0003351,5.07,,,,,,
COc1ccc(O)cc1,OADMET-0003687,1.84,,,,,,
COc1ccc(OC(F)(F)F)c(C(=O)Nc2cc3c(cc2C)OCO3)c1,OADMET-0004014,5.13,,,,,,
COc1ccc(OC)c(-c2cc(C(=O)N3CCCN(C(C)=O)CC3)no2)c1,,,1.109004508,2.330373183,0.673599348,1.775974331,,
COc1ccc(OC)c(C(=O)/C=C/c2ccccc2)c1,,,2.212595064,3.293024491,,,,
COc1ccc(OC)c(C(O)C(C)N)c1,OADMET-0003668,2.94,,,,,,
COc1ccc(OC)c(C2CCCN2C(=O)C(C)S(C)(=O)=O)c1,OADMET-0004743,4.97,,,,,,
COc1ccc(OC)c(C2CCCN2C(=O)CCc2nc(-c3nnc[nH]3)no2)c1,OADMET-0004852,5.61,,,,,,
COc1ccc(OC)c(C2CCCN2c2nc(C)cc(C#N)n2)c1,OADMET-0003132,4.62,,,,,,
COc1ccc(OC)c(Cn2cnc3cn(C)nc3c2=O)c1,,,0.675686709,1.7059321,0.4088278,,,
COc1ccc(OC)c(N)c1,OADMET-0002325,2.96,,,,,,
COc1ccc(OC)c(N/C=C2\C(=O)Oc3ccccc3C2=O)c1,,,,,,-0.15490196,,
COc1ccc(OC)c(NC(=O)c2ccc3c(c2)OCO3)c1,OADMET-0001887,4.13,,,,,,
COc1ccc(OC)c(S(=O)(=O)NCCC(=O)Nc2ccccc2C)c1,,,1.711630102,2.789264041,1.298930933,,,
COc1ccc(OC)c(S(=O)(=O)Nc2cccc(CCc3ccccn3)c2)c1,,,2.765215401,3.497596207,0.624089333,1.599555591,,
COc1ccc(OCC(=O)N2CCN(C)CC2)cc1,,,0.675686709,2.124425967,-0.117349553,1.72057272,,
COc1ccc(OCC(=O)NCC2c3ccccc3C(=O)N2C)cc1,OADMET-0003035,5.27,,,,,,
COc1ccc(OCC(=O)NCc2ccccc2OC)c(C=O)c1,OADMET-0001818,4.05,,,,,,
COc1ccc(OCC(=O)NCc2cccs2)c(C=O)c1,OADMET-0001499,3.88,,,,,,
COc1ccc(OCC(=O)Nc2cc(-c3nc4ccccc4s3)ccc2C)cc1,OADMET-0002015,4.12,,,,,,
COc1ccc(OCC(=O)Nc2cccc(Cl)c2N2CCN(C(C)=O)CC2)cc1,,,2.257044666,3.525185185,0.03929184,0.672097858,0.700790221,
COc1ccc(OCC(=O)O)cc1,OADMET-0002303,2.76,,,,,,
COc1ccc(OC[C@@H]2c3cc(OC)c(OC)cc3CCN2C(=O)c2cccc(Cl)c2)cc1,,,,,0.097432972,,-0.116906641,0.232233521
COc1ccc(OCc2n[nH]c(-c3n[nH]c4c3CCC4)n2)cc1,,,1.706350738,3.028671682,0.342395881,,,
COc1ccc(OCc2n[nH]c(-c3ncoc3C(C)C)n2)cc1,,,1.25022477,2.710964809,-0.171009672,,,
COc1ccc(OCc2nn3c(-c4ccc(OC)cc4)nnc3s2)cc1,,,,,-0.271234312,-0.698970004,,
COc1ccc(OCc2nnc([C@H]3C[C@@H](N)C3)n2C)c(Cl)c1,OADMET-0001026,2.94,,,,,,
COc1ccc(Oc2cc(C)c(-c3csc(NC(=O)c4ccncc4)n3)c(C)c2)cc1,,,,,,-0.508638306,,
COc1ccc(S(=O)(=O)CCC(=O)Nc2ccc3c(c2)N(C)C(=O)CO3)cc1,,,0.675686709,2.037928236,1.441330176,1.793930007,,
COc1ccc(S(=O)(=O)N2CCC(N3CCC(C)CC3)CC2)cc1,,,1.198299609,2.138776216,0.097722674,1.751610089,1.729799023,1.626076768
COc1ccc(S(=O)(=O)N2CCC(O)(Cc3ccccc3F)CC2)cc1Cl,OADMET-0003023,4.88,,,,,,
COc1ccc(S(=O)(=O)N2CCCCC2)cc1NC(=O)NCc1c(C)nc2ccccn12,OADMET-0004925,5.2,,,,,,
COc1ccc(S(=O)(=O)N2CCCCCC2)cc1NS(=O)(=O)c1ccc2c(c1)OCO2,OADMET-0002550,5.11,,,,,,
COc1ccc(S(=O)(=O)N2CCC[C@H](C(=O)Nc3cccc4ncccc34)C2)cc1,,,1.353570042,2.786234503,,,,
COc1ccc(S(=O)(=O)N2c3ncnn3CCC2C)cc1F,OADMET-0002543,5.14,,,,,,
COc1ccc(Sc2nsc(NC(=O)N[C@H](CO)C(C)(C)C)n2)cc1,OADMET-0002643,5.98,,,,,,
COc1ccc([C@@H](C)NC(=O)c2cn3c(n2)COCC3)cc1C,OADMET-0005247,4.72,,,,,,
COc1ccc([C@@H]2C[C@H]2C(=O)NCc2cc(F)ccc2F)cc1,OADMET-0005609,4.15,,,,,,
COc1ccc([C@@H]2Sc3ccccc3N(CCN(C)C)C(=O)[C@@H]2OC(C)=O)cc1,OADMET-0003648,4.45,,,,,,
COc1ccc([C@H]2CN(C(C)=O)[C@@H]3CCCN(Cc4cccc(F)c4)[C@H]23)cc1,,,2.24496946,3.293540435,0.130584805,1.653212514,0.595385981,0.594060901
COc1ccc([C@H]2c3[nH]c4ccc(Cl)cc4c3CCN2C(=O)Oc2ccc(Cl)cc2)cc1,,,,,-0.364638431,-1.0,1.51293775,1.754608223
COc1ccc2[nH]c(C(=O)NC[C@@H]3C[C@H](OC)CN3c3ccncn3)cc2c1,OADMET-0002704,5.6,,,,,,
COc1ccc2[nH]c(S(=O)Cc3ncc(C)c(OC)c3C)nc2c1,OADMET-0001906,4.25,,,,,,
COc1ccc2[nH]cc(C3CCN(c4ncnc5[nH]ncc45)CC3)c2c1,OADMET-0002622,5.52,,,,,,
COc1ccc2[nH]nc(C(=O)NC(C)c3ccccc3N(C)C)c2c1,OADMET-0002551,5.44,,,,,,
COc1ccc2[nH]nc(NC(=O)C3(c4ccccc4)CCCO3)c2c1,OADMET-0005991,4.65,,,,,,
COc1ccc2[nH]nc(NC(=O)c3ccn(-c4ccc(F)cc4F)n3)c2c1,OADMET-0004069,4.26,,,,,,
COc1ccc2c(-c3ccccc3)c(C(=O)NC(C)C)oc2c1,OADMET-0003527,5.005,,,,,,
COc1ccc2c(-c3ccccc3)c(C(=O)NC3CC(Cl)(Cl)C3)oc2c1,OADMET-0003191,5.05,,,,,,
COc1ccc2c(-c3ccccc3)cc3nnnn3c2c1,,,,,-0.318659084,-0.823908741,,
COc1ccc2c(C)c(CC(=O)NCc3noc(C4CC4)n3)c(=O)oc2c1,OADMET-0001147,3.72,,,,,,
COc1ccc2c(O[C@@H]3C[C@H]4C(=O)N[C@]5(C(=O)NS(=O)(=O)C6CC6)C[C@H]5C=CCCCCN(C)C(=O)[C@@H]4C3)cc(-c3nc(C(C)C)cs3)nc2c1C,OADMET-0003786,2.92,,,,,,
COc1ccc2c(c1)C(=O)N(c1ccc(C)cc1)C(=O)C2,,,1.47424541,2.566113271,,,,
COc1ccc2c(c1)C(=O)N(c1ccccc1OC)C(=O)C2,,,,,,1.605089462,,
COc1ccc2c(c1)C(C(=O)Nc1nccnc1C(C)C)CC2,OADMET-0005272,4.3,,,,,,
COc1ccc2c(c1)C(CCNC(=O)C(C)(O)C(F)(F)F)=CC2,OADMET-0005229,4.6,,,,,,
COc1ccc2c(c1)C(Nc1nccc3nccnc13)CCC2,OADMET-0005265,5.0,,,,,,
COc1ccc2c(c1)C1(CC1)CN(C(=O)Cn1ncc3ccccc3c1=O)C2,OADMET-0005856,5.04,,,,,,
COc1ccc2c(c1)C=C(CN1CCC(c3cc(-c4ccc(N)nc4)cc(C)n3)CC1)CO2,,,1.637939802,2.227153696,-0.000486,1.360025089,,
COc1ccc2c(c1)C=C(CN1CCC(c3cc(-c4cncnc4)cc(C)n3)CC1)CO2,,,1.69720318,2.302226997,0.153083684,1.358886204,,
COc1ccc2c(c1)CC(C(=O)NCc1nnnn1-c1ccccc1)CO2,OADMET-0001289,4.21,,,,,,
COc1ccc2c(c1)CC(c1nnc(-c3ccccc3F)o1)CO2,OADMET-0006009,4.11,,,,,,
COc1ccc2c(c1)CCCC2Cn1c(=O)[nH]c2cccnc2c1=O,OADMET-0003144,5.11,,,,,,
COc1ccc2c(c1)CCCN(C(=O)NCCc1ccccn1)C2,,,2.241608732,3.144810126,,,,
COc1ccc2c(c1)CCN(C(=O)C(OC)c1ccccc1)CC2,OADMET-0002581,5.29,,,,,,
COc1ccc2c(c1)CC[C@@H]1[C@@H]2CC[C@]2(C)[C@@H](NCCCCCCN3C(=O)C=CC3=O)CC[C@@H]12,,,0.784331948,1.587171971,,,,
COc1ccc2c(c1)CN(C(=O)c1cc(C3CC3)[nH]n1)CC2,,,1.800201391,3.456797077,0.027081622,1.13481437,,
COc1ccc2c(c1)CN(c1nc(C)cc(C)n1)CC2,,,2.110606543,2.684467433,,1.004751156,,
COc1ccc2c(c1)N(C(=O)C1CC(=O)N(c3ccc(F)c([N+](=O)[O-])c3)C1)CCCC2,OADMET-0004940,5.67,,,,,,
COc1ccc2c(c1)N(C(=O)c1ccnc(C3CC3)c1)CCO2,OADMET-0005903,4.38,,,,,,
COc1ccc2c(c1)OC(C)(C)CN(C(=O)c1ccc(C)c(C)n1)C2,OADMET-0005105,5.15,,,,,,
COc1ccc2c(c1)OCCN(C(=O)Nc1ncc(C)s1)C2,OADMET-0004853,4.37,,,,,,
COc1ccc2c(c1)[C@@H](NC(=O)N[C@H]1CCCC[C@@H]1NS(=O)(=O)C1CC1)CCC2,OADMET-0003374,5.16,,,,,,
COc1ccc2c(c1)[C@H](NS(=O)(=O)c1cc(F)ccc1OC(F)F)CCC2,OADMET-0002820,5.73,,,,,,
COc1ccc2c(c1)[C@H](n1cc(-c3ccccc3OC)nn1)CCO2,OADMET-0002589,5.2,,,,,,
COc1ccc2c(c1)c(CC(=O)N1CCOCC1)c(C)n2C(=O)c1ccc(Cl)cc1,OADMET-0001948,4.48,,,,,,
COc1ccc2c(c1)c(CC(=O)O)c(C)n2C(=O)c1ccc(Cl)cc1,OADMET-0002250,4.14,,,,,,
COc1ccc2c(c1NC(=O)N1CCC(O)(C3CCC3)CC1)CCC2,OADMET-0005235,4.54,,,,,,
COc1ccc2c(ccn2CC(=O)NCC2(N3CCOCC3)CCCCC2)c1,OADMET-0005972,5.11,,,,,,
COc1ccc2cc(-c3[nH]c(-c4ccc(S(C)=O)cc4)nc3-c3ccncc3)ccc2c1,,,0.695569227,2.082534053,1.541831716,0.531478917,,
COc1ccc2cc(C(=O)N3CCc4ccccc4C3)[nH]c2c1,OADMET-0001902,4.7,,,,,,
COc1ccc2cc(C(=O)NC(C)C3(N4CCOCC4)CCCC3)[nH]c2c1,OADMET-0003247,5.26,,,,,,
COc1ccc2cc(C(=O)NCc3nnc4n3CCCCC4)ccc2c1,,,1.140696553,2.815961405,1.546705497,,,
COc1ccc2cc(C(=O)O)[nH]c2c1,OADMET-0002318,2.88,,,,,,
COc1ccc2ccccc2c1CNC(=O)NC1CCN(C(C)(C)C)C1,OADMET-0005549,5.09,,,,,,
COc1ccc2ccccc2c1CNC(=O)c1cnc(C2CC2)nc1,,,1.52748812,2.645033982,-0.190430393,0.709269961,,
COc1ccc2nc(C(=O)N(C)CCc3ccc(F)cc3)ccc2c1,OADMET-0006041,5.09,,,,,,
COc1ccc2nc(C(=O)Nc3cnc4c(cnn4C(C)C)c3)ccc2c1,,,,,-0.333575366,-0.823908741,,
COc1ccc2nc(C)c(C(=O)Nc3ccccc3N3CCCC3)cc2c1,,,2.258905342,2.993340984,-0.315386086,0.924279286,,
COc1ccc2nc(C)nc(N3CC(CO)C3)c2c1,,,0.720985744,1.132771829,1.061102033,1.46686762,,
COc1ccc2nc(C)nc(N3CC(O)(c4ccc(F)cc4)C3)c2c1,,,1.429832996,2.670159542,0.587329548,1.288472801,,
COc1ccc2nc(C)nc(NCc3ncc(C)o3)c2c1,,,1.371751107,2.471197799,0.141299447,,,
COc1ccc2nc(CN3CCC(O)(c4ccc(C)cc4)CC3)ccc2c1,,,1.648516134,2.800172495,-0.314692176,1.472463897,,
COc1ccc2nc(CN3CCCC(N4CCCC4=O)CC3)sc2c1,OADMET-0006017,5.16,,,,,,
COc1ccc2nc(NCc3cnn(C)c3)ccc2c1,,,1.454600977,1.947551348,-0.273867824,1.541329578,,
COc1ccc2nc(O)c(C=O)cc2c1,OADMET-0001510,1.67,,,,,,
COc1ccc2nc3c(cc2c1)CNCCO3,,,1.256765838,1.9159114,-0.297626668,,,
COc1ccc2ncc(C(=O)NCc3ccnc(OCC(F)(F)F)c3)n2n1,OADMET-0002746,4.78,,,,,,
COc1ccc2nccc(N3CCCC(N4CCNC4=O)C3)c2c1,OADMET-0003236,1.77,,,,,,
COc1ccc2ncn(CCc3n[nH]c(N)n3)c(=O)c2c1,OADMET-0001157,3.15,,,,,,
COc1ccc2oc(C(=O)Nc3cnccc3Oc3ccccc3)c(C)c2c1,OADMET-0004313,4.81,,,,,,
COc1ccc2oc(C)c(C(=O)NCC3(N(C)C)Cc4ccccc4C3)c2c1,OADMET-0004803,5.2,,,,,,
COc1ccc2oc(CNC(=O)[C@H]3CCC[C@@H](O)C3)nc2c1,OADMET-0001233,3.4,,,,,,
COc1cccc(-c2cc(CNC(=O)[C@H]3OC[C@H]4CCC[C@H]43)on2)c1,OADMET-0002938,4.6,,,,,,
COc1cccc(-c2ccc(C(=O)N(C)Cc3c(C)nn(C(C)C)c3C)o2)c1,,,2.421791423,3.293288066,0.168389411,1.672005445,,
COc1cccc(-c2cccc(N)n2)c1F,,,1.924899264,2.411279544,-0.116954056,1.260071388,,
COc1cccc(-c2ccccc2NC(=O)C2CCN(c3cnccn3)CC2)c1,OADMET-0001187,4.19,,,,,,
COc1cccc(-c2ccnn2C(C)C)c1OC,OADMET-0001038,3.97,,,,,,
COc1cccc(-c2nc(-c3cccnc3)n[nH]2)c1,,,0.675686709,1.667714385,-0.156317083,1.355259906,,
COc1cccc(-c2nc(C(=O)O)cs2)c1OC,,,0.675686709,1.027920136,-0.038317043,1.576571684,,
COc1cccc(-c2nc(C3CCN(S(=O)(=O)c4ccc5c(c4)CCCC5)CC3)no2)c1,OADMET-0001367,5.43,,,,,,
COc1cccc(-c2ncc(CNC(=O)CC3NC(=O)NC3=O)s2)c1,OADMET-0000997,3.07,,,,,,
COc1cccc(-c2nnn(-c3ncnc4sc5c(c34)CCC5)n2)c1,,,,,,-0.585026652,,
COc1cccc(-c2nnn(Cc3cc(F)cc4cccnc34)n2)c1,,,,,-0.313073267,-0.853871964,,
COc1cccc(-c2noc(-c3ccc(-c4ccc(O)cc4)nc3)n2)c1OC,OADMET-0000955,3.66,,,,,,
COc1cccc(-c2ocnc2C(=O)Nc2ccc(-c3ccc(C)o3)cc2)c1,,,,,,-0.397940009,,
COc1cccc(-n2c(S)nnc2COc2cccc3ccccc23)c1,,,,,0.029897367,-0.585026652,,
COc1cccc(-n2cc(CN(C)C(=O)c3c[nH]nc3-n3cnnn3)cn2)c1,OADMET-0000941,3.86,,,,,,
COc1cccc(-n2nc(C(=O)O)cc2-c2ccc(C3CCCCC3)c(Cl)c2)c1,,,0.891035415,1.511789811,0.192430941,1.528273777,,
COc1cccc(/C=C2/N=C(c3ccccc3)NC2=O)c1OC,,,,,,-0.48148606,,
COc1cccc(/C=C2/N=C(c3ccccc3C)NC2=O)c1OC,,,,,,-0.455931956,,
COc1cccc(C(=O)C[n+]2cc(-c3ccc(F)cc3)n(C)c2N)c1,,,0.675686709,1.655196081,1.419535877,1.869994,,
COc1cccc(C(=O)N(C)CC(F)(F)F)c1OCCCN,,,0.675686709,1.914142097,1.478798239,,,
COc1cccc(C(=O)NCC(=O)NC2CC(C)(C)Oc3ccccc32)c1,OADMET-0005024,5.02,,,,,,
COc1cccc(C(=O)NCC(=O)Nc2cccc3c2CCCC3)c1,,,1.762566038,2.783220886,0.113057749,,,
COc1cccc(C(=O)NCCNC(=O)C2COc3ccccc3C2)c1,OADMET-0005658,4.51,,,,,,
COc1cccc(C(=O)Nc2cc(C(F)(F)F)ccc2Cl)c1,OADMET-0001925,4.82,,,,,,
COc1cccc(C(=O)Nc2cccc(OCc3cc(=O)n4cc(C)sc4n3)c2)c1,OADMET-0001490,5.3,,,,,,
COc1cccc(C(=O)Nc2nccs2)c1,,,2.03616961,2.781770449,-0.250236636,,,
COc1cccc(C(=O)Nc2nnc3n2CCCC3)c1O,OADMET-0005269,4.58,,,,,,
COc1cccc(C(=O)O)c1,OADMET-0002273,2.48,,,,,,
COc1cccc(C(C)C(=O)N2CCCC(c3cn(C)nn3)C2)c1,OADMET-0004787,4.75,,,,,,
COc1cccc(C(CNc2nc(C)c3ccccc3n2)N(C)C)c1,OADMET-0005564,4.88,,,,,,
COc1cccc(C(NC(=O)CC2(CSC)CC2)c2nccn2C)c1,OADMET-0002927,5.1,,,,,,
COc1cccc(C(O)CNC(=O)COc2ccc3ccccc3c2)c1,OADMET-0005292,4.39,,,,,,
COc1cccc(C(O)CNC(=O)c2ccc(N3CCCCCC3)nc2)c1,OADMET-0003331,5.67,,,,,,
COc1cccc(C(O)CNC(=O)c2cnn(C)c2Cc2ccccc2)c1,OADMET-0002681,5.33,,,,,,
COc1cccc(C(OC)C(=O)N(C)C(C)c2cccc(S(N)(=O)=O)c2)c1,OADMET-0004712,4.39,,,,,,
COc1cccc(C)c1C(=O)N(C)CCCn1cccn1,,,1.579577829,2.699194911,0.549723806,,,
COc1cccc(C)c1C(=O)N(C)Cc1ncc[nH]1,,,0.675686709,2.628094532,0.800707006,,,
COc1cccc(C)c1C(=O)N[C@H](CO)CCSC,,,1.512324113,2.869796522,0.230012917,,,
COc1cccc(C2(C(=O)NCCn3cnc4ccccc43)CC2)c1,OADMET-0005381,4.59,,,,,,
COc1cccc(C2(CNC(=O)Cc3c(C)nn(-c4nc(C)cc(C)n4)c3C)CCCC2)c1,OADMET-0003496,5.77,,,,,,
COc1cccc(C2(NC(=O)NCc3c4c(nn3C)CCCC4)CCC2)c1,OADMET-0004813,5.17,,,,,,
COc1cccc(C2=CCN(C(=O)c3noc4c3CCCCC4)C2)c1,OADMET-0005026,5.0,,,,,,
COc1cccc(C2CCN(C(=O)Cc3cc(C)on3)CC2)c1,OADMET-0005290,5.16,,,,,,
COc1cccc(C2CN(C(=O)CNC(=O)c3ccc(C)c(C)c3)CCO2)c1,OADMET-0005954,4.91,,,,,,
COc1cccc(C2NC(=O)NC(C)=C2C(=O)OCc2ccc3c(c2)OCO3)c1,,,,,,1.255754787,,
COc1cccc(CC(=O)N2CCC(c3ccccc3OC)C2)c1,OADMET-0005476,5.3,,,,,,
COc1cccc(CC(=O)N2CCOC(c3cc(Nc4nnc(C)s4)cc(C)n3)C2)c1,,,1.83653931,2.488580326,1.02864215,,,
COc1cccc(CC(=O)Nc2ccc3nc(C)sc3c2)c1,,,1.52748812,2.533486077,-0.08728967,1.718833718,,
COc1cccc(CC2CCN(C(=O)Nc3ccnc(C)n3)CC2)c1,OADMET-0003495,3.42,,,,,,
COc1cccc(CCNC(=O)N2CCC(CS(N)(=O)=O)C2)c1OC,OADMET-0001055,2.8,,,,,,
COc1cccc(CN(C)c2cc(N3CCCC3)ncn2)n1,,,2.106068448,3.649253348,-0.165816,,,
COc1cccc(CN(C)c2ncnc3c2CN(C)CC3)c1,,,1.269419538,2.261343771,-0.122377633,1.761401558,,
COc1cccc(CN2CCC(Cc3ccc(-c4cccnc4)cc3)(C(N)=O)CC2)c1,,,2.034692614,2.799777382,0.846611174,1.848804701,,
COc1cccc(CN2CCN(C(=O)Cc3ccc(C)cc3)[C@@H](C)C2)c1,,,2.361973237,2.994858913,-0.131497684,1.643452676,,
COc1cccc(CN2CCc3nc(-c4cnc(C)cn4)nc(O)c3C2)c1,,,0.675686709,1.582256592,,,,
COc1cccc(CN2CCc3nc(-c4cnccn4)nc(O)c3C2)c1,,,0.675686709,1.424407899,,,,
COc1cccc(CN2Cc3ccccc3OC3(CCOCC3)C2)c1,,,2.123371366,3.197581289,-0.277833593,1.205745541,,
COc1cccc(CNC(=O)C2(C#N)CCOCC2)c1,,,0.675686709,1.880390521,,,,
COc1cccc(CNC(=O)N2CCC(NC(C)=O)C2)c1OC,OADMET-0001064,3.14,,,,,,
COc1cccc(CNC(=O)c2cccn(Cc3ccccc3)c2=O)n1,OADMET-0005923,5.53,,,,,,
COc1cccc(CNc2ncc(-c3ccccc3)n2C)c1,,,2.972102356,3.345169574,-0.268292975,1.37051309,,
COc1cccc(Cc2cnc(N)s2)c1,,,1.250639534,2.449390451,-0.173164884,,,
COc1cccc(Cc2nc3sc4c(c3c(=O)[nH]2)CCSC4)c1,,,2.05330514,3.450775794,0.010456454,,,
COc1cccc(Cc2noc(Cc3cnn(-c4ccccc4)n3)n2)n1,OADMET-0005215,4.65,,,,,,
COc1cccc(Cc2noc([C@@H]3C[C@H]3c3ccc(F)cc3F)n2)n1,OADMET-0004847,4.48,,,,,,
COc1cccc(Cn2cnc3c(c2=O)COCC3)c1Cl,,,0.756940236,2.139690222,-0.045717244,,,
COc1cccc(F)c1NC(=O)N1CCC(N2CC=CC2)CC1,,,0.675686709,2.560247466,0.91615109,,,
COc1cccc(N(C)CCC(=O)N2CCC(c3ccc(-c4ccc(N)nc4)cn3)CC2)c1,,,2.914450527,3.247109216,0.827992641,1.672282625,,
COc1cccc(N2CCN(c3nc(C)cc(C)c3C#N)CC2)c1,,,,,-0.285014664,-0.045757491,,
COc1cccc(NC(=O)C2CNC2)c1,,,0.675686709,1.773925339,,1.470116353,,
COc1cccc(NC(=O)CNc2cccc(-c3ccnc(C)n3)c2)c1,,,1.786687551,2.398681151,0.378228288,1.702861171,,
COc1cccc(NC(=O)N(C)Cc2nccn2Cc2ccccc2)c1,OADMET-0004985,4.78,,,,,,
COc1cccc(NC(=O)N2CCC(C)C(n3ccnc3)C2)c1C,OADMET-0004921,4.72,,,,,,
COc1cccc(NC(=O)N2CCCC(N(CCCN3CCCC3)C(=O)C(C)C)C2)c1,OADMET-0001472,3.57,,,,,,
COc1cccc(NC(=O)[C@H]2CCCN(S(=O)(=O)c3ccc(C)cc3)C2)c1,,,1.580411726,3.450356591,0.42798745,1.0,,
COc1cccc(NC(=O)c2c([O-])n(-c3cccc(OC)c3)n[n+]2C)c1,,,,,-0.19576607,-0.721246399,,
COc1cccc(NC(=O)c2cc(C3CC3)nc3ccc(C)cc23)c1O,OADMET-0003179,5.15,,,,,,
COc1cccc(Nc2c(C(N)=O)cnc3c(C)cc(S(=O)(=O)c4cccc(C(=O)N(C)C)c4)cc23)c1,,,2.515428729,3.159346381,1.886268312,,,
COc1cccc(OC)c1-c1cc(C(=O)N[C@@H](CC(C)C)C(=O)O)nn1-c1ccnc2cc(Cl)ccc12,,,0.97735773,2.034439941,1.592504602,1.955976222,,
COc1cccc(OC)c1-c1ccc(OCCN2CCCC2)cc1,,,0.675686709,3.360202297,0.14730882,,,
COc1cccc(OC)c1C(=O)NC(C)c1cnn(C(C)C)c1,OADMET-0005605,4.91,,,,,,
COc1cccc(OC)c1C(=O)NC(C)c1csc(C)n1,OADMET-0005648,4.53,,,,,,
COc1cccc(OC)c1C(=O)Nc1ccc(N2CCCCC2)cc1,OADMET-0001901,4.06,,,,,,
COc1cccc(OC)c1C(=O)O,OADMET-0002298,2.13,,,,,,
COc1cccc(OCC(=O)NC2CCCCC2)c1,OADMET-0002021,4.41,,,,,,
COc1cccc(OCC(=O)O)c1,OADMET-0002257,3.23,,,,,,
COc1cccc(OCCCN)c1-c1cc(Nc2cnc(C#N)cn2)n[nH]1,,,0.675686709,2.709212277,1.241953397,1.592620821,,
COc1cccc(OCCCn2cncc2-c2cc3c(cc2C)n(C)c(=O)n3C)c1,,,1.584059705,2.546181012,2.154630822,1.743274524,,
COc1cccc(OCCCn2cncc2-c2cc3c(cc2OC)OCCCO3)c1,,,1.22172713,2.026757912,0.722245294,1.979775933,,
COc1cccc(OCCN2CCN(C(=O)c3scnc3C(C)(C)C)CC2)c1,OADMET-0003497,2.95,,,,,,
COc1cccc(O[C@H]2CCN(C(=O)c3cc(-c4ccc(C)cc4)on3)CC[C@@H]2O)c1,,,1.915204543,3.025956001,-0.141783164,,,
COc1cccc(O[C@H]2CCN(C(=O)c3cc(-c4ccc(F)cc4)on3)CC[C@@H]2O)c1,,,1.821592127,2.761214951,-0.054616699,,,
COc1cccc(Oc2ccc(NC(=O)CN3CCCCC3=O)cn2)c1,,,0.675686709,1.8853386,1.132519322,,,
COc1cccc(Oc2ccc(NC(=O)CN3CCOCC3)cn2)c1,,,0.675686709,2.140545751,0.099768195,,,
COc1cccc(S(=O)(=O)CC(=O)N(C)C2CCCCC2C)c1,OADMET-0004844,5.37,,,,,,
COc1cccc(S(=O)(=O)N2CCN(C)CC2c2ccccc2)c1,OADMET-0002590,5.12,,,,,,
COc1cccc(S(=O)(=O)N2CCOC(c3c(C(N)=O)sc4ncccc34)C2)c1,,,,,1.582519144,,,
COc1cccc([C@@H](C)n2cnc3cn(C)nc3c2=O)c1,,,0.675686709,1.827265857,0.157255348,,,
COc1cccc2[nH]c(C(=O)NCC#CC3CCCCO3)cc12,OADMET-0003848,4.07,,,,,,
COc1cccc2[nH]cc(S(=O)(=O)NC(C)CCSC)c12,OADMET-0002546,5.36,,,,,,
COc1cccc2c(N3CCOC(CN(C)C)C3)nccc12,OADMET-0005900,4.45,,,,,,
COc1cccc2c1C(=O)c1c(O)c3c(c(O)c1C2=O)C[C@@](O)(C(=O)CO)C[C@@H]3O[C@H]1C[C@H](N)[C@H](O)[C@H](C)O1,OADMET-0003707,6.08,,,,,,
COc1cccc2c1CCCCN2C(=O)c1cc2ncccc2o1,OADMET-0005093,5.31,,,,,,
COc1cccc2c1OC(C)(C)[C@@H]1C[C@H]3CNCC[C@H]3O[C@@H]21,,,0.675686709,1.711992713,1.232459541,1.727785174,,
COc1cccc2c1Oc1nc(-c3ccccc3)[nH]c(=S)c1C2,,,,,,-0.455931956,,
COc1cccc2cc(C(=O)N3CCC(C)CC3)c(=O)oc12,OADMET-0001977,5.42,,,,,,
COc1cccc2cc(C(=O)O)c(=O)oc12,OADMET-0002297,2.2,,,,,,
COc1cccc2cc(C(N)=S)/c(=N/Nc3ccccc3)oc12,,,,,-0.304146812,-0.346787486,,
COc1cccc2oc(C(=O)N3CCCC(c4ccc(F)c(O)c4)C3)cc(=O)c12,OADMET-0002777,5.03,,,,,,
COc1cccc2sc(NC(=O)C3CCCOC3C)nc12,OADMET-0004695,5.2,,,,,,
COc1ccccc1-c1cc(C(C)(C)C)nc(-c2ncccn2)n1,,,1.355853636,2.228346454,0.296836399,,,
COc1ccccc1-c1cc(NC(=O)c2cccc(N3CCNC3=O)c2)[nH]n1,,,0.876967967,2.012702277,1.780905646,0.774516966,-0.397940009,-0.742321425
COc1ccccc1-c1ccc(C(=O)N2CCCNC(=O)[C@@H]2C)s1,OADMET-0003900,5.29,,,,,,
COc1ccccc1-c1ccc(C(C)NC(=O)C2(C(=O)O)CC2)cc1,OADMET-0005274,4.26,,,,,,
COc1ccccc1-c1ccc(CC2(C(=O)NC3CC3)CCOCC2)cc1,,,1.910592392,3.331902432,0.275676158,1.621280168,,
COc1ccccc1-c1cn(C(C)c2cnc(C)cn2)nn1,OADMET-0005665,4.39,,,,,,
COc1ccccc1-c1cn(Cc2coc(C3CC3)n2)nn1,OADMET-0002579,5.15,,,,,,
COc1ccccc1-c1cn(Cc2nc(C(C)(C)C)cs2)nn1,OADMET-0002538,5.835,,,,,,
COc1ccccc1-c1cn(Cc2nc3c(o2)CCCC3)nn1,OADMET-0005186,4.4,,,,,,
COc1ccccc1-c1cn(Cc2noc3c2CC(C)(C)CC3)nn1,OADMET-0003348,6.33,,,,,,
COc1ccccc1-c1csc(-n2ncc(C#N)c2N)n1,,,,,,-0.886056648,,
COc1ccccc1-c1n[nH]c(NC(=O)c2cc(-c3cnn(C)c3)ccc2F)c1C,OADMET-0002896,5.42,,,,,,
COc1ccccc1-c1nc(-c2ccc(NC(C)=O)cc2)c(C)s1,,,,,,-0.13667714,,
COc1ccccc1-c1nc(C(=O)O)cs1,,,0.675686709,1.027920136,-0.1878426,1.737192643,,
COc1ccccc1-c1nn(-c2ccccc2)cc1CO,,,1.624261464,2.57334512,-0.3784994,1.295127085,,
COc1ccccc1-c1nn(C)cc1C(=O)N[C@@H](C)c1ccc(-n2cccn2)c(F)c1,OADMET-0003476,4.79,,,,,,
COc1ccccc1-c1nn(C)cc1C(=O)Nc1ncc(-c2ccccn2)s1,OADMET-0004752,4.45,,,,,,
COc1ccccc1-c1nnc([C@H]2CCN(Cc3ccccc3C)C2)o1,,,2.19966469,3.503921088,-0.121969137,1.568788212,,
COc1ccccc1-c1noc(C(C)NC(=O)N2CCC(C(C)O)CC2)n1,OADMET-0005558,4.61,,,,,,
COc1ccccc1-n1c(SCC(=O)O)nnc1C1CCOCC1,OADMET-0001286,2.39,,,,,,
COc1ccccc1-n1cc(C(C)NC(=O)Cc2c[nH]c(=O)[nH]c2=O)cn1,OADMET-0001105,2.88,,,,,,
COc1ccccc1-n1cc(CNC(=O)N(C)Cc2c(C)nn(C)c2C)cn1,,,1.878084984,2.708621428,1.738181246,,,
COc1ccccc1-n1cc2c(c1-c1ccccc1Br)c(=O)n(C)c(=O)n2C,,,,,0.353809946,-0.091514981,,
COc1ccccc1-n1ncc(C(=O)NCC2(Cc3ccc(F)cc3)CC2)c1C,OADMET-0003499,6.215,,,,,,
COc1ccccc1-n1ncc2c(=O)[nH]c(SC(C)c3ccccc3)nc21,,,2.350095969,3.070244878,,,,
COc1ccccc1/C=C/CN1CCCC2(C1)OCCO2,,,1.248708736,3.337657494,-0.260083097,,,
COc1ccccc1/C=C/CN1C[C@H]2CCCN2C[C@@H]1C,,,1.226161523,3.161578509,-0.129961745,,,
COc1ccccc1C(=O)/C=C/c1ccccc1C(F)(F)F,,,2.507164767,3.138438493,,,,
COc1ccccc1C(=O)CSc1nncn1C1CC1,,,1.390846827,2.6651277,0.113543899,,,
COc1ccccc1C(=O)NCC(=O)NC1CCN(c2ccccc2OC)CC1,OADMET-0005346,4.51,,,,,,
COc1ccccc1C(=O)NCc1nc(C)cc(N2CCCCC2)n1,,,1.983662364,3.02141714,-0.613819629,1.825945143,,
COc1ccccc1C(=O)Nc1ccc2cc[nH]c2c1,,,1.928436822,2.691249517,-0.607609727,0.69019608,0.505149978,0.571825249
COc1ccccc1C(=O)Nc1cccc(-c2ccnc(C)n2)c1,,,1.780252487,2.221990307,,1.666705136,,
COc1ccccc1C(=O)Nc1cccc(C#N)c1,,,1.93200167,1.908168566,-0.609667263,1.519040039,,
COc1ccccc1C(=O)O,OADMET-0002176,2.73,,,,,,
COc1ccccc1C(C)(C)n1cc(C(C)(C)NS(C)(=O)=O)nn1,OADMET-0005133,5.03,,,,,,
COc1ccccc1C(C)(C)n1cc(C2CCCS(=O)(=O)C2)nn1,OADMET-0002847,5.27,,,,,,
COc1ccccc1C(C)(C)n1cc(COC2CCCCO2)nn1,OADMET-0002849,5.44,,,,,,
COc1ccccc1C(C)NC(=O)CN(C(C)C)S(C)(=O)=O,OADMET-0005670,4.6,,,,,,
COc1ccccc1C(C)NC(=O)CN1CCCC1Cn1cncn1,OADMET-0005319,5.04,,,,,,
COc1ccccc1C(CO)NC(=O)c1ccccc1CNC(=O)OC(C)(C)C,OADMET-0003201,5.71,,,,,,
COc1ccccc1C1(CNC(=O)N2CCCN(C(=O)C3CC3)CC2)CCC1,OADMET-0003008,5.27,,,,,,
COc1ccccc1C1CCN(C(=O)c2nccc3cccnc23)C1,OADMET-0003353,5.64,,,,,,
COc1ccccc1C1CN(C(=O)c2ccc(CCF)cc2)CCN1,OADMET-0005485,4.61,,,,,,
COc1ccccc1CC(=O)NC1CCN(C)CC1,,,0.675686709,1.736850481,0.787828913,1.635282638,,
COc1ccccc1CC(=O)Nc1ncc(C)s1,,,1.247997802,2.417446781,-0.171062333,0.819543936,,
COc1ccccc1CC(C)(C)NS(=O)(=O)c1cnc(N)c(C)c1,OADMET-0003135,5.54,,,,,,
COc1ccccc1CC(C)N(C)c1ccnc2c1c(C)nn2C,OADMET-0003223,5.76,,,,,,
COc1ccccc1CC1CCCN1C(=O)CCn1nnc2ccccc2c1=O,OADMET-0002789,5.46,,,,,,
COc1ccccc1CC1CCCN1C(=O)Cc1cnn2ccccc12,OADMET-0002625,5.3,,,,,,
COc1ccccc1CC1CCCN1C(=O)c1cnn(C(C)(C)C)c1,OADMET-0003395,5.58,,,,,,
COc1ccccc1CCC(=O)N1CCC(Oc2ncccc2C(=O)N2CCCCC2)C1,OADMET-0001399,5.01,,,,,,
COc1ccccc1CCC(=O)N[C@@H]1CCN(CC(=O)N(C)C)C[C@H]1O,OADMET-0001184,3.34,,,,,,
COc1ccccc1CCN1CCCC(CN(C)S(=O)(=O)N2CCCC2)C1,OADMET-0001046,4.23,,,,,,
COc1ccccc1CN,OADMET-0002313,2.02,,,,,,
COc1ccccc1CNC(=O)C(C)N1CCCN(c2ccccc2C#N)CC1,,,3.339893263,3.604436451,0.178072072,1.670709595,,
COc1ccccc1CNC(=O)c1cccc(N(C)C)c1,OADMET-0001998,4.87,,,,,,
COc1ccccc1CNC(=O)c1ccccc1OC,OADMET-0001975,4.78,,,,,,
COc1ccccc1CNC(=O)c1cnc(C2CCN(C(=O)C(C)(C)C)CC2)nc1C,,,2.339254623,3.471998625,0.978487458,1.842921121,,
COc1ccccc1CNc1cn[nH]c(=O)c1Cl,,,0.675686709,2.018221845,0.11299373,,,
COc1ccccc1CNc1n[nH]c2nc([C@H]3CCCN(CC(=O)N4CCCC4)C3)ccc12,,,1.360233561,2.625246581,1.642548194,1.739176632,,
COc1ccccc1N1CCC(NC(=O)Cc2noc3ccccc23)C1,OADMET-0005574,5.28,,,,,,
COc1ccccc1N1CCC(NC(=O)NCc2ccc(C(N)=O)cc2)C1=O,OADMET-0004819,4.63,,,,,,
COc1ccccc1N1CCC(NC(=O)c2sccc2-n2cnnn2)CC1,OADMET-0005610,4.85,,,,,,
COc1ccccc1N1CCN(CC(O)COc2cccc3ccccc23)CC1,OADMET-0003557,4.69,,,,,,
COc1ccccc1N1CCN(CCNC(=O)c2ccc(F)cc2)CC1,,,1.341988169,2.551348732,,,,
COc1ccccc1N1CCN(c2nc(-c3ccc(C)cc3)cc(=O)[nH]2)CC1,,,,,0.242421103,-0.698970004,,
COc1ccccc1N1CCN(c2nc(-c3ccc(F)cc3)cc(=O)[nH]2)CC1,,,,,0.332004956,-0.698970004,,
COc1ccccc1NC(=O)CN1CCCN(c2nc(C)cs2)CC1,,,2.554656304,3.290326493,-0.144968747,1.74390155,,
COc1ccccc1NC(=O)CSc1nc(C(C)(C)C)nc2ccccc12,,,,,0.101841486,-0.568636236,,
COc1ccccc1NCC(=O)N1CCN(C)c2ccccc2C1,OADMET-0002722,5.47,,,,,,
COc1ccccc1NS(=O)(=O)c1cc(C(=O)NCC(O)c2ccccc2)ccc1C,OADMET-0002616,5.88,,,,,,
COc1ccccc1Nc1ncccc1C(=O)NCC1(C(N)=O)CCOCC1,OADMET-0005971,4.68,,,,,,
COc1ccccc1OC1CCN(Cc2ccccc2C#N)CC1,,,2.341915049,3.177943478,-0.25422443,1.613841822,,
COc1ccccc1OC1CN(CC(C)(C)CN2CCOCC2)C1,OADMET-0001222,3.19,,,,,,
COc1ccccc1OCC(O)Cn1nnn(C2CCCC2)c1=O,OADMET-0004909,5.15,,,,,,
COc1ccccc1OCCNCC(O)COc1cccc2[nH]c3ccccc3c12,OADMET-0003710,4.4,,,,,,
COc1ccccc1Oc1c(NS(=O)(=O)c2ccc(C(C)(C)C)cc2)nc(-c2ncccn2)nc1OCCO,OADMET-0003550,5.25,1.202869588,1.856221212,1.945609035,,,
COc1ccccc1Oc1cccc(OC)c1NC(=O)c1ccnc(C(N)=O)c1,OADMET-0004953,4.6,,,,,,
COc1ccccc1S(=O)(=O)N(C)C(C)Cc1cccc(F)c1,OADMET-0002944,6.04,,,,,,
COc1ccccc1S(=O)(=O)Nc1c(C)nn(CC(=O)O)c1C,OADMET-0000993,2.75,,,,,,
COc1ccccc1[C@H](O)CNC(=O)C1(c2cc(F)cc(F)c2)CCCC1,OADMET-0003296,5.77,,,,,,
COc1ccccc1[C@H](O)CNC1CCc2cc(F)c(Cl)cc21,OADMET-0004789,5.06,,,,,,
COc1cccnc1CNc1cc(C)c(C#N)c2nc3ccccc3n12,OADMET-0004898,4.56,,,,,,
COc1ccnc(N2CC(O)(C3CC3)C2)n1,,,0.675686709,1.412191655,-0.147984202,,,
COc1ccnc(N2CC(n3nc(C)cc3C)C2)n1,,,0.675686709,1.645540161,-0.183853574,1.579326204,,
COc1ccnc(N2CCCN(Cc3ccccc3C)CC2)n1,,,2.878485603,3.370785387,,,,
COc1ccnc(N2Cc3ccccc3OC3(CCOCC3)C2)n1,OADMET-0005373,5.19,,,,,,
COc1ccncc1NCc1ccc2c(c1)OCCO2,,,1.251492215,2.75575979,-0.176458861,1.492620722,,
COc1ccncc1NCc1cscn1,,,0.675686709,1.404765318,,,,
COc1cn(-c2ccc(-n3cccn3)cc2F)nc(-c2ccnn2-c2ccccc2)c1=O,,,0.675686709,1.450787792,1.035831084,,,
COc1cn(-c2ccccc2)nc1-c1nc(-c2ccccn2)no1,OADMET-0005707,4.3,,,,,,
COc1cnc(C(=O)NCC(NC(=O)OC(C)(C)C)C2CC2)c(F)c1,OADMET-0005387,4.79,,,,,,
COc1cnc(NC(=O)N2CCCS(=O)(=O)CC2C2CC2)s1,OADMET-0005842,5.12,,,,,,
COc1cncc(-c2ccnc3[nH]ccc23)c1,,,1.826541257,2.021267879,-0.173164351,1.380211242,,
COc1cncc(C(=O)NC(c2ccccc2)c2cccc(S(C)(=O)=O)c2)n1,OADMET-0005598,4.92,,,,,,
COc1cncc(CNC(=O)CCOc2ccc(C=O)cc2OC)c1,OADMET-0001524,3.01,,,,,,
COc1cncc(N2CCN(C(=O)c3c(OC)cnc4ccccc34)CC2)c1,OADMET-0003421,3.38,,,,,,
COc1coc(CN2CCCn3nc(C#N)cc3C2)cc1=O,OADMET-0001151,2.87,,,,,,
COc1nc(C#N)c(N2CCOCC2)o1,,,,,,1.647480773,,
COc1nc(C)nc(N(C)Cc2nccs2)c1C,,,2.116677465,2.706250814,-0.33100967,1.473778835,,
COc1nc2c(cc1CNC(=O)N1CCC[C@@H]1CO)C(=O)N(C1CCCC1)C2,,,0.931762888,1.839320894,1.892889814,,,
COc1nc2c(cc1CNC(=O)N1CC[C@@H](O)C1)C(=O)N(C1CCCC1)C2,,,0.675686709,1.027920136,1.505514183,,,
COc1nc2sc(C(=O)NC3CC3)c(N)c2c(C)c1Cl,,,0.989894564,2.123093413,,,0.245512668,0.452093249
COc1ncc(-c2cccc(N(C)C)c2)c(OC)n1,,,2.284667557,3.348596113,,1.396199347,,
COc1ncc(Br)cc1S(=O)(=O)N1CCC(Oc2ccccn2)C1,OADMET-0005779,5.11,,,,,,
COc1ncc(C(=O)N2CCC2c2cccc(F)c2)cc1Cl,OADMET-0005963,5.0,,,,,,
COc1ncc(C(=O)NCc2cnn3cccnc23)cn1,,,0.675686709,1.027920136,0.405075023,,,
COc1ncc(C)cc1NC(=O)c1ccc(N2CCC(C)CC2)nc1,OADMET-0005014,4.66,,,,,,
COc1nccc(C(=O)N2CCCCC2Cc2ccccc2F)n1,OADMET-0003506,5.14,,,,,,
COc1ncccc1-c1ncc(C)c(N(C)C)n1,OADMET-0001350,3.7,,,,,,
COc1ncccc1C(=O)NC1(c2ccccc2F)CC1,OADMET-0005989,4.7,,,,,,
COc1ncccc1C(=O)Nc1nc(C)nn1C,,,0.675686709,1.027920136,-0.232808783,,,
COc1ncccc1CNc1c(C#N)cnc2c(C)cc(F)cc12,,,2.192057039,3.095621898,,,,
COc1ncccc1CNc1ncnc2c1cnn2C,,,0.675686709,1.460085599,-0.01443175,1.668479103,,
COc1ncccc1NC(=O)NC(CC1CCOC1)c1ccccc1,OADMET-0002763,5.31,,,,,,
COc1ncccc1NC(=O)c1cccc(C)n1,,,2.175897231,2.26479658,,1.378034322,,
COc1nccnc1N1CCC(C(=O)Nc2cccc(F)c2)CC1,,,2.259651208,2.47454696,-0.201059001,,,
COc1ncnc(C)c1-c1cccc(OC(C)C)c1,,,1.802889978,3.025720705,-0.197708985,,,
COc1ncnc(OC)c1C(=O)N1CCC(Cc2ccc(F)cc2)C1,OADMET-0006084,4.5,,,,,,
COc1ncnc2c1CN(Cc1c[nH]nc1-c1ccc(F)cc1)CC2,,,1.849271962,2.322562459,0.846931076,1.452553063,,
COc1nn(C)cc1C(=O)Nc1cccc(-c2cnc3n2CCC3)c1,,,1.021644036,1.848847759,0.979002017,1.559308011,0.866877814,0.685562611
COc1nn(C)cc1C(=O)Nc1cccc2cnccc12,,,1.998886781,2.255957185,,1.607455023,1.504729052,1.58945809
COc1nn(C)cc1NC(=O)N1CC(Cc2ccccc2Br)C1,OADMET-0003430,3.79,,,,,,
COc1nscc1C(=O)NCc1ccc(N2CCCC2)cc1,OADMET-0003911,4.4,,,,,,
CP(C)(=O)C1CCN(c2ncc(C(F)(F)F)cc2S(=O)(=O)N2CCCC2C2CC2)CC1,OADMET-0004928,5.55,,,,,,
CS(=O)(=O)CC(=O)N(CCc1ccccc1)Cc1ccccc1,OADMET-0004187,4.73,,,,,,
CS(=O)(=O)CC1CCCCN1C(=O)c1csc2c1CCCC2,OADMET-0005874,5.65,,,,,,
CS(=O)(=O)CCC(=O)N1C[C@H]2CC[C@H]1C2,OADMET-0001228,2.71,,,,,,
CS(=O)(=O)CCN1CCC(n2c(=O)[nH]c3ccccc32)CC1,,,0.675686709,1.027920136,,1.798305282,,
CS(=O)(=O)CCNC(=O)N1CC2(CCCC2)c2ccccc21,,,0.984302232,2.284187009,0.564677972,1.675503385,,
CS(=O)(=O)CCNCc1ccc(-c2ccc3ncnc(Nc4ccc(OCc5cccc(F)c5)c(Cl)c4)c3c2)o1,OADMET-0003602,5.09,,,,,,
CS(=O)(=O)CCNc1ccc2ccc(F)cc2n1,,,1.193068916,1.883161567,-0.186076864,1.728191399,,
CS(=O)(=O)CCc1nc(C2(c3ccccc3)CC2)nn1-c1ccccc1,,,0.7513561,2.118403625,0.770866246,1.486005186,,
CS(=O)(=O)Cc1cc(-c2ccccc2)on1,,,,,,1.496098992,,
CS(=O)(=O)Cc1ccn(-c2ccccc2)n1,,,0.675686709,1.027920136,-0.179812616,1.507855872,,
CS(=O)(=O)N(CC(=O)Nc1ccccc1C(=O)NCc1ccco1)c1ccc(F)cc1,,,2.118535869,3.0467651,0.982549868,1.545925329,,
CS(=O)(=O)N(Cc1ccccn1)C1CN(C(=O)CCc2c[nH]c3ccccc23)C1,OADMET-0001383,3.93,,,,,,
CS(=O)(=O)N1CC(c2n[nH]c3ncccc23)C1,,,0.675686709,1.027920136,0.14833646,1.522574633,,
CS(=O)(=O)N1CCC(Nc2ccc3ccc(F)cc3n2)CC1,,,0.771146349,1.991101974,,1.722387094,,
CS(=O)(=O)N1CCC(Oc2ccccc2F)CC1,OADMET-0000989,3.63,,,,,,
CS(=O)(=O)N1CCN(Cc2cc3c(cc2O)OCO3)CC1,,,1.456684804,2.44421192,,,,
CS(=O)(=O)N1CCN(Cc2cc3nc(-c4cccc5[nH]ncc45)nc(N4CCOCC4)c3s2)CC1,,,1.1700566,1.701272404,,,,
CS(=O)(=O)N1CCc2c(cccc2NC(=O)c2ccc(F)cc2)C1,,,,,0.806110775,-0.431798276,,
CS(=O)(=O)N1CCc2cc(C(=O)NCCOc3ccc4ccccc4c3)ccc21,,,,,0.224526864,-0.356547324,,
CS(=O)(=O)NC1CCCN(c2nc3ccccc3o2)C1,,,0.675686709,1.626165793,0.624504541,,,
CS(=O)(=O)NC1CCN(C(=O)NCCc2ccc(F)cc2)CC1,,,0.675686709,1.787956123,1.547709091,1.83193373,,
CS(=O)(=O)NCCC(=O)N1CCCC(OCc2cccnc2)C1,OADMET-0001100,3.43,,,,,,
CS(=O)(=O)NCCN1CCc2c(Cl)cc(Cl)cc2C1,,,1.155062619,2.601777608,-0.150743485,,,
CS(=O)(=O)NCCc1ccc2c(c1)OCCO2,,,,,,1.50758604,,
CS(=O)(=O)NC[C@H]1CC[C@H](Nc2nc3c(s2)CCSc2ccccc2-3)CC1,,,1.332155571,2.392375069,0.257529654,,,
CS(=O)(=O)NCc1cc2n(n1)CCN(C1Cc3ccccc3C1)C2,,,0.675686709,1.441930675,0.466052502,,,
CS(=O)(=O)NCc1ccc(C(=O)N2CCCCCc3ccccc32)o1,OADMET-0003312,5.865,,,,,,
CS(=O)(=O)Nc1cc2occ(NC=O)c(=O)c2cc1Oc1ccccc1,OADMET-0003773,4.85,,,,,,
CS(=O)(=O)Nc1ccc(CNc2nc(-c3ccccn3)nc3ccccc23)cc1,OADMET-0002798,5.21,,,,,,
CS(=O)(=O)Nc1cccc(NC(=O)NCC2(O)CCCCC2)c1,OADMET-0000976,3.81,,,,,,
CS(=O)(=O)Nc1ccccc1-c1ccncc1,,,0.675686709,2.000230115,0.102726445,,,
CS(=O)(=O)Nc1cncc(C(=O)NCCOc2ccccc2-c2ccccc2)c1,OADMET-0005084,4.58,,,,,,
CS(=O)(=O)[C@@H]1CCCC[C@H]1NC(=O)c1cc2cc(Cl)sc2[nH]1,OADMET-0005082,5.32,,,,,,
CS(=O)(=O)c1ccc(-c2cnc(NCc3ccco3)n3cnnc23)cc1,,,1.195124423,1.49363926,1.169777567,1.561101384,,
CS(=O)(=O)c1ccc(-c2nnc(/C=C/c3nnc(-c4ccc(C#N)cc4)o3)n2-c2ccccc2Cl)nc1,,,,,1.583106357,-0.045757491,,
CS(=O)(=O)c1ccc(C2=C(c3ccccc3)C(=O)OC2)cc1,OADMET-0003770,3.79,,,,,,
CS(=O)(=O)c1ccc(Cn2nc(-c3cccs3)c3ccccc3c2=O)cc1,OADMET-0005440,5.01,,,,,,
CS(=O)(=O)c1ccc2c(c1)N(C(=O)C1OCCc3ccccc31)CCO2,OADMET-0003387,4.97,,,,,,
CS(=O)(=O)c1ccc2nc(NC(=O)C3CCN(c4ccccc4F)C3)sc2c1,OADMET-0005379,4.34,,,,,,
CS(=O)(=O)c1cccc(CNc2nc(Nc3ccc4c(c3)CCC(=O)N4)ncc2C(F)(F)F)c1,,,1.152746864,2.122412495,,0.472024698,,
CS(=O)(=O)c1cccc(NC(=O)NCC2CCN(c3ccc(F)cc3)C2)c1,OADMET-0005912,5.1,,,,,,
CS(=O)(=O)c1ccccc1N1CCCC1c1ccccn1,OADMET-0004726,4.89,,,,,,
CSC(C(=O)NC(CNS(=O)(=O)c1cnn(C)c1)c1ccccc1)c1ccccc1,OADMET-0002621,5.15,,,,,,
CSC(CO)C(C)NCC(O)Cn1c(-c2ccccc2)noc1=O,OADMET-0005848,4.41,,,,,,
CSC1(CNC(=O)C2COc3cc(F)ccc3C2)CCC1,OADMET-0005434,5.01,,,,,,
CSC1(CNC(=O)N2CCC=C(c3ccccc3)C2)CCOCC1,,,2.077575009,3.43872046,0.207215155,,,
CSC1(CNc2cc(C)nc(C)n2)CCOCC1,,,0.675686709,1.881664204,0.151229308,,,
CSC1(CNc2cncc(Cl)n2)CCOCC1,,,1.006893708,2.722796752,,,,
CSC1CCN(C(=O)CCn2cnc3c(C)cccc3c2=O)CC1,OADMET-0005439,4.46,,,,,,
CSCC(=O)N1CCN(C(=O)CSC)C2(CCCCC2)C1,,,1.762205758,2.938697809,0.726992124,1.703549298,,
CSCC(=O)N1CCc2[nH]nc(-c3cccc(F)c3)c2C1,,,1.755813898,2.98222011,,1.695043659,,
CSCC(=O)Nc1nc(-c2ccc(C3CCCCC3)cc2)cs1,,,,,-0.157921774,-0.431798276,,
CSCC(C)(O)CNc1ncccc1S(=O)(=O)NCC1CC1,OADMET-0002937,4.85,,,,,,
CSCCC(=O)NC1CCN(Cc2ccccc2F)CC1,OADMET-0001192,3.06,,,,,,
CSCCC(N)C(=O)O,OADMET-0003643,1.87,,,,,,
CSCC[C@@H](CO)n1ccnc1-c1oc2ccccc2c1C,,,2.22299984,3.301043893,0.545512665,1.864511081,,
CSCCc1nc(-c2cc(C)nc3cc(F)ccc23)n(CCO)n1,,,1.229015943,2.166385705,1.338892733,1.380934463,,
CSCCc1nc(-c2ccc3c(c2)C(C)(C)C(=O)N3C)n(CC2CC(C)C2)n1,OADMET-0002883,5.48,,,,,,
CSC[C@H]1CN(Cc2c[nH]c3c(N)ncnc23)C[C@@H]1O,,,0.675686709,1.027920136,,,,
CSCc1c(C(=O)NC(C)C)oc2ccccc12,,,1.930103039,2.564701564,-0.196653751,1.445604203,,
CSCc1ccc(C(=O)NC2CCS(=O)(=O)CC2)o1,OADMET-0001256,3.21,,,,,,
CSCc1ccccc1NC(=O)CN(C)[C@@H]1CCC[C@H]1O,OADMET-0005283,4.46,,,,,,
CSCc1cccnc1C(=O)N(Cc1ccccc1)C1COC(C)(C)C1,OADMET-0002907,5.51,,,,,,
CSCc1cccnc1C(=O)Nc1cccc(C(F)F)c1Cl,OADMET-0004983,4.65,,,,,,
CSCc1csc(NC(C)=O)n1,,,1.283210741,2.394859516,-0.199939732,1.444981112,,
CSCc1noc(CNC(=O)c2n[nH]c(=O)c3ccccc23)n1,OADMET-0001161,3.62,,,,,,
CSCc1noc(COc2ccc(F)cc2F)n1,,,,,,1.238046103,,
CSc1[nH]c(=O)c(C(=O)N2CCCC3(CCOCC3)C2)cc1C#N,OADMET-0004975,4.6,,,,,,
CSc1[nH]c(=O)c(C(=O)N2Cc3ccccc3OCC2C)cc1C#N,OADMET-0003128,4.859999999999999,,,,,,
CSc1cc2c(cc1NC(=O)N1CCCC3(CCOCC3)C1)OCCO2,OADMET-0005988,4.52,,,,,,
CSc1ccc(-c2ccc3n(c2=O)C[C@@H]2CNC[C@H]3C2)cc1,,,0.699490845,1.284769013,0.153497989,1.709269961,,
CSc1ccc(-c2ccc3n(c2=O)C[C@H]2C[C@@H]3CN(C(=O)c3ccncc3)C2)cc1,,,1.732482218,2.553197076,1.643354915,1.574031268,,
CSc1ccc(C(=O)Nc2cccc(C(=O)NCC(C)C)c2)cc1,,,2.0743629,3.42412161,0.20286943,,,
CSc1ccc(C)c(C(=O)NCCN2CCC(C)CC2)c1,,,1.597168449,3.242039762,-0.075309863,,,
CSc1ccc(CN(CCO)C(=O)CCc2cccc(F)c2)cc1,,,2.17858274,3.400589963,-0.017394633,1.463146137,,
CSc1ccc(CN2C(=O)[C@@H]3CCCN3S2(=O)=O)cc1Cl,OADMET-0005172,5.2,,,,,,
CSc1ccc(NC(=O)Cn2nc(C3CC3)ccc2=O)cc1,,,2.243856233,2.78597368,0.1238409,0.67669361,,
CSc1cccc(-c2ccccc2-c2nnc(C)o2)c1,,,2.161347036,3.391068553,-0.18551033,1.618466492,,
CSc1ccccc1NC(=O)CN1CCCC(c2nc3ccccc3o2)C1,,,3.047450887,3.669126847,,0.929418926,,
CSc1ccccc1S(=O)(=O)N1CCCCC1c1cnn(C)c1,OADMET-0003277,5.85,,,,,,
CSc1ccccc1S(=O)(=O)NC1CCC(CN(C)C)CC1,,,0.675686709,2.64349413,0.950094512,,,
CSc1ccnc(N2CCCC(C)(CNC(=O)C3(C)CCC3)C2)n1,OADMET-0003473,5.98,,,,,,
CSc1cnc(N2CCCN(c3ncc(SC)cn3)CC2)nc1,,,2.118813449,3.267068424,-0.188759982,,,
CSc1nc2cc(Cl)c(Oc3cccc(Cl)c3Cl)cc2[nH]1,OADMET-0003798,4.23,,,,,,
CSc1ncc(CNC(=O)Cn2nnnc2N)n1C,OADMET-0001273,3.39,,,,,,
CSc1nccc(N2Cc3cnn(Cc4ccc(F)cc4)c3C2)n1,,,2.149625496,3.412580487,-0.237265397,,,
CSc1ncccc1C(=O)Nc1ccc(-c2nnc(C)[nH]2)cc1,,,0.675686709,1.644162759,0.842301128,,,
CSc1ncccc1C(=O)Nc1ccc(N2CCCCC2=O)cc1,,,0.675686709,1.251516552,0.910677719,0.952792443,,
CSc1nnc(CCCNc2cc(C)ccn2)n1C1CCCC1,,,2.141380783,3.508117314,1.260250319,,,
CSc1nnnn1-c1cccc(NS(=O)(=O)c2cccc(Cl)c2O)c1,OADMET-0004982,4.47,,,,,,
C[C@@H](/C=C\C(F)(F)F)Oc1cc(-c2cc(-c3cc(CN(C)C)cs3)cnc2N)ccc1C(N)=O,,,1.311160273,2.195542665,1.51494576,1.326335861,,
C[C@@H](C(=O)N1CCCC1)N1CCC(n2c(=O)[nH]c3ccccc32)CC1,,,0.675686709,1.80926672,2.209515015,1.60906055,,
C[C@@H](CN1CC(=O)NC(=O)C1)N1CC(=O)NC(=O)C1,OADMET-0003808,3.54,,,,,,
C[C@@H](CN1CCC(n2c(=O)[nH]c3cc(Br)ccc32)CC1)NC(=O)[C@@H]1C[C@H]1c1ccccc1,,,,2.759221236,,,,
C[C@@H](CN1CCC(n2c(=O)[nH]c3cc(Cl)ccc32)CC1)NC(=O)c1ccc2ccccc2c1,,,2.018920918,2.82465617,,0.58546073,,
C[C@@H](CN1CCC2(CC1)C(=O)NCN2c1cccc(F)c1)NC(=O)c1ccc(Br)cc1,,,1.948222186,2.493792531,,0.58546073,,
C[C@@H](CNC(=O)CCc1cncc2ccccc12)Oc1ccc(Cl)cc1,OADMET-0005165,5.25,,,,,,
C[C@@H](CO)Nc1nc(C(F)(F)F)nc2[nH]cnc12,,,0.675686709,1.027920136,0.827538202,1.602059991,,
C[C@@H](Cn1nc2c(cc1=O)CCCCC2)NC(=O)CCc1ccccc1,,,2.345463913,3.552021768,,,,
C[C@@H](NC(=O)C1CCCc2ccnn21)c1ccc(Cl)cc1,OADMET-0005494,5.36,,,,,,
C[C@@H](NC(=O)C1CCN(C(=O)OCc2ccccc2)C1)c1ccc(F)cc1,OADMET-0004948,4.54,,,,,,
C[C@@H](NC(=O)N(C)C1Cc2ccccc2C1)c1cccc(O)c1,OADMET-0005764,4.65,,,,,,
C[C@@H](NC(=O)N1CCC2(CCN(C)CC2)C1)c1ccc(F)cc1,,,0.675686709,1.027920136,0.241698225,,,
C[C@@H](NC(=O)N1CCC2(CCOCC2)CC1)c1ccc(F)cc1,,,0.79190108,2.375389236,0.365642901,,,
C[C@@H](NC(=O)N1CCOCC(F)(F)C1)c1cccc(O)c1,OADMET-0005837,4.5,,,,,,
C[C@@H](NC(=O)N1CCc2cn[nH]c2C1)c1ccccc1Cl,OADMET-0004617,4.99,,,,,,
C[C@@H](NC(=O)NC(C1CC1)C1CCCCO1)c1ccc(-n2cccn2)c(F)c1,OADMET-0003411,5.8,,,,,,
C[C@@H](NC(=O)NCc1nc(C(C)(C)C)co1)c1ccc(Cl)cc1,OADMET-0003289,5.2,,,,,,
C[C@@H](NC(=O)Nc1ccc2[nH]ncc2c1)c1cccc(Cl)c1,OADMET-0005846,4.61,,,,,,
C[C@@H](NC(=O)c1cc(Br)c2c(c1)OCCO2)c1cn(-c2ccccc2)nn1,,,,,0.541673943,,,
C[C@@H](NC(=O)c1cnc(-c2nccs2)[nH]c1=O)c1cccc(F)c1,OADMET-0005557,5.13,,,,,,
C[C@@H](Oc1cc(-c2cnn(C3CCNCC3)c2)cnc1N)c1c(Cl)ccc(F)c1Cl,OADMET-0003726,1.98,1.364794807,2.027019174,,1.511883361,,
C[C@@H](c1ccc(F)cc1)n1nnc2cnc3ccc(-c4ccc5ocnc5c4)cc3c21,,,,,,-0.327902142,,
C[C@@H](c1ccc2ccc(O[C@H]3CC[C@@H](C(F)(F)F)CC3)c(C(F)(F)F)c2c1)N1C2CCC1CC(C(=O)O)C2,,,0.879841056,1.551718299,1.714525577,1.864511081,,
C[C@@H](c1cccc(F)c1)n1cc(CC2(C#N)CCCCC2)nn1,OADMET-0002565,5.55,,,,,,
C[C@@H](c1ccccc1)N(C)C(=O)NCCN(C)CCO,,,0.675686709,3.058071307,1.263939325,,,
C[C@@H](c1nc(-c2ccc(C#N)cc2)cs1)[C@](O)(Cn1cncn1)c1cc(F)ccc1F,OADMET-0003791,5.1,,,,,,
C[C@@H]1CC(=O)Nc2cccc(-c3ccc4c(c3)c(-c3cnn(C)c3)nn4C)c2N1,,,0.946157395,1.667508987,1.75783147,,,
C[C@@H]1CCC2[C@@H](C)[C@@H](O)O[C@@H]3OC4(C)CC[C@@H]1[C@@]23OO4,OADMET-0003715,1.89,,,,,,
C[C@@H]1CCN(C(=O)CC#N)C[C@@H]1N(C)c1ncnc2[nH]ccc12,OADMET-0001988,1.77,0.675686709,2.077589539,1.61368751,1.614833965,1.991815076,1.747124255
C[C@@H]1CCNC[C@@H]1N(C)c1ncnc2[nH]ccc12,OADMET-0002090,1.91,,,,,,
C[C@@H]1CCO[C@H]2Cn3cc(C(=O)NCc4ccc(F)cc4F)c(=O)c(O)c3C(=O)N12,OADMET-0003709,1.82,,,,,,
C[C@@H]1CN(C(=O)CC(c2ccccc2)c2ccccc2)C[C@H](C)O1,,,1.561387637,3.278679765,0.117165561,1.718667735,1.188253327,0.718335579
C[C@@H]1CN(C(=O)Nc2ccc(-n3ccc(C(F)(F)F)n3)cc2)CC[C@H](C)O1,OADMET-0005627,4.68,,,,,,
C[C@@H]1CN(Cc2ccccc2)C[C@H]1c1nc2c(cnn2C2CCOCC2)c(=O)[nH]1,,,1.559798935,2.506747142,1.153875075,,,
C[C@@H]1COC[C@@](CO)(CNC(=O)c2c(Cl)ccc3ccoc23)N1C,OADMET-0005753,4.29,,,,,,
C[C@@H]1COC[C@@](CO)(CNC(=O)c2ccccc2-n2ccc(C3CC3)n2)N1C,OADMET-0005145,4.99,,,,,,
C[C@@H]1COC[C@@](CO)(CNS(=O)(=O)c2ccc(F)c3occc23)N1C,OADMET-0005155,4.83,,,,,,
C[C@@H]1COC[C@@](CO)(CNS(=O)(=O)c2cnn3c2CCCC3)N1C,OADMET-0005138,4.84,,,,,,
C[C@@H]1Cc2ccccc2N1C(=O)Cn1nc(-c2cccc3ncccc23)oc1=O,,,1.867909218,3.033483668,-0.074406716,,0.224014811,0.360404055
C[C@@H]1NC(=O)N(CCC2Cc3ccccc3C2)C1=O,,,0.675686709,2.285147574,-0.112669129,,,
C[C@@H]1c2nnn(-c3ncc(F)cn3)c2CCN1C(=O)c1cccc(C(F)(F)F)c1Cl,,,0.675686709,1.027920136,0.534421785,1.548389418,0.969089603,1.240049772
C[C@@]1(c2ncncc2F)NC(=O)c2cc(-c3cn[nH]c3)ccc21,,,0.675686709,1.542707193,1.338596624,1.573741642,,
C[C@@]12CCCN1C(=O)[C@H](C1CCCCC1)NC2=O,,,0.675686709,1.317143662,0.422355471,,,
C[C@H](/C=C/[C@H](C)C(C)(C)O)[C@H]1CC[C@H]2/C(=C/C=C3C[C@@H](O)C[C@H](O)C3)CCC[C@]12C,OADMET-0003713,1.73,,,,,,
C[C@H](C(=O)N1CCCCc2cccnc21)N1Cc2ccccc2C1=O,OADMET-0005728,4.9,,,,,,
C[C@H](C(=O)Nc1nc2ccccc2[nH]1)N1Cc2ccccc2C1=O,,,0.675686709,1.796504952,,1.422835969,,
C[C@H](CCC(=O)O)[C@H]1CC[C@H]2[C@@H]3[C@H](O)C[C@@H]4C[C@H](O)CC[C@]4(C)[C@H]3CC[C@]12C,OADMET-0002154,3.47,,,,,,
C[C@H](Cc1cc2c(c(C(N)=O)c1)N(CCCO)CC2)NCCOc1ccccc1OCC(F)(F)F,,,1.770623763,2.495082047,1.437845018,,,
C[C@H](Cn1nc2c(cc1=O)CCCCC2)NC(=O)Cc1cccs1,,,2.185986704,2.912121578,,,,
C[C@H](N)C(=O)Nc1ccccc1CN1CCOCC1,OADMET-0001345,3.28,,,,,,
C[C@H](NC(=O)C1(C#N)CC12CCCC2)c1ccc(Br)cc1F,OADMET-0003262,5.2,,,,,,
C[C@H](NC(=O)C1CC(=O)N(c2ccc3c(c2)CCC3)C1)c1cccnc1,OADMET-0004709,4.48,,,,,,
C[C@H](NC(=O)CCC(F)(F)F)C(=O)N[C@@H]1C(=O)N(CCO)c2ncccc2-c2ccccc21,,,0.675686709,1.032256026,1.380963849,,,
C[C@H](NC(=O)Cc1cnn(-c2ccccc2)n1)c1ccc(C(F)(F)F)nc1,OADMET-0004866,4.51,,,,,,
C[C@H](NC(=O)Cn1nnc2ccccc2c1=O)c1ccc(OC(F)(F)F)cc1,OADMET-0005056,4.83,,,,,,
C[C@H](NC(=O)NC[C@H]1C[C@@H]1c1ccccc1)c1cncc(F)c1,OADMET-0005844,4.25,,,,,,
C[C@H](Nc1cc(-c2ccccc2)nc2ncnn12)c1ccc(Cl)cn1,OADMET-0005465,5.19,,,,,,
C[C@H](Nc1ncnc2[nH]cnc12)c1cc2cccc(Cl)c2c(=O)n1-c1ccccc1,OADMET-0004379,4.78,,,,,,
C[C@H](c1ccccc1)N(CC(N)=O)Cc1cn(C2CCc3ccc(Cl)cc32)nn1,OADMET-0002698,5.7,,,,,,
C[C@H](c1ccccc1)N(CC(N)=O)S(=O)(=O)c1cnn(-c2ccccc2)c1,OADMET-0005497,4.9,,,,,,
C[C@H](c1ccccn1)n1cc(-c2ccn(CC(F)(F)F)n2)nn1,OADMET-0005312,4.57,,,,,,
C[C@H](c1nc(=O)c2cnn(C3CCOCC3)c2[nH]1)N1CC(Oc2ccccc2)C1,,,1.438194141,2.206599228,0.981146653,,,
C[C@H]1CCN(C(=O)c2ccccc2Oc2cnn(C)c2)[C@@H](C)C1,OADMET-0003340,4.98,,,,,,
C[C@H]1CC[C@H](NC(=O)c2ccccc2SCc2cccnc2)CC1,OADMET-0002983,4.95,,,,,,
C[C@H]1CC[C@H](n2c3cnccc3c3cnc(Nc4ccc5c(n4)CCN(C(=O)CO)C5)nc32)CC1,,,2.123531517,2.542907549,0.692469083,,,
C[C@H]1CN(C)c2ccccc2CN1C(=O)Nc1cc(-c2ccsc2)nn1C,OADMET-0003297,5.55,,,,,,
C[C@H]1CN(C)c2ccccc2CN1C(=O)Nc1ccc(F)cc1N1CCOCC1,OADMET-0002707,5.56,,,,,,
C[C@H]1CN(C2COC2)CCN1c1ccc(Nc2cc(-c3ccnc(N4CCn5c(cc6c5CC(C)(C)C6)C4=O)c3CO)cn(C)c2=O)nc1,,,1.169292275,1.027920136,1.364447066,1.663229635,1.209139536,
C[C@H]1CN(Cc2c(Cl)cccc2C(F)(F)F)C[C@@]1(CC(=O)O)C(=O)NC1CCN(CC2=CCCCC2)CC1,,,,,1.907324282,,,
C[C@H]1CN2C[C@H](O)C[C@@H]2CN1Cc1cccc2ccccc12,,,1.38309693,3.280922392,0.228826354,,,
C[C@H]1CS(=O)(=O)C[C@H]1NC(=O)c1cc(-c2ccc3ccccc3c2)[nH]n1,OADMET-0005737,4.67,,,,,,
C[C@H]1C[C@@H](C(=O)Nc2ccc(F)cc2-c2nc3ccccc3s2)CCN1,OADMET-0004205,1.72,,,,,,
C[C@H]1C[C@H](NC(=O)C2(c3ccc(F)cc3F)CCC2)c2ccsc2S1(=O)=O,OADMET-0003463,5.14,,,,,,
C[C@H]1C[C@H]2[C@@H]3CCC4=CC(=O)C=C[C@]4(C)[C@@]3(F)[C@@H](O)C[C@]2(C)[C@@]1(O)C(=O)CO,OADMET-0003634,3.9,,,,,,
C[C@H]1C[C@H]2[C@@H]3CCC4=CC(=O)C=C[C@]4(C)[C@H]3C(=O)C[C@]2(C)[C@@]1(O)C(=O)CO,OADMET-0003764,3.94,,,,,,
C[C@H]1NC(=O)N(CCc2nc(C(F)(F)F)cs2)C1=O,,,0.765519543,1.394924244,0.204929165,,,
C[C@H]1OCCO[C@H]1C(=O)N(Cc1ccc2c(c1)OCO2)C1CCCC1,OADMET-0002957,5.12,,,,,,
C[C@H]1O[C@@H](O[C@H]2[C@@H](O)C[C@H](O[C@H]3[C@@H](O)C[C@H](O[C@H]4CC[C@@]5(C)[C@H](CC[C@@H]6[C@@H]5CC[C@]5(C)[C@@H](C7=CC(=O)OC7)CC[C@]65O)C4)O[C@@H]3C)O[C@@H]2C)C[C@H](O)[C@@H]1O,OADMET-0003590,4.26,,,,,,
C[C@H]1O[C@@H](Oc2c(-c3cc(O)c(O)c(O)c3)oc3cc(O)cc(O)c3c2=O)[C@@H](O)[C@H](O)[C@H]1O,,,0.675686709,1.027920136,,,,
C[C@H]1Oc2cc(cnc2N)-c2c(nn(C)c2C#N)CN(C)C(=O)c2ccc(F)cc21,,,0.675686709,1.535711754,1.16200078,,,
C[C@H]1[C@H]2CN(S(=O)(=O)c3csc4ccccc34)[C@]1(C(=O)O)C2,OADMET-0003019,4.63,,,,,,
C[C@]1(O)CN(C(=O)Cn2cnc3ccccc32)CC[C@@H]1Oc1ccccc1,,,0.74390155,2.256782669,1.673973827,,,
C[C@]1(O)CN(C(=O)Cn2cnc3ccccc3c2=O)CC[C@@H]1Oc1ccccc1,,,0.853576544,1.650365814,1.066648955,,,
C[C@]1(c2ccccc2)C[C@H]1C(=O)N1CC[C@H](Nc2ccncc2C#N)C1,OADMET-0005458,4.75,,,,,,
C[C@]12C=CC(=O)C=C1CC[C@@H]1[C@@H]2[C@@H](O)C[C@@]2(C)[C@H]1CC[C@]2(O)C(=O)CO,,,1.404337585,1.798878435,0.735505612,,,
C[C@]12CCC3=C4CCC(=O)C=C4CC[C@H]3[C@@H]1CC[C@@]2(O)CC#N,,,1.321432717,2.268123784,0.560940782,,,
C[C@]12CC[C@@H]3c4ccc(O)cc4CC[C@H]3[C@@H]1CCC2=O,OADMET-0003612,4.57,,,,,,
C[n+]1cc2c3c(ccc2c2ccc4cc5c(cc4c21)OCO5)OCO3,,,0.915452602,1.764766252,1.131370042,1.50758604,,
Cc1[nH]c(-c2ccccc2)nc1C(=O)OCC(=O)Nc1ccccc1C(=O)Nc1ccccc1,OADMET-0002702,5.24,,,,,,
Cc1[nH]c(=O)c(C(=O)NC2CCCN(c3cnn(C)c3)C2)cc1-c1ccccc1,OADMET-0005592,4.65,,,,,,
Cc1[nH]c2c(C(=O)N3CCC(NC(=O)C4CC4)CC3)cccc2c1C,OADMET-0005007,4.82,,,,,,
Cc1[nH]c2ccc(C#N)cc2c1CCNC(=O)c1cc(CC(C)C)no1,OADMET-0001149,4.71,,,,,,
Cc1[nH]c2ccc(Cl)cc2c1CC(=O)N1CCC(Cc2ncncc2C(N)=O)CC1,,,2.552589136,3.067908864,1.268655586,1.667452953,,
Cc1[nH]c2ccc(F)cc2c1CCNC(=O)C1CCCc2[nH]ncc21,OADMET-0005657,4.63,,,,,,
Cc1[nH]c2ccccc2c1CC(=O)NC1CCCOC1CC(C)C,OADMET-0003400,5.38,,,,,,
Cc1[nH]c2ccccc2c1CCN,OADMET-0002122,4.15,,,,,,
Cc1[nH]c2ccccc2c1CCNC(=O)c1cccs1,OADMET-0001991,4.45,,,,,,
Cc1[nH]c2ccnn2c(=O)c1CC(=O)N1CCC(C)c2cccc(O)c21,OADMET-0005055,4.83,,,,,,
Cc1[nH]c2ncnc(NC(=O)C(CCS(C)(=O)=O)c3ccccc3)c2c1C,OADMET-0005163,4.54,,,,,,
Cc1[nH]c2ncnn2c(=O)c1CCC(=O)N(Cc1ccccc1)Cc1ccc(F)cc1,OADMET-0005347,4.51,,,,,,
Cc1[nH]c2ncnn2c(=O)c1CCOC(=O)c1cncc(C(C)C)c1,OADMET-0003369,1.96,,,,,,
Cc1[nH]ccc1C(=O)NC(c1ccccc1)c1nccs1,OADMET-0005393,4.4,,,,,,
Cc1[nH]cnc1C(=O)NC(c1c[nH]c2cccc(F)c12)C(F)(F)F,OADMET-0005065,5.19,,,,,,
Cc1[nH]nc(CCC(=O)NCCCOC2CCCC2)c1C,,,1.526804344,3.382484243,1.158067959,,,
Cc1[nH]nc(CCC(=O)NCCCOC2CCCCC2)c1C,,,1.80260271,3.639721403,1.25939762,,,
Cc1[nH]nc2c1C1(CCCCC1)CC(=O)N2,,,0.926496789,1.659202877,0.526412693,,1.323066376,1.284633733
Cc1[nH]ncc1-c1nn2c(Cc3ccccc3Cl)nnc2s1,,,,,,0.621176282,,
Cc1c(-c2c(F)cc(C(N)=O)c3[nH]c4c(c23)CC[C@H](C(C)(C)O)C4)cccc1-n1c(=O)c2cccc(F)c2n(C)c1=O,,,1.05709529,1.637629802,0.531991235,0.380211242,0.436162647,0.326540669
Cc1c(-c2ccc(O)cc2)n(Cc2ccc(OCCN3CCCCCC3)cc2)c2ccc(O)cc12,OADMET-0003792,5.04,1.694429691,2.397602865,1.597450047,0.95616843,,
Cc1c(-c2ccccc2)nc2ccccc2c1C(=O)O,OADMET-0002253,3.05,,,,,,
Cc1c(-c2ccccc2)oc2c(C(=O)NCCCN3CCCCC3)cccc2c1=O,,,1.122936373,2.025756315,1.042563868,1.68735057,,
Cc1c(-c2nc(-c3cccc(Cn4ccnc4)c3)no2)nnn1-c1cccc2cccnc12,OADMET-0002982,5.31,,,,,,
Cc1c(-n2nnnc2SC2CCCN(CC(C)(C)C)C2=O)c(=O)n(-c2ccccc2)n1C,OADMET-0003188,5.18,,,,,,
Cc1c(Br)cccc1CCNC(=O)c1ncoc1C1CC1,OADMET-0003377,5.57,,,,,,
Cc1c(C(=O)N(C)C(C)CS(C)(=O)=O)sc2cccc(F)c12,OADMET-0004968,4.73,,,,,,
Cc1c(C(=O)N2C(C)CCS2(=O)=O)cnn1-c1ccccc1,OADMET-0004887,5.02,,,,,,
Cc1c(C(=O)N2CCC(C(=O)Nc3ccc4c(c3)OCO4)CC2)oc2c(F)cccc12,,,1.765415205,2.736383752,-0.059485032,1.042181595,,
Cc1c(C(=O)N2CCCCC2CNC(=O)Nc2ccccc2)nnn1-c1ccc2ncccc2c1,OADMET-0005959,4.53,,,,,,
Cc1c(C(=O)N2CCCN3c4ccccc4CC3C2)c(O)nc2ccccc12,OADMET-0005943,5.0,,,,,,
Cc1c(C(=O)N2CCN(C(=O)Cc3cccc(Cl)c3)C(C)C2)[nH]c(=O)c2ccccc12,OADMET-0005301,4.68,,,,,,
Cc1c(C(=O)NC2CCN(CC3CCCCC3)CC2)cnn1C,,,0.675686709,1.027920136,0.833956602,1.689663965,,
Cc1c(C(=O)NCC2CCCC(C)(C)O2)nnn1C(C)C,OADMET-0005432,5.48,,,,,,
Cc1c(C(=O)NCC2CCSCC2)nnn1-c1cccc2cnccc12,,,2.246993158,3.247574367,,,,
Cc1c(C(=O)NCCCN(C)C)sc2ncnc(Nc3ccc(F)cc3OC(C)C)c12,,,0.675686709,1.719090867,1.77253534,1.372175286,0.741821047,0.966376423
Cc1c(C(=O)NCCc2cc3nc(-c4ccco4)ccn3n2)cnn1C,,,1.46169357,2.237995893,,,,
Cc1c(C(=O)NCc2cccc3c2OCC3)nnn1-c1ccn(C)n1,OADMET-0005824,4.44,,,,,,
Cc1c(C(=O)NCc2ccccc2CN2CCCC2)oc2ccc(F)cc12,OADMET-0001877,4.88,,,,,,
Cc1c(C(=O)NCc2cnc(N(C)C)n2C)sc2ccccc12,,,1.25224605,2.502078725,0.699261059,1.707570176,,
Cc1c(C(=O)NCc2coc3ccccc23)cnn1C(C)C,OADMET-0002984,5.09,,,,,,
Cc1c(C(=O)Nc2ccc(CO)cc2)nnn1Cc1ccc(Cl)c(Cl)c1,,,0.709524356,1.706068842,-0.248911243,,,
Cc1c(C(=O)Nc2ccc(N3CC(C)OC(C)C3)nc2)cccc1-c1ccc(OC(F)(F)F)cc1,OADMET-0001972,1.81,,,,,,
Cc1c(C(=O)Nc2ccc(N3CCC(N4CCOCC4)CC3)c(C#N)c2)cnn1-c1ccc(Cl)cc1,,,1.906663602,2.468468443,1.060474316,,,
Cc1c(C(=O)Nc2ccc(N3C[C@@H](C)O[C@H](C)C3)nc2)cccc1-c1ccc(OC(F)(F)F)cc1,,,1.380428335,1.874377435,0.063879255,,,
Cc1c(C(=O)Nc2ccc(OC(F)(F)F)c(Cl)c2)nnn1-c1cccc2ncccc12,OADMET-0003364,3.18,,,,,,
Cc1c(C(=O)Nc2cnccn2)cccc1-c1ccccn1,,,0.675686709,2.695383599,,,,
Cc1c(C(=O)O)cccc1-c1ccc(OC(F)(F)F)cc1,OADMET-0002216,2.96,,,,,,
Cc1c(C(=O)O)oc2ccc(F)cc12,OADMET-0002215,2.52,,,,,,
Cc1c(C(C)C)n[nH]c1NC(=O)C(C)(C)Nc1ccccc1,OADMET-0003080,4.89,,,,,,
Cc1c(C(C)NC(=O)C(C)(C)n2cccc2)cnn1C,OADMET-0000986,3.86,,,,,,
Cc1c(C)c2c(c(C)c1O)CCC(C)(C(=O)NCCc1nnn[nH]1)O2,OADMET-0001039,3.33,,,,,,
Cc1c(C)n(Cc2ccccc2)c2ncnc(N)c12,,,1.203875623,2.712478812,-0.216783624,1.634678752,,
Cc1c(C=O)c2ccccn2c1CCc1ccncc1,OADMET-0001682,4.63,,,,,,
Cc1c(CN(C)C(=O)c2nn(-c3ccccc3)c3c2CCC3)cnn1C,OADMET-0003061,4.94,,,,,,
Cc1c(CN2CCC(Nc3ncnc4sc(CC(F)(F)F)cc34)CC2)ccc2[nH]c(C#N)cc12,,,2.044755286,2.235889367,0.714392927,,,
Cc1c(CN2CCC(Nc3ncnc4sc(CC(F)(F)F)cc34)CC2)ccc2c1cc(C#N)n2Cc1cn[nH]c1,,,2.13205146,2.020609853,1.148401129,0.509202522,,
Cc1c(CNC(=O)C(c2ccccc2)N2CCC(O)CC2)oc2ccc(F)cc12,OADMET-0006029,4.74,,,,,,
Cc1c(CNC(=O)c2cccc(-n3cnnn3)c2)oc2ccc(F)cc12,OADMET-0004751,4.99,,,,,,
Cc1c(CNS(=O)(=O)c2cocc2Br)noc1-c1ccccc1,OADMET-0003501,5.23,,,,,,
Cc1c(CN[C@@H]2CC(Cn3ccnc3)C[C@H]2O)n(C)c2ccccc12,OADMET-0004579,4.65,,,,,,
Cc1c(Cc2ccc3c(c2)OCO3)sc2nc(-c3cccnc3)[nH]c(=O)c12,OADMET-0005332,4.98,,,,,,
Cc1c(Cl)c(CN2Cc3ccccc3C[C@@H]2C(=O)NC2CC2)nn1C,OADMET-0003343,5.965,,,,,,
Cc1c(Cl)ccc2cc3n(c12)[C@@H](C)CNC3=O,,,1.034949147,1.847547983,-0.290190042,1.522444234,0.328379603,0.696793085
Cc1c(Cl)ccc2ccc(N3CCCC(c4ccn[nH]4)C3)nc12,OADMET-0003827,4.17,,,,,,
Cc1c(Cl)cccc1NC(=O)C(C)N1CCCN(c2nccs2)CC1,,,2.967351376,3.642941685,-0.018513434,1.683047038,,
Cc1c(F)cccc1NC(=O)CN1[C@H](Cc2ccccc2)C[C@]2(C)NC(=O)CCC[C@H]12,,,2.426639741,3.037958084,1.093363726,,0.595275712,0.925312092
Cc1c(N)cccc1Cl,OADMET-0002307,2.89,,,,,,
Cc1c(N)cccc1[N+](=O)[O-],OADMET-0002136,1.83,,,,,,
Cc1c(N2CCC(C3CC3)C2)ncnc1N1CCC(C2CC2)C1,OADMET-0005914,3.92,,,,,,
Cc1c(NC(=O)C(C)N2CCCN(Cc3nccn3C(C)C)CC2)cccc1[N+](=O)[O-],OADMET-0005655,5.2,,,,,,
Cc1c(NC(=O)C(F)C(F)(F)F)c(=O)n(C2CCCCC2)n1C,OADMET-0005380,4.16,,,,,,
Cc1c(NC(=O)C(Sc2ccccc2)c2ccccc2)cccc1[N+](=O)[O-],OADMET-0001937,5.25,,,,,,
Cc1c(NC(=O)CC(C2CCC2)C2CCC2)ccc(F)c1N1C(=O)CNC1=O,OADMET-0005798,4.82,,,,,,
Cc1c(NC(=O)Cn2nc(C(F)(F)F)c3c2CCC3)nnn1C,OADMET-0005382,4.74,,,,,,
Cc1c(NC(=O)c2cc(C(N)=O)nc3cc(F)ccc23)c(C(F)(F)F)nn1Cc1ccc(C#N)cc1,,,,,1.914123041,-0.744727495,,
Cc1c(NC(=O)c2cc(Cl)cn2C)cnn1C1CCCC1,OADMET-0005309,4.64,,,,,,
Cc1c(NC(=O)c2cc(F)cc3cccnc23)c(=O)n(-c2ccccc2)n1C,OADMET-0004987,5.23,,,,,,
Cc1c(NS(=O)(=O)c2ccc3c(c2)CC(=O)N3)cccc1-c1ncco1,OADMET-0004754,4.82,,,,,,
Cc1c(Nc2ccc3nccnc3n2)cnn1C,,,,,,1.501333179,,
Cc1c(O)cccc1OCCN1CCOCC1,,,0.675686709,1.730119835,,,,
Cc1c(OCC(F)(F)F)ccnc1CS(=O)c1nc2ccccc2[nH]1,OADMET-0003758,5.11,,,,,,
Cc1c(OCC(F)(F)F)ccnc1C[S@@](=O)c1nc2ccccc2[nH]1,OADMET-0003782,4.17,,,,,,
Cc1c(S(=O)(=O)N2CCCC(C)C2C(=O)O)oc2ccc(F)cc12,OADMET-0005468,4.38,,,,,,
Cc1c(S(=O)(=O)Nc2cc(C)n(C3CCCCC3)n2)cnn1C,OADMET-0004989,5.56,,,,,,
Cc1c[nH]c(-c2ccccc2NC(=O)c2cc(C(N)=O)co2)n1,OADMET-0003444,2.55,,,,,,
Cc1c[nH]c(=O)c(CNC(=O)NC(c2ccccc2)C2CCCC2)c1,OADMET-0004759,4.96,,,,,,
Cc1c[nH]c(=O)n1-c1ccc(C(=O)Nc2ccc3ccccc3n2)cc1,,,0.948364056,1.693999396,1.007718092,0.770852012,0.639386869,
Cc1c[nH]c(C(=O)NCC2(N3CCCCC3)CCCC2)n1,,,0.882011962,2.281137949,1.306649068,,,
Cc1c[nH]c(C(C)NC(=O)c2cc(Cl)ccc2C)n1,OADMET-0001218,3.82,,,,,,
Cc1c[nH]c(CNCc2ccccc2CC(C)C)n1,,,1.552022986,3.431209643,0.578971619,,,
Cc1c[nH]c2nccc(-c3ccc4c(c3)C(=O)NCCO4)c12,OADMET-0003147,1.74,,,,,,
Cc1c[nH]c2nccc(Oc3c(F)cc(Nc4cc(Cl)nc(N)n4)cc3F)c12,,,1.155882358,2.238813599,0.402661496,,-1.22184875,-0.68613278
Cc1c[nH]nc1C(=O)N1CCCC1(C)Cc1ccc(OC(F)(F)F)cc1,OADMET-0002952,5.64,,,,,,
Cc1cc(-c2cc(C(=O)NCc3ccnc(-n4cccn4)c3)c3c(C)noc3n2)c(C)s1,OADMET-0002979,5.59,,,,,,
Cc1cc(-c2cc(C(=O)Nc3cccc(Cn4ccnc4)c3)c3c(C)noc3n2)c(C)o1,OADMET-0003502,5.35,,,,,,
Cc1cc(-c2ccc(N)nc2)cc(C2CCN(C(=O)CCCc3ccc(F)c(C)c3)CC2)n1,,,2.983717827,3.281457223,0.430909257,0.926342447,,
Cc1cc(-c2cccc3ccnn23)nc(N2CCCC2)n1,,,2.087430008,3.203646343,,,,
Cc1cc(-c2ccccc2)n(-c2ccc(C(=O)N(C)C)cc2)n1,OADMET-0005158,4.61,,,,,,
Cc1cc(-c2cn(C)nc2[C@H]2CC[C@H](CNC(=O)C(C)C)CC2)on1,,,0.675686709,2.428572109,1.481722098,,,
Cc1cc(-c2cnn(CCNC(=O)c3sc(C)nc3C)c2C2CC2)on1,,,1.376923524,2.088444417,0.721393992,1.826851948,,
Cc1cc(-c2nc(C(=O)Nc3cc4oc(N5CCOCC5)nc4nc3N3CC[C@@H](O)C3)co2)ccn1,,,0.675686709,1.027920136,,,,
Cc1cc(-c2nc(N(C)C)no2)cc(O)n1,,,0.675686709,1.501114059,-0.138873218,,,
Cc1cc(-c2nccs2)nc(CC2CCNCC2)n1,,,0.675686709,1.589066718,1.303717561,1.562887381,,
Cc1cc(-c2nnc3ccc4ccccc4n23)n(C)n1,,,0.675686709,1.307816827,0.10211628,1.23299611,,
Cc1cc(-c2nncc3c(C(C)(C)C)c(OCc4ncnn4C)nn23)no1,,,0.675686709,1.921967246,0.905416423,,,
Cc1cc(-c2noc(-c3cnc4snc(C)c4c3)n2)ccc1-n1cncn1,OADMET-0002765,3.1,,,,,,
Cc1cc(-c2noc(-c3noc4c3CCCC4)n2)c(C)o1,OADMET-0005879,4.22,,,,,,
Cc1cc(-c2noc(C3CCCN3S(=O)(=O)c3cccs3)n2)ccc1O,OADMET-0003149,5.74,,,,,,
Cc1cc(-n2c(C)cc(C(=O)NC3(Cc4ccc(Cl)cc4)CCOC3)c2C)no1,OADMET-0002678,5.53,,,,,,
Cc1cc(-n2ccnc2)ccc1C(=O)O,,,0.675686709,1.027920136,-0.379437212,,,
Cc1cc(-n2nc(C)cc2N)nc(C)n1,,,1.770380657,2.096068404,,,,
Cc1cc(/C=C/c2ccc3cc(N(C)C)ccc3[n+]2C)c(C)n1-c1ccccc1,OADMET-0003684,1.98,,,,,,
Cc1cc(=O)[nH]c(SC(C)C(=O)N2CCN(C(=O)c3ccc[nH]3)CC2)n1,OADMET-0000935,2.59,,,,,,
Cc1cc(=O)[nH]cc1C(=O)NC1(c2ccc(Cl)cc2)CCCCC1,OADMET-0005278,4.78,,,,,,
Cc1cc(=O)c(C(=O)NC2c3ccccc3CCC2C(C)C)c[nH]1,OADMET-0005098,5.09,,,,,,
Cc1cc(=O)cc(C(=O)NCCCc2csc(N)n2)[nH]1,OADMET-0000954,2.48,,,,,,
Cc1cc(=O)n(C)c2cc(N3C(=O)CC[C@H](NS(=O)(=O)CC(C)C)[C@H]3c3ccc(Cl)cc3)ccc12,,,2.567713162,2.97487261,0.171374246,1.64738297,,
Cc1cc(=O)oc2cc(NC(=O)[C@H](CCCCN)NC(=O)[C@H](CC3CCCCC3)NC(=O)OCC3c4ccccc4-c4ccccc43)ccc12,,,0.675686709,1.027920136,0.045762916,,,
Cc1cc(=O)oc2cc(OCC3CCNCC3)ccc12,OADMET-0004673,4.78,,,,,,
Cc1cc(Br)c2ccccc2c1NC(=O)c1cn(CCN(C)C)nn1,OADMET-0005502,4.87,,,,,,
Cc1cc(Br)cc(S(=O)(=O)Nc2cccc3cc[nH]c23)c1,OADMET-0003163,5.3,,,,,,
Cc1cc(Br)ccc1CN(C)C(=O)CO,,,0.675686709,1.455819024,-0.124739641,,,
Cc1cc(Br)ccc1N,OADMET-0002069,2.88,,,,,,
Cc1cc(Br)ccc1N(C)S(=O)(=O)c1cnn(C(C)C)c1,OADMET-0005979,5.2,,,,,,
Cc1cc(Br)ccc1NC(=O)CCSc1ccccc1,OADMET-0002043,4.46,,,,,,
Cc1cc(Br)cn(Cc2ccc(C#N)cc2F)c1=O,,,0.675686709,2.009990242,-0.190787233,,,
Cc1cc(C#N)cc(N2CCc3c(ncn3CCc3ccccc3)C2)n1,,,2.988805463,3.53502295,0.086553659,,,
Cc1cc(C(=O)N(C)C2(C(F)(F)F)CC2)nn1C(C)(C)C,OADMET-0002569,5.58,,,,,,
Cc1cc(C(=O)N(C)C2CCC2)n2nccc2n1,,,0.675686709,1.027920136,-0.143531099,1.958563883,,
Cc1cc(C(=O)N(C)C2CCSCC2)c(=O)n(C)c1C,,,1.46386314,1.751132774,1.591150042,,,
Cc1cc(C(=O)N(C)CC2CCN(CCO)CC2)cc(C)n1,,,0.898999271,1.465739659,0.290340956,,,
Cc1cc(C(=O)N(C)CCCC2CCCC2)cc(C)n1,,,1.8057998,3.752342439,-0.10658485,,,
Cc1cc(C(=O)N(C)Cc2ccc(Br)cc2)no1,,,1.967599452,2.973620083,-0.16098287,1.80611211,,
Cc1cc(C(=O)N(C)Cc2ccccc2C)[nH]n1,,,0.675686709,2.37792519,,,,
Cc1cc(C(=O)N(C)Cc2ccsc2)no1,,,1.042575512,2.382701283,-0.184833917,1.533009023,,
Cc1cc(C(=O)N(C)c2nc3ccccc3s2)cc(O)n1,,,0.675686709,1.207311151,0.601902459,,,
Cc1cc(C(=O)N(CCOc2ccccc2)CC2CCCO2)ccc1N1CCOCC1,OADMET-0001346,4.38,,,,,,
Cc1cc(C(=O)N2CC(n3cncn3)C2)cc(C=O)c1O,OADMET-0001493,2.33,,,,,,
Cc1cc(C(=O)N2CCC(C(=O)c3ccnn3C)CC2)sc1C,,,1.564677898,2.981010403,-0.140745882,,,
Cc1cc(C(=O)N2CCCC(CNC(=O)c3cccc4nn[nH]c34)C2)nc2ccccc12,OADMET-0005498,3.8,,,,,,
Cc1cc(C(=O)N2CCCN(C(=O)CC3CCCC3)CC2)ccc1O,OADMET-0002993,5.06,,,,,,
Cc1cc(C(=O)N2CCCN(S(=O)(=O)N(C)C)CC2)nn1-c1ccc(Cl)cc1Cl,OADMET-0005930,5.19,,,,,,
Cc1cc(C(=O)N2CCN(C(=O)C3CCC3)CC2)c(O)cn1,,,0.675686709,1.027920136,1.463210326,,,
Cc1cc(C(=O)N2CCOC(C)(C)C2)cc(C)c1OCc1cccnc1,,,2.430729553,3.337597415,0.338359307,1.688864568,,
Cc1cc(C(=O)N2CCS(=O)(=O)CC2)c(C)o1,,,0.675686709,1.027920136,,,,
Cc1cc(C(=O)N2C[C@@H]3C[C@H]2CN3C(=O)C2CC3(CCC3)C2)c(C)cc1Cl,OADMET-0006065,5.2,,,,,,
Cc1cc(C(=O)NC(C)(C)C#N)nn1-c1ccc(F)cc1,,,0.675686709,1.294201601,0.129620694,,,
Cc1cc(C(=O)NC(CO)c2ccccc2C(F)(F)F)oc1C,OADMET-0003379,5.68,,,,,,
Cc1cc(C(=O)NC2(c3ccccn3)CC2)nn1-c1cccc(Cl)c1,OADMET-0006028,5.23,,,,,,
Cc1cc(C(=O)NC2CCN(C(=O)c3cc(C)sc3C)CC2)no1,,,0.990027899,1.971507782,0.194436608,1.786680453,,
Cc1cc(C(=O)NC2CCN(c3ccccn3)C2)ncn1,OADMET-0003405,2.42,,,,,,
Cc1cc(C(=O)NC2CCN(c3nc(-c4cccs4)nc4ccccc34)CC2)on1,,,,,-0.123439753,-0.017728767,,
Cc1cc(C(=O)NC2CCN(c3ncnc4sc(C)c(C)c34)CC2)on1,,,1.636888907,2.566037781,,0.396199347,,
Cc1cc(C(=O)NCC2(c3ccccc3)CC2)on1,,,0.675686709,2.037653547,,1.603360924,,
Cc1cc(C(=O)NCC2CC2)n2nccc2n1,,,1.409611931,1.874510808,-0.239621606,1.702344358,,
Cc1cc(C(=O)NCC2CCC3(CC2)OCCO3)[nH]n1,,,0.675686709,1.996362796,0.605747527,,,
Cc1cc(C(=O)NCC2CCN(c3ccc4ccccc4n3)CC2)cnc1C,,,1.764213506,2.67861943,0.34138603,,,
Cc1cc(C(=O)NCCC2=CSC3=NCCCN23)c2cccc(C)c2n1,,,0.675686709,2.463613817,0.919638389,1.66407759,,
Cc1cc(C(=O)NCCc2ccccn2)c(C)s1,,,1.799850374,2.365796748,-0.194782679,1.613630435,,
Cc1cc(C(=O)NC[C@@H]2CC(=O)N(C(C)(C)C)[C@H]2c2cnn(C)c2)cs1,OADMET-0003042,5.0,,,,,,
Cc1cc(C(=O)NCc2cccc(-c3cccnc3)c2)n(C)n1,OADMET-0003456,1.79,,,,,,
Cc1cc(C(=O)NCc2nc(N)nc(N(C)C)n2)c(-c2ccccc2)o1,OADMET-0001344,4.08,,,,,,
Cc1cc(C(=O)NS(=O)(=O)c2ccc3c(c2)N(C)CCC3)oc1C,OADMET-0004718,4.38,,,,,,
Cc1cc(C(=O)N[C@@H]2CCN(Cc3nc(C(C)C)no3)C[C@H]2O)no1,OADMET-0000971,3.09,,,,,,
Cc1cc(C(=O)Nc2c(C)nn(C(C)C)c2C)c2ccc(F)cc2n1,,,0.831357785,1.604139618,0.925071054,1.703205371,,
Cc1cc(C(=O)Nc2ccc(C)c(C)c2)n(-c2ccccc2)n1,,,1.986883651,3.312518816,-0.406804836,0.59439255,,
Cc1cc(C(=O)Nc2ccc(OCc3ccccc3)cc2)ccn1,OADMET-0002863,1.79,,,,,,
Cc1cc(C(=O)Nc2cccc(-c3cnco3)c2)c2c(C)nn(C)c2n1,,,1.46265251,1.875477986,0.033989971,0.941014244,,
Cc1cc(C(=O)Nc2cccc3ncccc23)on1,,,0.675686709,1.044304519,-0.252510249,1.656768779,,
Cc1cc(C(=O)Nc2ccccc2NCC(F)(F)F)c2c(c1)C(C)CCN2,OADMET-0002809,5.74,,,,,,
Cc1cc(C(=O)Nc2ncccc2C)c2ccccc2n1,,,1.137164145,1.765996201,,1.643156466,,
Cc1cc(C(=O)Nc2nnc3n2CCCC3)n(C)n1,,,0.675686709,1.056752441,0.157708798,,,
Cc1cc(C(=O)O)c2ccc(F)cc2n1,,,,,,1.394451681,,
Cc1cc(C(=O)O)nn1-c1ccccn1,,,0.675686709,1.027920136,,,,
Cc1cc(C(=O)OCCCn2c(=O)[nH]c3ccccc3c2=O)ccc1NC(=O)c1ccco1,OADMET-0004886,4.25,,,,,,
Cc1cc(C(C)C)nc(N2CCN(C(C)c3nc(C4CC4)no3)CC2)n1,OADMET-0003415,5.89,,,,,,
Cc1cc(C(F)(F)F)nc(CCNC(=O)N(C)Cc2c(C)noc2C)n1,,,2.235629434,2.762027009,1.213987664,,,
Cc1cc(C(F)(F)F)nc(CCNC(=O)N(C)Cc2ccncc2C)n1,,,2.296162609,2.865972879,1.71623843,,,
Cc1cc(C(F)(F)F)nc(N(C)Cc2c(C)noc2C)n1,,,1.9625398,2.769927232,,,,
Cc1cc(C(F)(F)F)nc(N2CCN(CC(=O)Nc3ccc(F)cc3)CC2)n1,OADMET-0005883,4.56,,,,,,
Cc1cc(C(F)F)n2ncc(C(=O)N3Cc4ccccc4[C@@H]3C)c2n1,OADMET-0004570,5.04,,,,,,
Cc1cc(C)c(-c2ccc3nc(CO)n(C)c3c2)c(C)c1,OADMET-0005637,4.09,,,,,,
Cc1cc(C)c(-c2csc(CC(N)=O)n2)cc1C,,,,,-0.08019589,,,
Cc1cc(C)c(-c2csc(NC(=O)Cn3cnnn3)n2)c(C)c1,,,,,0.88594296,-0.920818754,,
Cc1cc(C)c(-n2cccn2)c(-c2cn(C[C@@H]3CCCO3)nn2)c1,,,1.832221417,2.704983974,0.071315774,1.421932813,,
Cc1cc(C)c(C#N)c(N2CCN(CC(=O)Nc3ccccc3Cl)CC2)n1,,,2.096037073,2.90539755,-0.094722884,0.037426498,,
Cc1cc(C)c(C#N)c(NCc2ccc3c(c2)CNC3)n1,OADMET-0005516,4.46,,,,,,
Cc1cc(C)c(C(=O)N(Cc2cnn(C)c2)CC(C)C)c(C)n1,OADMET-0005978,4.26,,,,,,
Cc1cc(C)c(C(=O)Nc2ccc(OCC(=O)N3CCOCC3)cc2)cc1C,OADMET-0001206,2.77,,,,,,
Cc1cc(C)c(CC(=O)N2CC(CO)C2)c(C)c1,,,0.698448538,1.192316505,0.236202515,1.665956029,,
Cc1cc(C)c(N)c(C)c1,OADMET-0002074,1.82,,,,,,
Cc1cc(C)c(NC(=O)CN(C)c2ccc(C#N)nc2)c(C)c1,,,1.158573556,1.878946691,0.825482136,,,
Cc1cc(C)c(NC(=O)Cn2nnn(-c3cccs3)c2=O)c(C)c1,,,,,-0.131889511,-0.113509275,,
Cc1cc(C)c(NC(=O)c2cc(Cl)ccc2F)c(C)n1,,,0.913548958,1.602135986,-0.121331067,1.798028793,,
Cc1cc(C)c(NC(=O)c2ccnc(OC3CCC3)c2)c(C)n1,,,0.675686709,1.735023717,0.154684412,1.557867962,,
Cc1cc(C)c(S(=O)(=O)Nc2cc(C(=O)NC(C)c3cccnc3)ccc2C)c(C)c1,OADMET-0003486,5.880000000000001,,,,,,
Cc1cc(C)c(S(=O)(=O)Nc2ccc(N(C)C)cc2)c(C)c1-n1cnnn1,,,2.07120796,1.950321033,0.987947303,0.436162647,,
Cc1cc(C)c(S(=O)(=O)Nc2ccc3c(c2)OCO3)c(C)c1-n1cnnn1,,,,,1.382880797,1.2509077,,
Cc1cc(C)c(S(=O)(=O)Nc2ccccc2)c(C)c1,,,2.136016249,3.618827244,,,,
Cc1cc(C)c2[nH]c(C(=O)N3CC[C@@](O)(CC(C)C)[C@@H](Oc4ccc(F)cc4)C3)c(C)c2c1,,,2.144642693,3.281688408,0.689099455,,,
Cc1cc(C)c2c(C(=O)N3CC4(CNC(=O)N4)C3)cc(C)nc2c1,,,0.675686709,1.487279816,0.927562147,,,
Cc1cc(C)c2c(N(C)CCC(C)C)ncnc2n1,,,1.154180432,3.084600226,-0.064460675,1.573683693,,
Cc1cc(C)c2c(N)c(C(=O)NCc3ccc(Cl)cc3)sc2n1,,,2.209624915,3.188084374,,,-0.370590401,-0.185752404
Cc1cc(C)c2c(c1)CCCN2C(=O)c1ccc(-c2nnc(C)o2)cc1,,,2.174365132,3.320933329,-0.164228705,1.717670503,,
Cc1cc(C)c2ccc(C(=O)N3CCN(c4nc[nH]n4)CC3)cc2n1,,,0.675686709,1.224714305,1.850011587,,,
Cc1cc(C)c2ccc(C(=O)N3CCN(c4ncc[nH]c4=O)CC3)cc2n1,,,0.675686709,1.727378569,1.818754528,,,
Cc1cc(C)c2nc(C3CC3)cc(C(=O)N3CCN4C(=O)NCC4C3)c2c1,OADMET-0005377,4.91,,,,,,
Cc1cc(C)c2nc(NC(=O)CCOC3CCOCC3)sc2c1,OADMET-0005541,4.68,,,,,,
Cc1cc(C)cc(-c2nnc(NC(=O)N3CCNC(=O)C3C(C)C)s2)c1,OADMET-0003459,5.04,,,,,,
Cc1cc(C)cc(-n2nc(C(=O)NC(C)(C)CN3CCOCC3)cc2C)c1,OADMET-0003155,5.75,,,,,,
Cc1cc(C)cc(C(=O)N2CCN(C(=O)c3cnc4cc[nH]c4c3)CCC2C)c1,OADMET-0005511,4.73,,,,,,
Cc1cc(C)cc(C(=O)NCCCNc2ncccn2)c1,,,,,,1.720448737,,
Cc1cc(C)cc(C(=O)NCc2ccc3c(c2)OCO3)c1,OADMET-0001904,4.84,,,,,,
Cc1cc(C)cc(C(=O)Nc2c(C#N)cnn2C)c1,,,1.435939875,1.904017301,0.040632094,1.582517884,,
Cc1cc(C)cc(C(=O)Nc2nn(C(C)(C)C)cc2C#N)c1,,,1.049992857,2.430890608,0.323142387,1.586699802,,
Cc1cc(C)cc(C(=O)O)c1,OADMET-0002262,1.97,,,,,,
Cc1cc(C)cc(CNC(=O)NCC2CCCC(C)O2)c1,OADMET-0004761,4.61,,,,,,
Cc1cc(C)cc(N(CCC#N)C(=O)c2cn3ncccc3n2)c1,OADMET-0005068,5.43,,,,,,
Cc1cc(C)cc(N2CCN(C(=O)c3ccccc3-n3cncn3)CC2=O)c1,OADMET-0001231,3.95,,,,,,
Cc1cc(C)cc(NC(=O)COC(=O)c2nn(C)c(=O)c3ccccc23)c1,,,,,,-0.013228266,,
Cc1cc(C)cc(OCCN(C)C(=O)NCCN2CCCCC2=O)c1,,,2.175874058,3.114870416,1.465009639,,,
Cc1cc(C)cc(OCCN(C)C(=O)NCCS(=O)(=O)N(C)C)c1,,,1.572464987,3.039175688,1.08284544,,,
Cc1cc(C)cc(OCc2nnc(N3CCc4ccc(O)cc4C3)n2Cc2cccs2)c1,OADMET-0005316,5.07,,,,,,
Cc1cc(C)cc(Oc2cc(C#N)ccn2)c1,,,1.681340752,2.330279811,-0.252621639,0.98811284,,
Cc1cc(C)n(-c2cc(Nc3ccccc3C)ncn2)n1,,,1.775828814,2.456921453,-0.310735509,0.240549248,,
Cc1cc(C)n(-c2ccc(-c3nc(C)nn3C3CCN(C(=O)OC(C)(C)C)CC3)cc2)n1,OADMET-0004943,5.2,,,,,,
Cc1cc(C)n(-c2ccc(C(=O)NCc3cccnc3)cc2)n1,,,0.675686709,1.974971994,0.694670673,1.65724713,,
Cc1cc(C)n(-c2ccc(CNC(=O)C3CCC3)cn2)n1,,,0.987934265,2.756963037,0.032497402,1.598899887,,
Cc1cc(C)n(-c2ccc(CNC(=O)c3ccc4c(c3)CCO4)cn2)n1,,,1.056981037,2.024374822,-0.113808017,0.586587305,,
Cc1cc(C)n(-c2cccc(NC(=O)c3ccc(F)c(F)c3)c2)n1,,,1.4954472,2.548213699,-0.1875223,0.206825876,,
Cc1cc(C)n(C(=O)CCCC(=O)n2nc(C)cc2C)n1,,,2.784436121,3.369321078,,,,
Cc1cc(C)n(C(C)C(=O)NC2CCN(C(=O)CCc3ccccc3)CC2)n1,OADMET-0005073,4.85,,,,,,
Cc1cc(C)n(CC(=O)NCC2CCN(C(=O)c3csc(N)n3)CC2)n1,OADMET-0000949,3.08,,,,,,
Cc1cc(C)n(CC(C)CNC(=O)COc2ccccc2C=O)n1,OADMET-0001536,4.82,,,,,,
Cc1cc(C)n(CCCC(=O)N2CCCC2c2ccco2)n1,OADMET-0002969,5.08,,,,,,
Cc1cc(C)n(CCCC(=O)N2CCO[C@H]3COCC[C@H]32)n1,OADMET-0002916,5.22,,,,,,
Cc1cc(C)n(CCCC(=O)N2Cc3cnn(C)c3CC(C)(C)C2)n1,OADMET-0005289,5.12,,,,,,
Cc1cc(C)n(CCCNC(=O)N2CCC(CS(N)(=O)=O)C2)n1,OADMET-0001011,3.14,,,,,,
Cc1cc(C)n(CCN(C)C(=O)c2cccc(-c3cncc(C(=O)O)n3)c2)n1,OADMET-0001342,1.81,,,,,,
Cc1cc(C)n(CCNC(=O)NC2CCOCC2)n1,,,0.675686709,1.027920136,1.451052046,1.67678503,,
Cc1cc(C)n(CCNS(=O)(=O)c2cc(-c3ccno3)ccc2C)c(=O)n1,OADMET-0000933,4.05,,,,,,
Cc1cc(C)n(Cc2cccc(C(=O)N(C)Cc3snnc3C)c2)n1,OADMET-0001338,4.87,,,,,,
Cc1cc(C)n2nc(C)c(C(=O)NCC3CC3)c2n1,,,1.669707291,2.02382017,-0.139753256,,,
Cc1cc(C)n2nc(C)c(C(=O)NCCc3nnc(C)s3)c2n1,,,0.675686709,1.519565501,0.812560948,,,
Cc1cc(C)n2ncc(-c3noc(C4(c5cccnc5)CC4)n3)c2n1,OADMET-0004116,5.66,,,,,,
Cc1cc(C)n2ncc(C(=O)NC3CCCCC3)c2n1,,,1.746634199,2.220152562,-0.153480877,0.693726949,,
Cc1cc(C)n2ncc(C(=O)N[C@H]3CC[C@@H](C(C)C)CC3)c2n1,,,,,-0.110808736,,,
Cc1cc(C)n2ncc(C(=O)Nc3cccc(C(=O)O)c3)c2n1,,,0.675686709,1.027920136,-0.149624912,1.245512668,,
Cc1cc(C)nc(-c2noc(C(CC(C)C)N3CCCCC3=O)n2)c1,OADMET-0002609,4.67,,,,,,
Cc1cc(C)nc(-n2nc(C)c(CC(=O)NC3CCCCCC3)c2C)n1,,,1.64229631,2.919948425,1.522870708,1.737192643,,
Cc1cc(C)nc(CNC(=O)CC2CCNCC2)n1,,,0.675686709,1.027920136,,1.744605875,,
Cc1cc(C)nc(N(C)CC(=O)NC2CC2)n1,,,0.675686709,1.364006614,-0.053479359,1.542825427,,
Cc1cc(C)nc(N2Cc3ccccc3C2=N)n1,,,1.391552567,3.066215194,-0.09327523,,,
Cc1cc(C)nc(NC(=O)N(C)C2CCC2)c1,,,1.966592226,2.247907013,-0.298486671,1.615213335,,
Cc1cc(C)nc(NCc2cnc(C)c(C)c2)n1,,,1.09805504,2.210449618,-0.206443234,1.124178055,,
Cc1cc(C)nc(NS(=O)(=O)c2ccc(NC(=O)/C=C/c3ccc([N+](=O)[O-])s3)cc2)n1,,,1.146159056,1.758465263,,,,
Cc1cc(C)nc(Nc2ccc(C3CCCN(CC(=O)N4CCCC4)C3)nc2)n1,,,0.918082785,2.072025522,1.615671302,1.823637222,,
Cc1cc(C)nc(SCC(=O)N2c3ccccc3C(C)(c3ccc(Cl)cc3)CC2(C)C)n1,,,3.015502667,3.324075423,,,,
Cc1cc(C)nc(SCC(=O)N2c3ccccc3C(C)(c3ccccc3)CC2(C)C)n1,,,3.372714293,3.495298993,,,,
Cc1cc(C)nc(SCc2ccc(C(=O)NCc3noc(C4CC4)n3)o2)n1,OADMET-0001270,4.39,,,,,,
Cc1cc(C2CC2)nc(NC(=O)c2nc3ccccc3cc2C2CC2)n1,OADMET-0003241,5.83,,,,,,
Cc1cc(C2CCCN2C(=O)CCc2nc(-c3ccco3)no2)no1,OADMET-0004826,5.03,,,,,,
Cc1cc(C2CCCN2C(=O)Cc2nc(-c3ccco3)oc2C)no1,OADMET-0005122,4.52,,,,,,
Cc1cc(C=Cc2ccc3cc(N(C)C)ccc3[n+]2C)c(C)n1-c1ccccc1,OADMET-0003733,3.2,,,,,,
Cc1cc(C=O)c(C)n1-c1ccc(F)c(F)c1F,OADMET-0001507,4.61,,,,,,
Cc1cc(C=O)c(O)c(C(=O)N2CCCC(c3cc(C)n[nH]3)C2)c1,OADMET-0001827,3.62,,,,,,
Cc1cc(C=O)cc2c1OC1(C=C2)Oc2ccccc2C(=O)N1C,OADMET-0001529,5.1,,,,,,
Cc1cc(CC(C)NC(=O)NC2COc3c2ccc(C)c3C)n[nH]1,OADMET-0005329,4.62,,,,,,
Cc1cc(CC(C)NC(=O)c2cc(C3CC3)nc3c2c(=O)[nH]n3C)n(-c2ccccc2)n1,OADMET-0002673,4.81,,,,,,
Cc1cc(CC(C)Nc2ncc(F)c(-c3ccsc3)n2)n[nH]1,OADMET-0004193,4.62,,,,,,
Cc1cc(CCC(=O)NC2CCC(C)(C)CC2c2ccccc2)on1,OADMET-0005481,4.96,,,,,,
Cc1cc(CCCC(=O)NC[C@H]2CC[C@H](c3ccc(C(N)=O)c(C)n3)CC2)ccc1F,,,2.329509744,2.90742426,1.522262379,0.50242712,,
Cc1cc(CN(C)C(=O)C(=O)Nc2ccc(F)c(C)c2)no1,,,1.137923512,2.43065867,,,,
Cc1cc(CN(C)Cc2cccc(O)c2)c(C)c(CN2CCN(C)CC2)c1,OADMET-0001068,3.97,,,,,,
Cc1cc(CN(C)Cc2cscn2)no1,,,0.675686709,1.397000918,-0.270255541,1.457124626,,
Cc1cc(CN2CC(O)(CC#N)C2)ccc1F,,,1.1766121,2.846716799,-0.220272292,,,
Cc1cc(CN2CCC(N(C)c3ncc(Cl)cn3)CC2)on1,,,1.205312653,2.103960996,-0.236589637,,,
Cc1cc(CN2CCC(c3nnc[nH]3)CC2)on1,OADMET-0001182,2.69,,,,,,
Cc1cc(CN2CCN(c3ncccn3)CC2)on1,,,0.675686709,1.961392615,-0.216098707,1.564547712,,
Cc1cc(CNC(=O)N(C)Cc2c(C)nn(C)c2C)cnc1C,,,0.675686709,2.049679216,1.973590617,,,
Cc1cc(CNC(=O)N2CCCC3(C=Cc4ccccc4O3)C2)no1,OADMET-0002889,4.79,,,,,,
Cc1cc(CNC(=O)NC2CCc3c(Br)cccc32)on1,OADMET-0005490,4.96,,,,,,
Cc1cc(CNc2cc(C(=O)N(C)C)ccn2)sc1Br,,,1.559308011,2.902705466,-0.128243177,1.674861141,,
Cc1cc(CNc2ccc(Cl)c(C#N)n2)nc(N2CCCC2)n1,OADMET-0005323,5.02,,,,,,
Cc1cc(CNc2ncc(C(F)(F)F)cc2Cl)no1,,,1.810326627,2.108632666,-0.221277432,1.428458774,,
Cc1cc(CO)nc(N2CCCCC2)n1,,,1.426625106,2.053754341,,,,
Cc1cc(COCC(=O)N2CCCN(c3ccccc3F)CC2)no1,OADMET-0003391,5.06,,,,,,
Cc1cc(CS(=O)(=O)N2CCc3c(cccc3C(C)C)C2)no1,OADMET-0003272,5.13,,,,,,
Cc1cc(CSCc2c(C)noc2C)no1,,,2.113147531,3.281587592,,,,
Cc1cc(CSCc2ccc(C#N)cc2)no1,,,1.88295691,3.002342769,,,,
Cc1cc(C[C@@H]2COC[C@@H]2NC(=O)COCc2nc3ccccc3[nH]2)on1,OADMET-0001174,3.81,,,,,,
Cc1cc(C[C@@H]2COC[C@@H]2NC(=O)c2cc(C)c3nc(N)sc3c2)on1,OADMET-0000988,3.79,,,,,,
Cc1cc(Cl)c(NC(=O)N2CCCC(C3CCCCO3)C2)cc1Cl,OADMET-0004755,5.18,,,,,,
Cc1cc(Cl)c(OCCCN2CCNCC2)c(Br)c1,,,0.675686709,2.66329376,,1.566437492,,
Cc1cc(Cl)cc(C(=O)N(C(C)CS(C)(=O)=O)C2CC2)c1,OADMET-0003439,5.33,,,,,,
Cc1cc(Cl)ccc1OCC(=O)NCc1ccncc1,OADMET-0001936,2.93,,,,,,
Cc1cc(Cl)ccc1OCC(=O)O,OADMET-0002275,2.96,,,,,,
Cc1cc(Cl)n(-c2ccc(C#N)cc2)n1,,,2.020547724,2.491841954,-0.332256154,,,
Cc1cc(Cn2c(-c3ccccc3)nnc2N2C[C@H]3CCC[C@H]3C2)no1,OADMET-0004786,5.01,,,,,,
Cc1cc(Cn2cnc(C#N)c2C#N)c2ccccc2n1,,,0.675686709,1.564476685,0.452816486,,,
Cc1cc(F)c(Br)cc1NS(=O)(=O)c1cccc(Cl)c1O,OADMET-0002688,4.65,,,,,,
Cc1cc(F)c(C(=O)Nc2cccc(-c3nncn3C(C)C)n2)cc1-n1cnc(C2CC2)c1,,,1.113241232,1.775967056,1.800036621,1.811239773,,
Cc1cc(F)c2c(c1)NC(C(=O)NCC1CC13CCSCC3)C2,OADMET-0003534,5.66,,,,,,
Cc1cc(F)cc(S(=O)(=O)NC(=O)[C@H]2C[C@@H]2C2CCC2)c1,OADMET-0004999,4.99,,,,,,
Cc1cc(F)cc2c1N(S(=O)(=O)c1n[nH]c3ncccc13)CCC2,OADMET-0003485,5.57,,,,,,
Cc1cc(F)ccc1-c1nc(CCn2c(C)nc3ccccc32)no1,,,2.600096893,3.254089615,-0.157314966,,,
Cc1cc(F)ccc1-c1nnc([C@@H]2CCCO[C@H]2c2ccnn2C)o1,OADMET-0004690,4.79,,,,,,
Cc1cc(F)ccc1-n1cc(O)c(C(=O)NCc2ccc(C)n(C)c2=O)n1,OADMET-0004882,4.49,,,,,,
Cc1cc(F)ccc1-n1ccc(NC(=O)NCCS(=O)(=O)Nc2ccccc2)n1,OADMET-0003526,6.63,,,,,,
Cc1cc(F)ccc1C(=O)NCc1ccc(O)c(O)c1,,,0.675686709,1.923616999,,1.606918526,,
Cc1cc(F)ccc1C1C(=O)NCCN1C(=O)Nc1cc(N(C)C)cc(C(F)(F)F)c1,OADMET-0002610,4.6850000000000005,,,,,,
Cc1cc(F)ccc1C1C(=O)NCCN1C(=O)c1ccc2nccn2c1,,,0.777789187,1.442448411,0.925531892,1.793790385,1.78096503,1.950724994
Cc1cc(F)ccc1CC(=O)N[C@@H]1CCOC[C@H]1OCCO,,,0.675686709,1.027920136,1.293835589,1.679064318,,
Cc1cc(F)ccc1CC(C)NC(=O)N1CCCC(C2CCCCO2)C1,OADMET-0003376,5.81,,,,,,
Cc1cc(F)ccc1Cc1noc(C2CCc3nccn3C2)n1,OADMET-0006071,3.96,,,,,,
Cc1cc(F)ccc1NC(=O)Cn1cncn1,,,0.675686709,1.027920136,,1.545925329,,
Cc1cc(F)ccc1NC(=O)c1cccc2cccnc12,,,,,-0.930131495,-0.356547324,,
Cc1cc(F)ccc1S(=O)(=O)N1CCCc2cnc(N3CCOCC3)nc21,,,,,-0.140626154,-0.508638306,,
Cc1cc(F)ccc1[C@@H](C)NC(=O)c1ccc(C#N)n1C,OADMET-0003064,5.32,,,,,,
Cc1cc(F)ccc1[C@H](C)n1cc(C(C)(O)Cc2ccccc2)nn1,OADMET-0002588,5.41,,,,,,
Cc1cc(N(C)C)nc(-n2ccnc2)n1,,,1.599162287,1.919475578,-0.15258186,1.454692449,,
Cc1cc(N(C)C)nc(-n2cnc(C#N)n2)n1,,,1.526261718,1.898648406,-0.225835938,1.36660971,,
Cc1cc(N(C)C)nc(N(C)Cc2csc(C)n2)n1,,,1.486047734,2.833233197,-0.199490063,1.675319983,,
Cc1cc(N(C)CC(C)(C)O)ncc1Br,,,1.556953454,2.986764123,,,,
Cc1cc(N(C)Cc2ccc(N)nc2)nc(-c2ccncc2)n1,,,1.645746395,2.516203412,0.643362482,1.461498527,,
Cc1cc(N(CCO)CCCO)ncc1Br,,,1.094296397,2.679317037,-0.115819631,,,
Cc1cc(N)n(-c2ncnc3sc(C)c(-c4ccc(Cl)cc4)c23)n1,,,1.974212235,2.826104619,-0.147306971,0.800717078,,
Cc1cc(N)n2ncc(C(=O)NCc3cccc(O)c3F)c2n1,OADMET-0005568,4.35,,,,,,
Cc1cc(N2CCC(C(=O)NC3CCCCC3)CC2)nc(-c2ccncc2)n1,,,1.826204424,2.285721545,,,,
Cc1cc(N2CCCC(c3n[nH]c(-c4ccccc4)n3)C2)ncn1,OADMET-0003950,5.05,,,,,,
Cc1cc(N2CCCC2)nc(C2CCCN(C)C2)n1,,,0.964165311,2.519927699,,,2.0,1.861522463
Cc1cc(N2CCCC2c2cc(CCC(=O)O)cc(C)n2)ncn1,,,0.675686709,1.027920136,,,2.0,2.0
Cc1cc(N2CCCCC2)nc(CNC(=O)c2ccccc2Cl)n1,,,1.751756258,3.001873841,-0.1734442,1.81391442,,
Cc1cc(N2CCC[C@@H]2C(=O)O)nc(N2CCOCC2)n1,OADMET-0001215,2.24,,,,,,
Cc1cc(N2CCN(C(=O)CC3C=CCC3)CC2)nc(N)n1,OADMET-0001243,3.03,,,,,,
Cc1cc(N2CCN(C(=O)OC(C)(C)C)[C@H](C)C2)ncn1,,,0.975891136,2.094792451,-0.115777617,1.713574538,,
Cc1cc(N2CCN(CC3CCN(C(=O)CC(C)C)CC3)CC2)n[nH]1,,,0.865932668,1.027920136,0.976895355,,,
Cc1cc(N2CCOCC2)ccc1Nc1nc(NC2CCCCC2)c2nc[nH]c2n1,,,1.301767669,2.93863929,1.529080091,,,
Cc1cc(NC(=O)C(c2ccccc2)N(C)CCCn2ccnc2)no1,OADMET-0004857,4.97,,,,,,
Cc1cc(NC(=O)C2(C)CCCO2)n(-c2cccc(Br)c2)n1,OADMET-0005958,5.09,,,,,,
Cc1cc(NC(=O)C2=C(O)c3ccccc3S(=O)(=O)N2C)no1,OADMET-0003766,3.89,,,,,,
Cc1cc(NC(=O)C2CCN(c3ccncc3Cl)CC2)no1,,,1.104657791,2.268631787,-0.340174632,1.462397998,,
Cc1cc(NC(=O)C2CCOCC2)sn1,,,0.675686709,1.027920136,-0.041048018,1.751817788,,
Cc1cc(NC(=O)CCc2c(C)nn(C)c2C)no1,,,0.675686709,1.652922888,0.586986538,1.704750904,,
Cc1cc(NC(=O)CCc2c[nH]nn2)cnc1N1CCCCC1C,OADMET-0003471,5.4,,,,,,
Cc1cc(NC(=O)CCc2cnn(C)c2)c2ccccc2n1,,,0.675686709,1.397592434,0.885132227,1.635282638,,
Cc1cc(NC(=O)CN(C)CCOc2ccccc2)on1,,,2.220748592,2.793825993,-0.287707528,,,
Cc1cc(NC(=O)CN(C)c2c(F)cccc2F)on1,,,,,,1.84135947,,
Cc1cc(NC(=O)CN(C)c2ccc(F)c(Cl)c2)n(C2CCS(=O)(=O)C2)n1,OADMET-0005417,4.88,,,,,,
Cc1cc(NC(=O)Cn2nc(C3CC3)ccc2=O)ccc1Cl,,,,,-0.0486772,-0.065501549,,
Cc1cc(NC(=O)N2Cc3cc4c(cc3C3(CCCC3)C2)OCCO4)no1,,,,,-0.142431431,-0.522878745,,
Cc1cc(NC(=O)NCc2ccc(S(N)(=O)=O)cc2)n(C2CCCC2)n1,OADMET-0001343,3.71,,,,,,
Cc1cc(NC(=O)NCc2cccc(Oc3ccccc3F)c2)n(C2CCS(=O)(=O)C2)n1,OADMET-0005667,5.14,,,,,,
Cc1cc(NC(=O)[C@H](C)N(C)C)c2ccccc2n1,,,0.983536082,2.03661692,-0.089830392,,,
Cc1cc(NC(=O)c2c(F)cccc2Cl)no1,,,0.675686709,1.415457483,,,,
Cc1cc(NC(=O)c2cc(F)cc(F)c2)sn1,,,2.114844413,1.888404168,,,,
Cc1cc(NC(=O)c2ccc(Cl)c3cccnc23)n(C)n1,OADMET-0005597,4.77,,,,,,
Cc1cc(NC(=O)c2ccc(Cl)cc2F)no1,,,,,,0.84509804,,
Cc1cc(NC(=O)c2ccc(NC3CC3)nc2)[nH]n1,,,0.807467376,1.191283301,,,,
Cc1cc(NC(=O)c2cccc(C)c2Cl)n(-c2ccccc2)n1,OADMET-0005438,4.63,,,,,,
Cc1cc(NC(=O)c2ccccc2C)ccc1C(=O)O,OADMET-0002218,3.44,,,,,,
Cc1cc(NC(=O)c2cccs2)no1,,,1.597804842,2.899488912,-0.209614019,1.500099192,,
Cc1cc(NC(c2ccccc2)c2nnc[nH]2)cc(C)c1Cl,OADMET-0004765,4.85,,,,,,
Cc1cc(NC2CCCC2)nc(C2CCNCC2)n1,,,0.675686709,1.395308916,1.823980535,1.853819846,,
Cc1cc(NCC2(c3ccncc3)CC2)ncn1,,,0.675686709,2.297381843,0.395419591,,,
Cc1cc(NCCc2ccccc2S(N)(=O)=O)ncc1S(=O)(=O)N1CC2CCC2(C)C1,OADMET-0002666,6.325,,,,,,
Cc1cc(NCc2ccccc2OC(C)C)cc(C(N)=O)c1,OADMET-0003525,5.42,,,,,,
Cc1cc(NCc2ccnc(N3CCCC3)c2)c2ccccc2n1,,,1.375864714,3.737787441,1.231145739,1.507451061,,
Cc1cc(NS(=O)(=O)CCc2cccc(F)c2)cnc1C,OADMET-0005372,5.23,,,,,,
Cc1cc(NS(=O)(=O)c2cc(C)c(F)c(C)c2)n(-c2ccc([N+](=O)[O-])cc2)n1,OADMET-0003517,4.91,,,,,,
Cc1cc(NS(=O)(=O)c2cc(F)ccc2OC(C)C)cnc1C,OADMET-0003055,5.63,,,,,,
Cc1cc(Nc2cc(N)ncn2)c(=O)n2c1C(=O)NC21CCCCC1,,,0.675686709,1.393627842,1.406425715,,,
Cc1cc(Nc2cc(N3CCN(C)CC3)nc(/C=C/c3ccccc3)n2)n[nH]1,,,,,,-0.698970004,,
Cc1cc(Nc2ccc(F)cn2)cc(C2CCN(C(=O)CCc3cccc(Cl)c3)C2)n1,,,2.749824402,3.35585976,0.991696072,,,
Cc1cc(Nc2ccc(F)cn2)cc(C2CCN(C(=O)CCn3ncc4ccccc43)C2)n1,,,2.538235566,3.36208683,1.778460458,,,
Cc1cc(Nc2ccc(F)cn2)cc(C2CCN(C(=O)COc3ccccc3)C2)n1,,,2.02619812,2.821966583,1.190256515,,,
Cc1cc(Nc2ccc(F)cn2)cc(C2CCN(C(=O)COc3ccccc3F)C2)n1,,,2.059949454,2.705097036,0.977648796,1.745465169,,
Cc1cc(Nc2ccc(F)cn2)cc(C2CCN(C(=O)Cn3nc(C)ccc3=O)C2)n1,,,1.295215124,1.953865958,1.476215767,,,
Cc1cc(Nc2ccc3c(c2)oc(=O)n3C)nc(C2CC2)n1,,,1.37821615,2.201683828,-0.144378717,0.727541257,,
Cc1cc(Nc2ccccn2)cc(C2CCCN(CC(=O)Nc3ncc(C)s3)C2)n1,,,1.775464809,2.980412007,1.55955602,1.81640703,,
Cc1cc(Nc2cnccn2)cc(C2CCCN(CC(=O)N3CCCC3)C2)n1,,,0.734719842,1.994000227,1.426521873,,1.642246824,1.632416797
Cc1cc(Nc2nc(N[C@@H](C)c3ncc(F)cn3)ncc2Cl)n[nH]1,,,0.927934682,1.6658623,1.019511568,,,
Cc1cc(Nc2ncccn2)cc(C2CCCN(CC(=O)Nc3ccc(F)cc3)C2)n1,,,1.808879124,2.658694277,0.92003456,,,
Cc1cc(Nc2nnc(C)s2)cc(C2CN(C(=O)Cc3csc(C)n3)CCO2)n1,,,1.270795253,2.013241816,1.550074687,,,
Cc1cc(Nc2nnc(C)s2)cc(C2CN(C(=O)c3c(C(C)C)noc3C)CCO2)n1,,,1.352876834,2.178170885,1.734720613,,,
Cc1cc(O)n2ncc(C(=O)NC(C)CCc3ccccc3F)c2n1,OADMET-0005099,4.84,,,,,,
Cc1cc(O)nc(S)n1,OADMET-0003750,2.05,,,,,,
Cc1cc(OCC(=O)N(C)C2CCCCCCC2)no1,,,1.752923841,3.345284314,-0.116378676,1.642068627,,
Cc1cc(OCC(=O)N2CCC(n3c(=O)[nH]c4ccccc43)CC2)ccc1Cl,,,2.63502307,3.160701073,,,,
Cc1cc(OCCCS(C)(=O)=O)cc(C)c1-c1cccc(COc2ccc3c(c2)OC[C@@H]3CC(=O)O)c1,,,0.753812784,1.451479405,0.834777639,,,
Cc1cc(OCc2cc(C#N)ccc2F)ccc1N,,,,,,1.40534636,,
Cc1cc(OCc2ccc(C=O)o2)ccc1[N+](=O)[O-],OADMET-0001240,3.38,,,,,,
Cc1cc(OCc2ccnc(Cl)c2)nnc1C,,,0.675686709,1.712464498,,,,
Cc1cc(OCc2ncc(C(C)(C)C)o2)nn1C,,,1.444638031,2.816379854,-0.145366276,1.266936911,,
Cc1cc(Oc2cnccn2)ccc1N,,,0.675686709,1.494418988,,1.340444115,,
Cc1cc(Oc2ncccn2)ccc1NC(=O)c1c(C)oc(C)c1C,,,0.675686709,2.086619618,-0.096941866,1.740046724,,
Cc1cc(S(=O)(=O)N2CCCc3cc(F)c(F)cc32)cnc1N,OADMET-0003388,5.5,,,,,,
Cc1cc(S(=O)(=O)NC(=O)C(C)Oc2ccccn2)cc(C)c1C,OADMET-0005210,4.52,,,,,,
Cc1cc(S(=O)(=O)NCC2CCOC3(CCC3)C2)c(F)cc1F,OADMET-0004816,4.64,,,,,,
Cc1cc(S(=O)(=O)NCCc2cc(C(C)(C)C)on2)ccc1C#N,OADMET-0002801,5.84,,,,,,
Cc1cc(S(=O)(=O)Nc2ccc(N3CCCC3=O)cc2)cnc1N,OADMET-0004478,5.41,,,,,,
Cc1cc(S(=O)(=O)Nc2cccc3c2OCCC3)sc1C,OADMET-0003244,5.99,,,,,,
Cc1cc(S(N)(=O)=O)oc1C(=O)NC(C)c1cc(Cl)cc2c1OCC2,OADMET-0004956,5.42,,,,,,
Cc1cc(SCC(=O)Nc2ccc(N(C)C)cc2)nc2ccccc12,OADMET-0003113,5.62,,,,,,
Cc1cc(SCc2ccc(Cl)nc2)nc2ccccc12,,,2.515025612,3.139084987,,,,
Cc1cc2c(=O)n3c(nc2s1)CCNCC3,,,0.675686709,1.829020585,,,,
Cc1cc2c(C(N)=O)cccc2n1-c1nc2c(c(NCc3ccccc3)n1)COCC2,,,1.176236,2.432674319,0.526761426,1.560862695,,
Cc1cc2c(cc(C(=O)N[C@H]3COC[C@H]3n3cccn3)n2CC(F)(F)F)s1,OADMET-0002802,5.55,,,,,,
Cc1cc2c(cc1O)CCN(C(=O)C1(c3ccc4c(c3)OCO4)CCOCC1)C2,OADMET-0003180,5.27,,,,,,
Cc1cc2c(o1)CC(C)(C)CC2NC(=O)c1c[nH]c2ccccc2c1=O,OADMET-0003330,5.29,,,,,,
Cc1cc2c(s1)c1cnn(Cc3ccccc3F)c(=O)c1n2C,,,2.512695067,3.423961951,,,,
Cc1cc2cc(C(=O)N(C)CCC(=O)O)oc2cc1C,,,0.675686709,1.027920136,0.235671021,1.672374979,,
Cc1cc2cc(C(=O)N(Cc3ccc4c(c3)OCO4)C3CC3)ccc2o1,,,2.104353935,3.237082055,-0.55346269,1.069668097,,
Cc1cc2cc(C(=O)N3Cc4ccccc4C[C@H]3C(N)=O)oc2cc1C,OADMET-0005587,4.26,,,,,,
Cc1cc2cc(CCNC(=O)C(=O)c3c[nH]c4ccccc34)c(=O)[nH]c2cc1C,OADMET-0001479,4.61,,,,,,
Cc1cc2ccccc2n1CC(=O)N(C)Cc1cnn(C)c1,,,,,0.330814663,1.67651071,,
Cc1cc2ccccc2n1CC(=O)N1CCCC1C(C)(C)O,OADMET-0005772,4.78,,,,,,
Cc1cc2ccccc2n1CC(=O)N1CCNC(=O)C1c1ccccc1,OADMET-0005063,4.33,,,,,,
Cc1cc2ccccc2n1CC(=O)N1CCc2ccc(O)cc2C1,,,1.403566603,2.658493149,0.412600705,1.094471129,,
Cc1cc2ccccc2n1CC(=O)Nc1cccc(N2C(=O)CN(C)C2=O)c1,OADMET-0005100,4.44,,,,,,
Cc1cc2nc(CCC(=O)N3CCC(c4ccc(C(=O)N(C)C)c(N)n4)CC3)[nH]c2cc1C,,,2.02843704,2.505620661,1.558763104,1.59835271,,
Cc1cc2nc(CCC(=O)N3CCc4n[nH]cc4C3)[nH]c2cc1C,,,1.240923479,2.278222981,1.380309463,,,
Cc1cc2nc(Sc3nnc(C)n3C)c3ccccc3n2n1,,,0.675686709,1.543732888,1.052425022,,,
Cc1cc2ncn(CC(=O)NC(C)(C)C)c2cc1C,,,0.675686709,1.845470133,0.742860403,1.592176757,,
Cc1cc2oc(C(=O)NCc3ccncc3)c(C)c2cc1C,OADMET-0001897,3.48,,,,,,
Cc1cc2oc(C(=O)O)c(C)c2cc1C,OADMET-0002284,3.5,,,,,,
Cc1cc2occ(CC(=O)NC3CCN(C)CC3)c2cc1C(C)C,,,1.141857223,2.609339306,0.800664971,1.536810866,,
Cc1ccc(-c2c[nH]cc2C(=O)NCC2(N3CCOCC3)CCCCC2)s1,OADMET-0004825,5.3,,,,,,
Cc1ccc(-c2cc(C(=O)N3CC(C)OC(c4ccsc4)C3)[nH]n2)cc1,OADMET-0005224,4.91,,,,,,
Cc1ccc(-c2cc(C(=O)N3CCN(c4ccc(F)cc4)CC3)c3ccccc3n2)o1,OADMET-0002012,4.33,,,,,,
Cc1ccc(-c2cc(C(=O)Nc3cccc(C(=O)NCCC(N)=O)c3)c3ccccc3n2)o1,OADMET-0005362,4.58,,,,,,
Cc1ccc(-c2cc(C(=O)O)c3ccccc3n2)o1,OADMET-0002328,3.31,,,,,,
Cc1ccc(-c2cc(NC(=O)CN3CCOCC3)on2)cc1,,,0.675686709,1.85115435,-0.250844026,1.717004407,,
Cc1ccc(-c2ccc(-c3nccn3CCCn3cnnc3)o2)cc1,,,1.196037941,2.732886485,2.089354369,1.566201719,,
Cc1ccc(-c2ccc(=O)n(Cc3ccncc3)n2)cc1,,,1.620500418,3.380312565,-0.209853595,1.629409599,,
Cc1ccc(-c2ccc(C)c(NC(=O)[C@@H]3CCOC3)c2)o1,OADMET-0005405,4.56,,,,,,
Cc1ccc(-c2ccc(C)cn2)nc1,OADMET-0003621,1.77,,,,,,
Cc1ccc(-c2ccc(F)cc2COc2ccc(CCC(=O)O)cc2)cc1,,,1.445993182,2.296487488,,,,
Cc1ccc(-c2ccc(N(C)CCO)nn2)c(-n2cccn2)c1,,,0.675686709,1.902051869,1.466549753,,,
Cc1ccc(-c2ccc(NC(=O)c3ncoc3-c3ccccc3)cc2)o1,,,,,-0.35015089,-0.431798276,,
Cc1ccc(-c2ccc3c(ccc4sc5c(c43)NC[C@@H](C)NC5=O)n2)cn1,,,,,0.739635039,-0.698970004,,
Cc1ccc(-c2ccccc2-c2nc3c(cnn3C3CCN(C)CC3)[nH]2)o1,,,0.675686709,1.999973942,1.602916122,1.606918526,,
Cc1ccc(-c2ccnc(N3C[C@@H](C)NC[C@@H]3C)n2)c(C)n1,,,0.675686709,1.895974732,1.410046991,1.413634997,,
Cc1ccc(-c2ccnc(O)c2C#N)cc1,,,0.675686709,1.275909969,-0.014884242,1.068185862,,
Cc1ccc(-c2cn(CC3CCN(Cc4c[nH]c(C)n4)CC3)nn2)cc1,,,0.675686709,1.510451171,1.367693231,1.397940009,,
Cc1ccc(-c2cnc(N)cn2)c2cccnc12,,,1.36398783,1.877192753,-0.173481744,1.502973059,,
Cc1ccc(-c2cnc3ccccc3n2)cc1N,,,2.408026158,2.307496038,,,,
Cc1ccc(-c2cncc(C(=O)NCc3cscn3)c2)cc1,OADMET-0005340,4.22,,,,,,
Cc1ccc(-c2cncc(F)c2)cc1NC(=O)N[C@H]1C[C@@]1(C)OC(C)C,OADMET-0002549,5.63,,,,,,
Cc1ccc(-c2cncc(F)c2)cc1NC(=O)c1ccc2[nH]c(=O)oc2c1,OADMET-0002799,3.4,,,,,,
Cc1ccc(-c2cnn3c(O)cc(Cn4cccn4)nc23)cc1,,,1.262759495,2.351527688,0.390072938,,,
Cc1ccc(-c2csc(CC(N)=O)n2)cc1C,,,,,-0.123627652,1.55448916,,
Cc1ccc(-c2csc(NC(=O)c3nn(C)cc3Cl)n2)c(C)c1,OADMET-0005302,4.96,,,,,,
Cc1ccc(-c2n[nH]c(NC(=O)CC3=CCCCC3)c2C)o1,OADMET-0004270,5.08,,,,,,
Cc1ccc(-c2nc(-c3cccnn3)n(CC(F)F)n2)cc1Br,OADMET-0004785,4.37,,,,,,
Cc1ccc(-c2nc(-c3ccncc3)n[nH]2)cc1,,,1.43025248,2.429548808,,1.301247089,,
Cc1ccc(-c2nc(C(=O)N3CCc4ccccc4C3)cs2)o1,,,2.271330371,3.5569184,-0.375534166,1.555698895,,
Cc1ccc(-c2nc(C(C)Oc3ccc(Br)cc3Cl)no2)cn1,OADMET-0005219,4.16,,,,,,
Cc1ccc(-c2nc(C)c(C(=O)N3C4C=CCC3CC4)s2)o1,OADMET-0002601,5.915,,,,,,
Cc1ccc(-c2nc(CC(=O)NCCC(C)C)cs2)cc1,,,2.666785588,3.786244663,-0.276261671,0.912222057,,
Cc1ccc(-c2nc(CN3C(=O)C(=O)N(C4CCCC4)C3=O)cs2)cc1,,,,,-0.10293633,-0.585026652,,
Cc1ccc(-c2nc(CN3CCOCC3)n(Cc3ccc(F)cc3)n2)o1,,,1.992496079,3.144640514,0.61390321,1.461348434,,
Cc1ccc(-c2nc(NCc3ccco3)ncc2-c2cc(C)no2)cn1,,,1.942241269,2.691941269,-0.004929367,1.012837225,,
Cc1ccc(-c2nc3ccccc3[nH]2)cc1NS(=O)(=O)c1ccc(Cl)cc1,,,,,0.688883995,-0.552841969,,
Cc1ccc(-c2nc3ccccc3s2)cc1N,OADMET-0002330,3.9,,,,,,
Cc1ccc(-c2nn(CCC#N)cc2C(=O)Nc2ccc(F)c(C(N)=O)c2)cc1C,OADMET-0004901,4.66,,,,,,
Cc1ccc(-c2nnc(SCCN3CCC(F)(F)CC3)o2)cc1,OADMET-0005048,5.05,,,,,,
Cc1ccc(-c2nnc(SCCn3cccn3)[nH]2)cc1,,,1.986337222,2.480632049,,1.338456494,,
Cc1ccc(-c2nnc([C@H]3CCN(Cc4cc5ccccc5o4)C3)o2)cc1,,,1.692406235,2.821762374,-0.168201762,1.201397124,,
Cc1ccc(-c2noc(C3(C#N)CCOCC3)n2)cc1Cl,OADMET-0005049,4.21,,,,,,
Cc1ccc(-c2noc(C3(C)CCC(=O)NC3)n2)cc1Cl,OADMET-0005819,4.99,,,,,,
Cc1ccc(-c2noc(C3CC34CCOC4)n2)cc1N1CCCC1,OADMET-0005260,4.55,,,,,,
Cc1ccc(-c2noc(CCC(=O)N3CCCC3(C)C)n2)cc1F,,,2.357904369,3.529047483,-0.271657308,1.610873,,
Cc1ccc(-c2noc3nc(C)cc(C(=O)O)c23)cc1,,,0.675686709,1.027920136,0.466601482,1.871047261,,
Cc1ccc(-n2[nH]c(C(=O)NC(C)(C)C(C)(C)O)cc2=O)cc1,OADMET-0003083,1.76,,,,,,
Cc1ccc(-n2[nH]c(C)c(N/N=C3/C=CC=C(c4cccc(C(=O)O)c4)C3=O)c2=O)cc1C,OADMET-0003718,3.25,,,,,,
Cc1ccc(-n2c(S)nnc2-c2ccc(O)cc2)c(C)c1,,,1.006380459,2.111060782,1.539089813,1.461348434,,
Cc1ccc(-n2cc(C(=O)N3CC4CCCN4Cc4ccccc43)nn2)cc1,OADMET-0005701,4.97,,,,,,
Cc1ccc(-n2cc(C(=O)NCCN(C)C)nn2)cc1C,,,0.675686709,2.276638703,0.502703293,1.453624074,,
Cc1ccc(-n2cc(C)cn2)c(NC(=O)CN(C)C)c1,,,2.08089333,2.639512387,-0.252860923,,,
Cc1ccc(-n2cc[nH]c(=O)c2=O)cc1,,,0.675686709,1.027920136,0.019330723,1.631950826,,
Cc1ccc(-n2ccc(Cn3cc(C4CC4)nn3)n2)cc1,OADMET-0002831,4.04,,,,,,
Cc1ccc(-n2ccnc2-c2ccoc2)c2cccnc12,,,1.741009701,2.762359664,-0.024086312,1.297979244,,
Cc1ccc(-n2cnnc2SCC(=O)N2CCc3ccccc32)cc1Cl,OADMET-0005721,5.02,,,,,,
Cc1ccc(-n2nc(C(=O)N3CC(O)C3)c3c2CCCC3)cc1,,,1.726824975,2.259804048,0.753265967,1.562292864,,
Cc1ccc(-n2nc(C(C)(C)C)cc2NC(=O)NCc2cc(F)ccc2Oc2ccc3c(cnn3CCO)c2)cc1,,,,,1.210399573,-0.698970004,,
Cc1ccc(-n2nc(C(C)(C)C)cc2NC(=O)Nc2ccc(OCCN3CCOCC3)c3ccccc23)cc1,,,2.572145236,2.847664567,0.816480119,1.221414238,,
Cc1ccc(-n2nc(C)cc2NC(=O)CN2CCOCC3(CCCC3)C2)cc1,OADMET-0003470,5.82,,,,,,
Cc1ccc(-n2nc(NCc3cnn(C)c3)cc2C)cc1,,,0.675686709,1.847541813,-0.138195062,,,
Cc1ccc(/C(N)=N/OC(=O)c2ccc3c(c2)OCCO3)cc1,,,,,,-0.48148606,,
Cc1ccc(/C=C2/C(=O)C3(C)CCC2C3(C)C)cc1,OADMET-0003801,3.96,,,,,,
Cc1ccc(=O)n(CC2(O)CCN(Cc3ccc4ccccc4n3)CC2)n1,,,0.675686709,1.954541587,,,,
Cc1ccc(=O)n(CC2(O)CCN(Cc3cccs3)CC2)n1,,,0.675686709,2.207200664,0.625672882,,,
Cc1ccc(=O)n(CCOc2cc(F)cc(Br)c2)n1,,,2.146531122,2.954910808,-0.224540134,,,
Cc1ccc(=O)n(CCOc2ccc(Cl)c(F)c2)n1,,,1.852620263,2.799987373,-0.164639973,,,
Cc1ccc(Br)cc1Cc1noc(CN2CCCCC(O)C2=O)n1,OADMET-0005746,5.46,,,,,,
Cc1ccc(Br)cc1NC(=O)c1cnn2c1CC(CNC(=O)OC(C)(C)C)CC2,OADMET-0004893,5.17,,,,,,
Cc1ccc(C#N)c(N2CCCC(c3ccncc3)C2)n1,OADMET-0004064,4.52,,,,,,
Cc1ccc(C#N)c(NC(=O)CCc2ccccc2)n1,,,1.046690221,2.379923426,,,,
Cc1ccc(C#N)c(NCc2ccccc2-n2ccnc2)n1,,,1.659688064,2.793372647,0.24644529,,,
Cc1ccc(C#N)cc1S(=O)(=O)N1CCOC(C2CCC2)C1,OADMET-0005051,4.84,,,,,,
Cc1ccc(C(=O)C(=O)NC2CCCC2)cc1,,,2.016958166,2.667588357,-0.327331321,1.480006943,,
Cc1ccc(C(=O)C(=O)Nc2c(C)nn(C)c2C)cc1,,,1.300073495,2.062220862,-0.210777295,1.5132176,,
Cc1ccc(C(=O)C2CCN(CC(=O)NC(=O)Nc3ccccc3)CC2)c(C)c1,,,1.808447305,2.971105995,-0.252961342,,,
Cc1ccc(C(=O)COC(=O)c2cc(O)nc3ccccc23)cc1,,,,,-0.299635646,-0.161150909,,
Cc1ccc(C(=O)N(C)C)cc1NC(=O)N(C)C1(C(F)(F)F)CC1,OADMET-0005326,4.4,,,,,,
Cc1ccc(C(=O)N(C)C)cc1NS(C)(=O)=O,,,0.675686709,1.027920136,0.919097519,1.701395269,,
Cc1ccc(C(=O)N(C)Cc2c(C)noc2C)cn1,,,0.675686709,1.027920136,0.131206514,1.610873,,
Cc1ccc(C(=O)N(C)Cc2ccccn2)c(O)c1,,,0.675686709,2.680768685,,,,
Cc1ccc(C(=O)N(C)Cc2cn(-c3ccc(F)cc3Cl)nn2)cc1,OADMET-0005767,4.28,,,,,,
Cc1ccc(C(=O)N2CCC(Cc3ccccc3-c3ccccc3)(C(=O)N(C)C)CC2)s1,,,2.885344821,3.182090951,0.047746542,1.376576957,-0.293282218,-0.590066877
Cc1ccc(C(=O)N2CCC(N3C(=O)CCC3C(=O)NCc3ccccc3)CC2)s1,OADMET-0001464,4.45,,,,,,
Cc1ccc(C(=O)N2CCC(Nc3ncnc4[nH]c5ccccc5c34)CC2)cc1,OADMET-0002694,1.91,,,,,,
Cc1ccc(C(=O)N2CCCC(n3ccnn3)C2)c(F)c1Cl,OADMET-0005652,4.45,,,,,,
Cc1ccc(C(=O)N2CCN(C(=O)NCC(=O)N3CCCC3)CC2)cc1F,,,0.675686709,1.347583686,1.782746675,1.87875152,,
Cc1ccc(C(=O)N2CCN(c3ccc([N+](=O)[O-])cc3)CC2)cc1Cl,OADMET-0001999,3.82,,,,,,
Cc1ccc(C(=O)N2CCN(c3ncccn3)CC2)o1,OADMET-0002044,3.73,,,,,,
Cc1ccc(C(=O)NC(c2nccn2C)C(C)C)s1,OADMET-0001295,4.6,,,,,,
Cc1ccc(C(=O)NC2(c3ccccc3F)COC2)cn1,OADMET-0005849,4.42,,,,,,
Cc1ccc(C(=O)NC2CCN(CC#N)CC2)cc1Br,,,0.675686709,1.989467616,-0.045748652,0.309630167,,
Cc1ccc(C(=O)NC2CCc3ccccc3C2)cc1NS(C)(=O)=O,OADMET-0003857,5.11,,,,,,
Cc1ccc(C(=O)NCC#Cc2ccccc2)cn1,,,0.675686709,1.274134748,-0.237227233,1.647969458,,
Cc1ccc(C(=O)NCCc2ccc(F)cc2)o1,,,1.342343711,2.146078399,-0.291211208,,,
Cc1ccc(C(=O)NCCc2ccn(-c3ccccc3)n2)cc1Cl,OADMET-0005023,5.23,,,,,,
Cc1ccc(C(=O)NCCc2csc(C)n2)cn1,,,0.871864702,1.051846838,-0.037187543,1.606381365,,
Cc1ccc(C(=O)NC[C@H]2Cn3ccnc3CO2)cc1,,,0.675686709,1.027920136,0.899782878,1.483301952,,
Cc1ccc(C(=O)NCc2cc(-c3ccccc3Cl)on2)cc1[N+](=O)[O-],OADMET-0005199,4.58,,,,,,
Cc1ccc(C(=O)NCc2nn(C)c3ccccc23)c(Cl)c1,OADMET-0002740,5.67,,,,,,
Cc1ccc(C(=O)N[C@H]2COC[C@@H]2N2CCOCC2)c(C)n1,OADMET-0001207,2.75,,,,,,
Cc1ccc(C(=O)Nc2ccc(-c3nc(-c4ccccc4)n[nH]3)cc2)c(C)n1,OADMET-0005167,5.28,,,,,,
Cc1ccc(C(=O)Nc2ccc(-c3nc4cc(F)ccc4s3)cc2C)nn1,OADMET-0003079,2.88,,,,,,
Cc1ccc(C(=O)Nc2ccc(CN3CCN(C)CC3)c(C(F)(F)F)c2)cc1C#Cc1cnc2cccnn12,OADMET-0002001,3.1100000000000003,,,1.414973348,,,
Cc1ccc(C(=O)Nc2cccc(C(=O)N(C)C)c2)cn1,,,0.675686709,1.027920136,1.36590355,1.656002321,,
Cc1ccc(C(=O)Nc2cccc(CNC(=O)c3ccc4nc(N(C)C)oc4c3)c2)cc1,OADMET-0005120,4.19,,,,,,
Cc1ccc(C(=O)Nc2ccccc2-c2ccccc2)o1,,,2.410677714,2.701628419,-0.332738654,1.550228353,,
Cc1ccc(C(=O)Nc2ccccc2C#N)cc1,,,1.945399644,2.237164067,,1.016197354,,
Cc1ccc(C(=O)Nc2ccccc2C(C)(C)C)cn1,,,0.675686709,1.482702118,-0.157461406,1.50501424,,
Cc1ccc(C(=O)Nc2n[nH]c3c(Cl)cccc23)c(C)c1,OADMET-0004396,4.57,,,,,,
Cc1ccc(C(=O)Nc2nc3ccccc3[nH]2)cc1,,,,,,-0.070581074,,
Cc1ccc(C(=O)Nc2ncccc2C)s1,,,0.827563111,1.53879987,-0.177903833,1.5774918,,
Cc1ccc(C(=O)Nc2ncnc3c2c(C)c(C)n3CC2CCCO2)s1,OADMET-0004238,4.6,,,,,,
Cc1ccc(C(=O)O)cc1,OADMET-0002219,1.98,,,,,,
Cc1ccc(C(=O)O)cc1C#Cc1cnc2cccnn12,OADMET-0002187,2.06,,,,,,
Cc1ccc(C(=O)O)cc1Cl,OADMET-0002276,2.88,,,,,,
Cc1ccc(C(=O)O)cc1NS(=O)(=O)c1csc(C(=O)Nc2ccccc2)c1,,,0.675686709,1.027920136,-0.056250511,1.788804493,,
Cc1ccc(C(=O)O)o1,OADMET-0002308,2.32,,,,,,
Cc1ccc(C(C)(C)CNC(=O)c2ccn(C)c2-c2ccccc2)nc1,OADMET-0002961,5.71,,,,,,
Cc1ccc(C(C)NC(=O)CN2CCOC3(CCOCC3)C2)cc1C,OADMET-0004766,3.97,,,,,,
Cc1ccc(C(F)(F)F)cc1S(=O)(=O)N1CCOCC12CCOC2,OADMET-0005791,4.63,,,,,,
Cc1ccc(C(F)(F)F)cc1S(=O)(=O)Nc1cccnc1,OADMET-0005209,4.57,,,,,,
Cc1ccc(C(N)=O)c(OCc2c(Cl)ccc3cccnc23)c1,,,,,-0.429085816,-0.214670165,,
Cc1ccc(C)c(-c2nccn2C2CCNC2)c1,OADMET-0001134,3.34,,,,,,
Cc1ccc(C)c(-n2c(S)nnc2-c2ccc(O)cc2)c1,,,0.740204736,2.214541855,1.492225181,1.343408594,,
Cc1ccc(C)c(-n2cnc3cc(C(=O)NCc4ccccc4Cl)ccc32)c1,OADMET-0001989,4.4,,,,,,
Cc1ccc(C)c(-n2cnc3cc(C(=O)O)ccc32)c1,OADMET-0002168,3.0,,,,,,
Cc1ccc(C)c(-n2ncc(NC(C)c3csc(C)n3)c2C)c1,OADMET-0002661,5.28,,,,,,
Cc1ccc(C)c(C(=O)Nc2cnc3c(c2)c(C)nn3C)c1,,,0.814380794,2.110377561,-0.173825201,0.367355921,,
Cc1ccc(C)c(CN2C(=O)C(=O)N(CC(C)C)C2=O)c1,,,,,,0.243038049,,
Cc1ccc(C)c(N(C)S(=O)(=O)c2ccc3c(cnn3C(C)C)c2)c1,OADMET-0003336,5.65,,,,,,
Cc1ccc(C)c(N2CCN(C(=O)c3ccc4nc(-c5ccco5)c(-c5ccco5)nc4c3)CC2)c1,OADMET-0001963,4.39,,,,,,
Cc1ccc(C)c(N2CCNCC2)c1,OADMET-0002135,3.41,,,,,,
Cc1ccc(C)c(NC(=O)C(c2ccccc2)N2CCC(c3nnc4ccccn34)CC2)c1,OADMET-0003030,5.04,,,,,,
Cc1ccc(C)c(NC(=O)CN2CCCN(c3ccc(C(F)(F)F)cn3)CC2)c1,,,2.650083031,3.288203602,-0.018126003,1.077367905,,
Cc1ccc(C)c(NC(=O)N2CCCC3(CCOC3)C2)c1,OADMET-0002918,4.8,,,,,,
Cc1ccc(C)c(NC(=O)c2cccc(-c3ncon3)c2)c1,,,1.619886029,2.215211783,,,,
Cc1ccc(C)c(OCC(=O)N2CCC(C(=O)Nc3ccccc3)CC2)c1,,,2.48007884,3.143961093,0.45641503,0.527629901,,
Cc1ccc(C)c(OCCC(=O)N2CCC(n3c(=O)[nH]c4ccccc43)CC2)c1,,,2.623930185,3.810497451,,,,
Cc1ccc(C)c(OCCN(C)C(=O)c2ccc3c(c2)nnn3C)c1,,,1.774458569,3.011708702,0.089200998,1.465828815,,
Cc1ccc(C)c(S(=O)(=O)N2CCCN(C3CCC3)CC2)c1,,,2.329505677,3.331775402,-0.218198202,1.762453482,,
Cc1ccc(C)c(S(=O)(=O)N2CCCN(CCn3cccn3)CC2)c1,,,2.316988798,3.304158864,0.057701117,1.483872454,,
Cc1ccc(C)c(S(=O)(=O)NCC(=O)N2CCC(C3CCCO3)C2)c1,OADMET-0006074,5.14,,,,,,
Cc1ccc(C)c2c(O)cc(CN3CC(c4ccccn4)C3)nc12,,,1.562447517,3.021670479,0.623052015,1.765817515,,
Cc1ccc(C)c2nc3c(cc12)CNCCO3,,,1.374730021,2.369666622,-0.279677737,,,
Cc1ccc(C)n1-c1ccc(CNS(C)(=O)=O)cc1,,,,,,1.383815366,,
Cc1ccc(C2(C)NC(=O)N(Cc3cnns3)C2=O)cc1C,OADMET-0005744,4.78,,,,,,
Cc1ccc(C2(CNC(=O)N3CCCC(C)(O)C3)CC2)c(C)c1,OADMET-0005682,4.9,,,,,,
Cc1ccc(C2(NC(=O)c3ccc(F)c(S(C)(=O)=O)c3)CCC2)cc1,OADMET-0003429,5.31,,,,,,
Cc1ccc(C2(O)CCN(Cc3cn(C)c4ccc(F)cc34)CC2)cc1,,,1.814560548,3.253114742,-0.060733051,1.696181587,,
Cc1ccc(C2(c3noc(Cn4cc(C)cn4)n3)CCOCC2)cc1,OADMET-0005813,4.13,,,,,,
Cc1ccc(C2=NC3(CCN(Cc4ccc(F)cc4)CC3)NC2=O)cc1,,,1.048208667,2.825713605,-0.266457927,1.104487111,,
Cc1ccc(C2CC(C)N(S(=O)(=O)Cc3cccc(C#N)c3)C2)cc1,OADMET-0003237,5.38,,,,,,
Cc1ccc(CC(=O)NCc2cccc(C(=O)Nc3ccccc3)c2)cc1,,,,,0.183366027,-0.420216403,,
Cc1ccc(CC(=O)NS(=O)(=O)c2ccn(-c3ccccc3)n2)cc1,OADMET-0005710,4.16,,,,,,
Cc1ccc(CC(=O)Nc2nc(C)no2)cn1,,,0.675686709,1.027920136,0.30029677,1.631545228,,
Cc1ccc(CCC(=O)Nc2nccc3sccc23)o1,,,1.821080984,3.057528416,-0.332347971,,,
Cc1ccc(CCNC(=O)N2CC(C)(C)OC(C)(C)C2)cn1,,,0.818357878,1.882877294,1.359968571,1.61415871,,
Cc1ccc(CCNC(=O)c2ccncc2)o1,,,0.675686709,1.718402031,-0.152038581,1.466422722,,
Cc1ccc(CCNc2ccc(C#N)nc2)cn1,,,0.675686709,1.653983907,-0.258204709,,,
Cc1ccc(CCNc2nc(C)cc(C)n2)cn1,,,1.103974669,2.283733046,,,,
Cc1ccc(CN(C(=O)c2ncc(F)cn2)C(C)C)cc1,OADMET-0004863,4.9,,,,,,
Cc1ccc(CN(C)C(=O)c2cn(Cc3ccccc3F)nn2)cc1,,,1.811313546,3.038174513,-0.117016833,1.056904851,,
Cc1ccc(CN(C)Cc2c(C)noc2C)o1,,,1.441396603,3.104535933,,1.500099192,,
Cc1ccc(CN(C)c2ncnc3c2cnn3C)o1,,,1.283052343,2.348384704,-0.182351667,1.612041745,,
Cc1ccc(CN)c(-n2cc(Cl)cn2)n1,,,0.675686709,1.437433444,-0.401765315,,,
Cc1ccc(CN2CC(C(=O)N3CCCn4nc(-c5ccccc5)cc4C3)CC2=O)cc1,OADMET-0001396,5.48,,,,,,
Cc1ccc(CN2CCC(CNC(=O)c3n[nH]nc3C)CC2)o1,OADMET-0001259,2.88,,,,,,
Cc1ccc(CN2CCNC(=O)C2CC(=O)N2CCC3(CC2)COC(=O)O3)o1,OADMET-0001221,2.97,,,,,,
Cc1ccc(CN2CC[C@H](c3nnc(-c4ccccc4F)o3)C2)o1,,,1.442401369,2.897800774,-0.307312812,1.657055853,,
Cc1ccc(CNC(=O)CN2CCC(n3nnc4cc(C(F)(F)F)ccc43)CC2)cc1,,,1.616559529,2.224209228,,1.059184618,,
Cc1ccc(CNC(=O)CN2CCC(n3nnc4cc(C)ccc43)CC2)cc1,,,2.189582946,3.179797018,0.572330802,1.47957531,,
Cc1ccc(CNC(=O)COc2ccc(S(=O)(=O)NC(=O)Cc3ccc(C)cc3)cc2)cc1,OADMET-0005335,4.35,,,,,,
Cc1ccc(CNC(=O)N2CCCN(S(C)(=O)=O)CC2)nc1C,OADMET-0006018,4.63,,,,,,
Cc1ccc(CNC(=O)N2CCN(c3ncnc4ccsc34)CC2)s1,OADMET-0002708,1.84,,,,,,
Cc1ccc(CNC(=O)NC2(C)Cc3ccccc3C2)c(=O)n1C,OADMET-0003256,5.09,,,,,,
Cc1ccc(CNC(=O)Nc2nnc(-c3ccccn3)s2)c(OC(C)C)c1,OADMET-0003013,4.78,,,,,,
Cc1ccc(CNC(=O)c2cccnc2)n1C,,,0.675686709,1.027920136,-0.17367602,1.608526034,,
Cc1ccc(CNC(=O)c2cccs2)cn1,,,0.675686709,1.027920136,-0.074496571,1.718750735,,
Cc1ccc(CNC/C=C/c2ccccc2)cn1,,,1.454646716,2.61324333,-0.412584257,1.464191371,,
Cc1ccc(CNc2cncc(-n3nc(C)cc3C)n2)cn1,,,1.370142847,2.401515993,,,,
Cc1ccc(CNc2nc3ccccc3n2C(C)C)nc1,OADMET-0003475,4.9,,,,,,
Cc1ccc(CNc2ncnn2C)nc1,,,0.675686709,1.027920136,-0.164032863,,,
Cc1ccc(CSc2nc3c(c(=O)[nH]2)CCC3)cc1,OADMET-0001489,4.09,,,,,,
Cc1ccc(CSc2nnc(-c3ccccn3)n2Cc2ccco2)cc1Br,OADMET-0002632,5.79,,,,,,
Cc1ccc(Cc2noc(CC3CC(=O)Nc4ccccc43)n2)cc1C,OADMET-0004744,4.4,,,,,,
Cc1ccc(Cl)c(C(=O)Nc2cccc(CN3CCCC3)c2)c1,OADMET-0001092,4.82,,,,,,
Cc1ccc(Cl)c(OC[C@@]2(O)CN(C3CCC3)CC[C@@H]2O)c1,,,2.219133758,3.360073047,-0.157722628,,,
Cc1ccc(Cl)c(OC[C@@]2(O)CN(C3CCCC3)CC[C@@H]2O)c1,,,2.511300347,3.352061478,0.011529931,,,
Cc1ccc(Cl)c(S(=O)(=O)N2CCN(C(=O)C3CC3)C2)c1Cl,OADMET-0003404,5.88,,,,,,
Cc1ccc(Cl)cc1NC(=O)C(C)N1CCOC2(CCOC2C)C1,OADMET-0005282,4.54,,,,,,
Cc1ccc(Cn2ccn(-c3ccc(F)c(F)c3)c(=O)c2=O)cc1,,,,,-0.173561175,-0.455931956,,
Cc1ccc(Cn2nc(C(=O)N[C@@H]3C(C)(C)[C@@H]4CC[C@@]3(C)C4)cc2-c2ccc(Cl)c(C)c2)cc1,,,2.256580655,2.830243405,-0.196353608,0.11058971,,
Cc1ccc(Cn2nc(C)c(C(N)=O)c2Cl)cc1,,,0.860397905,2.554136493,-0.17860001,1.387567779,,
Cc1ccc(Cn2nccc2NC(=O)c2ccncc2)o1,,,0.876160085,2.330279811,0.357543322,1.525951341,,
Cc1ccc(Cn2nccc2NS(=O)(=O)c2cnc3c(c2)c(C)nn3C)cc1,OADMET-0005722,4.2,,,,,,
Cc1ccc(Cn2nnc(C3(C(F)(F)F)CCCN3)n2)cc1C,OADMET-0005103,5.06,,,,,,
Cc1ccc(F)c(-c2noc(N)c2C)c1,,,1.292743271,2.466183772,-0.281388485,,,
Cc1ccc(F)c(Br)c1C(=O)NCC(C)(C)C1CCOCC1,OADMET-0003065,5.14,,,,,,
Cc1ccc(F)c(N(C#N)Cc2nccn2C(F)F)c1,,,1.299005816,2.351605005,-0.212563838,1.654080235,,
Cc1ccc(F)c(N(C#N)Cc2nnc(C)o2)c1,,,,,,1.649140064,,
Cc1ccc(F)c2[nH]c(C(=O)Nc3cccc(C4(C)NC(=O)NC4=O)c3)cc12,OADMET-0002878,5.0,,,,,,
Cc1ccc(F)c2c1CCCN2C(=O)c1nc(-c2cnn(C)c2)oc1C,OADMET-0003450,5.28,,,,,,
Cc1ccc(F)c2oc(C(=O)NCC3CCC34CCOCC4)cc12,OADMET-0003231,5.48,,,,,,
Cc1ccc(F)cc1C(=O)N1CCc2c(nc(-c3ccccn3)nc2N(C)C)C1,,,0.94156112,1.789756932,,1.410608543,,
Cc1ccc(F)cc1CNc1cc(C(=O)N(C)C)ccn1,,,1.046104787,2.600480634,0.027366981,1.676053125,,
Cc1ccc(F)cc1NC(=O)c1cnc2onc(C(C)C)c2c1,,,1.467474911,2.336083316,-0.187734151,1.627570664,,
Cc1ccc(F)cc1NCc1csc(-c2cnn(C)c2)n1,,,1.604334073,2.604095313,,,,
Cc1ccc(F)cc1S(=O)(=O)Nc1ccc(C(=O)N2CCCC2)cc1,,,2.10504328,3.788869608,1.347894984,,,
Cc1ccc(N(C)C(=O)C2CCN(C(=O)CCc3ccccc3)CC2)c(F)c1,OADMET-0002713,5.44,,,,,,
Cc1ccc(N(C)C(=O)[C@H]2C[C@@H]2c2ccc(OC(F)F)cc2)nn1,OADMET-0006024,4.61,,,,,,
Cc1ccc(N(C)S(=O)(=O)c2ccc3c(c2)sc(=O)n3C)cc1,OADMET-0003040,5.04,,,,,,
Cc1ccc(N/N=C2\C(=O)N(C)N=C2Nc2ccccc2Cl)cc1,,,,,,-0.301029996,,
Cc1ccc(N2CC(C(=O)NCc3ccc4c(c3)OCO4)CC2=O)cc1C,OADMET-0002017,4.21,,,,,,
Cc1ccc(N2CC(C(=O)O)CC2=O)cc1C,OADMET-0002321,2.54,,,,,,
Cc1ccc(N2CCN(C(=O)c3c(C)nc4sccn34)CC2=O)cc1,,,0.675686709,1.50861051,0.827549548,1.789510204,,
Cc1ccc(NC(=O)C(C)(C)c2ccccc2)nc1,,,1.225438517,2.796398776,-0.254620039,1.486005186,,
Cc1ccc(NC(=O)C2(c3ccc4c(c3)OC(F)(F)O4)CC2)nc1-c1cccc(C(=O)O)c1,OADMET-0003640,5.03,,,,,,
Cc1ccc(NC(=O)C2CCCN(C(=O)C3(c4cccc(C(F)(F)F)c4)CC3)C2)nc1,OADMET-0003477,5.9,,,,,,
Cc1ccc(NC(=O)C2CCCN(CC(F)(F)F)C2)cc1-n1cnnn1,OADMET-0004892,5.08,,,,,,
Cc1ccc(NC(=O)CN(C)C(=O)c2ccccc2F)nc1,,,0.675686709,2.014104526,0.156199899,1.73239376,,
Cc1ccc(NC(=O)CN(C)C2CCCCC2)cc1S(=O)(=O)N(C)C,,,2.635314822,3.587440541,0.160011797,,,
Cc1ccc(NC(=O)CN2C(=O)CN(C)C2=O)cc1C,,,0.675686709,1.798906038,0.579533725,,,
Cc1ccc(NC(=O)CN2CCCC(c3nc4ccccc4o3)C2)cc1C,,,2.334206374,3.41640083,0.034201127,1.0,,
Cc1ccc(NC(=O)CN2CCCN(c3ccc(C(F)(F)F)cn3)CC2)c(F)c1,,,2.148473087,2.808265003,0.036543864,1.390935107,,
Cc1ccc(NC(=O)CN2CCCN(c3ccc(C(F)(F)F)cn3)CC2)cc1,,,2.100608308,2.779713345,-0.067218066,1.112269768,,
Cc1ccc(NC(=O)CN2[C@H](Cc3ccccc3)C[C@]3(C)NC(=O)CCC[C@H]23)cc1F,,,2.698323293,3.521284437,1.092925581,,-0.137272472,0.360971884
Cc1ccc(NC(=O)Cc2c[nH]c3ccccc23)cc1,,,1.706248252,3.490840789,-0.341856156,0.748188027,,
Cc1ccc(NC(=O)Cn2nnc(-c3ccccc3)n2)c(-c2nc(C3CC3)n[nH]2)c1,OADMET-0002816,5.51,,,,,,
Cc1ccc(NC(=O)N2Cc3cnc(C(C)(C)C)nc3C2)cc1,OADMET-0001306,3.56,,,,,,
Cc1ccc(NC(=O)OC(C)(C)C)c2c1N(C(=O)[C@H]1CCCO1)CCC2,,,1.526093625,2.575941431,0.463536505,1.507720977,,
Cc1ccc(NC(=O)OCC(F)(F)F)cn1,,,0.675686709,1.547122159,-0.233495204,,,
Cc1ccc(NC(=O)[C@H]2COc3ccccc3O2)nc1,,,2.272252482,3.12093635,,1.496237545,,
Cc1ccc(NC(=O)c2c([O-])n(-c3ccc(C)cc3)n[n+]2Cc2ccccc2)cc1,,,,,0.006711129,-0.677780705,,
Cc1ccc(NC(=O)c2cc(-c3ccccn3)nc3ccccc23)nc1,,,,,,-0.744727495,,
Cc1ccc(NC(=O)c2cc(F)cc(F)c2)nc1,,,2.440759571,2.454623847,,0.876217841,,
Cc1ccc(NC(=O)c2ccc(CN3CCN(C)CC3)cc2)cc1Nc1nccc(-c2cccnc2)n1,,,,,2.167317335,,,
Cc1ccc(NC(=O)c2cccc(N(C)C)c2)cc1NC(=O)c1ccc(O)cc1,,,1.657199319,2.487220417,1.220848853,0.51851394,,
Cc1ccc(NC(=O)c2cccc3cccnc23)cc1,,,2.313700639,2.379945155,,0.755874856,,
Cc1ccc(NC(=O)c2cccn(C)c2=O)c2cccnc12,OADMET-0005580,4.11,,,,,,
Cc1ccc(NC(=O)c2ccn(C(C)C)n2)cc1N1C(=O)CCC1=O,,,0.675686709,1.283255987,,,,
Cc1ccc(NC(=O)c2nc(-c3cn(-c4ccc(C)cc4)nn3)no2)cc1,OADMET-0001398,1.66,,,,,,
Cc1ccc(NC(=O)c2nn(-c3ccccc3)nc2C)cc1,,,,,,-0.537602002,,
Cc1ccc(NC(=O)c2nnc(C3CC3)o2)cc1OCCC(C)C,OADMET-0002547,5.16,,,,,,
Cc1ccc(NCc2cccc3ccccc23)cc1-n1cnnn1,OADMET-0006076,5.12,,,,,,
Cc1ccc(NS(=O)(=O)c2ccc(C)c(NS(=O)(=O)CCOC(C)C)c2)c(C)c1,OADMET-0002848,5.69,,,,,,
Cc1ccc(NS(=O)(=O)c2ccc3c(c2)NC(=O)C(CC(=O)N2CCCC2)CS3)c(C)c1,OADMET-0001366,5.2,,,,,,
Cc1ccc(NS(C)(=O)=O)c(C(=O)N(C)c2ccc3ccccc3c2)c1,,,1.092720645,3.042626302,0.254894493,1.735439203,,
Cc1ccc(Nc2ccnc(Nc3ccc(C)cc3)n2)cc1,,,1.930658726,2.678859671,-0.699657393,,,
Cc1ccc(Nc2nccc(N(C)c3ccc4c(C)n(C)nc4c3)n2)cc1S(N)(=O)=O,,,,,2.033423755,,,
Cc1ccc(O)c(CN2CCC(c3nc4ccccc4o3)CC2)n1,,,1.346704962,2.360602879,-0.162221132,,,
Cc1ccc(O)c([C@H](CCN(C(C)C)C(C)C)c2ccccc2)c1,OADMET-0003699,5.06,,,,,,
Cc1ccc(OCC(=O)Nc2cc(C)on2)nc1,,,0.675686709,1.027920136,,,,
Cc1ccc(OCC(=O)Nc2ccncc2)c(C)c1,,,1.720200663,2.705552413,,1.672651923,,
Cc1ccc(OCC2(O)CCN(CC3(O)CCN(c4ccccc4C)CC3)CC2)cc1,,,2.602153355,,-0.183711194,,-0.040481623,
Cc1ccc(OCCC(=O)N2C[C@@H]3CS(=O)(=O)C[C@@H]3C2)cc1C,OADMET-0005270,4.28,,,,,,
Cc1ccc(OCCCC(=O)N2CCC(n3c(=O)[nH]c4ccccc43)CC2)cc1,,,2.088741906,3.188219542,,,,
Cc1ccc(OCN2CCCCC2=O)nc1,,,0.721398376,1.027920136,0.420209653,,,
Cc1ccc(OC[C@@H](O)[C@H](C)NC(C)C)c2c1CCC2,,,2.092731169,3.496669962,0.140166782,,,
Cc1ccc(OCc2nc3cc(N)ccc3[nH]2)cc1,,,0.675686709,1.691108027,,1.224014811,,
Cc1ccc(OCc2noc(-c3ccsc3)n2)cn1,,,1.748823493,2.309430005,-0.280644963,1.722140125,,
Cc1ccc(Oc2ccc(CN)cc2)cc1,OADMET-0002091,2.83,,,,,,
Cc1ccc(Oc2ccc(Cl)cc2NC(=O)CN(C)CC(=O)N(C)C)cc1,,,3.021840253,3.383449292,0.207002444,,-0.053056729,
Cc1ccc(Oc2ccc(N)cc2)nn1,,,0.675686709,1.027920136,-0.139655656,,,
Cc1ccc(S(=O)(=O)CC(=O)N2CCOC(c3ccc(F)cc3)C2)cc1C,OADMET-0002718,6.115,,,,,,
Cc1ccc(S(=O)(=O)CC(C)NC2CCC23CCCC3)cc1,OADMET-0003319,5.13,,,,,,
Cc1ccc(S(=O)(=O)Cc2nc(-c3ccc(C(=O)NCc4cccnc4)cc3)oc2C)cc1,,,,,1.750929868,-0.48148606,,
Cc1ccc(S(=O)(=O)N(C)C(C)c2ccccn2)c(C)c1,OADMET-0004783,4.91,,,,,,
Cc1ccc(S(=O)(=O)N(C)Cc2ccn(C(C)C)n2)cc1C,OADMET-0003406,5.85,,,,,,
Cc1ccc(S(=O)(=O)N2CCC(c3nnc(-c4cccnc4)o3)C2)cc1,,,1.619958968,2.771756463,0.457125308,,,
Cc1ccc(S(=O)(=O)N2CCCCC2)cc1NS(=O)(=O)c1cccc(Cl)c1O,OADMET-0003372,5.37,,,,,,
Cc1ccc(S(=O)(=O)N2CCC[C@H](C(=O)NC3CCOCC3)C2)cc1,,,0.675686709,2.764442906,1.319753652,1.733598461,,
Cc1ccc(S(=O)(=O)N2CCCc3ccc(NS(=O)(=O)c4cc(F)ccc4F)cc32)cc1,,,2.387151611,3.35375207,,,,
Cc1ccc(S(=O)(=O)N2CCCc3ccc(NS(=O)(=O)c4ccc(F)cc4C)cc32)cc1,,,2.269490384,3.38298213,,,,
Cc1ccc(S(=O)(=O)N2CCNCC2)cc1,OADMET-0002123,3.56,,,,,,
Cc1ccc(S(=O)(=O)N2CCOc3ccncc32)cc1,,,2.02750454,3.320042791,-0.148766396,,,
Cc1ccc(S(=O)(=O)NC(=O)C2CC23CCc2ccccc23)c(C)c1,OADMET-0005738,4.3,,,,,,
Cc1ccc(S(=O)(=O)NC(=O)c2c(-c3ccc(C(F)(F)F)cc3)noc2C)cc1,OADMET-0005071,4.41,,,,,,
Cc1ccc(S(=O)(=O)NC(=O)c2c(C)cc3n2CCn2c(C)ccc2-3)cc1,,,,,,1.519827994,,
Cc1ccc(S(=O)(=O)NC(C(=O)NCc2n[nH]c3ccccc23)C(C)C)cc1,OADMET-0001395,5.48,,,,,,
Cc1ccc(S(=O)(=O)NC(Cc2ccccc2)C(=O)NCCC(N)=O)c2ccccc12,OADMET-0004960,5.39,,,,,,
Cc1ccc(S(=O)(=O)NCC(O)c2ccc(O)cc2)c(C)c1,OADMET-0004891,4.7,,,,,,
Cc1ccc(S(=O)(=O)NCCC(=O)N2CCNC(=O)C2)cc1C,OADMET-0003092,3.69,,,,,,
Cc1ccc(S(=O)(=O)NCCN(C)Cc2nocc2C(C)C)cc1,OADMET-0003198,5.68,,,,,,
Cc1ccc(S(=O)(=O)NCc2noc(C(N)=O)n2)c(C)c1,OADMET-0001275,3.8,,,,,,
Cc1ccc(S(=O)(=O)Nc2ccc(Oc3ccc(C)nn3)cc2)cc1,OADMET-0005736,5.46,,,,,,
Cc1ccc(S(=O)(=O)Nc2ccc3c(c2)CCCN3C(=O)c2cccs2)cc1C,,,2.56071162,3.377411795,,,,
Cc1ccc(S(=O)(=O)Nc2ccc3c(c2)c(C(=O)C(F)(F)F)cn3CC(=O)N[C@@H](CC(C)C)C(=O)O)cc1,,,,,1.300759563,1.905256049,,
Cc1ccc(S(=O)(=O)Nc2ccc3c(c2)c2c(n3S(=O)(=O)c3ccc(C)cc3)CCC2)cc1,,,2.362198803,3.172209271,,,,
Cc1ccc(S(=O)(=O)Nc2cccc3nccnc23)cc1Cl,OADMET-0003519,5.12,,,,,,
Cc1ccc(S(=O)(=O)Nc2ccccc2-c2nc3ccccc3[nH]2)cc1,,,2.087260827,2.733012532,,,,
Cc1ccc(S(=O)(=O)c2cnc3ccccc3c2N2CCN(c3ccccc3)CC2)cc1C,OADMET-0001482,5.67,,,,,,
Cc1ccc(SC(C)C(=O)NCc2cccnc2)cc1,OADMET-0002028,3.95,,,,,,
Cc1ccc(SC(C)C(=O)O)cc1,OADMET-0002319,3.0,,,,,,
Cc1ccc(SCC(F)(F)F)c(NC(=O)C(=O)N(C)CCN2CCCC2=O)c1,OADMET-0002697,5.36,,,,,,
Cc1ccc([C@@H]2N[C@@H](Cc3ccccc3)C(=O)N2C)o1,,,0.675686709,2.179913553,-0.116823095,1.726727209,,
Cc1ccc([N+](=O)[O-])cc1C(=O)N[C@H]1CC[C@H]1c1ccccc1,OADMET-0004748,5.11,,,,,,
Cc1ccc2[nH]c(C(=O)N3CCNC(=O)C3c3ccccc3F)cc2c1,OADMET-0003059,5.17,,,,,,
Cc1ccc2[nH]c(C(=O)N[C@@H]3CCCN(S(=O)(=O)C4CC4)C3)cc2c1C,OADMET-0002729,5.175,,,,,,
Cc1ccc2[nH]c(C(=O)Nc3cc(C(C)C)[nH]n3)c(C)c2c1,OADMET-0004301,4.27,,,,,,
Cc1ccc2[nH]c(C(NC(=O)Cn3nnnc3N)C(C)C)nc2c1,OADMET-0001104,3.73,,,,,,
Cc1ccc2[nH]c(C3CCN(C)CC3)nc2c1,,,1.945872163,2.835418497,0.459210836,1.757851344,,
Cc1ccc2[nH]c(C3CN(C(=O)Cc4cccc5ccccc45)C3)nc2c1,,,,,1.182515492,-0.522878745,,
Cc1ccc2[nH]c(CNC(=O)c3cc(C(F)F)nn3C)nc2c1C,,,1.299834041,2.269449897,,,,
Cc1ccc2[nH]c(CNC(=O)c3ncoc3C)nc2c1C,,,1.132803818,2.387647835,0.377829937,,,
Cc1ccc2c(C(=O)N(C)C)cc(-c3cnc(C(C)C)nc3)nc2c1C,,,1.222742476,2.921989596,0.289342383,0.385606274,,
Cc1ccc2c(C(=O)NC3COC4CC3C4)cc(-c3cnn(C)c3)nc2c1C,OADMET-0004962,4.27,,,,,,
Cc1ccc2c(C)c(C(=O)O)oc2c1C,OADMET-0000967,3.13,,,,,,
Cc1ccc2c(CC(=O)N(C)CC(N)=O)coc2c1C,,,,,,1.542949849,,
Cc1ccc2c(CC(=O)N(C)Cc3nnc4n3CCC4)coc2c1C,,,1.562138157,2.813301376,1.820429324,1.736715134,,
Cc1ccc2c(CC(=O)NCc3cccs3)coc2c1,,,2.086156875,3.401049172,-0.261874717,0.786751422,,
Cc1ccc2c(c1)C(=O)CC1(CCN(C(=O)c3ccc4nc(C)cc(O)c4c3)CC1)O2,,,1.264274615,2.075857061,1.478795665,1.305351369,,
Cc1ccc2c(c1)C(=O)N(CC(=O)NC1(C)CC=CCC1)C2=O,OADMET-0005012,5.33,,,,,,
Cc1ccc2c(c1)CC(C(=O)Nc1ncc(Cl)cc1O)S2(=O)=O,OADMET-0004930,4.1,,,,,,
Cc1ccc2c(c1)CCC2NS(=O)(=O)c1cnn(Cc2ccccc2)c1,OADMET-0004498,5.18,,,,,,
Cc1ccc2c(c1)CCCN2S(=O)(=O)c1ccc2c(c1)NC(=O)CC(=O)N2,OADMET-0005585,5.04,,,,,,
Cc1ccc2c(c1)CN(C(=O)Nc1cc(C)n(C(C)C)n1)CCO2,OADMET-0003084,5.42,,,,,,
Cc1ccc2c(c1)[C@H](NC(=O)c1ccc(C)nn1)CCC2,OADMET-0005479,4.7,,,,,,
Cc1ccc2c(c1)c(Cn1ccnc1-c1cccc(C)n1)nn2C,,,2.085358376,3.28260127,-0.16825196,1.516535374,,
Cc1ccc2c(c1)c1nc3ccccc3nc1n2CC(N)=O,,,,,-0.079169542,-0.795880017,,
Cc1ccc2c(c1)cc(C(=O)N1CCOC(C(=O)N3CCc4ccccc4C3)C1)n2C,,,2.291806033,3.399656073,0.378867635,,,
Cc1ccc2c(c1)cc(CNCCc1ccccc1)c1nnnn12,,,2.619907912,3.249146973,-0.347232499,1.396722279,,
Cc1ccc2cc(C(=O)N(C)CCC#N)[nH]c2c1,,,1.790981448,2.087809802,,0.602059991,,
Cc1ccc2cc(C=O)c(N3CCCCC3)nc2c1,OADMET-0001516,4.79,,,,,,
Cc1ccc2cccc(OCC(=O)N(C)c3ccccc3)c2n1,,,2.099366372,2.683415402,0.182419514,1.740125737,,
Cc1ccc2cccc(S(=O)(=O)N3CCC=C(c4cnn(C)c4)C3)c2n1,OADMET-0002946,5.915,,,,,,
Cc1ccc2cccnc2c1S(=O)(=O)Nc1cccc(CC(=O)O)c1,OADMET-0005503,4.95,,,,,,
Cc1ccc2nc(-c3ccc(N(C)C)cc3)[nH]c2c1,,,2.079575551,3.402485094,-0.500810854,1.058426024,,
Cc1ccc2nc(-c3cccs3)cc(C(=O)Nc3cccc(C(=O)N(C)CC(N)=O)c3)c2c1,OADMET-0004951,4.56,,,,,,
Cc1ccc2nc(C)c(-c3nc(C)nn3CCO)cc2c1,,,0.675686709,1.284566077,0.955378496,1.431363764,,
Cc1ccc2nc(C)c(C(=O)N3CCC(C(=O)Nc4ccncc4)CC3)cc2c1,,,1.324817275,1.844868424,1.567166068,1.719828286,,
Cc1ccc2nc(C)c(C(=O)NOCc3ccccc3)cc2c1,,,1.284453294,2.488759353,-0.176650641,1.304490528,,
Cc1ccc2nc(CN(C)Cc3cccc(Cl)c3Cl)cc(=O)n2c1,,,2.801293236,3.678935993,-0.209431729,,,
Cc1ccc2nc(CN3CCN(C)C(c4ccccc4)C3)[nH]c2c1C,OADMET-0001176,4.47,,,,,,
Cc1ccc2nc(NC(=O)N3CCc4cn[nH]c4C3)sc2n1,OADMET-0003087,3.13,,,,,,
Cc1ccc2nc3c(c(C(=O)NCc4cnn(C)c4)c2c1)CCCC3,,,1.567155811,1.869654071,1.249681772,1.750199728,,
Cc1ccc2nc3c(c(C(=O)NCc4nnc5n4CCC5)c2c1)CCCC3,,,0.675686709,1.458954957,1.516845009,1.756636108,,
Cc1ccc2ncnc(NC3CCN(C(=O)c4ccco4)CC3)c2c1,OADMET-0002743,1.83,,,,,,
Cc1ccc2oc(-c3noc([C@]45CNC[C@H]4CCOC5)n3)cc2c1,OADMET-0005424,3.9,,,,,,
Cc1ccc2oc(=O)n(Cc3noc(C(=O)NCCCc4ccccc4)n3)c2c1,OADMET-0001364,5.09,,,,,,
Cc1ccc2oc(C(=O)N(C)C3CCCCC3S(C)(=O)=O)cc2n1,OADMET-0005908,4.87,,,,,,
Cc1ccc2oc(C(=O)N3CC[C@H](O)[C@@H](N4CCOCC4)CC3)cc2c1,,,1.221231613,3.099346334,0.3902836,,,
Cc1ccc2oc(CN(Cc3ccco3)C(=O)Nc3ccc4c(c3)C(=O)N(C)CC4)cc2c1,OADMET-0002793,4.96,,,,,,
Cc1ccc2oc(CN(Cc3ccco3)C(=O)c3ccc4[nH]c(=O)[nH]c4c3)cc2c1,OADMET-0004933,5.33,,,,,,
Cc1ccc2oc([C@H]3CCN(Cc4ccc(C#N)cc4)C3)nc2c1,,,1.617535012,2.544928336,,0.73239376,,
Cc1ccc2oc([C@H]3CCN(Cc4cccs4)C3)nc2c1,,,2.102371953,3.301915487,-0.407438742,1.419955748,,
Cc1ccc2occ(CN3C[C@H]4CCCN4C[C@H]3C)c(=O)c2c1,,,1.379686152,2.980279322,-0.070937083,,,
Cc1ccc2sc(CNC(=O)c3csc(C(C)C)n3)nc2c1,OADMET-0004021,5.2,,,,,,
Cc1ccc2snc(C(=O)NC(c3cnn(C)c3)C(C)C)c2c1,OADMET-0002899,5.78,,,,,,
Cc1cccc(-c2cccc(C(=O)NCCC3(O)CCCC3)c2)n1,,,1.334915948,3.46334627,0.442604724,,,
Cc1cccc(-c2cncc(C(=O)N(C)c3cccnc3)c2)c1,OADMET-0003898,4.85,,,,,,
Cc1cccc(-c2cncc(C(=O)N3CCc4ccc(S(=O)(=O)N5CCCC5)cc43)c2)c1,OADMET-0003523,5.38,,,,,,
Cc1cccc(-c2cncc(C(=O)Nc3ccccc3C(N)=O)c2)c1,OADMET-0003853,4.92,,,,,,
Cc1cccc(-c2nc(C34CCC(C(N)=O)(CC3)CC4)[nH]c2-c2ccc3c(c2)OCO3)n1,,,,,,,1.02011257,0.21031852
Cc1cccc(-c2nc(CN(Cc3cnn(C)c3)C(C)C)c(C)o2)c1,,,1.796865615,3.65905931,0.093480081,1.331427297,,
Cc1cccc(-c2ncc(CNCc3ccccc3-n3cccn3)cn2)c1,,,2.481132922,3.537610206,-0.22676709,1.349277527,,
Cc1cccc(-c2noc(C3CCCN3C(=O)C(C)NC(=O)c3ccccc3)n2)c1,OADMET-0001368,5.6,,,,,,
Cc1cccc(-c2noc(C3CN(C)C(=O)c4ccccc43)n2)c1,OADMET-0003081,5.59,,,,,,
Cc1cccc(-n2c(S)nnc2CNc2ccc(F)cc2)c1,,,1.235149536,2.274009979,0.388004477,1.700357528,,
Cc1cccc(-n2cnnc2CCCN2CCOCC2)c1,,,0.675686709,1.992668372,1.484822448,1.544440137,,
Cc1cccc(-n2nc(Cc3ccccc3)nc2[C@H]2C[C@@H](O)C2)c1,OADMET-0004920,4.68,,,,,,
Cc1cccc(-n2nc3c(c2NC(=O)Cc2ccccc2)CSC3)c1,OADMET-0003210,5.3,,,,,,
Cc1cccc(/C=N/Nc2cc(N3CCOCC3)n3nc(-c4ccncc4)cc3n2)c1,,,1.507059385,,,,,
Cc1cccc(/C=N/Nc2cc(N3CCOCC3)nc(OCCc3ccccn3)n2)c1,,,2.115533963,,-0.037446911,,-0.548213564,-0.27572413
Cc1cccc(C(=O)N(C)CCc2cnccn2)c1,,,1.112873002,2.150455552,-0.0971457,1.48258777,,
Cc1cccc(C(=O)N2CCCN(C(=O)c3nn(C)c(C)c3Cl)CC2)c1,OADMET-0005917,4.67,,,,,,
Cc1cccc(C(=O)NCC#Cc2ccccc2)n1,,,1.582381577,2.745873128,-0.375403905,1.472463897,,
Cc1cccc(C(=O)O)c1NC(=O)C(O)(c1ccccc1)c1ccccc1,OADMET-0005586,4.68,,,,,,
Cc1cccc(C(C)(C)C(=O)NCc2nnnn2-c2ccc(F)cc2)c1,OADMET-0002865,5.44,,,,,,
Cc1cccc(C(C)NC(=O)c2cc(-c3ccccc3O)[nH]n2)c1C,OADMET-0002562,4.94,,,,,,
Cc1cccc(C(NC(=O)N2CCC(Cn3cccn3)CC2)C(C)(C)C)c1,OADMET-0002605,5.6,,,,,,
Cc1cccc(C(NC(=O)N2CCNC(=O)C2C)c2cccc(C)c2)c1,OADMET-0004662,4.63,,,,,,
Cc1cccc(C)c1-n1cc(CNC(=O)C(F)(F)F)nn1,OADMET-0005446,5.24,,,,,,
Cc1cccc(C)c1C1CCCN1C(=O)NC(c1ccccc1)C1CCOC1,OADMET-0003181,5.64,,,,,,
Cc1cccc(C)c1C1CCCN1C(=O)NCc1nccn1CC(C)C,OADMET-0003407,5.48,,,,,,
Cc1cccc(C)c1CN(C)C(=O)NCc1ncnn1-c1ccccc1,OADMET-0004560,5.02,,,,,,
Cc1cccc(C)c1CNC1(CCO)CCOCC1,,,0.675686709,1.871018039,-0.012197115,,,
Cc1cccc(C)c1N,OADMET-0002161,2.57,,,,,,
Cc1cccc(C)c1NC(=O)C(CC(C)C)n1cccc1C=O,OADMET-0001679,5.43,,,,,,
Cc1cccc(C)c1NC(=O)C1CCCCN1C,OADMET-0001993,2.98,,,,,,
Cc1cccc(C)c1NC(=O)CN1CCCC1,OADMET-0001974,3.67,,,,,,
Cc1cccc(C)c1NC(=O)CN1CCCC1=O,OADMET-0001962,1.84,,,,,,
Cc1cccc(C)c1NCc1noc(C2CC2)n1,,,2.308321055,3.186112058,,,,
Cc1cccc(C)c1NS(=O)(=O)c1ccc(NS(=O)(=O)c2ccnn2C)cc1,OADMET-0005441,4.56,,,,,,
Cc1cccc(C)c1OCC(=O)N(C)C1(C#N)CCC1,,,1.122576275,2.674191278,-0.207049377,1.748730556,,
Cc1cccc(C)c1OCC(=O)N(C)[C@@H]1CCC[C@@H](O)[C@@H]1O,,,0.986278956,2.189970103,1.04940233,,,
Cc1cccc(C)c1OCC(=O)N(C)[C@@H]1CC[C@@H](N2CCOCC2)[C@@H]1O,,,0.808346036,2.017751002,,,,
Cc1cccc(C)c1OCCn1nnnc1C,,,0.675686709,1.987407041,-0.182734922,,,
Cc1cccc(C2CCCN2C(=O)CCc2cnn(C)c2)c1C,OADMET-0005896,4.86,,,,,,
Cc1cccc(C2CCCN2C(=O)CCn2c(=O)n(C)c3ccccc32)n1,OADMET-0006053,5.31,,,,,,
Cc1cccc(C2CCCN2C(=O)NCc2ccsc2)n1,OADMET-0005913,4.48,,,,,,
Cc1cccc(C2CCN(C(=O)COc3cccc(NC(=O)C4CC4)c3)C2)c1,OADMET-0004997,5.02,,,,,,
Cc1cccc(CC(=O)NC2CCN(C3CCCCC3)C2=O)c1Cl,OADMET-0004682,4.88,,,,,,
Cc1cccc(CC(NC(=O)c2nn[nH]c2C2CC2)C2CC2)c1,OADMET-0005140,4.87,,,,,,
Cc1cccc(CC2(O)CCN(C(=O)c3c(C)[nH]c4ccccc34)CC2)c1,OADMET-0003318,5.45,,,,,,
Cc1cccc(CC2(O)CCN(C(=O)c3cn4ccccc4n3)CC2)c1,OADMET-0005277,4.38,,,,,,
Cc1cccc(CN(C)C(=O)CCn2cc(C#N)c(=O)[nH]c2=O)c1C,OADMET-0005195,4.26,,,,,,
Cc1cccc(CNC(=O)Cn2c(=O)oc3cccnc32)c1,,,0.675686709,1.027920136,,,,
Cc1cccc(CNC(=O)c2ccc(-c3nnc4ccc(NC(=O)C5CCC5)cn34)cc2)c1,OADMET-0001392,2.85,,,,,,
Cc1cccc(CNc2cccc3c2CCN(S(C)(=O)=O)C3)c1,,,,,-0.186994627,-0.455931956,,
Cc1cccc(COc2cccc(/C=C3\C(=O)NN(c4ccccc4)C3=O)c2)c1,,,1.821827836,2.468424138,,0.712649702,,
Cc1cccc(Cl)c1-n1c(C)n[nH]c1=O,,,,,,1.207634367,,
Cc1cccc(Cl)c1S(=O)(=O)N1CC(N2CCNC2=O)C1,OADMET-0005303,4.98,,,,,,
Cc1cccc(Cl)c1S(=O)(=O)Nc1cc2n(n1)CCCC2,OADMET-0003438,6.0,,,,,,
Cc1cccc(Cn2nccc2NC(=O)c2cnc3snc(C)c3c2)c1,OADMET-0005328,4.74,,,,,,
Cc1cccc(N(C)C(=O)COC2CCCC2)n1,,,1.651054993,2.300606352,-0.176021316,1.775391972,,
Cc1cccc(N(C)C(=S)Oc2ccc3ccccc3c2)c1,OADMET-0003779,4.67,,,,-0.15490196,,
Cc1cccc(N(C)Cc2cnc(N(C)C)nc2)n1,,,1.761431648,3.248238669,-0.113886766,,,
Cc1cccc(N(C)S(=O)(=O)c2cnn(C3CCC3)c2)n1,OADMET-0004807,4.59,,,,,,
Cc1cccc(N2CC(C(=O)N(C)c3ccc(Cl)cn3)CC2=O)c1C,OADMET-0003005,5.17,,,,,,
Cc1cccc(N2CCN(C(=O)c3cncnc3C(C)C)CC2)c1,,,2.159064637,3.174717296,-0.054667172,1.868526887,,
Cc1cccc(N2CCN(CCCCNC(=O)c3c(F)cccc3F)CC2)c1,,,1.882638362,2.707985538,0.085679216,,,
Cc1cccc(NC(=O)C(=O)c2c(C)nn(C)c2C)n1,,,1.286748297,2.36398783,,,,
Cc1cccc(NC(=O)C2CCCN(c3nc4ccccc4s3)C2)n1,OADMET-0005918,4.77,,,,,,
Cc1cccc(NC(=O)CN(C)Cc2nc3ccc(Cl)cc3c(=O)[nH]2)c1C,,,2.006448927,3.102586334,1.096034694,,,
Cc1cccc(NC(=O)CN(C)Cc2nc3ccccc3c(=O)[nH]2)c1C,,,1.732305283,2.756593513,1.244672047,,,
Cc1cccc(NC(=O)CN(C)c2ncccc2F)n1,,,1.208414481,2.606319011,-0.182256584,1.566201719,,
Cc1cccc(NC(=O)CN2C(=O)N(C)C3(CCCCC3)C2=O)c1C,,,2.704014027,3.42223599,,1.776846409,,
Cc1cccc(NC(=O)CN2CCCN(c3ccc(C(F)(F)F)cn3)CC2)c1,,,2.177262274,2.859452942,-0.021923053,1.409933123,,
Cc1cccc(NC(=O)CSc2nncs2)c1,,,1.354223723,2.443677521,-0.292474426,,,
Cc1cccc(NC(=O)N2CCC(N3CC=CC3)CC2)c1Cl,,,0.959613711,3.018893476,-0.286437357,,,
Cc1cccc(NC(=O)N2CCCC(c3nc4cc(C)ccc4[nH]3)C2)c1,OADMET-0004053,4.86,,,,,,
Cc1cccc(NC(=O)c2ccc3ccccc3c2)n1,,,1.962748053,2.320545072,-0.899173857,0.068185862,,
Cc1cccc(NC(=O)c2cccc3ncccc23)c1,,,1.345863629,2.189032477,-0.326775766,0.685741739,,
Cc1cccc(NC(=O)c2ccccc2-c2ccccc2)n1,,,1.807203431,2.836297525,-0.258853819,1.520221436,,
Cc1cccc(NC(=O)c2cccnc2N2CCCCC2)n1,,,2.077709392,3.221679168,-0.15654972,1.4407517,,
Cc1cccc(NC(=O)c2cncn2-c2ccccc2)n1,,,1.654898161,2.217476048,,,,
Cc1cccc(NC(=O)c2noc3c2CCCC3)n1,,,2.293786696,3.029332228,,1.232233521,,
Cc1cccc(NC2CCN(C(=O)OC(C)(C)C)CC2)c1,,,,,-0.313308853,-0.070581074,,
Cc1cccc(NC2CCN(Cc3ccncc3)CC2)n1,,,1.269676358,2.375886647,-0.304714972,1.575187845,,
Cc1cccc(NCC2CCN(C(=O)c3ccccc3)CC2)n1,,,1.120178938,3.045559233,0.073135539,1.454692449,,
Cc1cccc(NCCN2C(=O)CCC2=O)n1,,,0.675686709,1.697891616,-0.175575729,,,
Cc1cccc(NCCc2cc(F)cc3c2OCOC3)n1,,,2.598512557,3.714726815,-0.426916303,,,
Cc1cccc(NCCc2cn3c(n2)CCCC3)n1,,,0.675686709,2.987222361,0.554102669,1.491361694,,
Cc1cccc(NS(=O)(=O)c2cccc(C(=O)Nc3ccc4c(c3)C(=O)NCC4)c2)c1,OADMET-0004730,5.33,,,,,,
Cc1cccc(Nc2ccc(C3CCN(C(=O)c4cc5cc(F)ccc5n4C)CC3)nc2)n1,,,,,0.175056466,-0.721246399,,
Cc1cccc(Nc2ccncc2S(=O)(=O)NC(=O)NC(C)C)c1,OADMET-0003594,4.65,,,,,,
Cc1cccc(OC2CCN(C(=O)[C@@H](N)Cc3ccc(O)cc3)CC2)c1,OADMET-0001144,3.74,,,,,,
Cc1cccc(OC2CCN(C(=O)c3ccc(-n4cnnn4)cc3)CC2)c1,OADMET-0001237,3.94,,,,,,
Cc1cccc(OC2CCN(CC(N)=O)CC2)c1,,,0.675686709,1.827317568,-0.196744354,1.897517129,,
Cc1cccc(OC2CN(C(=O)Cn3c(C)nn(-c4ccccc4)c3=O)C2)c1,,,1.13001195,2.011912839,-0.00284007,0.7084209,,
Cc1cccc(OCC(=O)Nc2ccc3c(c2)C(=O)N(c2ccccc2)C3=O)c1,,,,,1.202765104,-0.387216143,,
Cc1cccc(OCC(=O)Nc2ccn(C)n2)c1,,,1.3238294,2.680598368,,1.637989781,,
Cc1cccc(OCCCNc2cc(Cn3c(C)nc4ccccc43)nc(N)n2)c1,,,2.728081755,3.311419856,1.355861046,1.549983611,,
Cc1cccc(OCCc2noc(C3CN(C(=O)c4ccsc4)C3)n2)c1,OADMET-0001441,5.05,,,,,,
Cc1cccc(OCCn2c(N)nc3ccccc32)c1,,,0.693287157,3.341612954,,1.592398846,,
Cc1cccc(OC[C@@]2(O)CN(C[C@]3(O)CC[C@@H](C(C)(C)C)CC3)CC[C@@H]2O)c1,,,2.369189873,3.253741576,0.122760221,,,
Cc1cccc(O[C@H]2CN(Cc3ccc(OCCCO)cc3)C[C@@H]2O)c1,,,1.851252232,2.846643238,0.350353677,1.79239169,,
Cc1cccc(Oc2cc(CN)ccn2)c1C,,,0.675686709,2.721654835,-0.353875525,1.478566496,,
Cc1cccc(Oc2ccccc2C(=O)N2CCCC(C(O)C(F)(F)F)C2)c1,OADMET-0002560,5.4,,,,,,
Cc1cccc(Oc2ncccc2N)c1C,,,1.066586796,2.488247451,-0.230349829,1.656385719,,
Cc1cccc(S(=O)(=O)N2CC(c3ccccc3)OCC2(C)C)c1C#N,OADMET-0003442,6.325,,,,,,
Cc1cccc(S(=O)(=O)NC(c2c(C)nn(C)c2C)C(F)(F)F)c1,OADMET-0004827,4.97,,,,,,
Cc1cccc(S(=O)(=O)NCC(O)c2cccc3ccccc23)c1,OADMET-0002766,5.904999999999999,,,,,,
Cc1cccc(S(=O)(=O)Nc2cccc(N3CCNC3=O)c2C)c1,OADMET-0004910,5.09,,,,,,
Cc1cccc([C@H]2CN(C(=O)C3CCCC3)[C@@H]3CCN(CC4CC4)C[C@H]23)c1,,,2.743977516,3.368017111,0.268722009,,,
Cc1cccc2[nH]c(C3CCCN3C(=O)c3c[nH]c(=O)[nH]3)nc12,OADMET-0001321,2.59,,,,,,
Cc1cccc2c(=O)n(CCC(=O)Nc3cc(C4CC4)n[nH]3)cnc12,,,,,,0.916980047,,
Cc1cccc2c(CC(=O)N3Cc4ccccc4C[C@H]3C(N)=O)c[nH]c12,OADMET-0005855,4.48,,,,,,
Cc1cccc2c1CN(C(=O)C1CCCN(S(=O)(=O)c3ccc([N+](=O)[O-])cc3)C1)CC2,OADMET-0003321,5.84,,,,,,
Cc1cccc2c1N(C(=O)CCc1nc(C3CCCC3)no1)CCC2,OADMET-0003436,5.859999999999999,,,,,,
Cc1cccc2c1N(C1CC1)CCN2C(=O)c1cc(-c2ccco2)[nH]n1,OADMET-0003344,6.26,,,,,,
Cc1cccc2c1OC(C(=O)NS(=O)(=O)c1ccc3c(c1)CCCC3)C2,OADMET-0005709,4.95,,,,,,
Cc1cccc2c1Oc1nc(-c3ccccc3)[nH]c(=S)c1C2,,,,,,-0.48148606,,
Cc1cccc2c1sc(=O)n2CC(=O)N1CCCCC1C,OADMET-0003294,5.23,,,,,,
Cc1cccc2cc(C(=O)N3CCCN(S(C)(=O)=O)CC3)oc12,OADMET-0006021,4.93,,,,,,
Cc1cccc2cc(C(=O)N3CCC[C@H](N(C)C(=O)c4cnc5ccccc5c4)C3)nn12,OADMET-0003170,5.54,,,,,,
Cc1cccc2cc(C(=O)NCCCn3nnc4ccccc43)n(C)c12,,,2.512300084,3.14947407,-0.05258446,,,
Cc1cccc2cc(C(=O)NCCSc3nccn3C)n(C)c12,,,2.255783707,2.861604896,,1.524915148,,
Cc1cccc2cc(C(N)=S)/c(=N/Nc3ccccc3)oc12,,,,,,-0.318758763,,
Cc1cccc2cc(C=O)c(Oc3ccc(F)cc3)nc12,OADMET-0001502,4.57,,,,,,
Cc1cccc2cnc(C3CCN(C(=O)CCc4ccno4)CC3)cc12,,,1.494224187,2.862803776,,,,
Cc1cccc2ncn(CCc3ncc[nH]3)c(=O)c12,,,0.675686709,3.350864511,0.808782881,,,
Cc1cccc2oc(C(=O)N3Cc4cnn(C)c4CC(C)(C)C3)cc12,OADMET-0003101,5.61,,,,,,
Cc1cccc2oc(C(=O)NCc3ccn(C4CCCC4)n3)cc12,OADMET-0003971,5.0,,,,,,
Cc1cccc2sc(NC(=O)C(C)(C)C)nc12,,,1.562590225,2.31700345,-0.453662568,1.354684554,,
Cc1cccc2sc(NC(=O)c3cccnc3)nc12,,,,,-0.482937611,-0.283996656,,
Cc1ccccc1-c1cc(N)n(Cc2ccccc2)n1,,,1.52167408,2.480241284,,,,
Cc1ccccc1-c1cc(N2CCN(C)CC2)ncc1N(C)C(=O)C(C)(C)c1cc(C(F)(F)F)cc(C(F)(F)F)c1,OADMET-0003644,4.67,,,,,,
Cc1ccccc1-c1nc(Cn2ccnc2C(C)C)c(C)o1,,,2.490768687,3.43425888,-0.135369281,1.690284703,,
Cc1ccccc1-c1nn(-c2ccccc2)cc1C(=O)NCc1ncnn1-c1ccccc1,OADMET-0002671,5.3,,,,,,
Cc1ccccc1-c1nnsc1C(=O)N[C@H]1CCCC(F)(F)[C@@H]1O,OADMET-0005343,3.98,,,,,,
Cc1ccccc1-c1noc(C(C)N2CCCC2c2c(C)nn(C)c2C)n1,OADMET-0003531,5.91,,,,,,
Cc1ccccc1-n1c(C)nnc1SCCOc1ccc(C#N)cc1,OADMET-0004700,5.36,,,,,,
Cc1ccccc1-n1c(CC2CCN(C(=O)C3CC3)CC2)n[nH]c1=O,,,0.675686709,1.428750149,2.067757711,1.681060244,,
Cc1ccccc1-n1cc(-c2c[nH]c(C=O)c2)nn1,OADMET-0001675,3.46,,,,,,
Cc1ccccc1-n1cc[nH]c(=O)c1=O,,,0.706973676,1.027920136,0.101124708,1.766635886,,
Cc1ccccc1-n1nc(C(C)(C)C)cc1N,,,0.816042341,1.027920136,-0.216533336,1.651374944,,
Cc1ccccc1-n1ncc(C(=O)NS(=O)(=O)c2ccccc2)c1C(F)(F)F,OADMET-0002687,5.12,,,,,,
Cc1ccccc1C(=O)N1CCC(Cc2ccccc2)CC1,OADMET-0001938,2.19,,,,,,
Cc1ccccc1C(=O)N1CCC(O)(Cn2ccnc2C)CC1,,,0.692053365,2.001279283,0.69261281,,,
Cc1ccccc1C(=O)N1CCCC(CO)(Cc2ccccc2)C1,OADMET-0002919,4.85,,,,,,
Cc1ccccc1C(=O)N1CCC[C@@H]1Cn1nnn(-c2cccs2)c1=O,,,2.058228573,2.967809036,0.046573922,1.690639012,,
Cc1ccccc1C(=O)N1CCc2ccccc2C1,OADMET-0001920,1.78,,,,,,
Cc1ccccc1C(=O)Nc1ccc(C(=O)N2CCCC(O)c3cc(Cl)ccc32)c(C)c1,OADMET-0001928,5.62,,,,,,
Cc1ccccc1C(=O)Nc1nc(C)c(C)s1,,,1.954449956,2.447708306,-0.254035992,1.482158695,,
Cc1ccccc1C(=O)O,OADMET-0002229,2.61,,,,,,
Cc1ccccc1C(C)C(=O)NCc1nccc(C(F)(F)F)n1,OADMET-0005275,4.43,,,,,,
Cc1ccccc1C(C)Cc1nc(-c2ncoc2C)no1,OADMET-0006002,4.61,,,,,,
Cc1ccccc1C(C)NC(=O)N1CCC(c2nc3ccccc3[nH]2)CC1,OADMET-0005174,4.62,,,,,,
Cc1ccccc1C(NC(=O)c1nccnc1C)C(C)(C)C,OADMET-0005072,5.06,,,,,,
Cc1ccccc1C(OCC(O)CNC1CCC(=O)NC12CCC2)c1ccccc1,OADMET-0002804,4.95,,,,,,
Cc1ccccc1C1(C(=O)N2CCCC(O)(c3c[nH]nn3)C2)CCCC1,OADMET-0005931,5.21,,,,,,
Cc1ccccc1C1CCCN1CC(=O)Nc1ccccc1C(N)=O,OADMET-0002735,5.455,,,,,,
Cc1ccccc1C1CCN(c2cc(C3CC(N)C3)nc(N)n2)CC1,OADMET-0001245,2.84,,,,,,
Cc1ccccc1C1CN(C(=O)c2ccc(-c3cc[nH]n3)s2)C(C)CO1,OADMET-0004711,4.9,,,,,,
Cc1ccccc1C1CN(c2ccc(C=O)cn2)CCO1,OADMET-0001527,3.79,,,,,,
Cc1ccccc1CC(=O)N1CCN(C(=O)c2ccccc2)CC1,,,0.786751422,2.324414164,0.312935576,1.646403726,,
Cc1ccccc1CC(CO)CNC(CC(C)C)c1ccccn1,OADMET-0005148,4.92,,,,,,
Cc1ccccc1CCNC(=O)N(Cc1cccnc1)C1CCN(C)CC1,,,1.309012349,2.911303592,1.745512204,,,
Cc1ccccc1CN(Cc1cccnc1)C(=O)c1cccc2[nH]ncc12,OADMET-0005623,4.87,,,,,,
Cc1ccccc1CNC(=O)CN1CCN(c2ccnc3nncn23)CC1,OADMET-0001307,3.03,,,,,,
Cc1ccccc1CNC(=O)c1ccc(-n2ccnc2)nc1,,,0.675686709,1.548119052,-0.06221257,1.639386869,,
Cc1ccccc1COC1CN(C(=O)Cn2c(=O)[nH]c3ccccc32)C1,,,1.183298321,2.575491514,0.854274428,1.654946227,,
Cc1ccccc1CS(=O)(=O)c1ncc(Cl)c(C(=O)Nc2sc3c(c2C#N)CCCC3)n1,,,2.754670155,3.325415529,,,,
Cc1ccccc1CSc1ccc(-c2ccccn2)nn1,,,1.980603238,2.729890168,-0.229703444,0.243038049,,
Cc1ccccc1Cn1c(=O)c2c(nc3n(-c4ccccc4O)c(C)cn23)n(C)c1=O,,,,,1.337601415,-0.040958608,,
Cc1ccccc1N(CC(=O)N(C)C)S(C)(=O)=O,,,0.802910489,2.742340143,0.300899835,1.669595781,,
Cc1ccccc1N(CC(=O)O)S(C)(=O)=O,,,,,,1.649918719,,
Cc1ccccc1N1C(=O)c2ccc(C(=O)NC(C)(C)C)cc2C1=O,,,,,,1.69818757,,
Cc1ccccc1NC(=O)CN1C(=O)CCC1=O,,,0.675686709,1.027920136,,1.559547556,,
Cc1ccccc1NC(=O)Cn1nnc(C2CC2)n1,,,0.675686709,1.710726474,-0.047996222,,,
Cc1ccccc1NC(=O)NC(C)C1(O)CN(C(=O)OC(C)(C)C)C1,OADMET-0005374,4.68,,,,,,
Cc1ccccc1Nc1nc(CN2CCO[C@H](C)[C@H]2C(N)=O)cs1,OADMET-0004875,4.65,,,,,,
Cc1ccccc1Nc1nc(Cl)c(C=O)s1,OADMET-0001528,4.56,,,,,,
Cc1ccccc1OC1CCN(C(=O)Nc2ccc3c(c2)ncn3C)CC1,,,1.058350092,1.736531949,0.939513518,1.427161403,,
Cc1ccccc1OCCCNc1cc(Cn2c(C)nc3ccccc32)nc(N)n1,,,2.855807378,3.327467852,1.33058986,1.159567193,,
Cc1ccccc1OCCn1c(N)nc2ccccc21,,,1.280305143,3.245500083,0.183276025,1.608632989,,
Cc1ccccc1OCc1nnc(SCc2nccc(N)n2)n1-c1ccccc1,OADMET-0005718,4.73,,,,,,
Cc1ccccc1S(=O)(=O)N1CC(c2nc(CCN(C)C(=O)C3CCOCC3)no2)C1,OADMET-0001439,5.33,,,,,,
Cc1ccccc1S(=O)(=O)N[C@@H]1CC[C@@H](O)[C@@H]1O,,,0.675686709,1.247703282,,,,
Cc1ccccc1S(=O)(=O)Nc1c(C)ccnc1Cl,,,0.675686709,2.288787846,-0.09970889,,,
Cc1cccn(Cc2cccc(C#N)c2)c1=O,,,0.675686709,1.459844642,-0.16137005,1.489958479,,
Cc1cccn(Cc2cccc(F)c2)c1=O,,,0.675686709,1.857248042,-0.185803651,1.377488383,,
Cc1cccn(Cc2ccccc2F)c1=O,,,0.675686709,1.783167226,-0.197575611,1.450249108,,
Cc1cccn(Cc2cccnc2)c1=O,,,0.675686709,1.027920136,-0.215414935,1.672097858,,
Cc1cccn2c(=O)c(C=O)c(NCc3ccccc3)nc12,OADMET-0001505,3.86,,,,,,
Cc1cccn2c(=O)c(C=O)c(Sc3ncccn3)nc12,OADMET-0001547,3.25,,,,,,
Cc1cccn2c(=O)cc(COC(=O)c3cc4cc(Br)ccc4[nH]3)nc12,OADMET-0005589,5.16,,,,,,
Cc1cccn2c(=O)cc(Cn3cc(C(O)c4ccccc4)nn3)nc12,OADMET-0006037,4.74,,,,,,
Cc1cccn2cc(-c3ccc(NC(C)c4cnn(C)n4)cc3)nc12,OADMET-0003921,4.4,,,,,,
Cc1cccn2cc(-c3cccc(NC(=O)Nc4ccn(CCCC(=O)N(C)C)n4)c3)nc12,OADMET-0002756,4.87,,,,,,
Cc1cccn2cc(C(=O)Nc3c4c(nn3C)CCCC4)cc12,OADMET-0005287,4.73,,,,,,
Cc1cccn2cc(CC(=O)NC3CCCOc4cc(F)ccc43)nc12,OADMET-0003483,5.45,,,,,,
Cc1cccnc1C(=O)NS(=O)(=O)c1cccc(Cl)c1Br,OADMET-0004903,4.51,,,,,,
Cc1cccnc1C(F)(F)C(=O)N(CC1CCOC1)C1CC1,OADMET-0005501,5.29,,,,,,
Cc1cccnc1C(NC(=O)N1CC(=O)N(CC2CC2)C1)C(C)C,OADMET-0003194,5.35,,,,,,
Cc1cccnc1C(NC(=O)c1csc2cncn12)C(C)(C)C,OADMET-0003322,6.23,,,,,,
Cc1cccnc1CN1CCC(O)(c2ccccc2)CC1,,,0.692670699,2.834842076,-0.018504533,,,
Cc1cccnc1CNC(=O)c1ccc(Cl)s1,,,1.597881585,2.600981603,,,,
Cc1cccnc1CNc1ccc(C#N)cc1F,,,1.517354274,2.207171016,-0.280988531,1.556181847,,
Cc1cccnc1N1CCN(C(=O)CN2CC(=O)NC2=O)CC1,OADMET-0001129,2.76,,,,,,
Cc1cccnc1NC(=O)CCc1ccc(F)cc1,,,0.837651558,2.882886394,,1.580468784,,
Cc1cccnc1NC(=O)CCn1cnc2ccccc21,,,0.675686709,1.027920136,1.202175212,1.682145076,,
Cc1cccnc1NC(=O)Cc1coc2c(C)c(C)ccc12,,,2.09405865,3.634550721,-0.196206878,1.873262459,,
Cc1cccnc1NC(=O)c1csc(-c2ccccc2)n1,,,1.731991449,2.664205582,,1.635282638,,
Cc1cccnc1NCc1nc(C(F)(F)F)n2c1CCCC2,OADMET-0004906,5.1,,,,,,
Cc1cccnc1Nc1cccc(C2CCCN(CC(=O)Nc3nccs3)C2)n1,,,1.953648568,2.765263869,0.172627701,,0.180699201,0.637289548
Cc1cccnc1S(=O)(=O)NCC(OC1CCCC1)C(F)(F)F,OADMET-0003327,5.69,,,,,,
Cc1ccn(-c2ccc(NCC3CC3)nn2)n1,,,1.043244354,2.484716847,,,,
Cc1ccn(-c2ccc3[nH]c4c(c3c2)CCCC4=O)n1,,,2.136095621,2.709644718,,0.984527313,,
Cc1ccn(CCC(=O)N2CCc3nc4sccc4c(=O)n3CC2)n1,,,1.230244499,2.383677159,,,,
Cc1ccn(CCCNc2cc(C(C)C)ncn2)n1,OADMET-0001340,3.16,,,,,,
Cc1ccn2c(=O)c(C(=O)N3CCN(C4CC4)c4c(C)cccc43)cnc2c1,OADMET-0002542,5.54,,,,,,
Cc1ccn2ncc(C(=O)N3CCCCCC3C=Cc3ccccc3)c2n1,OADMET-0002783,5.69,,,,,,
Cc1ccn2ncc(C(=O)NCC(F)(F)c3ccc(F)cc3F)c2c1,OADMET-0002895,5.43,,,,,,
Cc1ccnc(-c2cn(Cc3cccc4ccccc34)nn2)n1,OADMET-0003269,5.83,,,,,,
Cc1ccnc(-n2nccc2NC(=O)N2CCCN(C)CC2)c1,,,1.121494186,2.229090267,0.46929179,1.501470072,,
Cc1ccnc(-n2nccc2NC(=O)NC2(C)CCC2)c1,,,1.862137345,2.969096132,-0.237640073,,,
Cc1ccnc(C2CCN(C3CCCC3)CC2)n1,,,0.675686709,2.92820222,0.05085228,1.205745541,,
Cc1ccnc(COC(=O)Cc2csc3ccc(Br)cc23)n1,OADMET-0005546,4.93,,,,,,
Cc1ccnc(N)c1,OADMET-0002076,2.9,,,,,,
Cc1ccnc(N2CC(O)(c3ccc(F)cc3)C2)c1C#N,,,1.995959697,3.560187091,-0.157581676,,,
Cc1ccnc(N2CCC(OCC3CCCC3)CC2)n1,,,2.033697114,3.771624148,-0.288342661,,,
Cc1ccnc(NC(=O)C(C)c2cccc(C(=O)c3ccccc3)c2)c1,OADMET-0001946,4.64,,,,,,
Cc1ccnc(NC(=O)C2CCN(CCc3cccs3)CC2)c1,,,,,,1.816440168,,
Cc1ccnc(NC(=O)CN(C)C(=O)c2ccc(Cl)cc2)c1,,,1.217194318,2.192308137,0.049409304,1.80140371,,
Cc1ccnc(NC(=O)CN(C)c2ncnc3sc4c(c23)CCC(C)C4)c1,,,,,,0.588831726,,
Cc1ccnc(NC(=O)CN2CCCC2=O)c1,,,0.675686709,1.027920136,0.327214183,1.741151599,,
Cc1ccnc(NC(=O)c2ccnc(C)n2)c1,,,2.136247975,2.754764081,,,,
Cc1ccnc(NCc2cccnc2)n1,,,0.675686709,1.217904874,-0.224712913,,,
Cc1ccnc(Oc2cc(N)ccc2C)c1,,,0.675686709,2.362325995,-0.266029924,1.548266545,,
Cc1ccnc2[nH]c(CSCc3ccccc3)nc12,,,1.926254961,2.810902938,,,,
Cc1ccnc2ccc(-c3ccc(N4CCC(O)C4)cc3)cc12,OADMET-0003261,1.74,,,,,,
Cc1ccnc2nc(C(=O)N(Cc3ccco3)C3CCCC3)nn12,OADMET-0005960,4.42,,,,,,
Cc1ccncc1-c1ccc(-c2ccn[nH]2)cc1,,,1.02201574,1.818120277,-0.229488133,1.310905629,,
Cc1ccncc1NC(=O)Cc1ccc(F)cc1,,,0.675686709,1.309012349,,,,
Cc1ccnn1-c1ccc(C(=O)Nc2nc(-c3cccc(-n4cnnn4)c3)cs2)cc1,OADMET-0002843,3.84,,,,,,
Cc1ccoc1C(=O)N1CCCCC1c1nc(-c2ccccc2)c[nH]1,OADMET-0003422,5.53,,,,,,
Cc1ccsc1-c1nc(CN(C)CCc2cn[nH]c2)c(C)o1,,,2.26828538,3.084477612,,1.746166964,,
Cc1ccsc1-c1nsc(NC(=O)CN(C)C)n1,,,0.675686709,2.738890703,-0.058673935,,,
Cc1ccsc1C(=O)NCc1ccc2c(c1)OCCCO2,,,1.724922732,2.978817107,-0.235206692,1.754806855,,
Cc1ccsc1C(=O)Nc1nc2ccccc2s1,,,,,-0.866756724,-0.537602002,,
Cc1ccsc1CN(C)C(=O)[C@@H]1CCCN1C(=O)NC(C)C,,,1.114644339,2.550428939,1.375001571,1.624488363,,
Cc1cn(-c2cc(NC(=O)c3ccc(C)c(Nc4nccc(-c5cccnc5)n4)c3)cc(C(F)(F)F)c2)cn1,,,,,0.949390007,,,
Cc1cn(-c2ccc(F)cc2)nc1C(=O)Nc1ccc2[nH]nc(C(N)=O)c2c1,OADMET-0002747,5.87,,,,,,
Cc1cn(-c2ccccc2Cl)nc1C(=O)NCc1nccs1,OADMET-0004106,4.73,,,,,,
Cc1cn(C(C)C)nc1NC(=O)Cc1cn2c(n1)CCCC2,OADMET-0004856,4.49,,,,,,
Cc1cn(C(C)C)nc1NC(=O)c1cccn1Cc1ccncc1,OADMET-0004855,4.97,,,,,,
Cc1cn(C)nc1CS(=O)(=O)Cc1c(C)cc(C(C)(C)C)cc1C,OADMET-0003368,6.27,,,,,,
Cc1cn(C2CCCCC2)nc1NC(=O)NCc1ccccc1CC(F)(F)F,OADMET-0005808,5.32,,,,,,
Cc1cn(C2CCCCC2)nc1NC(=O)c1ccc(NC(C)C)nc1,OADMET-0005009,5.09,,,,,,
Cc1cn(CCN2CCN(c3ccccc3-c3cc(C#N)cc(C(=O)NCCCN4CCCC4)c3)CC2)c2ccccc12,,,2.079322369,2.279532347,-0.471489026,1.501059262,,
Cc1cn([C@H]2C=C[C@@H](CO)O2)c(=O)[nH]c1=O,OADMET-0003624,1.9,,,,,,
Cc1cn2c3c(=O)n(Cc4ccccc4Cl)c(=O)n(C)c3nc2n1-c1ccccc1O,,,,,1.10674645,-0.721246399,,
Cc1cn2cc(C(=O)N(C)CCO)cc(N[C@@H]3CCOc4cccc(C)c43)c2n1,,,1.92224264,2.459891338,1.865450479,,,
Cc1cn2nc(-c3cc(=O)n4cc(N5CCNC6(CC6)C5)ccc4n3)cc(C)c2n1,,,1.243236538,,1.104333911,1.556423121,0.985246791,
Cc1cn[nH]c1C1(C)CCN(Cc2cnn(C)c2)CC1,,,0.675686709,1.898319212,1.354339972,1.452859336,,
Cc1cnc(-c2cn(CC3COc4ccccc4O3)nn2)c(C)c1,OADMET-0004742,4.98,,,,,,
Cc1cnc(-c2nc(NCc3ccccn3)ncc2-c2onc(C)c2C)cn1,,,2.066225262,3.015880513,1.027719687,1.771219902,,
Cc1cnc(-c2nc(NCc3cccnc3)ncc2-c2cc(C)no2)cn1,,,1.232335277,2.417443459,,,,
Cc1cnc(-n2cnnc2)c(-c2cccc(Cl)c2Cl)c1,,,0.838786145,2.218672021,0.351583869,1.269512944,,
Cc1cnc(C(=O)NC2CCc3ccccc3-n3ccnc32)c(C)c1,OADMET-0003152,5.29,,,,,,
Cc1cnc(C(=O)NCCc2ccc(S(=O)(=O)NC(=O)NC3CCCCC3)cc2)cn1,,,0.675686709,1.027920136,2.281582606,,0.01745073,-0.204119983
Cc1cnc(C(=O)N[C@H]2CCOC[C@@H]2O)cc1Cc1ccc(-c2cscn2)cc1,,,0.675686709,1.541416977,0.838121795,1.791339704,,
Cc1cnc(C(=O)N[C@H]2c3ccccc3C[C@@H]2O)cc1C,OADMET-0005423,5.19,,,,,,
Cc1cnc(C(C)(C)NCC(=O)N(C)C)s1,,,0.675686709,1.320644711,0.270337686,,,
Cc1cnc(CNC2(c3nccs3)CCCC2)cn1,,,0.675686709,2.389173175,,,,
Cc1cnc(CNCc2cccc3c2OCO3)s1,,,1.518105775,2.310266241,-0.217092035,1.542202782,,
Cc1cnc(CS(=O)(=O)C2CCCC2)cn1,,,,,,1.558708571,,
Cc1cnc(Cl)nc1-c1ccc(N(Cc2ccc(CNC(=O)C(F)F)cc2)C(=O)c2ccc(O)cc2O)cc1,,,1.616454508,1.927252276,1.738231144,1.440279213,,
Cc1cnc(N)c(-c2ccc(OC(C)C)cc2)c1,OADMET-0001130,3.85,,,,,,
Cc1cnc(N2CCSCC2)nc1N1CCSCC1,,,2.285411019,3.421202842,-0.160689523,,,
Cc1cnc(NC(=O)C2=C(O)c3ccccc3S(=O)(=O)N2C)s1,OADMET-0003566,4.68,,,,,,
Cc1cnc(NC(=O)Cc2coc3cc(C)c(C)cc23)s1,,,,,,-0.494850022,,
Cc1cnc(NC(=O)c2cc(S(=O)(=O)N(C)C)ccc2N2CCCC2)s1,,,,,1.299195077,-0.677780705,,
Cc1cnc(NCC2(CO)CCCC2)nc1N(C)C,,,1.472258992,3.020552695,-0.022272593,,,
Cc1cnc(NCc2ccccc2-n2ccnc2)nc1N(C)C,,,1.527977713,2.686881049,1.052442339,1.717836867,,
Cc1cnc(Nc2ccc(OCCN3CCCC3)cc2)nc1Nc1cccc(S(=O)(=O)NC(C)(C)C)c1,,,1.532397627,2.320665467,,,,
Cc1cnc(S(=O)(=O)Cc2cc(C(F)(F)F)nn2C)c(C)c1,OADMET-0003062,4.84,,,,,,
Cc1cnc2c(C(=O)Nc3ccc(Oc4nnn[nH]4)cc3)cnn2c1,OADMET-0001258,1.64,,,,,,
Cc1cnc2c(cnn2CC(=O)NC2(c3ccccc3Cl)CC2)c1,OADMET-0003356,5.45,,,,,,
Cc1cncc(C2CCN(Cc3cnccn3)CC2)n1,,,0.675686709,1.782415288,-0.186811859,1.831229694,,
Cc1cncc(CN2CCC(=C3c4ccc(Cl)cc4CCc4cccnc43)CC2)c1,,,2.708153952,3.002522426,0.162660691,,,
Cc1cnccc1-c1cnc(N(C)C)nc1-c1ccco1,,,2.145867381,3.352055299,-0.196666316,,,
Cc1cnccc1NC(=O)COc1ccccc1C#N,,,1.088100635,2.480025637,,,,
Cc1cnn(-c2ccncc2N2C(=O)NC3(CC(c4ccccc4Cl)C3)C2=O)c1,OADMET-0003263,4.78,,,,,,
Cc1cnn(C)c1S(=O)(=O)N(C)CCNc1ccccn1,OADMET-0006054,4.68,,,,,,
Cc1cnn(C)c1S(=O)(=O)N1CC(c2cccc(Cl)c2)C1,OADMET-0004756,4.5,,,,,,
Cc1cnn(C2CCCN(C(=O)CCc3c(-c4ccccc4)[nH]c4ccc(F)cc34)C2)c1,OADMET-0002814,5.28,,,,,,
Cc1cnn(C2CCN(C(=O)NCC(C)c3ccc(F)cc3)C2)c1,OADMET-0005970,4.46,,,,,,
Cc1cnn(C2CCN(C(=O)c3cc(-c4ccccc4)no3)C2)c1,OADMET-0004642,4.65,,,,,,
Cc1cnn(C2CN(CC3(O)CCCCC3)C2)c1,,,1.738312727,3.277879333,-0.311815484,1.5132176,,
Cc1cnn(CC(=O)NCCCn2cc(Cl)cn2)c1,,,0.675686709,1.674291502,0.369783937,,,
Cc1cnn(CC2CC2)c1NC(=O)/C=C/c1ccccc1,,,1.140570889,2.502889848,0.42737916,1.514547753,,
Cc1cnn(CC2CN(C(=O)NC(C)c3ccc(C)c(F)c3)CCO2)c1,OADMET-0005256,4.93,,,,,,
Cc1cnn(CCC(=O)N2CCCN(C(=O)c3ccc(Cl)cc3)CC2)c1,OADMET-0004802,4.67,,,,,,
Cc1cnn(CCNC(=O)C2(Cn3cccn3)CC2)c1,,,1.008046306,2.03343984,0.785978429,,,
Cc1cnn(Cc2cc(F)ccc2F)c1N,,,0.825815445,1.027920136,,1.615318657,,
Cc1cnn(Cc2nc(Cn3cccn3)no2)c1,,,0.675686709,1.027920136,-0.112816694,1.556181847,,
Cc1cnn(Cc2nnc(-c3ccccc3)s2)c1,,,1.643383579,2.652164117,-0.25685021,1.352375495,,
Cc1conc1CS(=O)(=O)N(C)C(c1ccccc1)C(F)(F)F,OADMET-0006025,5.22,,,,,,
Cc1conc1CS(=O)(=O)NC(C)c1oc2ccccc2c1C,OADMET-0002987,5.61,,,,,,
Cc1conc1NS(=O)(=O)c1c(C)cc(C(C)(C)C)cc1C,OADMET-0002604,5.81,,,,,,
Cc1csc(-c2cccc(S(=O)(=O)N3CCCC3CO)c2)n1,OADMET-0004727,5.01,,,,,,
Cc1csc(-c2nnc(Nc3ccc(Oc4ncccc4-c4ccnc(N)n4)cc3)c3ccccc23)c1,,,,,-0.037330525,-0.119186408,,
Cc1csc(C(C)(C)NC(=O)c2cc3c(C)c(C)ccc3[nH]2)n1,OADMET-0003446,5.35,,,,,,
Cc1csc(C(C)CNC(=O)c2ccc[nH]2)n1,OADMET-0001131,3.75,,,,,,
Cc1csc(C(C)N2CCN(CC(O)c3ccc(F)cc3Cl)CC2)n1,OADMET-0005008,4.57,,,,,,
Cc1csc(C(O)(CC(=O)N2CCC(c3ccccc3C)CC2)C(F)(F)F)n1,OADMET-0005999,4.98,,,,,,
Cc1csc(CCNc2ncccc2C#N)n1,,,1.863310961,2.942744984,,1.505963518,,
Cc1csc(CN(C)CCCc2nccn2C)n1,OADMET-0001159,3.41,,,,,,
Cc1csc(CN(C)c2ccnc(N(C)C)n2)n1,,,1.073058161,2.737356467,-0.238222585,1.660770644,,
Cc1csc(CN2CCN(S(C)(=O)=O)CC2)n1,OADMET-0001113,3.2,,,,,,
Cc1csc(CNC(=O)c2cc(C(=O)OC(C)(C)C)n(-c3ccccc3)n2)n1,OADMET-0003362,5.61,,,,,,
Cc1csc(Cc2nc(-c3ccc(O)cc3)no2)n1,,,1.179637952,2.458749618,-0.274921551,,,
Cc1csc(N(C(=O)c2cc3c(C)nn(C)c3s2)C2CC2)n1,,,2.081761239,2.407188583,-0.192168725,1.758381942,,
Cc1csc(N(C(=O)c2ccc(-n3cncn3)c(F)c2)C2CC2)n1,,,1.217483944,2.333148909,-0.200789714,1.727053011,,
Cc1csc(N2CCN(Cc3ccc(OCC(F)(F)F)nc3)CC2)n1,,,1.356121506,2.025907724,-0.183875673,1.491781776,,
Cc1csc(NC(=O)C(C)N2CCC3(CC2)C(=O)NCCCN3C)n1,OADMET-0001017,4.26,,,,,,
Cc1csc(NC(=O)CCc2ccncc2)n1,,,0.675686709,1.656059852,-0.057438597,1.580924976,,
Cc1csc(NC(=O)c2ccc(-c3ccncc3)cc2)n1,,,1.552510041,2.484480639,-0.747631142,0.369215857,,
Cc1csc(NC(=O)c2cccc(C)c2C)n1,,,2.238856198,2.961711002,,1.052693942,,
Cc1csc(Nc2ccc(C#N)cc2)n1,,,2.303548104,2.79255697,-0.37818485,1.582063363,,
Cc1csc2c(=O)n(CC(=O)N3c4ccccc4CCC3C)cnc12,OADMET-0003398,5.33,,,,,,
Cc1csc2nc3n(c(=O)c12)CCNCC3,,,0.893539844,2.357198971,-0.1634145,,,
Cc1csc2ncc(C(=O)O)c(=O)n12,OADMET-0002316,2.11,,,,,,
Cc1n[nH]c(-c2c(C)c3cc(F)ccc3n2C)n1,,,1.945350394,2.499054421,-0.293555531,1.371067862,,
Cc1n[nH]c(C(C)C)c1C(=O)NC1CCC(Cc2ccccc2)C1,OADMET-0005040,4.68,,,,,,
Cc1n[nH]c(C)c1CCC(=O)N1CCOCC1,,,0.675686709,1.027920136,1.129089131,1.40790054,,
Cc1n[nH]c(C)c1CCCN(C)c1cncc(C(=O)N(C)C)n1,,,1.941302683,2.723184667,1.971797631,,,
Cc1n[nH]c(C)c1CNC(=O)c1ccc(Oc2ccc(C(C)C)cc2)nc1,OADMET-0002689,4.07,,,,,,
Cc1n[nH]c(C)c1Cc1ccc(NCCC(C)C)cc1,,,0.675686709,2.684802289,-0.214508692,1.167612673,,
Cc1n[nH]c(C)c1S(=O)(=O)Nc1cccc(C(F)(F)F)c1,OADMET-0003189,4.71,,,,,,
Cc1n[nH]c(C2CCCN(C(=O)Nc3ccc(-c4ccn[nH]4)cc3)C2)n1,OADMET-0001203,3.05,,,,,,
Cc1n[nH]c(C2CCN(C(=O)NC3CCN(c4ccc(F)cc4)CC3)CC2)n1,,,0.675686709,1.583720068,1.360741409,,,
Cc1n[nH]c(NC(=O)c2ccn(-c3c(F)cccc3F)n2)c1-c1ccc2c(c1)OCCO2,OADMET-0002629,4.95,,,,,,
Cc1n[nH]c(SCC(=O)N(C)Cc2csc(-c3ccccc3)n2)n1,OADMET-0001024,4.24,,,,,,
Cc1n[nH]c(SCC(=O)N(C)Cc2nc(-c3ccncc3)no2)n1,OADMET-0001252,3.73,,,,,,
Cc1n[nH]c(SCC(=O)NC(c2ccccc2)c2nnc(N)s2)n1,OADMET-0000980,2.74,,,,,,
Cc1n[nH]c2c1[C@H](c1ccccc1)C1=C(CC(C)(C)CC1=O)N2,,,1.970035226,2.741363571,2.06178259,,,
Cc1n[nH]c2ccc(-c3cc4n(c3)C(C3CC3)CNC4=O)cc12,OADMET-0003522,1.73,,,,,,
Cc1n[nH]c2ccc(-c3ccc(N4CCC(C(N)=O)CC4)nc3)cc12,OADMET-0003129,2.87,,,,,,
Cc1n[nH]c2ccc(C(=O)NCC3(Cc4ccc(F)cc4)CCCC3O)cc12,OADMET-0003157,3.03,,,,,,
Cc1n[nH]c2ccc(C(=O)NCCn3c(=O)[nH]c4ccccc43)cc12,OADMET-0002806,3.26,,,,,,
Cc1n[nH]nc1C(=O)N1CCC2(CC1)C(=O)N(C)C(=O)N2C,OADMET-0000951,3.33,,,,,,
Cc1nc(-c2c(C)noc2C)sc1C(=O)Nc1cccc(-c2cn[nH]c2)c1,OADMET-0004345,4.53,,,,,,
Cc1nc(-c2cc(C)on2)n(CCc2ccccc2)n1,,,1.964127577,3.597022606,-0.221745159,1.332842267,,
Cc1nc(-c2ccc(C(C)N3CCOCC3)cc2)n(C)n1,OADMET-0001304,2.56,,,,,,
Cc1nc(-c2ccc(C)c(O)c2)n(C(C)(C)C)n1,,,0.675686709,2.091737283,,1.08278537,,
Cc1nc(-c2ccc(CCNC(=O)c3cccn(C)c3=O)s2)cs1,OADMET-0005212,4.87,,,,,,
Cc1nc(-c2ccc(CNC(=O)CC3C(=O)N(C)C(=O)N3C)cc2)no1,OADMET-0001012,3.47,,,,,,
Cc1nc(-c2ccc(Cl)c(Cl)c2)n(CC(C)(C)O)n1,,,0.675686709,1.027920136,-0.197835591,1.622524862,,
Cc1nc(-c2ccc(NC(=O)N3CC(c4ccccc4)C4CCCC43)cc2)cc(=O)[nH]1,OADMET-0005228,4.89,,,,,,
Cc1nc(-c2ccc(S(=O)(=O)N(C)C)cc2)cc(C(C)C)n1,,,1.539176502,3.348896114,-0.174330029,,,
Cc1nc(-c2cccc(-c3ccc(C(=O)NC[C@@H]4CCCN4)cc3)c2)no1,,,0.675686709,1.479258507,2.054339982,,,
Cc1nc(-c2cccc(C(N)=O)c2)sc1-c1ccc(F)cc1,,,1.257846502,2.595794834,,,,
Cc1nc(-c2ccccc2)c(C(=O)N2C[C@@H]3C[C@H]2CN3C(=O)C2CCCC3(CCC3)O2)s1,OADMET-0005450,5.43,,,,,,
Cc1nc(-c2ccccc2)c(C(=O)Nc2cc(Cl)cc(Cl)c2)s1,,,1.409730293,2.361487964,,,,
Cc1nc(-c2ccccc2)c(C(=O)Nc2ccc(Cl)c(C(F)(F)F)c2)s1,,,,,-0.140891114,-0.37675071,,
Cc1nc(-c2ccccc2)c(C(=O)Nc2ccc(Cl)c(Cl)c2)s1,,,1.950506026,3.377925553,-0.136507081,,,
Cc1nc(-c2ccccc2)c(C(=O)Nc2ccc(Cl)cc2)s1,,,,,-0.358925859,-0.455931956,,
Cc1nc(-c2ccccc2)c(C(=O)Nc2ccc(F)c(C(N)=O)c2)s1,OADMET-0005695,3.94,,,,,,
Cc1nc(-c2ccccc2)c(C(=O)Nc2ccccc2)s1,,,,,-0.243244904,-0.045757491,,
Cc1nc(-c2ccccc2)ccc1C(=O)N1CCCS1(=O)=O,,,0.675686709,1.982488326,-0.115722102,1.894924977,,
Cc1nc(-c2ccccc2)ccc1C(=O)NC1CCCC1,,,0.675686709,2.50408193,,1.612359948,,
Cc1nc(-c2ccccc2)nc(O)c1C,,,1.286209386,1.735087664,-0.198110462,,,
Cc1nc(-c2cccnc2)sc1C(=O)Nc1ccccc1-c1cn2c(CN3CCOCC3)csc2n1,,,,,0.515329951,-0.187086643,,
Cc1nc(-c2cccs2)sc1C(=O)N1CCCC(N2CCNC2=O)C1,OADMET-0005371,4.69,,,,,,
Cc1nc(-c2ccncc2)cc(N2CCC(CO)CC2)n1,,,0.675686709,1.567379308,,,,
Cc1nc(-c2cnn(C)c2-c2ccc(C(F)(F)F)cn2)c2c(N3CCC3)ncnn12,,,1.735023717,2.469036632,1.087935966,1.813847754,,
Cc1nc(-c2ncccn2)sc1C(=O)N1CCCCCO1,OADMET-0005087,5.0,,,,,,
Cc1nc(C#N)c(C#N)n1Cc1csc(-c2cccs2)n1,,,1.94826622,3.231910288,,1.508529719,,
Cc1nc(C(=O)N2CCN(C(c3ccc(F)cc3)c3ccc(F)cc3)CC2)cs1,OADMET-0001070,3.61,,,,,,
Cc1nc(C(=O)NC(C)C(C)(C)c2ccccc2)nn1-c1nnc(C(F)(F)F)[nH]1,OADMET-0003465,5.54,,,,,,
Cc1nc(C(=O)NC2CC(F)(F)C2)nn1-c1ccccc1C(C)C,OADMET-0005425,5.88,,,,,,
Cc1nc(C(=O)NC2CC2)ccc1C#N,,,,,,1.558348509,,
Cc1nc(C(=O)NCC(=O)O)c(O)c2ccc(Oc3ccccc3)cc12,,,0.675686709,1.027920136,0.089413622,,,
Cc1nc(C(C)C)sc1C(=O)Nc1nc(C(C)(C)C)cs1,,,1.444481995,2.600216849,-0.513764384,1.071513805,,
Cc1nc(C(C)NC(=O)c2cccn2C)c(C)s1,OADMET-0000950,3.79,,,,,,
Cc1nc(C(F)(F)F)ccc1C(=O)N1CCCN(C(=O)C2CC2)CC1,OADMET-0005925,4.02,,,,,,
Cc1nc(C)c(C(=O)NC(C)(c2ccc(Br)cc2)C(C)C)o1,OADMET-0005052,4.82,,,,,,
Cc1nc(C)c(C(=O)NCc2ncoc2C)s1,,,0.675686709,1.027920136,,,,
Cc1nc(C)c(C(=O)Nc2ccc3ncccc3c2)o1,,,1.125871467,1.541566764,,,,
Cc1nc(C)c(C(=O)Nc2cccc(-c3ccn[nH]3)c2)s1,,,1.139060079,1.704476544,0.557877992,,,
Cc1nc(C)c(C)c(NCc2cc(-c3ccc(F)cc3)no2)n1,,,1.306875174,2.384555906,-0.042964735,1.573567773,,
Cc1nc(C)c(CNC(=O)CC2CCOC2)s1,OADMET-0001117,3.42,,,,,,
Cc1nc(C)c(CNc2cnn(-c3ccccc3)c2)s1,,,1.152013,2.0950612,-0.283128079,1.560862695,,
Cc1nc(C)c(CNc2ncnn2C)s1,,,0.675686709,1.352143912,0.601984303,,,
Cc1nc(C)c2c(C)c(C(=O)N(C)CCN3CCCC3)sc2n1,,,0.675686709,1.891040997,1.101141102,1.784831178,,
Cc1nc(C)c2c(C)c(C(=O)N(C)Cc3ccc(C)o3)sc2n1,,,1.556037017,3.460262467,0.042153514,1.574031268,,
Cc1nc(C)n(-c2ccccc2NC(=O)c2cc(C#N)cn2C)n1,,,1.063145637,2.211553018,,,,
Cc1nc(C2(NCc3cccc(C#N)c3)CCCC2)no1,,,1.122445256,2.702888717,-0.166822691,1.677971753,,
Cc1nc(C2CCCN2C(=O)N[C@@H](C)c2cc(Cl)ccc2Cl)no1,OADMET-0005032,4.82,,,,,,
Cc1nc(C2CCCN2CC(=O)N2CCCCC2C)cs1,OADMET-0005857,5.06,,,,,,
Cc1nc(C2CCN(CC(N)=O)CC2)no1,,,0.675686709,1.027920136,,1.787956123,,
Cc1nc(C2CCN(Cc3ccc(C(F)(F)F)cc3)CC2)n[nH]1,,,0.778006461,1.147707234,,,,
Cc1nc(C2CCN(c3ccc(F)cc3C#N)CC2)no1,,,0.98583049,2.72156909,,,,
Cc1nc(C2CCNCC2)cc(N(C)C)n1,,,0.675686709,1.027920136,0.654377293,1.58546073,,
Cc1nc(C2CN(C(=O)C3(c4ccccc4F)CCCC3)CCO2)no1,OADMET-0005878,4.99,,,,,,
Cc1nc(CC(=O)NCc2ccccc2)cs1,,,0.675686709,1.590696972,-0.102357902,1.414973348,,
Cc1nc(CC(=O)Nc2sc3c(c2C#N)CCCCCC3)c(C)s1,OADMET-0003409,6.41,,,,,,
Cc1nc(CC2CCN(S(=O)(=O)c3c(C)noc3C)CC2)cc(NC2CCCC2)n1,,,2.395766581,3.38371001,1.055508581,1.781539969,,
Cc1nc(CC2CCN(S(=O)(=O)c3cn(C)cn3)CC2)cc(NC2CCCC2)n1,,,0.998172122,1.958625989,1.572649086,1.77480883,,
Cc1nc(CCN2C(=O)NC(C)(C)C2=O)cs1,,,0.675686709,1.336939794,0.664060367,1.503109437,,
Cc1nc(CCNC(=O)N(C)[C@@H]2CS(=O)(=O)C[C@H]2O)nc2c1CCC2,OADMET-0001300,3.18,,,,,,
Cc1nc(CCNc2cnccc2C#N)cs1,,,1.745191942,2.591743357,,,,
Cc1nc(CN(C)C(=O)C2c3ccccc3-c3ccccc32)no1,,,1.176264942,2.633059218,0.035939068,1.513483957,,
Cc1nc(CN(C)S(=O)(=O)c2ccc(C(C)(C)C)cc2)no1,OADMET-0004239,4.91,,,,,,
Cc1nc(CN2C(=O)CN(C3CCCC3)C2=O)nc2ccccc12,,,0.675686709,2.91532859,0.186812119,1.633165354,,
Cc1nc(CN2CCC(CNC(=O)COc3ccccc3Cl)CC2)c[nH]1,,,0.675686709,1.764101376,0.725943385,,,
Cc1nc(CN2CC[C@@H](Nc3ncccc3C#N)[C@H](O)C2)cs1,OADMET-0001257,3.77,,,,,,
Cc1nc(CN2C[C@@H](c3ccc4c(c3)OCO4)[C@@H]3[C@H]2C2CCN3CC2)co1,,,1.985201858,2.311897896,1.7275744,1.683947131,,
Cc1nc(CNC(=O)C2(c3cccc(F)c3)CCOCC2)nc2ccccc12,OADMET-0002563,5.36,,,,,,
Cc1nc(CNC(=O)NC2CCCCc3cc(Br)ccc32)no1,OADMET-0002721,4.97,,,,,,
Cc1nc(CNC(=O)Nc2cccc(S(N)(=O)=O)c2)nc2c1CCCC2,OADMET-0000931,4.35,,,,,,
Cc1nc(CNC(=O)c2ccc(F)c(C)c2)no1,,,0.675686709,1.027920136,,,,
Cc1nc(CNC2CCN(C(=O)C3CC3)CC2)cs1,,,0.675686709,1.027920136,0.53516773,1.629409599,,
Cc1nc(COc2ccc(F)cc2)sc1C(=O)N1CCC(C)CC1,,,1.955408712,3.399959639,-0.265177692,1.675595056,,
Cc1nc(CS(C)(=O)=O)sc1C(=O)Nc1ccccc1,,,0.675686709,1.027920136,,,,
Cc1nc(Cc2ccccc2)sc1C(=O)Nc1cccc(-c2ccn[nH]2)c1,,,1.482273157,2.608807271,0.456560886,,,
Cc1nc(Cl)cc(Nc2ccc3c(c2)N(C)C(=O)CO3)n1,,,1.538598866,1.800428369,-0.127475393,1.477555332,,
Cc1nc(Cl)cc(Nc2cnn(C(C)(C)C)c2)n1,,,0.675686709,1.329967073,-0.165074651,1.353916231,,
Cc1nc(Cn2ncc3ccccc3c2=O)cs1,,,0.675686709,2.010897548,-0.166907133,1.653887558,,
Cc1nc(Cn2nnnc2C(C)(C)C)nc2ccccc12,,,0.870345371,2.859732568,,,,
Cc1nc(F)ccc1NC(=O)NC1CCCc2sc(-c3ccc(F)cc3)nc21,OADMET-0002674,5.28,,,,,,
Cc1nc(N(C)C)cc(C2(C)CCNCC2)n1,,,0.675686709,1.264132797,1.248950777,1.653598382,,
Cc1nc(N(C)C)nc(C)c1NC(=O)C1CCCCC1,,,0.796088429,1.877163941,-0.183312397,1.693199145,,
Cc1nc(N(C)C)ncc1C(=O)NCc1noc(-c2ccco2)n1,OADMET-0000936,3.96,,,,,,
Cc1nc(N(C)CCN(C)C(=O)CCc2ncc[nH]2)ccc1[N+](=O)[O-],OADMET-0005455,5.09,,,,,,
Cc1nc(N)c2c(C(F)(F)F)cc(C3CCN(C(=O)Cc4ccc(F)cc4)CC3)nc2n1,,,1.701930465,2.941471678,1.455032462,1.775537635,,
Cc1nc(N)ncc1C(=O)N1CCN(Cc2ccc3c(c2)OCO3)C(=O)C1,OADMET-0001137,2.75,,,,,,
Cc1nc(N2CCN(C(=O)Cc3cccc(O)c3)CC2)sc1C,OADMET-0005013,4.7,,,,,,
Cc1nc(N2CCN(C)CC2)nc(C)c1NC(=O)C1CCCCC1,,,0.675686709,1.027920136,0.549663428,1.778440684,,
Cc1nc(N2CCNCC2)c2cnn(C)c2n1,,,0.675686709,1.177853809,1.184925597,,,
Cc1nc(N2CCOc3ccccc3C2)c2cnn(C)c2n1,,,1.797038905,2.434540163,-0.289829653,1.631849462,,
Cc1nc(N2CCc3c(ncn3C)C2)c2c(C)c(C)sc2n1,,,1.974221452,2.816373226,0.28731198,1.676967814,,
Cc1nc(N2CCc3ccc(F)cc32)c2cnn(C)c2n1,OADMET-0004090,3.75,,,,,,
Cc1nc(N2CCn3ccnc3C2)c2cnn(C)c2n1,,,1.021023822,1.027920136,0.559750833,1.517063873,,
Cc1nc(NC(=O)C2CN(C)CCO2)sc1Cc1ccc(F)cc1F,OADMET-0003162,5.55,,,,,,
Cc1nc(NC(c2nccn2C)C2CC2)c2sccc2n1,,,1.64086885,2.504394735,1.142006289,1.710117365,,
Cc1nc(NC2(c3cccc(Cl)c3)CC2)c2c(C)noc2n1,,,0.964306782,2.405223381,-0.05975549,1.616790486,,
Cc1nc(NCC(C)(C)c2ccccc2)n(C)n1,,,1.030721129,2.370975449,0.030534509,1.558708571,,
Cc1nc(NCC2(C)CCCCC2O)cc(-c2ccccn2)n1,OADMET-0004702,4.85,,,,,,
Cc1nc(NCCN2C(=O)CCC2=O)c2c(C)csc2n1,,,0.907411361,2.197906043,0.780841079,,,
Cc1nc(NCc2ccc(F)c(Cl)c2)n(C)n1,,,0.890253305,1.551913324,-0.10310838,1.640878779,,
Cc1nc(NCc2ccc(F)cc2)n(C)n1,,,0.675686709,1.027920136,-0.011014098,,,
Cc1nc(NCc2ccc(N3CCOC(C)C3)nc2)c2c(C)csc2n1,OADMET-0003458,2.05,,,,,,
Cc1nc(NCc2cn(C)nc2-c2cccs2)n(C)n1,,,0.675686709,1.445370649,1.104002166,,,
Cc1nc(NCc2sccc2C)n(C)n1,,,0.675686709,1.33383001,-0.099528411,,,
Cc1nc(NCc2scnc2C)n(C)n1,,,0.675686709,1.027920136,0.623948691,1.442322956,,
Cc1nc(Nc2ccc(F)cc2)nc2c1ncn2-c1ccc(F)cc1,,,,,-0.411316362,-0.853871964,,
Cc1nc(Nc2ncc(C(=O)Nc3c(C)cccc3Cl)s2)cc(N2CCN(CCO)CC2)n1,OADMET-0003622,1.74,,,,,,
Cc1nc(Nc2nccs2)cc(C2CN(c3ncccn3)C2)n1,,,1.481858091,1.870152152,0.161092639,,0.444669231,0.374565061
Cc1nc(O)c(Cl)c(N(C)CC2CCN(C)CC2)n1,,,0.675686709,1.027920136,0.883031073,,,
Cc1nc(O)c2c(n1)CN(Cc1ccccc1)CC2,,,0.675686709,1.027920136,0.990555013,1.630326155,,
Cc1nc(O)cc(C2CCN(c3cnccn3)CC2)n1,,,0.675686709,1.304081029,1.62335555,1.704922291,,
Cc1nc(O)cc(C2CN(C3CCCCC3)C2)n1,,,0.675686709,1.027920136,1.216794513,1.617210095,,
Cc1nc(S(=O)(=O)NC2(c3ccc4c(c3)OCCO4)CC2)cn1C,OADMET-0005395,4.2,,,,,,
Cc1nc(S(=O)(=O)Nc2cnn(C(C)C)c2)c(-c2ccccc2)o1,OADMET-0005054,4.79,,,,,,
Cc1nc(SCC(=O)N(C)Cc2ccco2)c2c(C)c(C)sc2n1,OADMET-0001874,4.77,,,,,,
Cc1nc(SCC(=O)O)c2c(C)c(C)sc2n1,OADMET-0002266,3.88,,,,,,
Cc1nc([C@H]2CC[C@H](CNC(=O)CN3CCC(c4ccccc4)CC3)CC2)ccc1C(N)=O,,,1.57209289,2.590620063,1.174297192,1.846027675,,
Cc1nc2c([nH]1)-c1ccccc1N(C(=O)c1ccc(NC(=O)c3ccccc3-c3ccccc3)cc1)CC2,OADMET-0003542,5.69,,,,,,
Cc1nc2c([nH]1)-c1ccccc1NCC2,OADMET-0002139,2.96,,,,,,
Cc1nc2c(c(N(C)Cc3ccccc3)n1)CCN(Cc1ccccc1)C2,,,2.817525045,3.619866751,-0.129793418,1.472756449,,
Cc1nc2c(cnn2C(C)C)c(C)c1CCC(=O)O,,,0.675686709,1.027920136,,1.409933123,,
Cc1nc2c3ccccc3nc(SC(C)C(=O)N(C)C(C)C)n2n1,OADMET-0002780,5.925000000000001,,,,,,
Cc1nc2cc(-c3nccn3C)nn2c(NCCCN(C)C)c1C,,,0.675686709,2.778638834,1.829802333,,,
Cc1nc2cc(-c3nccn3C)nn2c(NCc2cccnc2)c1C,,,1.167524092,2.578647231,1.454776177,1.746011108,,
Cc1nc2cc(=O)[nH]n2c(C)c1CC(=O)OC1CCCCC1,,,1.021520064,2.812344392,0.037124945,,,
Cc1nc2cc(C(=O)N3CC(Oc4ccccc4Cl)C3)ccc2s1,OADMET-0001292,3.68,,,,,,
Cc1nc2cc(C(=O)N3CCc4nc5ccccc5c(=O)n4CC3)ccc2n1C,,,0.675686709,1.393452355,,1.827756863,,
Cc1nc2cc(C(=O)NC34CCCC3NCC4)ccc2c(=O)[nH]1,,,0.675686709,,-0.122836209,,1.866494097,
Cc1nc2cc(N(C)C(=O)c3cc(-c4ccc(Cl)cc4)nn3CC3CC3)ccc2[nH]1,OADMET-0004845,5.4,,,,,,
Cc1nc2cc(NC(=O)CCc3c(C)nc4c(c(C)nn4C)c3C)ccc2o1,,,1.383833312,3.04518093,1.128805354,0.968482949,,
Cc1nc2cc(NC(=O)CCc3c(C)noc3C)ccc2o1,,,0.675686709,1.894609555,0.665029798,1.592509848,,
Cc1nc2cc(NC(=O)Cc3c(C)nc4ccccc4c3C)ccc2o1,,,0.932270776,2.404046486,0.660039674,1.363799945,,
Cc1nc2ccc(-c3cccc(S(N)(=O)=O)c3)cc2cc1O,OADMET-0005717,4.33,,,,,,
Cc1nc2ccc(C(=O)NCCCN3Cc4ccccc4C3)cc2[nH]1,,,,,,1.719579858,,
Cc1nc2ccc(C(=O)NCCCc3ccc(F)cc3)cc2[nH]1,,,0.903632516,2.291031231,,1.680335513,,
Cc1nc2ccc(NC(=O)c3sc(-c4ccccn4)nc3C)cc2s1,,,1.009025742,1.585065737,-0.164551611,0.113943352,,
Cc1nc2ccccc2c(C(=O)O)c1C,,,0.675686709,1.027920136,,,,
Cc1nc2ccccc2c(N)c1C(=O)/C=C/c1ccccc1,,,1.69904817,2.9648011,-0.613195608,1.617105231,,
Cc1nc2ccccc2n1CCNc1ncccn1,,,0.675686709,2.476375075,,,,
Cc1nc2ccccc2n1Cc1ccc(C(=O)O)cc1,,,0.675686709,1.027920136,0.439029601,1.549493713,,
Cc1nc2ccccn2c1CC(=O)N1CCCN(S(C)(=O)=O)CC1,OADMET-0001035,3.12,,,,,,
Cc1nc2ccccn2c1CC(=O)NCCCSc1ccccc1,,,1.891241881,3.101632301,1.417997872,1.626443025,,
Cc1nc2ccccn2c1CNC(=O)c1c(-c2ccccc2Cl)noc1C,OADMET-0005288,4.53,,,,,,
Cc1nc2ccccn2c1CSc1nnc2n(C)c3ccccc3n12,OADMET-0002639,3.52,,,,,,
Cc1nc2ccnn2cc1C(=O)Nc1cc(C(N)=O)ccc1N1CCCCC1,OADMET-0004577,4.8,,,,,,
Cc1nc2n(c1CN1CCN(c3ncccn3)CC1)CCCC2,,,1.463370327,3.072682506,0.872118832,,,
Cc1nc2nc(SCc3ccc(C(F)(F)F)nc3)nn2c(C)c1C,OADMET-0005543,5.1,,,,,,
Cc1nc2ncc3c(n2n1)CC(C)(C)CC3=O,,,0.675686709,1.027920136,-0.08929978,,,
Cc1nc2ncc3c(n2n1)CCCC3=O,,,0.675686709,1.027920136,-0.123997434,,,
Cc1nc2ncccn2c1C(=O)N(CC#Cc1ccccc1)C1CCCC1,,,1.804405246,3.667165383,0.287250085,1.632760888,,
Cc1nc2ncccn2c1C(=O)N1CCC(c2nccn2CC(N)=O)CC1,OADMET-0000948,3.13,,,,,,
Cc1nc2scc(C)n2c(=O)c1S(=O)(=O)Nc1cccc(C(F)(F)F)c1,OADMET-0003524,5.92,,,,,,
Cc1nc2sccn2c1C(=O)NCc1ccc(S(N)(=O)=O)cc1,OADMET-0001155,1.72,,,,,,
Cc1ncc(-c2ccc(C)c(S(=O)(=O)NCc3cnn(C)c3C)c2)o1,,,2.247226718,3.138216778,1.562110112,,,
Cc1ncc(-c2ccccn2)c(CCNC(=O)C2CCCC2)n1,,,0.864392405,1.957583345,0.888055024,,,
Cc1ncc(C(=O)N(CC2CCCCC2)c2ccccn2)c(C)n1,OADMET-0005294,4.97,,,,,,
Cc1ncc(C(=O)Nc2ncnc3oc(C)c(C)c23)s1,,,1.420137355,2.203019281,-0.374299947,1.726156466,,
Cc1ncc(C)n2nc([C@@H]3C[C@H]3c3nc4c5cccnc5ccn4c3C)nc12,,,1.207149453,1.914433075,0.146032473,,,
Cc1ncc(CCN2C(=O)NC3(CCCC3)C2=O)s1,,,0.675686709,1.803218051,1.959178514,,,
Cc1ncc(CN(C)c2nnc(C)c(C)c2C#N)s1,,,,,,1.45591024,,
Cc1ncc(CN2CCC(Nc3ccc4nnnn4n3)C(C)C2)s1,,,1.208387604,2.088001348,1.439027359,,1.652285029,1.579154557
Cc1ncc(CN2CC[C@@H](Nc3cncc(Cl)n3)[C@@H](C)C2)s1,,,1.878648159,2.804398773,-0.011565693,1.722633923,1.205461507,1.264227348
Cc1ncc2c(n1)CN(CCCc1nc3ccccc3o1)CC2,,,1.926902963,2.489812285,-0.111068517,1.668385917,,
Cc1nccc(-c2ccc(-c3noc(CN4CCOCC4)n3)cc2)n1,,,0.675686709,2.025911816,-0.169234483,1.785685668,,
Cc1nccc(-c2cccc(-n3ccnc3C(C)C)c2)n1,,,1.549260818,2.698558098,0.160342886,1.606381365,,
Cc1nccc(-c2cccc(NCC(=O)N(C)c3ccccc3)c2)n1,,,1.341474094,2.602668663,-0.015985752,1.582290683,,
Cc1nccc(-c2cccc(NCC(=O)N3CCCCCCC3)c2)n1,,,2.479295959,3.311706192,-0.126078894,1.745387121,,
Cc1nccc(-c2cccc(NCC(=O)NCC(=O)N3CCCC3)c2)n1,,,0.675686709,1.209032197,1.637477924,1.842297134,,
Cc1nccc(-c2cccc(NCC(=O)NCc3ccccc3)c2)n1,,,1.79805645,2.814836026,,,,
Cc1nccc(-c2cccc(NCC(=O)Nc3ccc(F)cc3)c2)n1,,,1.59216565,2.482729271,,,,
Cc1nccc(-c2cccc(NCc3cc(C)on3)c2)n1,,,1.775428392,2.543854567,-0.270630214,1.668385917,,
Cc1nccc(-c2cn(Cc3ccccc3)c3cnccc23)n1,,,1.710749017,3.329049083,-0.170444289,1.527333397,1.122707254,1.207445854
Cc1nccc(C2(C)CCN(CC(N)=O)CC2)n1,,,0.675686709,1.027920136,0.44955787,1.77633791,,
Cc1nccc(C2CCN(Cc3ncc[nH]3)CC2)n1,,,0.675686709,1.461183271,1.409873147,1.905364069,,
Cc1nccc(N(C)Cc2ccc(N)nc2)n1,,,0.675686709,1.027920136,0.64210271,,,
Cc1nccc(N(C)Cc2nc(-c3cccnc3)no2)n1,,,0.935255282,2.300630261,-0.060692444,,,
Cc1nccc(N(CCC2CCCC2(F)F)Cc2c(C)cnn2C)n1,OADMET-0002836,2.91,,,,,,
Cc1nccc(N2CCN(C(=O)c3cc4cccnc4s3)CC2)n1,OADMET-0005081,4.91,,,,,,
Cc1nccc(N2CCN(C(=O)c3ccc(NC4CC4)nc3)CC2)n1,OADMET-0003960,4.97,,,,,,
Cc1nccc(N2CCN(C(=O)c3cnn(-c4ccccc4F)c3C)CC2)n1,OADMET-0002749,1.9,,,,,,
Cc1nccc(N2CCN(c3cc(N4CCCC4CO)ncn3)CC2)n1,OADMET-0004796,4.72,,,,,,
Cc1nccc(NC(=O)CCc2ccncc2)c1Cl,,,0.675686709,1.863816367,-0.083202685,,,
Cc1nccc(NC(=O)c2ccc(Cl)nc2Cl)n1,,,0.71941416,1.182072104,-0.261058419,,,
Cc1nccc(NC(=O)c2ccncc2Cl)c1Cl,,,1.327318058,1.892762235,-0.137282978,,,
Cc1nccc(NCc2cc3n(n2)CCN(S(C)(=O)=O)C3)n1,OADMET-0000937,2.83,,,,,,
Cc1ncccc1CNc1ccc(CC#N)cc1,,,1.259522207,2.561029791,-0.272827623,,,
Cc1ncccc1CNc1nnc(C(C)(C)C)s1,,,0.675686709,1.284566077,0.107334349,1.612041745,,
Cc1ncccc1Cc1nc(-c2ccc(NS(C)(=O)=O)cc2)no1,OADMET-0002886,1.77,,,,,,
Cc1ncccc1NC(=O)OC(C)(C)C,,,0.675686709,1.32417953,-0.121865637,,,
Cc1nccn1-c1ccc(F)cc1CNC(=O)C(C)C,,,0.92319219,1.757069426,1.34695206,1.773420723,,
Cc1nccn1-c1cncc(N2CCN(CC3CCCC3)C(=O)C2)n1,,,1.293428854,2.732459703,0.841346765,1.696356389,,
Cc1nccn1-c1ncccc1CNC1CCCc2ccc(F)cc21,OADMET-0006061,4.69,,,,,,
Cc1nccn1CC1CCCN(S(=O)(=O)N(C)C(C)C)C1,OADMET-0001251,4.47,,,,,,
Cc1nccn1CCCN1C(=O)SC(C)(C)C1=O,,,0.675686709,1.919046696,0.400132138,1.465828815,,
Cc1nccn1CCNC(=O)C(C)(C)C,,,0.675686709,1.027920136,0.814325177,1.418135498,,
Cc1nccnc1C(C)NC(=O)c1ccccc1-c1ccc(C(F)(F)F)cc1,OADMET-0002873,5.22,,,,,,
Cc1ncn(C)c1C(=O)N1CCN(CC(=O)N2CCCC2)CC1,OADMET-0001135,2.22,,,,,,
Cc1ncn(CCNC(=O)c2cncc(O)c2)c1C,OADMET-0001167,2.28,,,,,,
Cc1ncn(Cc2noc(-c3ccccc3O)n2)c1C,,,1.299093072,2.683729479,-0.19159835,,,
Cc1ncoc1C(=O)NCCN(C1CCOCC1)C1CCCN(C(=O)C2CC2)C1,OADMET-0001459,3.69,,,,,,
Cc1ncsc1-c1cncc(CC2CCCN(C)C2)n1,,,1.504946355,2.032151179,-0.013310983,,,
Cc1ncsc1-c1nc(CNc2cc(F)cc(F)c2)no1,,,1.817671121,2.82022117,,,,
Cc1ncsc1C(=O)N1CCCCC1c1nc(N(C)C)ncc1-c1cccc(Cl)c1,,,2.372418541,3.077711934,0.106454501,1.260071388,-0.083019953,0.021602716
Cc1ncsc1C(=O)N1CCCCC1c1nc(N)ncc1-c1cccc(C(F)(F)F)c1,,,2.572128951,2.761852694,0.962266995,1.155336037,0.615318657,0.86254877
Cc1ncsc1C(=O)N1C[C@@H]2CCCN(C(=O)c3scnc3C)[C@@H]2C1,,,0.675686709,1.040444098,1.914018895,1.880241776,,
Cc1ncsc1CCN1C(=O)NC2(CCCC2)C1=O,,,0.675686709,2.235679919,,,,
Cc1ncsc1CN(Cc1ccccc1)C(=O)NC1CCCCC1,OADMET-0001318,4.66,,,,,,
Cc1ncsc1CN1CCCN(c2nc3ccccc3[nH]2)CC1,,,1.562506984,2.714158691,1.702451405,1.714916248,,
Cc1ncsc1CNc1nnc(-c2ccncc2)o1,,,0.949438801,1.788627886,0.573634154,,,
Cc1nn(-c2ccc(C(=O)O)cc2C#Cc2ccccc2)c(C)c1C,,,0.675686709,2.774355626,0.582203374,1.666424373,,
Cc1nn(-c2ccc(F)cc2)c(Cl)c1C(=O)N1CCC(S(=O)(=O)C(C)C)CC1,,,0.675686709,1.153387979,1.165457253,1.828208614,,
Cc1nn(-c2ccc(F)cc2)c2ncc(C(=O)Nc3nc(C4CC4)cs3)cc12,,,0.754424789,1.510558414,,0.728353782,,
Cc1nn(-c2ccccc2)c(C)c1CN,,,,,,1.305995883,,
Cc1nn(-c2ccccc2)c(Oc2ccc(Br)cc2)c1C=O,OADMET-0001680,4.31,,,,,,
Cc1nn(-c2ccccc2)c(Sc2ccc(Cl)cc2)c1C=O,OADMET-0001513,4.98,,,,,,
Cc1nn(-c2ccccc2)cc1CNC(=O)c1cc(-c2ccncc2)nc2ccccc12,OADMET-0004004,5.15,,,,,,
Cc1nn(-c2ccccc2)cc1NC(=O)c1cc2c(C(F)(F)F)cc(=O)[nH]c2o1,OADMET-0002675,5.8100000000000005,,,,,,
Cc1nn(-c2ccccn2)c2nc(C3CC3)cc(C(=O)O)c12,,,0.689220037,1.027920136,0.402088014,1.709354776,,
Cc1nn(C(C)(C)C)cc1C(C)NC(=O)N1CCOc2cccc(F)c2C1,OADMET-0003418,5.44,,,,,,
Cc1nn(C(C)C)c(C)c1S(=O)(=O)NCC1CCN(C(=O)C2CC2)CC1,,,1.964160594,2.648008529,1.923288591,,,
Cc1nn(C(C)C)c(C)c1S(=O)(=O)Nc1noc2c1CCCC2,OADMET-0005436,4.58,,,,,,
Cc1nn(C(F)F)c(C)c1CC(=O)NCCNC(C)(C)C,,,0.675686709,2.403123954,1.312809964,,,
Cc1nn(C)c(C)c1-c1cc(C(C)(C)C)nc(N(C)C)n1,,,1.712683367,2.563052513,-0.208299638,,,
Cc1nn(C)c(C)c1-c1cc(C(C)(C)C)nc(N2CCN(C)CC2)n1,,,1.244103863,3.664309735,0.258069749,,,
Cc1nn(C)c(C)c1C(=O)NCc1c(C)c2ccccc2n1C,OADMET-0003335,1.85,,,,,,
Cc1nn(C)c(C)c1C(=O)NCc1ccccc1,,,0.675686709,1.027920136,-0.104769472,1.738066715,,
Cc1nn(C)c(C)c1CCC(=O)N1CCCc2ncccc21,,,1.902481549,2.652671722,1.355354985,1.733999287,,
Cc1nn(C)c(C)c1CCC(=O)N1CCN(C)Cc2ccccc21,,,1.870626263,2.44494058,1.661297124,1.72427587,,
Cc1nn(C)c(C)c1CCC(=O)NC(C)c1nnc(CC(=O)O)[nH]1,OADMET-0001320,2.51,,,,,,
Cc1nn(C)c(C)c1CCC(=O)Nc1ccc(Oc2nnn[nH]2)cc1,OADMET-0001063,2.44,,,,,,
Cc1nn(C)c(C)c1CNc1ccc(N2CCN(C)CC2)nc1,,,0.675686709,1.027920136,,,,
Cc1nn(C)c(C)c1NC(=O)CN1CCC2(CCCCC2)CC1,,,1.091948191,2.696723243,0.204093086,1.941262909,,
Cc1nn(C)c(C)c1NC(=O)CN1CCN(c2nccs2)CC1,,,0.675686709,1.156458285,1.277060596,1.765072201,,
Cc1nn(C)c(S(=O)(=O)Nc2cc3n(n2)CCC3)c1C(F)F,OADMET-0005004,4.35,,,,,,
Cc1nn(C)c(Sc2ccccc2)c1C(=O)Nc1cccc(N2C(=O)NCC2C)c1,OADMET-0002696,5.85,,,,,,
Cc1nn(C)c2nc(-c3ccccc3)cc(C(=O)NCc3ncnn3-c3ccccc3)c12,OADMET-0004051,4.6,,,,,,
Cc1nn(C)c2nc(-c3ccncc3)cc(C(=O)O)c12,,,0.675686709,1.027920136,,,,
Cc1nn(C)c2nc(C(C)C)cc(C(=O)O)c12,,,0.675686709,1.027920136,,1.511883361,,
Cc1nn(C)c2nc(C3CC3)cc(C(=O)Nc3nccn(C)c3=O)c12,OADMET-0005980,4.42,,,,,,
Cc1nn(C)c2nc(N3CCN(C)C[C@@H]3c3ccccc3)sc12,,,1.266419866,2.704210593,-0.072219063,1.652826303,,
Cc1nn(C)c2ncc(C(=O)N3CCCC3c3cccc(F)c3)cc12,OADMET-0005507,5.31,,,,,,
Cc1nn(C)c2ncc(C(=O)Nc3ccc4c(c3)CCO4)cc12,,,0.909502541,1.683101096,-0.243064456,1.360214613,,
Cc1nn(C)c2ncc(CNc3ccon3)cc12,,,0.675686709,1.152869054,-0.066466348,,,
Cc1nn(C)c2ncnc(N(C)Cc3cccc(Cl)c3)c12,,,1.451939869,2.814166324,-0.244865557,1.351796307,,
Cc1nn(C)c2sc(C(=O)N3CCC(C(=O)O)(c4ccccc4)CC3)cc12,,,0.675686709,1.027920136,0.931334559,1.867644234,,
Cc1nn(C)cc1C(=O)NCC1CCCN(c2ccncc2)C1,OADMET-0001173,3.3,,,,,,
Cc1nn(C)cc1C1CCCN1C(=O)COc1cccc(C=O)c1,OADMET-0001821,4.17,,,,,,
Cc1nn(C)cc1C1CCCN1C(=O)c1cnn(C2CCC2)c1,OADMET-0003313,3.31,,,,,,
Cc1nn(C)cc1CNc1nc(-c2cnccn2)nc2sc3c(c12)CCCC3,,,2.436401205,3.382335889,0.283241731,1.704322141,,
Cc1nn(C)cc1S(=O)(=O)NC(=O)c1ccc(-n2ccc(OCC(C)(C)C(F)(F)F)n2)nc1N1C[C@@H](C)CC1(C)C,OADMET-0003641,1.98,,,,,,
Cc1nn(CC(C)C)c(C)c1S(=O)(=O)N1CCC(C(=O)O)c2ccccc21,OADMET-0004795,4.66,,,,,,
Cc1nn(CC(F)F)cc1-c1nc(C2CCc3ccccc32)no1,OADMET-0005821,5.23,,,,,,
Cc1nn(CCC#N)c(C)c1Oc1ccccc1O,,,0.675686709,2.048748576,0.196711092,1.564547712,,
Cc1nn(CCNS(=O)(=O)N2CCCCC2)c(C)c1C,,,2.210973615,3.505661873,0.18623203,,,
Cc1nn(CCNS(=O)(=O)N2CCOCC2)c(C)c1C,,,0.818555779,2.422458514,0.933586406,,,
Cc1nn(Cc2c(Cl)cccc2Cl)c(SCC(=O)O)c1C=O,OADMET-0001820,4.45,,,,,,
Cc1nn(Cc2ccc(Cl)cc2)c(Cl)c1C=O,OADMET-0001687,4.18,,,,,,
Cc1nn(Cc2ccc(F)cc2)c2sc(C(=O)NC3CC34CC(O)C4)cc12,OADMET-0004872,4.77,,,,,,
Cc1nn(Cc2cccc(Br)c2)c(C)c1C(=O)O,,,0.675686709,1.027920136,0.198890899,1.710878618,,
Cc1nn(Cc2csc(-c3cccs3)n2)c(N)c1C#N,,,1.28316549,2.588775756,-0.161734487,1.597695186,,
Cc1nnc(-c2ccc(N3CCC(Oc4cc(F)ccc4Cl)CC3)nn2)o1,,,0.675686709,,-0.187045234,,0.161068385,
Cc1nnc(-c2ccc(N3CCC(Oc4ccccc4C(F)(F)F)CC3)nn2)s1,,,1.158814647,,-0.314483137,,-0.906578315,
Cc1nnc(-c2ccc3occ(-c4ccc(S(C)=O)cc4)c3c2)o1,,,0.675686709,1.788882177,0.297621812,1.651278014,0.193402903,1.077985291
Cc1nnc(-c2cccc(-c3noc(C4CC(=O)N(c5ccc6c(c5)CCC6)C4)n3)c2)[nH]1,OADMET-0003131,5.11,,,,,,
Cc1nnc(-c2cccc(C(=O)O)c2)o1,,,0.675686709,1.027920136,,1.536432176,,
Cc1nnc(-c2ccccc2-c2c[nH]nc2C)s1,,,,,,1.490239485,,
Cc1nnc(-c2ccccc2-c2ccc(O)cc2)s1,,,1.165184952,2.599016893,0.115193201,1.699751032,,
Cc1nnc(-c2ccccc2C(=O)N(C)C2CCc3ccccc3C2)o1,OADMET-0004734,4.61,,,,,,
Cc1nnc(-c2ccccc2NCc2ccsc2)o1,,,,,-0.690710537,-0.031517051,,
Cc1nnc(CCNC(=O)Nc2cc(NS(C)(=O)=O)ccc2F)s1,OADMET-0001029,2.7,,,,,,
Cc1nnc(CCNC(=O)c2ccc3nccn3c2)s1,OADMET-0001075,2.27,,,,,,
Cc1nnc(CN(C)C(=O)NCC2CCCCC2)o1,OADMET-0001162,3.5,,,,,,
Cc1nnc(CN(C)CC(C)Oc2ccc(Cl)c(Cl)c2)n1C,,,2.121697694,3.158486128,0.850877323,1.51851394,0.926290987,1.114444172
Cc1nnc(CN(C)Cc2cnn(C)c2C)s1,,,0.675686709,1.301724312,0.157974898,,,
Cc1nnc(COc2cccc(-n3ccnc3)c2)n1C1CC1,,,0.675686709,1.219348717,1.363985223,,,
Cc1nnc(N(C)C(=O)[C@]2(c3ccccc3)C[C@@H](F)C2)s1,OADMET-0005514,4.7,,,,,,
Cc1nnc(N(C)C(=O)c2c(Cl)cccc2OCC2CC2)s1,OADMET-0005836,4.83,,,,,,
Cc1nnc(N2CCC(CNc3ccc(C#N)cn3)C2)c(C#N)c1C,,,,,,0.911157609,,
Cc1nnc(N2CCCSCC2)c(C#N)c1C,,,1.553118092,3.1844268,-0.189960143,1.373463722,,
Cc1nnc(N2CC[C@H](O)C2)c(C#N)c1C,,,0.675686709,1.027920136,0.115686601,1.494711025,,
Cc1nnc(NC(=O)c2ccccc2-c2ccc(C(F)(F)F)cc2)s1,,,1.081671287,1.451187525,0.159784389,0.130333768,,
Cc1nnc(NC(=O)c2nn(-c3ccc(F)cc3)c3c2CCCC3)s1,,,1.623693698,2.356763722,,0.462397998,,
Cc1nnc(NC(C2CC2)C2CC2)c(C#N)c1C,,,,,,0.877371346,,
Cc1nnc(NCC(=O)N2CCc3sccc3C2)c(C#N)c1C,,,1.237367773,2.425750988,0.116120914,1.553883027,,
Cc1nnc(NCCc2ccc3c(c2)OCO3)c(C#N)c1C,,,1.7170544,2.970806966,-0.19630943,1.350248018,,
Cc1nnc(NCc2cccnc2)c2ccccc12,,,0.717171027,1.711326287,0.815470966,1.476106717,,
Cc1nnc(NS(=O)(=O)c2ccc(N)cc2)s1,OADMET-0003680,2.68,,,,,,
Cc1nnc2c(=O)n(CC(=O)NC3CCCC3)c3cccnc3n12,OADMET-0001375,3.39,,,,,,
Cc1nnc2ccc(-c3noc(C4CC(C)(C)Oc5ccccc54)n3)cn12,OADMET-0006080,4.24,,,,,,
Cc1nnc2ccc(N3CCC4(CCCCC4)C3)nn12,,,1.521151165,2.778047731,-0.149322989,,,
Cc1nnc2ccc(NCCOC3CCCCCC3)nn12,,,1.698213674,2.954687674,0.189066296,,,
Cc1nnc2ncc(-c3ccc(OC(C)C)cc3)cn12,OADMET-0001186,3.7,,,,,,
Cc1nnc2ncc(-c3cccc(-c4ccnn4C)c3)cn12,,,0.675686709,1.49159979,-0.03202529,,,
Cc1nnc2ncc(-c3cccc4ccnn34)cn12,,,0.969741977,1.598910824,-0.330017864,,,
Cc1nnccc1NC(=O)NCc1nc(C(C)(C)C)co1,OADMET-0005357,4.78,,,,,,
Cc1nnnn1-c1ccc(C(=O)N2CC(C)Cc3ccccc32)c(F)c1,OADMET-0003380,5.02,,,,,,
Cc1nnnn1-c1ccc(NS(=O)(=O)NCc2ccccc2)cc1,OADMET-0001235,3.35,,,,,,
Cc1nnnn1-c1cccc(NC(=O)c2ccc(-n3cnc4ccccc43)nc2)c1,OADMET-0002723,2.89,,,,,,
Cc1nnnn1-c1cccc(NC(=O)c2cccc(-n3cnnc3)c2)c1,OADMET-0001114,2.55,,,,,,
Cc1nnnn1-c1cccc(NC(=O)c2ccnn2C)c1,OADMET-0002947,3.34,,,,,,
Cc1nnnn1CCC(=O)NC1CCN(c2ccc(F)cc2)CC1,OADMET-0001296,2.71,,,,,,
Cc1nnnn1CCC(=O)NCc1noc(-c2ccc3c(c2)OCO3)n1,OADMET-0001027,3.67,,,,,,
Cc1nnnn1CCC(=O)Nc1ccc2[nH]c(C(C)O)nc2c1,OADMET-0001178,2.53,,,,,,
Cc1nnnn1CCCc1ccccc1,,,,,,0.753583059,,
Cc1nnnn1CCN(C)c1ccccc1,,,0.944482672,2.344040372,-0.224538885,1.048053173,,
Cc1nnsc1C(=O)NC1CCCC1c1ccccc1C(F)(F)F,OADMET-0005061,5.39,,,,,,
Cc1nnsc1CN(C)c1ccc2cc[nH]c2n1,,,1.594094078,2.533792388,-0.226993894,1.389520466,,
Cc1noc(-c2ccc(-c3ccc(CC(=O)O)cc3)cc2)c1NC(=O)O[C@H](C)c1ccccc1Cl,,,0.675686709,1.289455166,0.886108359,1.017033339,,
Cc1noc(-c2ccc(NC(=O)Cc3ccccc3)cc2)n1,,,0.893095666,1.757008635,-0.241501407,0.899820502,,
Cc1noc(-c2ccc(S(=O)(=O)NCCCn3ccnn3)o2)c1C,OADMET-0000969,3.92,,,,,,
Cc1noc(-c2ccccc2C(=O)O)n1,,,0.675686709,1.027920136,,1.54740546,,
Cc1noc(C(C)C)c1C(=O)N1CC(C)OC(c2ccccc2)C1,,,1.852187112,3.206827764,-0.025704041,,1.180469962,1.111934276
Cc1noc(C(C)C)c1C(=O)Nc1ccccn1,,,1.453914321,2.70725669,-0.280270154,1.765445018,,
Cc1noc(C(C)N2CC3CCC(C2)N3C(=O)C2CC(C)(C)C2)n1,OADMET-0002545,4.96,,,,,,
Cc1noc(C)c1-c1cc(-c2ccccc2Cl)nc(C2CC2)n1,,,1.338536173,2.160243372,-0.287221652,,,
Cc1noc(C)c1-c1cn(C(C(=O)N(C)C)c2ccccc2)nn1,OADMET-0006014,5.39,,,,,,
Cc1noc(C)c1C(=O)N1CCCC1C(C#N)c1ccccc1,OADMET-0004794,4.58,,,,,,
Cc1noc(C)c1C(=O)N1CCCN(c2ccc(F)cc2)CC1,,,2.045596772,2.753002846,0.256253381,1.745074792,,
Cc1noc(C)c1C(=O)NC1CCN(c2ccccc2C(F)(F)F)C1,OADMET-0002922,5.42,,,,,,
Cc1noc(C)c1C(C)c1nc(CCCOc2cccc3ccccc23)no1,OADMET-0004776,4.98,,,,,,
Cc1noc(C)c1CC(=O)N(Cc1ccccc1)C1CC(C)(C)OC1(C)C,OADMET-0005905,4.67,,,,,,
Cc1noc(C)c1CC(=O)N1CCc2[nH]c3ccc(Br)cc3c2C1,,,2.220850463,2.696490064,0.705362871,0.11058971,,
Cc1noc(C)c1CCC(=O)Nc1cccnc1,,,0.675686709,1.50711343,0.859932852,1.745933158,,
Cc1noc(C)c1CNC(=O)c1cc2c(s1)CCN(C(=O)c1ccc(Cl)cc1)C2,OADMET-0001437,4.53,,,,,,
Cc1noc(C)c1CO[C@@H]1COCC[C@H]1NC(=O)c1csc(N)n1,OADMET-0001057,3.65,,,,,,
Cc1noc(C)c1COc1ccc2ncccc2c1,,,1.938479696,2.528250614,,,,
Cc1noc(C)c1CS(=O)(=O)C1CCCc2ccccc21,,,2.282839546,3.146576988,-0.020845638,,,
Cc1noc(C)c1CS(=O)(=O)Cc1cccc2c1OCCO2,,,1.600243016,3.358958802,0.39060979,1.726727209,,
Cc1noc(C)c1CSC(=N)N1CCOCC1,,,0.675686709,1.027920136,0.084377165,,,
Cc1noc(C)c1N(C)CCn1cncn1,,,0.675686709,1.584365152,,,,
Cc1noc(C)c1S(=O)(=O)N1CCC(N(CCCN2CCCC2)C(=O)C(C)C)C1,OADMET-0001465,4.41,,,,,,
Cc1noc(C2CCN(C(=O)C3(c4cccc(F)c4)CCC3)CC2)n1,,,1.733165153,3.388510958,-0.064809899,1.882524538,,
Cc1noc(C2CCN(CC(N)=O)CC2)n1,,,0.999478534,1.473282548,,1.48784512,,
Cc1noc(C2CCN(CCc3ccccc3)CC2)n1,,,1.255730685,2.651511578,-0.307897398,1.8049568,,
Cc1noc(CC(NC(=O)Cc2cccc(N3CCCC3=O)c2)c2ccccc2)n1,OADMET-0005384,4.62,,,,,,
Cc1noc(CC2CCN(Cc3cccnc3)CC2)n1,,,0.754883228,1.689104542,,,,
Cc1noc(CCNC(=O)N2CC(C)(C)[C@H]3CCC[C@H]32)n1,OADMET-0005421,4.68,,,,,,
Cc1noc(CCNc2cccc(F)c2C#N)n1,,,1.6098291,2.425499984,,,,
Cc1noc(CCNc2ncnc3ccccc23)n1,,,0.675686709,1.974810944,-0.03353182,1.581608366,,
Cc1noc(COc2cccnc2C)n1,,,0.675686709,1.372249014,-0.151372422,,,
Cc1noc(Cc2ccc(C)c(O)c2)n1,,,1.0309234,1.717678823,,,,
Cc1noc(Cl)c1CCC(=O)N1CCCCC1CC(C)O,OADMET-0005864,4.77,,,,,,
Cc1noc(NCc2c(C)nn(C)c2C)n1,,,0.675686709,1.027920136,0.126511871,,,
Cc1noc(NCc2ccc(F)cc2C)n1,,,0.675686709,1.834395268,-0.230109065,,,
Cc1noc(NCc2cccc(-c3cccnc3)c2)n1,,,1.311690301,2.194960894,-0.123980616,1.539327064,,
Cc1noc(OCC(=O)N2CCCCCC2)n1,,,0.675686709,1.027920136,0.003248718,1.701049631,,
Cc1noc([C@@H]2C[C@H](NC(=O)c3ccc(F)cc3)CN2C)n1,,,0.837714668,1.213358354,-0.101389988,1.209515015,,
Cc1noc2nc(-c3cccc(C(F)(F)F)c3)cc(C(=O)N3CCSCC(C)C3)c12,OADMET-0003503,6.140000000000001,,,,,,
Cc1noc2nc(-c3ccccc3F)cc(C(=O)O)c12,,,,,,1.592287816,,
Cc1noc2nc(C(C)C)cc(C(=O)N3CCOCC3(C)C3CC3)c12,OADMET-0005619,5.05,,,,,,
Cc1noc2ncc(-c3nnc(CC(C)(C)C)o3)cc12,,,,,,1.57599562,,
Cc1noc2ncc(C(=O)Nc3nc(C4CC4)cs3)cc12,,,1.953648568,2.575872243,-0.291178559,1.06069784,,
Cc1noc2ncc(NC(=O)c3ccc(N(C)C)c(C=O)c3)cc12,OADMET-0001494,2.26,,,,,,
Cc1noc2ncc(S(=O)(=O)NC3C4CCc5ccccc5C43)cc12,OADMET-0005635,4.89,,,,,,
Cc1noc2ncc(S(=O)(=O)Nc3ccc(CN4C(=O)CCCC4=O)cc3)cc12,OADMET-0003281,5.45,,,,,,
Cc1noc2ncnc(N3CCCN(C(=O)C4CC4)CC3)c12,,,0.808210973,2.171749849,1.325711233,,,
Cc1nocc1Cc1noc(-c2cccn(CC(C)C)c2=O)n1,OADMET-0006072,5.44,,,,,,
Cc1nocc1S(=O)(=O)Nc1cccc(S(=O)(=O)N(C)c2ccccc2)c1,OADMET-0002574,4.79,,,,,,
Cc1nonc1C(=O)NCCc1c[nH]c2cccc(C3(O)CCOCC3)c12,,,,,,1.786751422,,
Cc1nonc1C(=O)Nc1cccnc1N(C)C,,,1.220918364,2.238031041,,,,
Cc1nonc1CNC(=O)c1cnn2cc(CCO)cnc12,OADMET-0000965,2.96,,,,,,
Cc1nsc(C=O)c1C(=O)N1CCC2(CCCC2)CC1,OADMET-0001828,4.3,,,,,,
Cc1nsc(N2CCCN(c3ccc(C(F)(F)F)c(C#N)c3)CC2)n1,OADMET-0003258,6.105,,,,,,
Cc1nsc(NC(=O)c2cc(C3CC3)nc3c2c(C)nn3C)c1C#N,OADMET-0002726,5.01,,,,,,
Cc1nsc(NCc2cncs2)n1,,,0.675686709,1.226135722,-0.165109904,,,
Cc1nsc(Nc2ccccc2)c1C#N,,,2.477524961,2.893243406,-0.434750438,,,
Cc1nscc1NS(=O)(=O)c1cccc2c1OC(C)(C)C2,OADMET-0002679,5.27,,,,,,
Cc1oc(-c2ccccc2)cc1C(=O)N1CCC(n2ccnn2)CC1,OADMET-0004810,4.49,,,,,,
Cc1oc(-c2ccccc2)nc1Cc1nc(Cc2ccon2)no1,OADMET-0005632,5.1,,,,,,
Cc1oc(-c2cccs2)nc1CC(=O)N(C)Cc1c(F)cccc1Cl,OADMET-0003320,5.24,,,,,,
Cc1oc(-c2cnn(C)c2)nc1C(=O)NC1(C)CC=CCC1,OADMET-0005097,4.73,,,,,,
Cc1oc(C#N)cc1C(=O)N1CCN(CC(F)(F)F)CC(C)C1,OADMET-0005893,5.01,,,,,,
Cc1oc(C(C)(C)C)cc1C(=O)N1CCc2c(ncn2C)C1,OADMET-0005308,4.49,,,,,,
Cc1oc(C)c(C(=O)N(C)Cc2ccccc2N2CCOCC2)c1C,,,2.961988865,3.763435781,0.198800888,1.790636962,,
Cc1oc(C)c(C(=O)N2CCNC(=O)C2)c1Br,,,0.675686709,1.027920136,0.772271975,1.858837851,,
Cc1oc(C)c(C(=O)NCC#Cc2ccccc2)c1C,,,2.028611915,3.121231127,-0.350581533,1.681422156,,
Cc1oc(C)c(C(=O)Nc2ccn(C)n2)c1C,,,1.877521077,1.971651518,-0.22431506,1.564666064,,
Cc1oc2cc(OCC(=O)Nc3nccs3)ccc2c(=O)c1Oc1ccc(F)cc1,,,,,-0.013336197,-0.301029996,,
Cc1oc2ccccc2c1C(=O)N1CCC(Cc2nc3ccccc3[nH]2)CC1,OADMET-0005969,4.57,,,,,,
Cc1oc2ccccc2c1CNc1nnc(-c2ccncc2)o1,,,1.523538372,2.149366932,0.009096206,,0.717254313,-0.172630727
Cc1oc2ncnc(NCc3cc(F)cc4c3OCOC4)c2c1C,,,2.1041353,3.309033241,-0.257526027,,,
Cc1occ(-c2ccccc2)c1C(=O)NC[C@]1(CO)COC[C@@H](C)N1C,OADMET-0005147,4.62,,,,,,
Cc1occc1C(=O)NCC(=O)Nc1nc2cc(Cl)ccc2n1C,,,0.977449227,2.290499837,0.117710441,1.434568904,,
Cc1onc(-c2c(Cl)cccc2Cl)c1C(=O)N1CCc2ccccc2C1,OADMET-0002042,5.61,,,,,,
Cc1onc(-c2c(Cl)cccc2Cl)c1C(=O)O,OADMET-0002259,4.01,,,,,,
Cc1onc(-c2c(F)cccc2Cl)c1C(=O)NC1CC(=O)N(C(C)C)C1=O,OADMET-0004685,4.63,,,,,,
Cc1onc(-c2ccc(Cl)cc2Cl)c1C(=O)Nc1ccc(F)c(C(N)=O)c1,OADMET-0004978,5.05,,,,,,
Cc1onc(-c2ccccc2Cl)c1C(=O)N(C)c1ccc(Cl)cc1,OADMET-0001943,5.52,,,,,,
Cc1onc(-c2ccccc2Cl)c1C(=O)NCc1cccs1,OADMET-0002029,4.37,,,,,,
Cc1onc(-c2ccccc2Cl)c1C(=O)N[C@@H]1C(=O)N2[C@@H]1SC(C)(C)[C@@H]2C(=O)[O-],OADMET-0003642,2.74,,,,,,
Cc1onc(-c2ccccc2Cl)c1C(=O)O,OADMET-0002265,2.94,,,,,,
Cc1onc(-c2cccs2)c1C(=O)Nc1cnn(C(C)C2CC2)c1,OADMET-0003390,5.29,,,,,,
Cc1onc(N)c1S(=O)(=O)N1CC(c2ccccc2)C2(CCC2)C1,OADMET-0003010,5.63,,,,,,
Cc1onc(OC(F)F)c1NC(=O)c1cc(-c2ccccc2)nc2c1c(C)nn2C,OADMET-0002892,5.42,,,,,,
Cc1oncc1C(=O)Nc1ccc(C(F)(F)F)cc1,OADMET-0001858,1.9,,,,,,
Cc1oncc1C(=O)O,OADMET-0002238,2.19,,,,,,
Cc1sc(-c2ccc3c(c2)OCO3)nc1-c1cn(CC2CCCN2)nn1,OADMET-0005183,4.46,,,,,,
Cc1sc(-c2ccccn2)nc1-c1ccc(NC(=O)C(C)C)cc1,,,1.188168859,1.688019161,-0.204915725,0.149219113,,
Cc1sc(=O)n(CC(=O)N(c2ccccn2)C2CCCC2)c1C,OADMET-0005021,5.0,,,,,,
Cc1sc(C(C)NC(=O)CC2(C(=O)[O-])CCC2)nc1-c1ccc(Cl)cc1,OADMET-0004428,4.61,,,,,,
Cc1sc(C)c(C(=O)NC2(c3ccc(C(=O)O)cc3)CC2)c1Cc1ccc(C(F)(F)F)cc1,,,0.675686709,1.494405076,0.913027369,1.710963119,,
Cc1sc(NC(=O)CN(C(C)C)C2COC2)c(C#N)c1C,OADMET-0003408,5.45,,,,,,
Cc1sc(NC(=O)CN2CCOC(C3CCCO3)C2)c(C)c1C,,,1.10561236,2.267669121,0.002242958,1.784617293,,
Cc1sc(NC(=O)c2ccc(CN3CCCCC3=O)cc2)c(C(N)=O)c1C,OADMET-0004349,4.1,,,,,,
Cc1sc2nc(-c3cccnc3)nc(N3CCC(S(N)(=O)=O)C3)c2c1C,OADMET-0004836,4.11,,,,,,
Cc1sc2nc(C(C)Nc3ccc4c(c3)NC(=O)CC4)[nH]c(=O)c2c1C,OADMET-0004327,4.89,,,,,,
Cc1sc2nc(CN3CCC(C)CC3)nc(N3CCN(c4cnccn4)CC3)c2c1C,,,2.357942466,3.295722319,0.969034354,1.623145875,,
Cc1sc2nc(CN3CCCC3)nc(N)c2c1C,,,0.675686709,3.440757997,1.245216491,1.649821463,,
Cc1sc2nc(CN3CCOCC3)nc(N3CCN(c4ccncc4)CC3)c2c1C,,,1.26218996,2.448822219,1.461071039,1.884058647,,
Cc1sc2ncn(Cc3c(F)cccc3Cl)c(=O)c2c1C,,,1.902948818,2.879027029,,,,
Cc1sc2ncn(NC(=O)COc3ccc(C(N)=O)cc3)c(=O)c2c1-c1ccccc1,OADMET-0005919,4.54,,,,,,
Cc1sc2ncnc(N3CCC(C(=O)Nc4ccccn4)CC3)c2c1C,,,,,,0.267171728,,
Cc1sc2ncnc(OCC(=O)NC3CCCCC3)c2c1C,,,1.541304603,2.576675294,0.200833378,1.236537261,,
Cc1sc2ncnc(OCC(=O)Nc3ccc4c(c3)OCO4)c2c1C,,,,,-0.00623067,-0.585026652,,
Cc1scc(C(=O)Nc2sc3c(c2C(=O)NCC2CCCO2)CCCC3)c1C,OADMET-0003029,5.44,,,,,,
Clc1cc2c(NC3CCCC3)nnc(-c3ccncc3)c2cc1Cl,,,,,-0.137057832,-0.721246399,,
Clc1cc2ncc(-n3ccnc3)nc2cc1Cl,,,1.226032503,2.127700734,-0.314355198,0.471291711,,
Clc1ccc(-c2ccc(CNCC3CCCO3)o2)c(Cl)c1,,,1.743149009,3.019742553,-0.204548622,1.483587297,,
Clc1ccc(C(Cn2ccnc2)OCc2ccsc2Cl)c(Cl)c1,OADMET-0003690,4.57,,,,,,
Clc1ccc(C(c2ccccc2Cl)C(Cl)Cl)cc1,OADMET-0003666,4.43,,,,,,
Clc1ccc(C2(c3ccc(-c4cn[nH]c4)cc3)CCNCC2)cc1,,,0.675686709,1.027920136,1.995635195,1.267171728,,
Clc1ccc(COc2cccc(N3CCNCC3)c2)cc1,,,0.71858472,2.50573588,,1.365487985,,
Clc1ccc(CSc2nc(-c3ccccc3)c[nH]2)cn1,,,2.360279033,3.458937447,-0.206768914,,,
Clc1ccc(CSc2nc(-c3ccccc3)cs2)cn1,,,2.344101337,3.354011769,,,,
Clc1ccc(Cc2nc(-c3ccccc3)n[nH]2)cn1,,,1.611500263,1.824529338,0.182622539,1.302763708,,
Clc1ccc(Cc2nc(-c3cccnc3)no2)cc1,,,1.429461577,2.340313212,-0.339554181,1.217483944,,
Clc1ccc(NCc2ccoc2)nn1,,,0.675686709,1.027920136,-0.226034417,1.331629718,,
Clc1ccc(Nc2c3c(nc4ccccc24)CCCC3)cc1,OADMET-0001486,5.08,,,,,,
Clc1ccc2[nH]c(COc3ccccc3)nc2c1,,,1.444934344,2.528736778,,1.470263447,,
Clc1ccc2c(N3CCNCC3)ccnc2c1,OADMET-0002101,3.26,,,,,,
Clc1ccc2c(NCCN3CCOCC3)ncnc2c1,,,1.066661302,2.329078398,0.135542858,,,
Clc1ccc2c(Oc3cccnc3)ncnc2c1,,,1.222404291,1.671839052,-0.184449341,1.5984622,,
Clc1ccc2c(c1)CCc1cccnc1C2=C1CCNCC1,,,0.675686709,2.034720679,1.679829195,,,
Clc1ccc2oc(/C=C/c3csnn3)nc2c1,,,,,,-0.721246399,,
Clc1cccc(-c2nnc(Cn3cnc4ccccc43)o2)c1,,,0.859198362,2.086188927,-0.062260208,1.437750563,,
Clc1cccc(CNc2nc(C3CC3)no2)c1,,,1.342442421,2.218144096,-0.322188489,1.466719372,,
Clc1cccc(Cl)c1Cc1n[nH]c(CCCn2cccn2)n1,,,1.999748036,2.764486232,1.123483912,,,
Clc1cccc(Nc2ncnc3[nH]ncc23)c1Cl,,,,,,0.509874285,,
Clc1ccccc1C(c1ccccc1)(c1ccccc1)n1ccnc1,,,,,,0.571126277,,
Clc1ccccc1CN1CCc2sccc2C1,OADMET-0003611,4.28,,,,,,
Clc1ccccc1CNCc1ccc2c(c1)OCCO2,,,2.680778648,3.337312075,-0.35373457,1.389520466,,
Clc1ccccc1N1CCC(c2nc(-c3cccc4[nH]ccc34)no2)C1,OADMET-0005584,4.05,,,,,,
Clc1cnc(NCC2(CN3CCCC3)CC2)nc1,,,0.675686709,2.128648012,-0.134515284,,,
Clc1cnc(NCC2(c3ccncc3)CC2)nc1,,,1.415357362,2.673481697,,,,
Clc1cnc(Oc2ccc3cn[nH]c3c2)nc1,,,1.111564935,1.43907994,,,,
Clc1snnc1CN1CCCN(c2nc3ccccc3[nH]2)CC1,,,2.021615112,3.159559373,1.116505637,1.44963265,,
Cn1c(-c2ccc(F)cc2)cnc1NC(=O)CCC(=O)N1CC(=O)Nc2ccccc21,,,1.606972206,2.508423321,1.682981334,1.78724788,,
Cn1c(-c2ccc3ccccc3n2)nnc1N1CCOC2(CCCCCC2)C1,OADMET-0004259,4.21,,,,,,
Cn1c(-c2ccccc2)cnc1NCc1ccccc1,,,2.704214884,3.526665909,-0.300197914,1.442793226,,
Cn1c(-c2n[nH]c3c2CCCC3)nnc1N1CCC2(CNC(=O)C2)C1,,,0.675686709,,0.699593363,,1.792986685,
Cn1c(-c2nc(C3(c4ccc(F)cc4)CCC3)no2)cccc1=O,OADMET-0005993,5.08,,,,,,
Cn1c(=O)c(C(=O)CSc2nc3ccccc3n2C)c(N)n(Cc2ccccc2)c1=O,,,2.92364496,3.380791722,1.114002873,,,
Cn1c(=O)c2c(nc3n2CCN3Cc2c(F)cccc2Cl)n(C)c1=O,,,1.074926097,2.163510221,0.104708268,0.713490543,,
Cn1c(=O)c2c(ncn2C)n(C)c1=O,,,0.675686709,1.027920136,-0.073637098,,,
Cn1c(=O)c2c(ncn2CCOC(=O)C(C)(C)Oc2ccc(Cl)cc2)n(C)c1=O,OADMET-0003660,4.58,,,,,,
Cn1c(=O)c2cc(C(=O)N3CCCC(n4ccnn4)C3)cnc2n(C)c1=O,OADMET-0002925,3.58,,,,,,
Cn1c(=O)cc(N2CCC[C@@H](N)C2)n(Cc2cc(F)ccc2C#N)c1=O,,,0.675686709,1.027920136,,,,
Cn1c(=O)n(-c2ccc(C(C)(C)C#N)cc2)c2c3cc(-c4cnc5ccccc5c4)ccc3ncc21,,,1.827771877,1.960475918,,,,
Cn1c(=O)n(C)c2cc(CN3CCC(c4ccc(Cc5ccccc5F)cn4)CC3)ccc21,,,1.928616017,2.033885953,0.79508038,1.752509401,,
Cn1c(=O)n(C2CCCC2)c(=O)c2c(F)cccc21,,,1.366665721,2.618293953,-0.161110091,1.41447195,,
Cn1c(=O)n(Cc2cccc(OC(F)F)c2)c2cnccc21,,,1.017033339,2.32059697,0.126314146,1.690993032,,
Cn1c(=O)n(Cc2cccnc2)c(=O)c2ccc(C(F)(F)F)nc21,,,0.675686709,1.922798094,-0.190345096,,,
Cn1c(=O)oc2c(C(=O)N[C@H]3c4ccccc4CC[C@H]3O)cccc21,OADMET-0004769,4.76,,,,,,
Cn1c(=O)oc2cc(NC(C3CC3)C3CC3)ccc21,,,1.134049543,2.268596691,,,,
Cn1c(=O)oc2cc(NS(=O)(=O)c3ccc(Cl)c(F)c3)ccc21,OADMET-0005226,4.2,,,,,,
Cn1c(=O)oc2cc(S(=O)(=O)Nc3cnc(C(C)(C)C)nc3)ccc21,OADMET-0004760,5.27,,,,,,
Cn1c(C(=O)N2CCC(C(N)=O)CC2)cc2cc(Cl)ccc21,OADMET-0001895,3.94,,,,,,
Cn1c(C(=O)N2CCCC(S(C)(=O)=O)C2)c(Cl)c2ccccc21,OADMET-0004818,4.88,,,,,,
Cn1c(C(=O)N2CCN(CCc3ccccc3)C(=O)C2)cc(=O)n(C)c1=O,,,0.675686709,1.501552187,0.920418254,1.775901579,,
Cn1c(C(=O)NC2(c3nnc[nH]3)CCC2)cc2cc(C(F)(F)F)ccc21,OADMET-0004088,3.99,,,,,,
Cn1c(C(=O)NCCCc2nnc(N)s2)cc(=O)n(C)c1=O,OADMET-0000938,2.34,,,,,,
Cn1c(C(=O)NS(=O)(=O)c2ccc(F)cc2F)cc2ccsc21,OADMET-0002699,5.22,,,,,,
Cn1c(C(=O)O)cc2cc(Cl)ccc21,OADMET-0002331,3.77,,,,,,
Cn1c(C2C(C3CC3)CCN2C(=O)c2nc(C3CC3)n3ccccc23)n[nH]c1=O,OADMET-0005508,5.34,,,,,,
Cn1c(C2C(C3CC3)CCN2c2nccc(C#N)c2Cl)n[nH]c1=O,OADMET-0005322,4.88,,,,,,
Cn1c(C2CC2)nc2c1CCN(c1ncnc3ccsc13)C2,,,1.503858749,3.038396003,,1.702430536,1.237065953,1.192985379
Cn1c(C2COc3ccccc3O2)nnc1N1CCOC2(CCCCCC2)C1,OADMET-0005261,5.05,,,,,,
Cn1c(CCCC(=O)O)nc2cc(N(CCCl)CCCl)ccc21,OADMET-0003673,1.83,,,,,,
Cn1c(CNC(=O)Cc2cccc3ccccc23)nc2ccccc21,,,2.272319764,3.20146677,0.366691248,1.002166062,,
Cn1c(CNC(=O)Cc2ccccc2)nc2ccccc21,,,0.877486528,1.952506693,0.353014136,1.650987094,,
Cn1c(CNc2ccc(C(=N)N)cc2)nc2cc(C(=O)N(CCC(=O)O)c3ccccn3)ccc21,OADMET-0003745,2.69,0.675686709,1.027920136,-0.298566333,0.691081492,,
Cn1c(Cc2cccs2)nc2cc(C(=O)N3CC(Cc4ccc(F)cc4F)C3)ccc21,OADMET-0003536,5.82,,,,,,
Cn1c(Cc2ccsc2)nnc1N1CCCc2ccccc2CC1,OADMET-0002840,5.14,,,,,,
Cn1c(NC(=O)C2CC2c2ccc(Cl)cc2)nc2ccccc21,,,,,,-0.522878745,,
Cn1c(NC(=O)c2ccn(COc3ccccc3)n2)nc2ccccc21,,,,,,0.763427994,,
Cn1c(SCC(=O)NCc2cccc(C#N)c2)nnc1-c1ccccc1Cl,OADMET-0004883,4.76,,,,,,
Cn1c(SCOCc2ccccc2)nnc1C1CC1,,,1.433625845,2.433529826,-0.243942058,,,
Cn1c2cc(S(C)=O)sc2c2cnn(Cc3cccc(N)c3)c(=O)c21,,,0.691788524,1.695507944,,,,
Cn1cc(-c2ccc(-c3cncc(Cl)c3N3CCC4(CCNC4=O)CC3)cc2)cn1,,,1.817796667,2.487877603,1.786259707,0.492760389,,
Cn1cc(-c2ccc(C(=O)N3CCCC(n4ccnn4)CC3)o2)cn1,OADMET-0003454,1.78,,,,,,
Cn1cc(-c2ccc(F)c(C(=O)NCC[C@H]3CCCC[C@H]3O)c2)cn1,OADMET-0002917,3.95,,,,,,
Cn1cc(-c2ccc3nnc(C(F)(F)c4ccc5ncccc5c4)n3n2)cn1,,,0.675686709,1.772336379,0.975904038,1.633569443,,
Cn1cc(-c2cccc3c(C(N)=O)cccc23)cn1,,,0.675686709,1.628971005,0.068819499,,,
Cn1cc(-c2ccccc2CNC(=O)N[C@H]2c3ccccc3C[C@H]2O)cn1,OADMET-0005043,4.94,,,,,,
Cn1cc(-c2ccnc(/C=C/c3ccc(F)cc3Br)n2)cn1,,,,,-0.181536668,-0.167491087,,
Cn1cc(-c2cn3nccc3c(-c3cnn([C@]4(CC#N)C[C@@H](C#N)C4)c3)n2)cn1,,,0.675686709,1.027920136,1.726392071,0.342422681,1.559583476,1.364100521
Cn1cc(-c2nc(C(=O)Nc3ccc4c(c3)OCCCO4)cs2)cn1,,,0.951386095,2.354891768,,1.531478917,,
Cn1cc(-c2nc(C(=O)Nc3cccnc3-n3cncn3)cs2)cn1,,,,,,0.282168778,,
Cn1cc(-c2nc(C(F)(F)F)c[nH]2)cn1,,,,,,1.604009932,,
Cn1cc(-c2nc3cc(F)ccc3n2C)c(C2CCC2)n1,OADMET-0005201,4.31,,,,,,
Cn1cc(-c2nnc(NCc3ccc4ccccc4c3)o2)cn1,,,0.853637382,1.665796678,-0.154029405,1.050379756,,
Cn1cc(Br)cc1C(=O)N1CCc2nn[nH]c2C1,,,0.675686709,1.641464195,,,,
Cn1cc(C#N)c(NC(=O)c2cc(C3CC3)n(C(C)(C)C)n2)n1,OADMET-0003280,5.32,,,,,,
Cn1cc(C#N)cc1-c1nc(C2CC2)nn1CCc1ccccc1,,,2.263813537,3.271445916,-0.030456182,1.692318044,,
Cn1cc(C(=O)N2CCC(C(=O)Nc3ccc4c(c3)OCO4)CC2)c(-c2coc3ccccc23)n1,OADMET-0004442,4.7,,,,,,
Cn1cc(C(=O)N2CCC(CC(=O)O)CC2)cn1,,,0.675686709,1.027920136,,1.758154622,,
Cn1cc(C(=O)N2CCC(c3cc(C(F)(F)F)c4c(n3)CCNC4=O)CC2)ccc1=O,,,0.675686709,1.027920136,-0.123931927,1.724603515,,
Cn1cc(C(=O)NC(CO)c2ccccc2C(F)(F)F)n(C)c1=O,OADMET-0002980,3.17,,,,,,
Cn1cc(C(=O)NCCc2c[nH]c3ccccc23)c(-c2cccnc2)n1,,,1.558300478,2.618166334,1.461941301,1.750122527,,
Cn1cc(C(=O)NCCc2ccc3ccccc3n2)c(-c2cc(F)ccc2F)n1,OADMET-0003150,4.86,,,,,,
Cn1cc(C(=O)NCc2cc(C(C)(C)C)n[nH]2)c(=O)[nH]c1=O,OADMET-0001267,3.29,,,,,,
Cn1cc(C(=O)N[C@H]2c3ccccc3CC[C@H]2O)c2cc(F)ccc21,OADMET-0005078,5.24,,,,,,
Cn1cc(C(=O)O)c(-c2cccnc2)n1,,,,,,1.610873,,
Cn1cc(C(=O)O)c(C2CCCCC2)n1,,,0.675686709,1.027920136,0.017499777,1.526726867,,
Cn1cc(C(C)(C)NC(=O)C#Cc2ccc3c(c2)OCO3)cn1,,,0.675686709,1.70814885,0.589952849,,,
Cn1cc(C(NC(=O)c2cccc3c2OCC3)C(C)(C)C)cn1,OADMET-0005858,5.29,,,,,,
Cn1cc(C2CCCN(C(=O)c3cc(-c4ccccc4)ccn3)C2)cn1,OADMET-0004510,4.78,,,,,,
Cn1cc(C2CCN(CC(=O)N3CCc4sccc4C3)CC2)cn1,,,0.675686709,2.09887206,0.441134159,1.792251572,,
Cn1cc(C=O)cc1C(=O)NC(Cn1ccnc1)c1ccccc1,OADMET-0001517,3.1,,,,,,
Cn1cc(CCC(=O)N2CC(O)(c3ccc(F)cc3)C2)c2ccccc21,OADMET-0002815,5.72,,,,,,
Cn1cc(CCCNC(=O)C2CC(=O)N(C3CC3)C2)cn1,OADMET-0000961,2.44,,,,,,
Cn1cc(CCNC(=O)N2CCCc3c(F)cccc32)cn1,,,1.400555257,2.360875405,0.232412679,1.62838893,,
Cn1cc(CCNC(=O)N2CCc3sccc3C2)cn1,,,1.177334456,1.834827466,0.180133765,1.601516784,,
Cn1cc(CCNc2cncc(Br)c2)cn1,,,1.079868335,2.0416374,-0.184039547,1.606381365,,
Cn1cc(CCOc2ccc(Br)cc2C=O)cn1,OADMET-0001551,4.07,,,,,,
Cn1cc(CN2CCCC(c3ccnc(Nc4cnccn4)c3)C2)cn1,,,0.888516461,2.253381626,0.8034241,,,
Cn1cc(CN2CCN(c3ccccc3O)CC2)c(-c2ccncc2)n1,,,1.436623741,2.572999317,0.430572064,1.520876382,,
Cn1cc(CN2CCc3nc4ccccc4c(=O)n3CC2)cn1,,,0.675686709,1.298460069,0.443558806,,,
Cn1cc(CNCCc2c(C(F)(F)F)[nH]c3ccccc23)cc1C#N,OADMET-0005156,4.31,,,,,,
Cn1cc(CNc2ncccn2)c(C(C)(C)C)n1,,,0.675686709,2.559899447,-0.043409666,,,
Cn1cc(Cl)c(C(=O)Nc2nc(-c3ccccn3)nc3sccc23)n1,OADMET-0002695,2.69,,,,,,
Cn1cc(N2CC(C(=O)N3CC(=O)N(C4CC4)C3)CCC2=O)cn1,OADMET-0002945,2.68,,,,,,
Cn1cc(NC(=O)Cc2cccc(Cl)c2)c2ccccc2c1=O,OADMET-0002877,3.08,,,,,,
Cn1cc(NC(=O)NCc2ccc3occc3c2)c(C2CCCCC2)n1,OADMET-0005715,4.82,,,,,,
Cn1cc(NC(=O)[C@@H]2CCCCN2C(=O)OC(C)(C)C)cn1,,,0.675686709,1.449940989,0.612987096,1.827692289,,
Cn1cc(NC(=O)c2ccc(OCC3CCOCC3)nc2)cn1,,,0.675686709,1.614781248,0.469679644,1.699490845,,
Cn1cc(NC(=O)c2ccccc2C(F)(F)F)cn1,,,0.675686709,1.027920136,-0.082079165,1.576226137,,
Cn1cc(NC(=O)c2cn(Cc3ccccc3)nn2)cn1,,,0.675686709,1.027920136,0.011924444,1.368658712,,
Cn1cc(NC(=O)c2cnn3cccnc23)c(C2CCCCC2)n1,,,1.575845718,2.274889527,0.089584264,,,
Cn1cc(NC(=O)c2csc(Cc3ccccc3)n2)cn1,,,1.375590463,1.811286721,,1.538322333,,
Cn1cc(NS(=O)(=O)c2ccc3c(c2)CCC3)c(C2CCCCC2)n1,OADMET-0002744,5.34,,,,,,
Cn1cc(Nc2nc(N)nc(-c3cccc(-n4ccc5cc(C6CC6)cc(F)c5c4=O)c3CO)n2)cn1,,,0.675686709,1.578593372,1.386464306,,0.850401148,0.581038949
Cn1cc(Nc2nccc(N3CC4CCC(C3)N4C(=O)[C@@H]3CC3(F)F)n2)cn1,,,0.860996437,1.511656132,1.600468919,,1.642995934,1.786412441
Cn1cc(S(=O)(=O)NCc2nncn2CCc2ccccc2)c(=O)n(C)c1=O,OADMET-0001250,3.09,,,,,,
Cn1cc([C@@H]2C[C@H]2NC(=O)CCc2cccc3ccccc23)cn1,OADMET-0005207,4.3,,,,,,
Cn1cc([C@H]2[C@H](CNc3ccc(OC(F)F)cn3)CC(=O)N2C(C)(C)C)cn1,OADMET-0005400,4.83,,,,,,
Cn1cc2c(n1)CCCC2C(=O)N1CCCC(c2nnc3n2CCCCC3)C1,OADMET-0004728,4.34,,,,,,
Cn1ccc(-c2cn(CC(O)c3ccc(Cl)cc3Cl)nn2)n1,OADMET-0005820,4.47,,,,,,
Cn1ccc(C(=O)N2CCCC(c3cccc(-c4cccc(Cl)c4)n3)C2)n1,,,1.799071617,2.825639642,-0.084921164,1.426511261,,
Cn1ccc(C(=O)NCCc2cc3nc(-c4ccncc4)ccn3n2)n1,,,0.945763923,2.022605682,,,,
Cn1ccc(CN2C(=O)c3ccccc3C2=O)cc1=O,,,0.675686709,1.082390378,0.278115947,1.699404082,,
Cn1ccc(CN2CCC(c3cnccn3)CC2)n1,,,0.675686709,1.428167203,-0.007503683,1.698970004,,
Cn1ccc(CSc2n[nH]c(-c3cc(F)cc(F)c3)n2)n1,,,1.111464152,2.118800235,-0.236640029,,,
Cn1ccc(NC(=O)N(Cc2cccc(F)c2)C2CCC2)cc1=O,OADMET-0005376,4.8,,,,,,
Cn1ccc(NC(=O)[C@H]2CCCCN2C(=O)OC(C)(C)C)n1,,,0.675686709,2.188430657,0.405408249,1.627263417,,
Cn1ccc(NC(=O)c2cc(-c3ccncc3)nc3ccccc23)n1,,,1.330271691,1.817624858,,1.498310554,,
Cn1ccc2c(C(=O)NCC3CSCCN3C(=O)c3cccc4c3ccn4C)cccc21,OADMET-0003138,5.47,,,,,,
Cn1ccc2c(C(=O)Nc3ncn(Cc4cccnc4)n3)cccc21,,,0.675686709,1.490295665,1.739361105,1.62838893,,
Cn1ccc2c(NC(=O)N3CCCN(C(=O)Oc4ccccc4)CC3)cccc21,,,1.620677284,2.890300272,,1.856608068,,
Cn1cccc(C(=O)NCc2nc(C(C)(C)C)no2)c1=O,,,0.675686709,2.13664448,0.156899699,,,
Cn1cccc1C1CCCCN1C(=O)CCN1C(=O)COc2ccccc21,OADMET-0005949,5.28,,,,,,
Cn1cccc1C1CCCCN1C(=O)CNC(=O)c1cc2ccccc2[nH]1,OADMET-0002725,5.35,,,,,,
Cn1cccc1C1CCCCN1C(=O)c1cc(-c2ccccc2)no1,OADMET-0005223,5.2,,,,,,
Cn1cccc1C1CCCN1C(=O)C1CC(=O)N(Cc2ccccc2)C1,OADMET-0005154,4.89,,,,,,
Cn1cccc1CCC(=O)N1CCCN(C2CCCC2)CC1,OADMET-0001264,2.91,,,,,,
Cn1cccc1Cc1nnc(SCC(=O)N2CCCCC2)n1CCc1ccccc1,OADMET-0001488,5.22,,,,,,
Cn1ccnc(N2CCN(S(=O)(=O)c3ccccc3)CC2)c1=O,OADMET-0002986,4.6,,,,,,
Cn1ccnc1-c1cccc(NC(=O)c2cc3ccccc3c(=O)[nH]2)c1,OADMET-0003889,4.89,,,,,,
Cn1ccnc1-c1noc(NCc2ccccc2)n1,,,0.702775078,2.285167845,0.082553411,,,
Cn1ccnc1C(=O)N1CCC(C(=O)N2CCCCCCNC(=O)CC2)CC1,OADMET-0001446,2.51,,,,,,
Cn1ccnc1C(NC(=O)Cn1nnnc1N)c1ccccc1,OADMET-0001009,3.21,,,,,,
Cn1ccnc1C(Nc1nccn2ncc(Br)c12)c1ccccc1,OADMET-0002874,5.33,,,,,,
Cn1ccnc1C1CCN(C(=O)COCc2nc3cc(F)ccc3[nH]2)CC1,,,0.675686709,1.788860992,,,,
Cn1ccnc1C1CCN(Cc2c(F)cccc2Cl)CC1,OADMET-0001045,4.29,,,,,,
Cn1ccnc1CCNC(=O)c1cccc2cccnc12,,,1.058843415,2.175720503,0.895701982,1.618257345,,
Cn1ccnc1CN(C(=O)c1[nH]c2ccccc2c1Cl)C1CC1,,,1.956437379,3.352950636,1.09220264,1.794348604,,
Cn1ccnc1CN1CCC(c2c[nH]c3ccccc23)CC1,OADMET-0003217,4.220000000000001,,,,,,
Cn1ccnc1CN1CCN(Cc2ccc(F)cc2C#N)CC1,,,0.675686709,2.64966289,0.79950237,1.642365581,,
Cn1ccnc1CNc1cc(Br)ccc1-n1cccn1,,,1.49931585,2.463495823,-0.075092295,1.686636269,,
Cn1ccnc1COc1ccc(CO)cc1,,,,,,1.758760544,,
Cn1ccnc1Cn1cc(-c2ccc3cnccc3c2)nn1,OADMET-0002853,1.76,,,,,,
Cn1ccnc1[C@@H]1OCCC[C@H]1NC(=O)CC(C1CCC1)C1CCC1,OADMET-0005706,4.86,,,,,,
Cn1cnc(-c2ccc(C(=O)N3CCCC(C4CC4)C3)cc2)n1,OADMET-0005700,4.04,,,,,,
Cn1cnc(-c2cccc(NC(=O)c3cccc4cccnc34)c2)n1,OADMET-0004207,4.22,,,,,,
Cn1cnc(C(=O)NCCN(C2CCOCC2)C2CCCN(C(=O)C3CC3)C2)c1,OADMET-0001458,3.0,,,,,,
Cn1cnc(S(=O)(=O)NCCN(C2CCOCC2)C2CCCN(C(=O)C3CC3)C2)c1,OADMET-0001457,2.9,,,,,,
Cn1cnc2c(c1=O)CCN(C(=O)NC1CCCc3c(F)cc(Cl)cc31)C2,OADMET-0005889,4.76,,,,,,
Cn1cnc2c1CCN(C(=O)c1nc(-c3cccs3)n(-c3ccccc3)n1)C2,OADMET-0003085,4.21,,,,,,
Cn1cnc2cc(C(=O)Nc3cnn(-c4ccccc4)c3)ccc21,OADMET-0003134,5.09,,,,,,
Cn1cnc2ccc(C(=O)Nc3cccc(CSc4ccccn4)c3)nc21,OADMET-0005730,4.59,,,,,,
Cn1cnc2ncn(Cc3nc(CCc4ccc(Cl)cc4)no3)c(=O)c21,,,1.254403046,2.330436096,1.195409352,,,
Cn1cncc1-c1ncccc1C(=O)N1CCCC1,,,0.675686709,1.027920136,1.237707308,1.733839001,,
Cn1cncc1C(=O)NC1(c2cc(F)cc(F)c2)CC1,OADMET-0001208,4.11,,,,,,
Cn1cncc1C(=O)Nc1cc(-c2ccc(Cl)cc2)nn1CCO,OADMET-0005327,4.4,,,,,,
Cn1cncc1CCNC(=O)[C@H]1CC1(C)C,,,0.675686709,1.027920136,0.915507491,1.459693976,,
Cn1cnnc1-c1cccc(NS(=O)(=O)c2cc3c(cc2Cl)OCCO3)c1,,,1.203576775,2.488270026,1.227585992,,,
Cn1cnnc1-c1cccc(NS(=O)(=O)c2ccc(N3CCCC3=O)cc2)c1,,,0.675686709,1.254523909,0.568639918,1.752816431,,
Cn1cnnc1-c1cccc(NS(=O)(=O)c2ccc3c(c2)OCCCO3)c1,,,1.752632239,2.255494421,1.900949917,,,
Cn1cnnc1C1CCCN1c1cccc(-n2cnc3ccccc32)n1,OADMET-0002571,6.0600000000000005,,,,,,
Cn1cnnc1CCn1ccnc1-c1cc2ccccc2s1,,,0.675686709,1.403240665,2.12642685,1.517855419,,
Cn1cnnc1CNc1ccccc1C#N,,,0.675686709,1.027920136,0.659309751,1.526726867,,
Cn1cnnc1NC(=O)C1(c2ccc(Cl)c(Cl)c2)CCC1,OADMET-0004824,4.13,,,,,,
Cn1cnnc1NC(=O)c1cnn2c1CCCC2,,,0.675686709,1.027920136,0.596126048,,,
Cn1cnnc1Sc1ccc(C(=O)Nc2ccccc2OCC(F)F)cc1[N+](=O)[O-],OADMET-0003864,4.92,,,,,,
Cn1nc(-c2cc(F)cc(F)c2)cc1N,,,1.641493941,1.687858793,-0.216606982,,,
Cn1nc(-c2cccnc2)cc1C(=O)N1CCC2(CC1)OCCc1ccccc12,OADMET-0002561,5.32,,,,,,
Cn1nc(-c2cccnc2)cc1C(=O)N1c2ccccc2CC1(C)C,OADMET-0002846,5.4,,,,,,
Cn1nc(-c2ccco2)cc1NC(=O)NC(c1ccccn1)C1CC1,OADMET-0005413,4.22,,,,,,
Cn1nc(-c2cn(Cc3ccc(CO)cc3)nn2)c2c(Cl)cccc21,,,1.001171015,2.278977548,0.709326696,1.283301229,,
Cn1nc(-c2nc(-c3ccc(C(F)(F)F)[nH]c3=O)no2)c2c1CCSC2,OADMET-0003329,5.67,,,,,,
Cn1nc(C(=O)N2CCOc3ccccc3C2CO)c2ccccc21,OADMET-0002908,5.19,,,,,,
Cn1nc(C(=O)N2CCc3ccccc3C2CO)cc1C(F)F,OADMET-0005281,4.42,,,,,,
Cn1nc(C(=O)NC2(c3ccc(Cl)cc3)CCOCC2)cc1C1CC1,OADMET-0005060,5.25,,,,,,
Cn1nc(C(=O)NC2CCCOc3c(F)cccc32)cc1C(F)F,OADMET-0005419,5.38,,,,,,
Cn1nc(C(=O)N[C@@H]2C[C@H]2c2cccc(F)c2)cc1C1CC1,OADMET-0005276,4.92,,,,,,
Cn1nc(C(=O)Nc2cnc3c(c2)CCCC3)c2c1CCCC2,OADMET-0003326,5.39,,,,,,
Cn1nc(C2CC2)c2[nH]c(-c3cccc(CN4CCOCC4)c3)nc21,,,1.273834318,2.38811364,1.715892652,1.694078462,,
Cn1nc(C2CCCCC2)cc1NS(=O)(=O)CCc1ccccc1,OADMET-0004823,4.24,,,,,,
Cn1nc(C2CCCCC2)cc1NS(=O)(=O)c1cc2c(cc1F)NC(=O)CC2,OADMET-0005734,4.85,,,,,,
Cn1nc(C2CCCN(C(=O)C3CCC3)C2)n(C2CCCC2)c1=O,OADMET-0001414,4.86,,,,,,
Cn1nc(C2CCNCC2)c2cccnc21,,,0.675686709,1.559343951,0.836347585,1.727134424,,
Cn1nc(CNC(=O)C2CCC2)c2ccccc21,,,1.097847077,2.167323243,-0.179136093,,,
Cn1nc(CNC(=O)Nc2cccnc2-c2ccccc2)cc1C1CC1,OADMET-0003002,5.38,,,,,,
Cn1nc(CNC(=O)[C@H]2COCC[C@H]2c2ccccc2)cc1C1CC1,OADMET-0002558,4.57,,,,,,
Cn1nc(CNC[C@@H](O)c2ccc(Cl)cc2)c2ccccc21,OADMET-0005941,5.07,,,,,,
Cn1nc(N)c2ccc(Br)cc21,,,1.380826057,1.976611303,-0.142890907,,,
Cn1nc(NC(=O)CNC(=O)c2ccc(Br)cc2)cc1C1CC1,OADMET-0004094,4.41,,,,,,
Cn1nc(NC(=O)N2CCC(c3ccccc3)C2)c2ccccc21,OADMET-0004402,4.66,,,,,,
Cn1nc2c(c1S(=O)(=O)Nc1ccc(F)c(O)c1F)CCCC2,OADMET-0005444,4.57,,,,,,
Cn1nc2cccc(S(=O)(=O)NCCCc3csc(N)n3)c2n1,OADMET-0001283,4.0,,,,,,
Cn1ncc(C(=O)N(Cc2ccccc2)C2CCCC2(C)C)c1C#N,OADMET-0003412,5.975,,,,,,
Cn1ncc(C(=O)NC(CO)c2ccsc2)c1Cc1ccccc1,OADMET-0004967,4.8,,,,,,
Cn1ncc(C(=O)NC2CCS(=N)(=O)c3ccc(F)cc32)c1Cc1ccccc1,OADMET-0005124,4.5,,,,,,
Cn1ncc(C(=O)NCC2CCC3(CC(C(=O)OC(C)(C)C)C3)O2)c1Cc1ccccc1,OADMET-0002653,5.44,,,,,,
Cn1ncc(C(=O)Nc2cccc3cc[nH]c23)c1-n1cccc1,OADMET-0005782,4.83,,,,,,
Cn1ncc(C2CC2)c1C(=O)N1CCCN(c2ccc(Cl)c(Cl)c2)CC1,OADMET-0002583,5.91,,,,,,
Cn1ncc(CN2CCC(N3CCC(O)CC3)CC2)c1C1CC1,OADMET-0001360,3.02,,,,,,
Cn1ncc(NC(=O)N2CCCC(C)(F)C2)c1-c1ccccc1,OADMET-0005939,4.44,,,,,,
Cn1ncc(NC(=O)NCC(C)(C)c2ccc3ccccc3c2)c1C(F)F,OADMET-0005660,4.75,,,,,,
Cn1ncc(S(=O)(=O)Nc2cccc(Sc3ccccc3)c2)n1,OADMET-0005204,4.61,,,,,,
Cn1ncc2c(=O)[nH]c(CCC(=O)N3CCC(c4ccc(F)cc4)CC3)nc21,OADMET-0005615,4.93,,,,,,
Cn1ncc2c(N3CCN(c4ccc(Cl)c(Cl)c4)CC3)ncnc21,,,,,,-0.886056648,,
Cn1ncc2c(NOCc3ccccc3)ncnc21,,,1.181872159,1.695858019,,,,
Cn1ncc2c(Oc3cccc(C(C)(C)C)c3)ncnc21,,,1.564121376,2.667123137,-0.319064179,0.591064607,,
Cn1ncc2c(Oc3cccc(Oc4ccccn4)c3)ncnc21,,,1.005952287,2.56717346,-0.172614085,1.600101256,,
Cn1ncc2c1CC(C)(C)CN(C(=O)NCc1ccc(Br)s1)C2,OADMET-0004833,5.21,,,,,,
Cn1ncc2c1CCc1sc(NC(=O)c3cccnc3)nc1-2,,,1.221153322,1.950165189,0.198563892,1.034227261,,
Cn1ncc2cc(-c3ccnc4[nH]ccc34)ccc21,,,2.068119042,2.838213549,-0.215766263,0.669316881,,
Cn1ncc2ccc(CNc3ncnc4ccc(F)cc34)cc21,OADMET-0003528,1.91,,,,,,
Cn1nccc1C(=O)C1CCN(C(=O)c2cc(C(C)(C)C)nn2C)CC1,,,0.675686709,1.990796,,,,
Cn1nccc1C(=O)C1CCN(C(=O)c2cccs2)CC1,,,1.087994255,1.988902155,,,,
Cn1nccc1C(=O)NCCc1cc2nc(-c3cccs3)ccn2n1,,,1.829522473,2.751771641,,,,
Cn1nccc1C1(NC(=O)Nc2nc(C(C)(C)C)ns2)CC1,OADMET-0003366,5.59,,,,,,
Cn1nccc1C12CCC(C1)C2C(=O)NCCCc1c[nH]nc1C(F)(F)F,OADMET-0006022,4.97,,,,,,
Cn1nccc1C1CCCN1CC(=O)Nc1cc(F)ccc1F,OADMET-0005757,4.52,,,,,,
Cn1nccc1CC1CCN(C2CCCC2)CC1,,,0.675686709,2.410927313,-0.026771289,1.41763774,,
Cn1nccc1N1CCCC(NC(=O)NC2CC(OC(C)(C)C)C2)C1=O,OADMET-0005159,4.4,,,,,,
Cn1nccc1S(=O)(=O)N1Cc2ccccc2C(c2ccccc2)C1,OADMET-0003490,5.57,,,,,,
Cn1nccc1S(=O)(=O)Nc1cccc(Cl)c1N1CCOCC1,OADMET-0005092,4.73,,,,,,
Cn1ncnc1C(NC(=O)CCn1ccc(=O)[nH]c1=O)C1CC1,OADMET-0001022,2.31,,,,,,
Cn1ncnc1COc1nn2c(-c3c(F)cccc3F)nnc2cc1C1CCC1,,,0.675686709,1.610351364,1.865535566,1.617419747,,
Cn1ncnc1COc1nn2c(-c3cc(F)ccc3F)nnc2cc1C(C)(C)C,,,0.675686709,1.729496866,0.764501538,,,
Cn1ncnc1NCc1cc(F)cc(F)c1,,,0.675686709,1.027920136,-0.120795544,,,
Cn1nnc(CNC(=O)N2Cc3ccccc3CC2c2ccccc2)n1,OADMET-0005869,4.47,,,,,,
Cn1nnc(CNS(=O)(=O)c2ccc(C(C)(C)C)cc2)n1,OADMET-0005965,5.07,,,,,,
Cn1nnc2cc(C(=O)N(CC3CCCCC3)c3ccccn3)cnc21,OADMET-0005926,5.25,,,,,,
Cn1nnc2cc(C(=O)N3CCCC(n4ccc(C(F)(F)F)n4)C3)ccc21,OADMET-0004683,5.31,,,,,,
Cn1nnc2cc(S(=O)(=O)NC3(C(F)(F)F)CCCC3)ccc21,OADMET-0004971,4.6,,,,,,
Cn1nncc1S(=O)(=O)NCC1CCCc2ccccc21,OADMET-0005411,4.91,,,,,,
Cn1nnnc1SCCNC(=O)N1CCN(c2ncccc2C#N)CC1,OADMET-0001061,4.08,,,,,,
Cn1nnnc1SCCNC(=O)c1nc(=O)[nH]c2ccccc12,OADMET-0001236,2.57,,,,,,
Cn1sc(Cl)cc1=O,OADMET-0003784,2.59,,,,,,
FC(F)(F)C1(c2nc(-c3cc(C4CC4)[nH]n3)no2)CC2(CCC2)C1,OADMET-0002668,5.03,,,,,,
FC(F)(F)COc1ccc(CN2CCc3c(cnn3-c3ccccc3)C2)nn1,,,1.354953146,1.899004751,-0.22885435,1.716670976,,
FC(F)(F)Cn1c(-c2ccccc2)cnc1SCc1nccs1,OADMET-0004831,4.42,,,,,,
FC(F)(F)Cn1ccc(Cc2nc(-c3ccsc3Cl)no2)n1,OADMET-0004958,4.97,,,,,,
FC(F)(F)Oc1ccccc1-c1noc(C2(c3ccccc3)CC2)n1,OADMET-0004575,4.36,,,,,,
FC(F)(F)[C@@H]1C[C@H]1Cn1cc(-c2ccn(C3CCC3)n2)nn1,OADMET-0004736,4.33,,,,,,
FC(F)(F)c1ccc(N2CCC[C@H]2COc2ccccc2)nn1,OADMET-0002785,5.41,,,,,,
FC(F)(F)c1ccc(Nc2nc3cc(Oc4ccnc(-c5ncc(C(F)(F)F)[nH]5)c4)ccc3[nH]2)cc1,,,,,-0.065626088,-0.455931956,,
FC(F)(F)c1ccccc1-c1cn(CCc2ccccn2)nn1,OADMET-0005185,4.5,,,,,,
FC(F)(F)c1nc(Nc2ccc(-n3cnnn3)cc2)c2ccccc2n1,,,0.675686709,1.027920136,0.053139809,0.06069784,,
FC(F)(F)c1nccc(NCCSc2nc3ccccc3o2)n1,,,2.408097439,2.873189771,-0.499591167,1.65195607,,
FC(F)OC(F)(F)C(F)Cl,OADMET-0003672,1.95,,,,,,
FC(F)c1noc(CN2Cc3ncccc3N3CCC[C@H]3C2)n1,OADMET-0005654,5.16,,,,,,
Fc1c(CN2CCC(c3nnc4ccccn34)CC2)cccc1OC1CC1,,,1.176756667,2.077785645,0.63268879,,,
Fc1cc(-c2ccc(Cn3ccnc3)cc2)c2ncccc2c1,OADMET-0000952,3.99,,,,,,
Fc1cc(-c2ccncc2)ccc1CNc1ncccn1,,,1.386659455,2.377051137,-0.074381912,,,
Fc1cc(-c2noc(-c3cccc4[nH]ncc34)n2)ccc1Cn1cncn1,OADMET-0003204,1.87,,,,,,
Fc1cc(-c2noc(C3CCN(C4CC4)CC3)n2)cc(F)c1F,,,1.87478902,2.771893804,,,,
Fc1cc(Br)ccc1CNCc1ccccn1,,,1.423032772,2.648480035,1.078920472,,,
Fc1cc(CCNc2ncnc3sccc23)c2c(c1)COCO2,,,2.339252634,3.447841197,,,,
Fc1cc(CN2CCCN(Cc3cccnc3)CC2)ccc1Cl,OADMET-0001200,4.17,,,,,,
Fc1cc2cc[nH]c2c(F)c1-c1cnn(C2CCCCO2)c1,OADMET-0004723,4.31,,,,,,
Fc1ccc(-c2cc(C3CCNCC3)ccn2)cc1,,,0.675686709,1.027920136,,1.613101517,,
Fc1ccc(-c2ccc3c(c2)[nH]c2ccncc23)cn1,,,1.226135722,2.208589142,-0.329004434,,0.653405491,0.640978057
Fc1ccc(-c2cn(C[C@]34C[C@H]3CCC4(F)F)nn2)c(Cl)c1,OADMET-0004741,4.94,,,,,,
Fc1ccc(-c2n[nH]cc2CN(Cc2cccnc2)Cc2cccnc2)cc1,OADMET-0001276,4.6,,,,,,
Fc1ccc(-c2nnc(CN3CCC(c4c[nH]c5ccccc45)CC3)o2)cc1,,,1.467045452,2.362456085,,0.903089987,,
Fc1ccc(-n2cc(/C=C/c3ccnnc3)nn2)cc1Cl,,,,,-0.192678081,-0.568636236,,
Fc1ccc(-n2nc(C3CCOCC3)nc2-c2cn[nH]c2)c(F)c1,,,0.675686709,1.79698346,1.292186407,1.412964272,,
Fc1ccc(C2CCC(n3cc(C4CCNCC4)nn3)C2)cc1F,OADMET-0006082,5.18,,,,,,
Fc1ccc(CCNc2ncnc3ncccc23)cc1,,,1.124634624,1.905542243,0.370644573,,,
Fc1ccc(CN2CCCN(c3ccc4nnnn4n3)CC2)cc1,,,1.504457269,2.792201119,-0.217184651,,,
Fc1ccc(CNc2nnc(-c3ccc4c(c3)OCO4)o2)cc1,,,1.978769224,3.652460244,-0.504341318,0.409933123,,
Fc1ccc(F)c(-c2nc(C3CCOCC3)nn2-c2cccnc2)c1,,,0.675686709,1.862375899,0.122416298,1.545430829,,
Fc1ccc(F)c(CN2CCN(Cc3ccc4c(c3)OCO4)CC2)c1,,,2.020460728,2.611558691,-0.190428001,1.42975228,,
Fc1ccc(F)c2c(NCc3ccc(N4CCOCC4)nc3)ccnc12,,,1.608472546,2.178559709,0.111837627,1.645225712,,
Fc1ccc(N2CCNCC2)cc1,OADMET-0002333,2.17,,,,,,
Fc1ccc(NCc2cccc(OCCN3CCOCC3)c2)nc1,,,1.008344629,2.447650986,-0.111983709,1.598024072,,
Fc1ccc(Nc2nc(N3CCCCC3)c3nccnc3n2)cc1,,,,,-0.516295395,-0.920818754,,
Fc1ccc2[nH]c(CO[C@H]3CN(Cc4ccccc4)C[C@H]3F)nc2c1,,,1.94888222,2.987411064,-0.053185066,1.549003262,,
Fc1ccc2oc(Cn3nnc(-c4ccsc4)n3)nc2c1,,,,,,1.480581787,,
Fc1cccc(CCNCc2cc(-c3ccccc3)cn3nnnc23)c1,,,2.27956657,3.236257298,-0.148734639,1.137037455,,
Fc1cccc(CN2CCN(Cc3c[nH]c(CC4CCCC4)n3)CC2)c1,OADMET-0001060,3.97,,,,,,
Fc1cccc(CN2CCN(c3ncccn3)CC2)c1,,,2.045369927,3.048810681,-0.278212067,1.579783597,,
Fc1cccc(CN2CCNCC2)c1,OADMET-0002071,2.72,,,,,,
Fc1cccc(Cl)c1CCc1noc(C2(n3cccn3)CC2)n1,OADMET-0005946,5.06,,,,,,
Fc1cccc(Cl)c1CNCCc1c[nH]c2ccccc12,,,2.474006353,3.332564892,-0.33989325,1.683767261,,
Fc1cccc(Cn2nnc(-c3ccccc3)n2)c1F,,,,,-0.446410436,-1.0,,
Fc1cccc(N2CCCC2)c1CN1CCN(Cc2ccon2)CC1,,,1.782164352,3.538634048,-0.19396052,,,
Fc1cccc(N[C@H]2CCCN[C@H]2Cc2ccccc2)c1,,,1.785557602,2.818103112,,1.62930764,,
Fc1cccc(OC2CCN(Cc3nc4ccccc4[nH]3)CC2)c1,,,1.970039879,3.293056783,-0.0882077,1.739255803,,
Fc1cccc(Oc2nnnn2-c2ccccc2)c1,,,,,,1.116275588,,
Fc1cccc2c1CC[C@@H]2n1cc(C2CCCNC2)nn1,OADMET-0005304,4.6,,,,,,
Fc1cccc2c1CN(Cc1c[nH]nc1-c1cccnc1)CC2,,,1.968226032,3.094119498,,,,
Fc1ccccc1-c1c[nH]nc1C1CCCN1Cc1ccc2ncccc2c1,,,2.601584178,3.213226004,0.353495036,1.465382851,0.545801757,0.460897843
Fc1ccccc1-c1noc(-c2ccc(NCCc3cnccn3)nc2)n1,,,1.007064656,2.87459487,-0.846715251,0.741151599,,
Fc1ccccc1CCC1CCCN(c2nnnn2-c2ccccc2)C1,OADMET-0001299,4.92,,,,,,
Fc1ccccc1CN1CCN(c2ncccn2)CC1,,,1.927878283,2.902895597,-0.144563043,1.558708571,,
Fc1ccccc1CNc1nc(-c2ccccc2)no1,,,1.389236984,2.118519341,-0.218367089,0.545307116,,
Fc1ccccc1N1CCNCC1,OADMET-0002053,2.49,,,,,,
Fc1cnc(N2C[C@@H](c3ccccc3)[C@@H]3[C@H]2C2CCN3CC2)nc1,OADMET-0001139,3.79,,,,,,
Fc1cncc(-c2cnc(NCc3ccc(Cl)c(F)c3)nc2)c1,,,1.174350597,2.016092742,-0.469469757,0.505149978,,
N#C/C(=C\c1ccc(O)c(O)c1)C(=O)NCc1ccccc1,,,,,,1.628695383,,
N#C/C(=C\c1cnn(Cc2ccccc2)c1)c1nc2cc(Cl)ccc2c(=O)[nH]1,,,,,0.068462042,-0.769551079,,
N#CC(CS(=O)(=O)NCCCc1ccccc1)C1CCOCC1,OADMET-0005454,4.69,,,,,,
N#CC(c1ccccc1)C1CCCN1C(=O)Nc1ccc2c(c1)SCC(=O)N2,OADMET-0003832,5.34,,,,,,
N#CC1(C(=O)N2CCN(Cc3ccccn3)CC2)CCCCC1,,,1.030680664,2.906020253,0.045284987,1.716587578,,
N#CC1(C(=O)NCC2(C3CC3)CC2)CCCCC1,,,1.27567983,3.034711859,-0.146788279,,,
N#CC1(C(=O)Nc2ccc3c(F)n[nH]c3c2)CCCCC1,OADMET-0003866,5.07,,,,,,
N#CC1(C2CCCC2)CCN(C(=O)C2CCNc3ccccc3C2)CC1,OADMET-0004684,5.0,,,,,,
N#CC1(CCCN2CCN(c3ccnc4ccccc34)CC2)CCOCC1,OADMET-0002724,2.6,,,,,,
N#CC1(CN2CCc3cc(-c4ccccc4)oc3C2)CC1,,,1.861456745,2.701927877,-0.564486937,1.480868924,,
N#CC1(NC(=O)C2CCCCCC2)CC1,,,0.675686709,1.027920136,,1.523095838,,
N#CC1(NC(=O)CN2CCOCC2)CCCCCC1,,,0.675686709,1.816638945,0.330369893,1.653791187,,
N#CC1(NC(=O)Cc2cc3c(ccc4ccccc43)o2)CCOCC1,,,1.94107891,2.848311688,,,,
N#CC1(NC(=O)c2ccc3c(c2)OCO3)CCCC1,,,0.675686709,1.811963552,,,,
N#CC1(c2nnc(-c3ccc(COc4ccccc4)o3)o2)CCCC1,OADMET-0005512,5.01,,,,,,
N#CC1CC2(C1)CC(C(=O)N1CCc3sccc3C1c1ccccc1)C2,OADMET-0002832,5.38,,,,,,
N#CCC(=O)O,OADMET-0002145,2.02,,,,,,
N#CCC1(n2cc(-c3ncnc4[nH]ccc34)cn2)CNC1,,,,,,1.5132176,,
N#CCCCN1CCC(c2c[nH]c3ccccc23)CC1,,,1.376668186,3.238583242,-0.337708825,1.737033531,,
N#CCCCN1CCN(c2cc(C#N)ccn2)CC1,,,0.675686709,2.255197704,-0.251844489,1.615318657,,
N#CCCCn1cc(C(=O)N2CCN(Cc3cccs3)CC2)c2ccccc21,OADMET-0002915,4.97,,,,,,
N#CCCN(C(=O)c1cccs1)C12CC3CC(CC(C3)C1)C2,,,2.417627779,3.364089817,-0.274595068,0.857332496,,
N#CCCN(C(=O)c1sccc1C#N)C12CC3CC(CC(C3)C1)C2,,,2.505268036,3.203705577,0.063072071,0.892094603,,
N#CCCN(c1ncnc2sccc12)C1CC1,,,1.042339205,2.364156856,-0.146303415,1.600101256,,
N#CCCn1nc(C(F)(F)F)cc1O,,,,,,1.36398783,,
N#CCCn1ncnc1-c1cccc(C#N)c1,,,0.675686709,1.027920136,,,,
N#CCN(C(=O)c1cn(-c2ccc(Br)cc2)cn1)C1CC1,,,0.675686709,1.758025755,0.017556898,1.814913181,,
N#CCN(CN1C(=O)CC2(CCCC2)C1=O)C1CC1,,,,,,1.585686278,,
N#CCN1CCC(CNC(=O)c2c(F)ccc(F)c2F)CC1,,,0.682415862,1.197115081,0.246213181,,,
N#CCN1CCCN(Cc2ccc(C#N)cc2)CC1,,,1.81624793,2.426488489,,1.577261954,,
N#CCNC(=O)c1ccc(C#N)c(Cl)c1,,,0.675686709,1.027920136,,,,
N#CCSCC(=O)NC1CCCCCC1,,,0.675686709,1.582370217,-0.129080752,1.651181062,,
N#CC[C@H](C1CCCC1)n1cc(-c2ncnc3[nH]ccc23)cn1,OADMET-0003802,4.61,,2.607477542,1.035733431,1.538196578,0.630986911,1.244598701
N#CCc1ccc(NC(=O)C2CC2)cc1,,,,,,1.485011215,,
N#CCc1ccc(NC(=O)NC2(c3c(F)cccc3F)CCC2)c(Cl)c1,OADMET-0003357,6.255,,,,,,
N#CCc1ccc(NS(=O)(=O)c2cccc3ccncc23)cc1,OADMET-0004348,4.55,,,,,,
N#CCc1ccc(OCc2ccncc2)cc1,,,1.726572367,2.571881118,,,,
N#CCn1c(C(=O)O)cc2ccccc21,,,,,,1.618152733,,
N#CCn1ncnc1-c1cccc(C#N)c1,,,0.675686709,1.705709801,-0.126016551,,,
N#CN1CCC[C@H](n2nc(-c3ccc(Oc4ccc(F)cc4F)cc3)c(C(N)=O)c2N)C1,,,0.675686709,1.833892616,1.518767974,1.555094449,,
N#Cc1c(C2CC2)n[nH]c1NS(=O)(=O)c1ccc2c3c(cccc13)C(=O)N2,OADMET-0002577,5.03,,,,,,
N#Cc1c(Cl)nc(N)n1-c1ccccc1,,,1.069853021,1.44294987,,,,
N#Cc1c(F)cccc1Oc1cccnc1,,,0.675686709,1.479056784,-0.198079508,,,
N#Cc1c(N)nc(-c2ccccc2)nc1C(F)(F)F,,,,,,-0.721246399,,
N#Cc1c(N)nc(SCC(N)=O)c(C#N)c1-c1ccc(OCC2CC2)cc1,,,,,1.628257674,-0.283996656,,
N#Cc1c(N2CCCC2)oc2nc3ccccc3nc12,,,,,,-0.522878745,,
N#Cc1c(N2CCOC3(CCCCCC3)C2)nc2ccccn12,OADMET-0005725,4.8,,,,,,
N#Cc1c(NC(=O)c2cccc(F)c2Cl)n(CCc2ccccc2)c2nc3ccccc3nc12,OADMET-0003037,5.58,,,,,,
N#Cc1c(O)c(Cl)c(Cl)c(C#N)c1Cl,,,,,,1.495544338,,
N#Cc1c(O)nc(SCc2cccc(F)c2F)nc1C1CC1,,,,,-0.087873397,0.322219295,,
N#Cc1c(O)nc2scc(-c3ccc(-c4ccccc4O)cc3)c2c1O,,,1.047508506,1.027920136,0.075958307,1.769377326,,
N#Cc1cc(-c2ccccc2)sc1N,,,,,,0.477121255,,
N#Cc1cc(-c2n[nH]c(-c3ccncc3)n2)ccn1,,,0.948706309,2.109244346,0.687865037,1.154423973,,
N#Cc1cc(C(=O)N2CC3(CCCCC3)C2c2ccccc2)c[nH]1,OADMET-0003401,5.25,,,,,,
N#Cc1cc(C(=O)N[C@H]2CC[C@H]2c2ccccc2)cnc1C(F)(F)F,OADMET-0003111,5.71,,,,,,
N#Cc1cc(C(F)(F)F)cc(N2CCCN(C3CC3)CC2)n1,OADMET-0005179,5.21,,,,,,
N#Cc1cc(CN2CCC(Nc3ncnc4sc(Cl)cc34)CC2)ccc1F,,,2.089389301,3.224952911,0.973050431,,,
N#Cc1cc(F)c(C(=O)Nc2ccnc(NC(=O)[C@H]3C[C@H]3F)c2)c(Cl)c1,,,0.675686709,1.027920136,1.629920896,1.829303773,,
N#Cc1cc(F)c(N2CCN(CCO)CC2)c(F)c1,,,0.675686709,1.027920136,-0.280743974,1.615739689,,
N#Cc1cc(F)c(NS(=O)(=O)c2c[nH]c3cc(Cl)ccc23)cc1F,,,0.675686709,,0.410340107,1.820201459,-0.026872146,-0.251811973
N#Cc1cc(F)ccc1Cn1ccnc1-c1ccccn1,,,1.312706146,2.617562252,,,,
N#Cc1cc(F)ccc1N1CCC(C(=O)NCc2ccc(F)cc2Cl)CC1,OADMET-0004884,5.09,,,,,,
N#Cc1cc(N2CC(CO)C2)nc2ccc(Cl)cc12,,,1.838364173,2.084236573,,,,
N#Cc1cc(NC(=O)[C@@H]2C[C@H]3CC[C@@H]2O3)nc2ccccc12,OADMET-0005101,4.57,,,,,,
N#Cc1cc(Oc2ccc3c(c2)CCC3)ncn1,,,1.824197451,2.4522757,-0.389729797,,,
N#Cc1cc(S(=O)(=O)NCC(F)(F)F)ccc1N1CCC2(CCC2)C1,OADMET-0002819,6.345000000000001,,,,,,
N#Cc1cc2c(nc1N1CCC(O)(C(F)(F)F)C1)CCC2,OADMET-0005510,4.99,,,,,,
N#Cc1cc2c(nc1SCc1cccnc1)CCCCCC2,,,,,-0.039757982,-0.657577319,,
N#Cc1ccc(-c2cccc(CN)c2)s1,,,2.550984956,2.745975253,,,,
N#Cc1ccc(-c2csc(CCN3CCCC3=O)n2)cc1,,,0.764176132,1.828569678,-0.00653213,1.398981067,,
N#Cc1ccc(C(=O)N2CCCO2)nc1,,,1.575291786,3.007036027,-0.312639393,,,
N#Cc1ccc(C(=O)Nn2cnnc2)cc1,,,0.675686709,1.027920136,,1.254789687,,
N#Cc1ccc(C(F)(F)F)nc1NCc1cccc(COCC2CCCO2)c1,OADMET-0005565,5.28,,,,,,
N#Cc1ccc(CC(=O)Nc2cccc(N3CCCS3(=O)=O)c2)cc1,OADMET-0004713,3.82,,,,,,
N#Cc1ccc(CCC(=O)Nc2ccncc2)cc1,,,0.675686709,1.780230877,0.144253906,1.579097327,,
N#Cc1ccc(CCSc2ccc(C(=O)N3CCCC3)cn2)cc1,OADMET-0006035,5.53,,,,,,
N#Cc1ccc(CN2CC(n3cccn3)C2)cc1,,,0.675686709,1.316138156,-0.224662894,1.562768543,,
N#Cc1ccc(CN2CCc3nc(N4CCc5ccccc5C4)[nH]c(=O)c3CC2)cc1,OADMET-0001419,3.61,,,,,,
N#Cc1ccc(CNc2cnc3ccccc3c2)o1,,,2.270690479,2.376326892,-0.464795827,,,
N#Cc1ccc(COc2cccc(C3CCN(Cc4nc5ccc(C(=O)O)cc5n4C[C@@H]4CCO4)CC3)n2)c(F)c1,,,,,1.550719905,,0.402433346,0.312177356
N#Cc1ccc(COc2ccccc2C#N)cc1,,,,,,0.23299611,,
N#Cc1ccc(COc2cnc3ccccc3n2)cc1,,,,,-0.295145344,-0.721246399,,
N#Cc1ccc(Cn2cncn2)c(F)c1,,,0.675686709,1.027920136,-0.15703927,1.42373725,,
N#Cc1ccc(N2CCc3c(ncn3C3CC3)C2)nc1,,,1.126358727,1.804228055,-0.057022681,1.658202253,,
N#Cc1ccc(NS(=O)(=O)c2c[nH]c3nc(Cl)ccc23)c(F)c1,,,0.675686709,,0.80685803,1.117271296,,
N#Cc1ccc(O)c(-c2ccc3c(c2)C(c2ccccc2)=NCC(=O)N3)c1,OADMET-0005741,4.59,,,,,,
N#Cc1ccc(OC2CCNCC2)cc1,,,0.675686709,1.027920136,,,,
N#Cc1ccc(OCCn2cccn2)cc1,,,0.840858554,1.027920136,-0.233815791,1.600210306,,
N#Cc1ccc(OCc2nnc(S)n2-c2ccccc2)cc1,,,,,,1.659821158,,
N#Cc1ccc(OCc2noc(C3CCCCC3)n2)c(Cl)c1,OADMET-0005882,4.07,,,,,,
N#Cc1ccc(S(=O)(=O)N2CCCC(c3nnc4ccccn34)C2)cc1C(F)(F)F,OADMET-0005221,5.04,,,,,,
N#Cc1ccc2[nH]c(O)c(-c3ccc(CN4CCOCC4)cn3)c2c1,,,1.048286393,1.849836922,1.414640239,1.414137362,,1.072507236
N#Cc1ccc2c(c1)CC(NC(=O)c1cnc(C3CCC3)[nH]c1=O)C2,OADMET-0005477,4.5,,,,,,
N#Cc1ccc2c(c1)CCC2NCc1cnccc1C(F)(F)F,OADMET-0005696,4.22,,,,,,
N#Cc1ccc2c(c1)N(C(=O)C(C1CCC1)C1CCC1)CC(=O)N2,OADMET-0002932,5.17,,,,,,
N#Cc1ccc2nc(NCCn3ccnc3)ccc2c1,,,0.803457116,1.736141429,0.679084705,,,
N#Cc1ccc2nc([C@H]3CCN(C4CCC4)C3)[nH]c2c1,,,0.860697274,1.835290964,0.644176841,1.700703717,,
N#Cc1ccc2ncnc(N[C@H]3CC[C@H](N4CCOCC4)CC3)c2c1,,,0.983851719,1.692291584,1.390770804,,,
N#Cc1cccc(-c2ccc(=O)n3c2[C@@H]2C[C@@H](CN(Cc4ccc(F)cc4)C2)C3)c1,,,2.338143609,3.168006931,0.786178581,1.511080846,,
N#Cc1cccc(-c2ccc(=O)n3c2[C@@H]2C[C@@H](CN(Cc4cccs4)C2)C3)c1,,,2.598019689,3.301600935,0.847410957,1.689308859,,
N#Cc1cccc(-c2ccc3[nH]ccc3c2)n1,,,2.475201781,2.817485378,-0.277406726,0.562292864,,
N#Cc1cccc(-n2nc(CCCO)nc2-c2ccc(Cc3ccccc3)cc2)c1,OADMET-0004770,4.15,,,,,,
N#Cc1cccc(C(=O)Nc2cc(-c3ccccc3)nn2-c2ccccc2)c1,OADMET-0001960,4.84,,,,,,
N#Cc1cccc(C(=O)O)c1,OADMET-0002146,1.87,,,,,,
N#Cc1cccc(CC(=O)NCCNc2ccc3ccccc3n2)c1,OADMET-0005350,4.71,,,,,,
N#Cc1cccc(CN2CCC=C(CNC(=O)c3cccs3)C2)c1,,,1.753621355,2.645033982,0.351542707,1.718086295,,
N#Cc1cccc(CN2CCN(CCO)CC2)c1,,,0.798097932,2.100518731,,1.46686762,,
N#Cc1cccc(CN2CCOC[C@H](O)C2)c1,,,0.897791982,1.079325987,,1.324488233,,
N#Cc1cccc(CN2CCOC[C@H](Oc3ccccc3)C2)c1,,,2.10850752,3.304961189,-0.295397226,1.723044992,,
N#Cc1cccc(CNCc2ccccn2)c1,,,0.675686709,1.481084152,-0.256699694,,,
N#Cc1cccc(NC(=O)C2CCC2)c1,,,,,,1.528402438,,
N#Cc1cccc(NCc2ccc(-c3cccnc3)o2)c1,,,1.961340398,2.619600407,,,,
N#Cc1ccccc1-c1ccc(-c2nccn2-c2cccnc2)o1,,,1.943993816,2.856567586,0.169785581,1.473048805,,
N#Cc1ccccc1CN1C(=O)CCC1=O,,,0.675686709,1.310480891,,,,
N#Cc1ccccc1Cn1nnc(-c2ccccc2)n1,,,1.028286509,2.324819331,-0.348756208,1.058805487,,
N#Cc1ccccc1N1CCC(N)CC1,,,1.345099146,3.345034986,-0.250394836,1.738225448,,
N#Cc1ccccc1NC(=O)CCc1ccccc1,,,1.203141719,2.658640906,-0.257738965,,,
N#Cc1ccccc1OCc1cn(CCc2ccccc2)nn1,OADMET-0005108,5.1,,,,,,
N#Cc1ccccc1OCc1csc(-c2ncccn2)n1,,,1.493234921,2.07612685,-0.228849086,1.103461622,,
N#Cc1ccccc1OCn1nnc2ccccc2c1=O,,,,,,-0.187086643,,
N#Cc1cccnc1N1CCC(NC(=O)C2CCC(=O)NC(=O)N2)CC1,OADMET-0000956,2.94,,,,,,
N#Cc1cccnc1NCCc1ccc(F)cc1,,,2.251881455,3.062367604,-0.285026975,0.42975228,,
N#Cc1cccnc1NCCc1cn2c(n1)CCCC2,,,1.059714846,3.387243316,0.12510836,1.719497017,,
N#Cc1cccnc1Nc1cnn(Cc2ccccc2)c1,,,1.388225573,2.929307528,,0.57054294,,
N#Cc1cccnc1Oc1ccc(-n2ncc3ccccc32)cc1,OADMET-0005233,4.88,,,,,,
N#Cc1ccnc(Nc2cc(C3CCN(C4COC4)CC3)cc(N3CCC(F)(F)C3)n2)c1,,,,,0.266680982,-0.148741651,,
N#Cc1ccnc(Nc2ccc(F)cc2)c1,,,2.214263518,2.267950412,-0.215427075,,,
N#Cc1ccncc1NCc1nc2c(s1)CC(c1ccccc1)CC2,OADMET-0002857,5.86,,,,,,
N#Cc1ccnnc1N1CCCC(c2c[nH]c3ncccc23)C1,OADMET-0003509,2.94,,,,,,
N#Cc1ccsc1NC(=O)c1ccccn1,,,,,,0.771587481,,
N#Cc1cnc2c(F)c(F)c(F)cc2c1NCc1nnc(-c2ccncc2)[nH]1,OADMET-0004332,5.42,,,,,,
N#Cc1cnc2cc(F)cc(F)c2c1NC1CCN(CC(N)=O)CC1,,,0.675686709,1.437845653,1.177259324,,,
N#Cc1cnc2ccccc2c1OCCO,,,1.017826038,1.10404303,,,,
N#Cc1cnn(-c2ccc(F)cc2)c1N,,,,,,1.46478752,,
N#Cc1cnn(-c2nc(-c3ccc(Br)s3)cs2)c1N,,,,,,0.278753601,,
N#Cc1nc(-c2ccccc2)oc1NCc1ccc2c(c1)OCO2,,,2.318165633,2.849160111,,,,
N#Cc1nc(-c2ccccc2)oc1NCc1ccccc1,,,2.293431064,3.393340533,,,,
N#Cc1ncn(Cc2ncc(-c3ccccc3)s2)c1C#N,,,,,,1.647871765,,
N#Cc1nncn1CC(=O)Nc1ccc2ccccc2c1,,,,,,1.357172258,,
N=C(N)N/N=C/c1c(Cl)cccc1Cl,,,0.675686709,1.886518925,-0.264924697,1.701481636,,
N=C(N)NCCCCC(=O)Nc1ccc(C[C@H](NC(=O)[C@@H]2CCCN2S(=O)(=O)c2ccccc2)C(=O)O)cc1,,,0.675686709,1.027920136,,,,
N=C(N)NCCN1CCCCCCC1,OADMET-0003761,1.89,,,,,,
N=C(N)NN=Cc1c(Cl)cccc1Cl,OADMET-0003670,4.41,,,,,,
N=C(NC(=O)OCc1ccccc1)c1ccc(CN)cc1,,,,,,1.48586333,,
N=C1/C(=C\c2ccco2)C(=O)N=C2Sc3ccccc3N12,,,,,,-0.13667714,,
N=c1ccn2c(n1)O[C@@H]1[C@@H](O)[C@@H](CO)O[C@H]12,,,0.675686709,1.027920136,,,,
NC(=O)C(Cc1ccccc1)n1cc(-c2cccc3c2CCCC3)nn1,OADMET-0003308,5.0,,,,,,
NC(=O)C(c1ccccc1)(c1ccccc1)[C@@H]1CCN(CCc2ccc3c(c2)CCO3)C1,OADMET-0003551,4.94,,,,,,
NC(=O)C1(CCCc2ccccn2)CCNCC1,,,0.675686709,1.925827575,,1.587486465,,
NC(=O)C1(Cc2ccc(-c3cccnc3)cc2)CCN(Cc2cccc(Cl)c2)CC1,,,2.261786087,3.134704191,0.687334663,1.922984816,,
NC(=O)C1(Cc2ccc(-c3ccncc3)cc2)CCN(C(=O)Cc2cccc(F)c2)CC1,,,,,,1.799340549,1.006508828,1.058463986
NC(=O)C1(N2CCCCC2)CCN(C(=O)c2ccc(-n3cnnn3)cc2)CC1,OADMET-0002003,2.34,,,,,,
NC(=O)C1(N2CCCCC2)CCN(C(=O)c2ccccc2Cl)CC1,OADMET-0004771,4.63,,,,,,
NC(=O)C1(N2CCCCC2)CCNCC1,OADMET-0002294,2.06,,,,,,
NC(=O)C1(c2ccccc2)CCN(c2nnc(C(F)(F)F)s2)CC1,OADMET-0005626,3.51,,,,,,
NC(=O)C1CC(C(=O)N2CCc3ccc(F)cc32)=NN1c1ccc(F)cc1,OADMET-0005396,4.29,,,,,,
NC(=O)C1CCCN1c1nc2ccccn2c1C=O,OADMET-0001677,2.97,,,,,,
NC(=O)C1CCN(C(=O)CCc2ccc(Cl)cc2)CC1,,,0.675686709,2.131159751,0.795365902,1.678973376,,
NC(=O)C1CCNCC1,OADMET-0002295,2.09,,,,,,
NC(=O)CC1(NC(=O)[C@H]2C[C@@H]2c2cccc(O)c2)CCCCC1,OADMET-0005793,4.25,,,,,,
NC(=O)CC1(NC(=O)c2cc(Br)cc3[nH]c(=O)[nH]c23)CCOCC1,OADMET-0002710,2.78,,,,,,
NC(=O)CC1CCCCN1c1nc(-c2cc(F)cc(F)c2)ns1,OADMET-0004170,5.47,,,,,,
NC(=O)CC1CCCN(C(=O)NC2CCCc3sccc32)C1,OADMET-0005765,4.16,,,,,,
NC(=O)CC1CCN(c2ncccn2)CC1,,,0.675686709,1.027920136,0.004284882,1.765072201,,
NC(=O)CCCSc1nc(N)nc(-c2c(Cl)cc3c4c(cccc24)COC3)n1,,,1.615466064,2.256012588,1.042049325,,,
NC(=O)CCc1ccc(Nc2ccnc(-c3ccccc3)n2)cc1,OADMET-0004080,4.66,,,,,,
NC(=O)CN1CCC(CCc2ccccc2)CC1,,,0.675686709,2.663650051,,1.616265405,,
NC(=O)CN1CCC(COc2ccccc2C(F)(F)F)CC1,,,1.110252917,3.044293538,-0.280470764,,,
NC(=O)CN1CCC(Oc2cccc(F)c2)CC1,,,0.675686709,1.854700676,-0.265089433,1.783975003,,
NC(=O)CN1C[C@H](O)CC1=O,OADMET-0003667,2.25,,,,,,
NC(=O)CNC(=O)c1cccc(NC(=O)c2cc3c(Br)ccc(Cl)c3[nH]2)c1,OADMET-0004220,4.36,,,,,,
NC(=O)COc1cccc(C(=O)Nc2cccc3cccnc23)c1,OADMET-0005057,4.26,,,,,,
NC(=O)COc1ccccc1-c1ccccc1,,,1.412611726,1.878757262,-0.207161916,1.59117595,,
NC(=O)COc1ccccc1C(=O)Nc1cccc(-c2ccc3ccccc3c2)n1,,,1.738439646,3.027327179,-0.529318795,,,
NC(=O)COc1ncnc2ccccc12,,,0.675686709,1.027920136,0.10471014,1.679881942,,
NC(=O)Cc1nc(-c2ccc(Cl)cc2Cl)cs1,,,,,,1.613313161,,
NC(=O)Cn1c2ccccc2c2nc3ccccc3nc21,,,,,,-0.823908741,,
NC(=O)Cn1cc(-c2ccc(F)cc2)cn1,,,0.675686709,1.027920136,-0.060596511,1.446692466,,
NC(=O)Cn1ccc(-c2ccccc2)n1,,,0.675686709,1.027920136,-0.101364107,1.607347777,,
NC(=O)Cn1nnc(-c2ccccc2)n1,,,,,,1.041392685,,
NC(=O)Cn1nnc(-c2ccccc2F)n1,,,,,,1.062581984,,
NC(=O)NO,OADMET-0003676,1.79,,,,,,
NC(=O)[C@@H]1CC[C@H](NC(=O)N2CC(c3ccccc3)C3(CCC3)C2)C1,OADMET-0005462,4.86,,,,,,
NC(=O)[C@@H]1Cc2ccccc2CN1C(=O)c1ccc2ccc(Cl)cc2n1,OADMET-0005536,4.49,,,,,,
NC(=O)[C@H]1CC[C@@H](C(=O)N2CCN(C(=O)c3ccc(C(F)(F)F)cc3)CC2)O1,OADMET-0003392,3.33,,,,,,
NC(=O)c1cc(C(=O)Nc2nc(-c3ccc4c(c3)OCO4)cs2)nn1-c1ccccc1,OADMET-0002624,1.74,,,,,,
NC(=O)c1cc(N2CCCC2c2ccc(Cl)cc2)ncn1,OADMET-0005366,4.83,,,,,,
NC(=O)c1cc(NC(=O)c2c[nH]nc2-c2ccc(Cl)cc2)ccc1Cl,OADMET-0004547,4.12,,,,,,
NC(=O)c1cc(NC(=O)c2csc(C3CCCCC3)c2)c[nH]1,OADMET-0005370,4.5,,,,,,
NC(=O)c1cc(NC(=O)c2sccc2S(=O)(=O)N2CCCC2)ccc1F,OADMET-0004942,5.06,,,,,,
NC(=O)c1ccc(C(=O)N(CC(F)(F)F)C2CCCC2)s1,OADMET-0005724,4.84,,,,,,
NC(=O)c1ccc(C(=O)N2CC(c3ccccc3)C3CCCC32)s1,OADMET-0005119,4.97,,,,,,
NC(=O)c1ccc(C(=O)N2CC3(CCCC3)c3cccc(Cl)c32)s1,OADMET-0002553,5.89,,,,,,
NC(=O)c1ccc(N2CCCCC2)c(NC(=O)c2ncoc2-c2ccc3ccccc3c2)c1,,,,,-0.284734619,-0.619788758,,
NC(=O)c1ccc(OCC(=O)N2CCCC2Cc2ccccc2)cc1,OADMET-0005258,4.36,,,,,,
NC(=O)c1ccc(Oc2ccc(C(=O)N3CCCCCC3)cc2)cc1,,,1.05514889,1.915410389,0.690209842,1.776773802,,
NC(=O)c1ccc(S(=O)(=O)N[C@H]2C[C@H](c3ccccc3F)C2)cc1,OADMET-0003252,5.05,,,,,,
NC(=O)c1cccc(Cn2cnc3c(oc4ccccc43)c2=O)c1,,,0.675686709,1.278639298,1.142746197,,,
NC(=O)c1cccc(NC(=O)NCC2C3CC4CC(C3)CC2C4)c1,OADMET-0003056,4.94,,,,,,
NC(=O)c1ccccc1NC(=O)CN1CCCC(c2nc3ccccc3o2)C1,,,2.098650647,2.917721815,0.903089987,1.0,,
NC(=O)c1ccccc1NCC(=O)N1CCC(c2noc3cc(F)ccc23)CC1,OADMET-0005045,5.05,,,,,,
NC(=O)c1ccccc1Oc1ccc(NC(=O)c2ccc3nc(C(F)(F)F)cn3c2)cc1,OADMET-0003140,1.84,,,,,,
NC(=O)c1cnc(N2CCc3[nH]nc(C(F)(F)F)c3C2)c(Cl)c1,,,0.675686709,,0.865154021,,0.986009932,
NC(=O)c1cnc(NC2CC2)nc1CCNC(=O)C1(c2cccc(F)c2)CCOCC1,,,1.575834185,1.947340579,1.51373341,1.888123307,,
NC(=O)c1cnn(Cc2cccc(F)c2)c1,,,0.675686709,1.027920136,,,,
NC(=O)c1csc(CN2CCc3cc(F)ccc3C2)c1,,,0.737272177,2.400698554,-0.163733345,,,
NC(=O)c1n[nH]c2ccc(NC(=O)c3nccc4ccccc34)cc12,OADMET-0003956,3.89,,,,,,
NC(=O)c1noc(CNC(=O)c2ccc(Oc3ccccc3)o2)n1,OADMET-0001074,3.04,,,,,,
NC(=O)c1noc([C@@H](CCCC2CCCCC2)CC(=O)NO)n1,,,0.863798539,,,,,
NC(=O)c1oc2ccccc2c1NC(=O)CCC=Cc1ccccc1,OADMET-0004745,4.35,,,,,,
NC(=O)c1sc2cc(F)ccc2c1Cl,,,,,,-0.301029996,,
NC(CO)(CO)CCc1ccc(Sc2cccc(OCc3ccccc3)c2)cc1Cl,,,0.80140371,1.152288344,,,,
NC1(c2ccc(-c3nc4ccn5c(=O)[nH]nc5c4cc3-c3ccccc3)cc2)CCC1,,,1.167919843,1.23299611,,,,
NC1(c2nc(-c3ccsc3)no2)CCCCC1,,,0.675686709,2.650205496,,,,
NC1(c2noc(-c3cccnc3)n2)CCCCCC1,,,0.675686709,2.647138366,,,,
NC1CC(NC(=O)c2ccc(-c3cn[nH]c3)cn2)C12CCC2,,,0.929827481,,0.952109047,,1.709702344,
NC1CCC(C(=O)N2CCC(c3c[nH]c4ncccc34)CC2)C1,,,0.675686709,,0.424406159,,1.917395215,
NC1CCCC(C(=O)N2CCC(c3c[nH]c4ncccc34)CC2)C1,,,0.675686709,,0.175579399,,1.752816431,
NC1CCCC(C(=O)Nc2ccc3[nH]ncc3c2)C1,,,1.104862518,,-0.11716626,,2.0,
NC1CCCC(C(=O)Nc2cccc(N3CCNC3=O)c2)C1,,,0.675686709,,0.122746266,,1.763113391,
NC1CCCC1,OADMET-0002094,1.93,,,,,,
NC1CCCC1C(=O)N1CCC(c2c[nH]c3ncccc23)CC1,,,0.675686709,,0.830097307,,1.71701274,
NC1CCCCC1,OADMET-0002098,2.05,,,,,,
NC1CCCCCC1,OADMET-0002087,2.69,,,,,,
NC1CCN(Cc2ccccc2)CC1,OADMET-0002061,1.98,,,,,,
NCC(=O)Nc1ccc(-n2nc(C(F)(F)F)cc2-c2ccc3c(ccc4ccccc43)c2)cc1,,,,,0.470923633,-0.602059991,,
NCC(=O)Nc1ccc2[nH]c(=O)[nH]c2c1,,,,,,2.018076064,,
NCC1CCCC1NC(=O)c1cc(N2CCNC2=O)ccc1F,,,0.675686709,,0.28349527,,1.87495702,
NCC1CCCO1,OADMET-0002046,1.92,,,,,,
NCCC(=O)Nc1ccc2[nH]c(=O)[nH]c2c1,,,,,,2.154576117,,
NCCCC(O)(P(=O)(O)O)P(=O)(O)O,OADMET-0003679,2.44,,,,,,
NCCCC[C@H](N[C@@H](CCc1ccccc1)C(=O)O)C(=O)N1CCC[C@H]1C(=O)O,,,,,,,,2.0
NCCCN1CCOCC1,OADMET-0002117,2.4,,,,,,
NCCCNCCSP(=O)(O)O,OADMET-0003681,2.97,,,,,,
NCCCc1ccccc1,OADMET-0002304,2.2,,,,,,
NCCCc1nc(-c2ccncc2)cs1,,,1.466763852,2.378399718,,,,
NCCCn1ccnc1,OADMET-0002302,2.82,,,,,,
NCCN1CCN(C/C=C/C(=O)N2CCC[C@@H](n3nc(-c4ccc(Oc5ccccc5)cc4)c4c(N)ncnc43)C2)CC1,,,0.957559402,1.697299103,,1.480006943,0.699837726,0.686814955
NCCN1CCOCC1,OADMET-0002160,1.82,,,,,,
NCCO,OADMET-0002049,2.86,,,,,,
NCCOc1cccc(C(F)(F)F)n1,,,,,,1.337459261,,
NCCOc1cccc(CC(=O)N2CCC(F)(F)CC2)c1,,,0.675686709,1.027920136,1.287449923,,,
NCCOc1cccc(CC(=O)N2CCCN(C(=O)C3CCC3)CC2)c1,,,0.675686709,1.027920136,0.740949504,,,
NCCS(=O)(=O)O,OADMET-0002108,2.515,,,,,,
NCCc1c[nH]c2ccccc12,OADMET-0002104,2.81,,,,,,
NCCc1ccc(S(N)(=O)=O)cc1,OADMET-0002301,2.91,,,,,,
NCCc1ccccc1,OADMET-0002064,2.12,,,,,,
NCCc1cnn(Cc2ccccc2)c1,,,0.675686709,1.027920136,,,,
NCCn1cc(NC(=O)c2ccccc2)cn1,,,0.675686709,1.027920136,,1.89795681,,
NC[C@@](O)(c1ccc(Cl)cc1)c1ccc(-c2cn[nH]c2)cc1,,,0.675686709,1.447778009,0.20717264,,,
NC[C@H]1CC[C@@H](C(=O)Nc2ccc3[nH]ncc3c2)O1,,,1.247555947,,0.055069832,,1.981999714,
NCc1ccc(-n2cnc3ccccc32)cc1Cl,,,1.11330815,1.557001634,,,,
NCc1ccc(C(=O)NCCc2nc(N)cc(O)n2)cc1,OADMET-0001041,3.76,,,,,,
NCc1ccc(Cl)cc1,OADMET-0002097,2.67,,,,,,
NCc1ccc(Oc2ccccc2)nc1,,,1.315697514,1.702990278,,1.342422681,,
NCc1ccc(S(N)(=O)=O)cc1,OADMET-0003538,2.57,,,,,,
NCc1ccc2c(c1)OCO2,OADMET-0002315,2.64,,,,,,
NCc1cccc(C(=O)N2CCCC2)c1,,,0.675686709,1.027920136,0.5543775,1.404833717,,
NCc1ccccc1CN1CCCC1,OADMET-0002120,1.95,,,,,,
NCc1ccccc1Cl,OADMET-0002082,2.64,,,,,,
NCc1ccccn1,OADMET-0002106,2.02,,,,,,
NCc1cccnc1,OADMET-0002292,1.92,,,,,,
NCc1cccnc1OCc1ccccc1,,,1.068185862,2.873106018,-0.362579015,1.406369835,,
NCc1cccs1,OADMET-0002096,2.51,,,,,,
NCc1ccncc1,OADMET-0002095,2.85,,,,,,
NCc1nnc(CCc2ccccc2)o1,,,0.675686709,1.027920136,,,,
NS(=O)(=O)C#Cc1ccccc1,,,1.023705043,1.027920136,,,,
NS(=O)(=O)CC1CCN(C(=O)NCc2nc(-c3ccccn3)no2)C1,OADMET-0001120,2.95,,,,,,
NS(=O)(=O)N1CCCN(c2nc(-c3ccncc3)nc3ccccc23)CC1,OADMET-0006013,4.34,,,,,,
NS(=O)(=O)N1CCN(Cc2c(F)cccc2N2CCCC2)CC1,,,1.383582005,3.108690491,0.242002008,,,
NS(=O)(=O)OC[C@@H]1C[C@@H](n2ccc3c(N[C@H]4CCc5ccccc54)ncnc32)C[C@@H]1O,,,1.612222088,2.832521686,1.714754156,1.646893624,,
NS(=O)(=O)c1ccc(C(=O)N2CCCOC(Cn3cccn3)C2)cc1,OADMET-0001143,3.04,,,,,,
NS(=O)(=O)c1ccc(CCNC(=O)CSc2ccccc2)cc1,OADMET-0001933,3.63,,,,,,
NS(=O)(=O)c1ccc(Cl)c(NC(=O)NC2COC3(CCCCC3)C2)c1,OADMET-0000962,4.39,,,,,,
NS(=O)(=O)c1ccc(Oc2ccc(NC(=O)C3CCCC3)cc2)cc1,OADMET-0002885,1.78,,,,,,
NS(=O)(=O)c1cccc(N2CC(C(=O)N3CCc4ccc(Cl)cc43)CC2=O)c1,OADMET-0005603,4.29,,,,,,
NS(=O)(=O)c1sccc1CNC1Cc2ccc(Cl)cc2C1,OADMET-0005325,5.14,,,,,,
N[C@@H]1CCCN(c2c(/C=C3\SC(=O)NC3=O)cccc2-c2ccccc2)C1,,,0.954628378,1.413165598,1.460471604,,,
N[C@H](CO)C(=O)O,OADMET-0003662,2.02,,,,,,
N[C@H](CO)[C@H](O)c1ccc([N+](=O)[O-])cc1,OADMET-0002166,2.22,,,,,,
N[C@H](Cc1c[nH]c2ccccc12)C(=O)N/N=C/c1ccc2nccnc2c1,,,1.235275877,1.746688677,1.126957557,1.60498163,,
Nc1[nH]nc(C(=O)NC(Cn2cccn2)c2ccccc2)c1Cl,OADMET-0001124,4.12,,,,,,
Nc1c(-c2ccc(F)cc2)ncn1Cc1ccccc1,,,1.163936209,2.570413333,,,,
Nc1c(-c2cccs2)nc2ccccn12,OADMET-0002127,3.92,,,,,,
Nc1c(C(=O)NCC2CCCO2)sc(=S)n1-c1ccc(Cl)cc1,,,1.548143692,1.965121856,,,,
Nc1c(C=O)c(=O)[nH]c(=O)n1-c1ccc(Cl)cc1,OADMET-0001545,1.69,,,,,,
Nc1c(Cl)cncc1Cl,OADMET-0002118,1.77,,,,,,
Nc1c(F)ccc2cnc(-n3ccc4ccncc43)cc12,,,2.56594576,3.372693144,,,0.713910354,0.631443769
Nc1c2ccccc2nc2ccccc12,OADMET-0003737,5.21,,,,,,
Nc1cc(-c2ccccc2)nn1-c1ccccc1,OADMET-0002059,4.08,,,,,,
Nc1cc(-c2ccncc2)c[nH]c1=O,OADMET-0003719,1.81,,,,,,
Nc1cc(C(F)(F)F)ccc1Cl,OADMET-0002129,2.45,,,,,,
Nc1cc(Cl)ccc1O,OADMET-0002115,3.65,,,,,,
Nc1ccc(-c2cccnc2)cc1,OADMET-0002084,1.84,,,,,,
Nc1ccc(Br)cc1,OADMET-0002110,2.0,,,,,,
Nc1ccc(C(=O)N2CCOCC2)c(Cl)c1,,,0.675686709,1.027920136,-0.322211235,1.581494542,,
Nc1ccc(C(=O)Nc2ccc3[nH]c(-c4ccc(F)cc4)nc3c2)cn1,OADMET-0002555,5.03,,,,,,
Nc1ccc(C(F)(F)F)cc1,OADMET-0002112,2.97,,,,,,
Nc1ccc(C(O)(C(F)(F)F)C(F)(F)F)cc1,OADMET-0002124,3.59,,,,,,
Nc1ccc(CC(=O)Nc2ccccc2F)cc1,,,0.675686709,1.027920136,-0.180403498,1.732071941,,
Nc1ccc(Cl)c(C(F)(F)F)c1,OADMET-0002130,2.81,,,,,,
Nc1ccc(Cl)c(Cl)c1,OADMET-0002065,2.39,,,,,,
Nc1ccc(Cl)c(NC2=NN(c3c(Cl)cc(Cl)cc3Cl)C(=O)C2)c1,,,1.966113561,2.846444126,,1.147985321,,
Nc1ccc(Cl)cc1C(F)(F)F,OADMET-0002078,1.91,,,,,,
Nc1ccc(F)cc1F,OADMET-0002086,1.85,,,,,,
Nc1ccc(N2C(=O)CCCC2=O)cc1,,,,,,1.447158031,,
Nc1ccc(N2CCCCC2)cc1,OADMET-0002311,2.95,,,,,,
Nc1ccc(Nc2ncc3cnn(C4CCCCCC4)c3n2)cn1,,,1.914642427,2.335342049,,,,
Nc1ccc(O)cc1,OADMET-0002079,2.07,,,,,,
Nc1ccc(Oc2ccccc2F)nc1,,,0.675686709,1.417604535,-0.275843186,1.408070286,,
Nc1ccc(S(=O)(=O)Nc2ccccn2)cc1,OADMET-0003600,2.65,,,,,,
Nc1ccc(S(N)(=O)=O)cc1,OADMET-0003598,1.78,,,,,,
Nc1ccc([N+](=O)[O-])c(C(F)(F)F)c1,OADMET-0002062,2.44,,,,,,
Nc1ccc([N+](=O)[O-])cc1Cl,OADMET-0002111,2.97,,,,,,
Nc1ccc([N+](=O)[O-])cn1,OADMET-0002114,2.53,,,,,,
Nc1ccc2[nH]c(CCc3ccccc3)nc2c1,,,0.675686709,1.459422646,0.102569807,1.5594278,,
Nc1ccc2c(c1)OCO2,OADMET-0002314,2.63,,,,,,
Nc1ccc2c(c1)ncn2-c1ccccc1,,,0.880356199,1.402312979,,,,
Nc1ccc2c(c1)ncn2CCc1ccccc1,,,0.675686709,1.449046204,-0.154315945,1.584218112,,
Nc1ccc2c(ccn2CC(=O)N2CCOCC2)c1,,,0.675686709,1.027920136,,1.702861171,,
Nc1ccc2cc3ccc(N)cc3nc2c1,OADMET-0003665,4.95,,,,,,
Nc1cccc(C(F)(F)F)c1,OADMET-0002121,2.91,,,,,,
Nc1cccc(Cl)c1,OADMET-0002085,2.71,,,,,,
Nc1cccc([N+](=O)[O-])c1,OADMET-0002138,1.96,,,,,,
Nc1ccccc1,OADMET-0002137,3.22,,,,,,
Nc1ccccc1-c1ccc(Cl)cc1,OADMET-0002073,1.94,,,,,,
Nc1ccccc1-c1ccccc1,OADMET-0002068,1.87,,,,,,
Nc1ccccc1-c1nc(C2CC2)no1,,,2.507337646,2.877153568,,,,
Nc1ccccc1-c1nc(C2CCCCCC2)no1,,,1.678336247,3.117681196,,,,
Nc1ccccc1N1CCCC1,OADMET-0002072,2.09,,,,,,
Nc1ccccc1OCCn1ccnc1,,,0.849235091,1.485352261,-0.088578423,1.391993072,,
Nc1ccn([C@@H]2O[C@H](CO)[C@@H](O)[C@@H]2O)c(=O)n1,OADMET-0003578,1.79,,,,,,
Nc1ccn2ncc(C(=O)NC3CC(=O)N(C4CC4)C3)c2c1,OADMET-0003317,2.65,,,,,,
Nc1ccnc2ccc(Oc3ccccc3)cc12,,,1.129722109,3.368232757,-0.313756709,,,
Nc1ccncc1,OADMET-0003645,3.68,,,,,,
Nc1ccnn1Cc1ccc(Cl)c(F)c1,,,0.675686709,1.563065578,,1.613524703,,
Nc1cnc(Cc2ccc(F)cc2)nc1,,,0.675686709,1.188619167,-0.173719514,1.582404298,,
Nc1cncc(-c2ccc(CN3CCCCC3)cc2)c1,,,1.609423646,1.750816843,-0.129160384,1.414304688,,
Nc1cnn(CC(=O)N2CCCCC2)c1,,,0.675686709,1.027920136,,1.561339941,,
Nc1cnn(CC(=O)Nc2ccc(F)cc2)c1,,,1.206960729,1.795024484,,1.73239376,,
Nc1n[nH]cc1-c1cc(Cl)ccc1Oc1cc(F)c(S(=O)(=O)Nc2cscn2)cc1Cl,,,1.066176786,1.571266162,1.882226244,1.475235223,-0.354577731,-0.08249449
Nc1nc(-c2ccccc2)c(C(=O)Nc2ccc(Cl)c(Cl)c2)s1,,,,,-0.191917712,-0.301029996,,
Nc1nc(-c2ccccc2)nc2nc(C3CCCN(CC(=O)N4CCCC4)C3)ccc12,,,0.764250875,2.270546082,1.098322745,1.836165816,,
Nc1nc(-c2ccccc2C(=O)O)cc(N2CCOCC2)n1,OADMET-0001278,2.56,,,,,,
Nc1nc(=O)c2ncn(COCCO)c2[nH]1,,,,,,,,1.850860573
Nc1nc(=S)c2[nH]cnc2[nH]1,OADMET-0003763,1.79,,,,,,
Nc1nc(CCC(=O)NCc2ccc(S(N)(=O)=O)cc2)cs1,OADMET-0001223,2.9,,,,,,
Nc1nc(CCCNC(=O)C2Cc3ccccc3S(=O)(=O)N2)cs1,OADMET-0001042,3.87,,,,,,
Nc1nc(CN2CCN(c3ccc(F)cc3)CC2)cs1,,,0.675686709,1.696504915,-0.224019844,1.755722445,,
Nc1nc(COC(=O)c2cncc(-c3ccccc3)c2)nc2ccccc12,OADMET-0005519,4.81,,,,,,
Nc1nc(Cl)nc2c1ncn2[C@@H]1O[C@H](CO)[C@@H](O)[C@@H]1F,OADMET-0003591,3.29,,,,,,
Nc1nc(F)nc2c1ncn2[C@@H]1O[C@H](CO)[C@@H](O)[C@@H]1O,OADMET-0003721,1.99,,,,,,
Nc1nc(N)c2c(Cl)c(Br)ccc2n1,,,0.866582677,1.927796235,-0.241439706,1.391111614,,
Nc1nc(N)c2c(OCC3CCN(Cc4c(Cl)cccc4Cl)CC3)cccc2n1,,,,,-0.088232122,-0.397940009,,
Nc1nc(N)c2nc(-c3cccc(O)c3)c(-c3cccc(O)c3)nc2n1,,,0.675686709,2.058813073,0.444209915,0.322219295,,
Nc1nc(N2CCN(CC3CCCC3)C(=O)C2)cc(-n2cccn2)n1,,,1.673665876,3.062005174,,,,
Nc1nc(NCCNc2ncc(-c3ncc[nH]3)c(-c3ccc(Cl)cc3Cl)n2)ccc1[N+](=O)[O-],,,,,,1.476396827,,
Nc1nc(NCc2cc(-c3ccccn3)no2)cc(C2CC(O)C2)n1,OADMET-0001112,3.08,,,,,,
Nc1nc2[nH]cc(CCc3ccc(C(=O)N[C@H](CCC(=O)O)C(=O)O)cc3)c2c(=O)[nH]1,OADMET-0003565,1.96,,,,,,
Nc1nc2c(N)ncnc2[nH]1,,,,,,1.250420002,,
Nc1nc2c3ccccc3oc2c2ccccc12,,,,,-0.627138293,-0.602059991,,
Nc1nc2ccc(Cl)cc2s1,OADMET-0002324,3.58,,,,,,
Nc1nc2ccc([N+](=O)[O-])cc2s1,OADMET-0002077,2.06,,,,,,
Nc1nc2ccccc2n1C1CCCC1,,,1.569362203,1.942628031,,,,
Nc1nc2ccccc2n1CCCc1ccccc1,,,1.12577395,2.665882922,-0.014960767,1.434568904,,
Nc1nc2ccccc2nc1N1CCCC1,,,2.36483043,2.527157978,-0.273006016,1.474944335,,
Nc1nc2ccccc2s1,OADMET-0002116,3.11,,,,,,
Nc1ncc(-c2cc(C3C4CN(C5COC5)CC43)n(CC3CC3)n2)cc1C(F)(F)F,,,1.11320777,1.861122024,0.038995578,0.484299839,,
Nc1ncc(-c2cccc(C(F)(F)F)c2)c(C2CCCCN2C(=O)c2ccccc2)n1,,,2.57963614,3.177817186,0.285216624,1.399673721,-0.04431225,0.137354111
Nc1ncc(C(=O)NC2CN(C(=O)C3CC3)C2)c2ccc(-c3cccc(F)c3)nc12,,,0.675686709,1.470307565,1.256879427,0.880813592,0.623352682,0.38219721
Nc1ncc(C(=O)NC2CN(C(c3ccccc3)c3ccccc3)C2)o1,OADMET-0004972,4.24,,,,,,
Nc1ncc([N+](=O)[O-])s1,OADMET-0002162,1.79,,,,,,
Nc1nccc(C2CCCN(C(=O)c3ccc(OC4CCCC4)nc3)C2)n1,OADMET-0003075,4.99,,,,,,
Nc1nccc(C2CCCN(C(=O)c3coc(C4CCCCC4)n3)C2)n1,OADMET-0004839,5.06,,,,,,
Nc1nccc2c1ncn2[C@H]1C=C(CO)[C@@H](O)[C@H]1O,,,0.675686709,1.212986185,,,,
Nc1nccc2ccc(-c3cccc(F)c3)cc12,,,2.31936635,2.897845283,,0.477121255,,
Nc1ncccc1OCc1cccc(Cl)c1,,,2.196236999,2.857942493,,,,
Nc1nccnc1C(=O)N1CCCC1c1ccccc1C(F)(F)F,OADMET-0005745,4.82,,,,,,
Nc1nccs1,OADMET-0002322,2.83,,,,,,
Nc1ncn([C@@H]2O[C@H](CO)[C@@H](O)[C@H]2O)c(=O)n1,OADMET-0003615,3.29,,,,,,
Nc1ncnc2c1c(-c1ccc(Oc3ccccc3)cc1)nn2[C@@H]1CCCNC1,,,1.543708051,2.012651661,1.322459871,1.601516784,0.956648579,0.846275242
Nc1ncnc2c1c(-c1cnc3[nH]ccc3c1)nn2C1CCCC1,,,2.005819468,3.082243061,0.839066386,,0.862608364,0.780605306
Nc1ncnc2c1ncn2CCOCP(=O)(O)O,OADMET-0003692,1.86,,,,,,
Nc1ncnc2c1ncn2[C@@H]1O[C@H](CO)[C@@H](O)[C@@H]1O,,,,,,1.737987326,,
Nc1ncnc2c1ncn2[C@@H]1O[C@H](COP(=O)(O)O)[C@@H](O)[C@H]1O,OADMET-0003771,2.51,,,,,,
Nc1ncnc2ccc(-c3ccnc(F)c3)nc12,,,0.675686709,1.027920136,-0.139105165,,,
Nc1nn(C(=O)Cc2ccc(F)cc2)c2cccc(F)c12,,,1.222091886,1.798761104,,,,
Nc1nnc(-c2ccc3c(c2)OCCO3)o1,,,0.675686709,1.788309812,-0.182504795,1.368658712,,
Nc1nnc(-c2ccncc2)s1,OADMET-0002075,2.41,,,,,,
Nc1nnc(C2CC2)s1,OADMET-0002140,2.52,,,,,,
Nc1nnc(CCNC(=O)C2CCN(C(=O)C3CCCO3)CC2)s1,OADMET-0001316,2.36,,,,,,
Nc1nnc(CNC(=O)Nc2cc(C(=O)N3CCCC3)ccc2Cl)s1,OADMET-0001160,3.31,,,,,,
Nc1nnc(SCC(=O)NCc2csc(-c3ncccn3)n2)s1,OADMET-0001246,2.77,,,,,,
Nc1nnc(SCCSC2CCCCC2)n1C1CC1,,,1.685410295,2.76529593,0.581109864,,,
Nc1nncc(-c2cccc(C(=O)N3CC4(CCC4)CC3C(F)(F)F)c2)n1,OADMET-0002614,5.5,,,,,,
Nc1nncc(-c2ccccc2OC(F)F)n1,,,0.675686709,1.027920136,-0.149584138,1.590061231,,
Nc1nnnn1CC(=O)N(CCc1c[nH]c2ccccc12)Cc1cccnc1,OADMET-0001031,3.73,,,,,,
Nc1nnnn1CC(=O)N1CCC(Oc2cccnc2)CC1,OADMET-0001327,1.91,,,,,,
Nc1nnnn1CC(=O)NCCc1noc(-c2ccccc2)n1,OADMET-0001322,2.55,,,,,,
Nc1noc2ccccc12,OADMET-0002113,3.0,,,,,,
O/N=C1/CCCc2c1cnc1ncnn21,,,0.675686709,1.027920136,0.22309884,,,
O=C(/C=C/N1C[C@H]2C[C@@H]1CN2c1ccccn1)c1ccccc1O,,,,,-0.010646222,1.623042434,,
O=C(/C=C/c1ccc(Cl)cc1)N1CCC2(CC1)CN(Cc1ccc(Cl)c(Cl)c1)C(=O)O2,,,1.358296608,2.675676628,0.398272583,0.33243846,,
O=C(/C=C/c1cccc(S(=O)(=O)Nc2ccccc2)c1)NO,OADMET-0003806,3.28,,,,,,
O=C(/C=C\n1cnc(-c2cc(C(F)(F)F)cc(C(F)(F)F)c2)n1)NNc1ccccn1,,,1.14245204,1.719480446,0.034671167,,,
O=C(/C=C\n1cnc(-c2cc(C(F)(F)F)cc(C(F)(F)F)c2)n1)NNc1cnccn1,,,0.678154038,1.155093008,0.291741868,1.095518042,,
O=C(C(Cl)Cl)N1CCOC12CCCCC2,OADMET-0001868,2.84,,,,,,
O=C(C(c1ccccc1)c1ccccc1)N1CCOCC(Cc2ccc3cnccc3c2)C1,,,2.60607381,2.81471827,0.293943516,1.547774705,,
O=C(C(c1ccccc1)n1cc(-c2cncnc2)nn1)N1CCCCC1,OADMET-0005815,4.9,,,,,,
O=C(C1CC(c2ccccn2)=NO1)N1CCCC(Nc2cccc(Br)c2)C1,OADMET-0002630,4.705,,,,,,
O=C(C1CC1)N1CCC(CNS(=O)(=O)N2CCCCCC2)CC1,,,1.60686484,3.121809582,1.182377226,,,
O=C(C1CC1)N1CCCC(C(=O)N2CCc3ccccc3C2Cc2ccccc2)C1,,,2.808403425,3.64244879,,1.653694795,,
O=C(C1CC1)N1CCCN(c2cccc(C(F)(F)F)n2)CC1,OADMET-0002596,5.47,,,,,,
O=C(C1CC1)N1CCCN(c2ccccc2S(=O)(=O)C(F)F)CC1,OADMET-0003396,5.33,,,,,,
O=C(C1CC1)N1CC[C@@H](Cc2n[nH]c(=O)n2-c2ccc(-c3ccc4occc4c3)cc2)C1,,,1.309417226,2.003908383,1.785868169,1.603144373,,
O=C(C1CC1c1ccc(F)cc1)N1CCC(n2c(=O)[nH]c3ccccc32)CC1,,,1.168114287,2.366900885,,1.678973376,,
O=C(C1CC1c1ccccc1F)N1CCC(n2c(=O)[nH]c3ccccc32)CC1,,,1.673767142,3.076226338,,1.697665163,,
O=C(C1CCC(O)CC1)N1CCCN(c2ccc(F)cc2)CC1,,,1.076312688,2.313915707,0.670317142,1.906873535,,
O=C(C1CCC1)N(Cc1cccnc1)C1CCCN(S(=O)(=O)c2ccc(F)c(F)c2)C1,OADMET-0001477,5.33,,,,,,
O=C(C1CCC1)N1CCC(c2ncc(-c3ccc(F)c(F)c3)[nH]2)CC1,,,1.635182049,3.438004091,0.544452712,1.756331767,,
O=C(C1CCC1)N1CCC[C@H]1Cn1nnc(-c2cccs2)n1,,,,3.676817937,-0.147318932,,,
O=C(C1CCC2(CCC2)CC1)N1CCC(S(=O)(=O)c2ccccc2)CC1,OADMET-0005020,5.24,,,,,,
O=C(C1CCCC1)N1CC(S(=O)(=O)NC2CC2c2c(F)cccc2F)C1,OADMET-0006087,5.12,,,,,,
O=C(C1CCCCC1)N1CC(=O)N2CCc3ccccc3C2C1,OADMET-0003575,4.18,,,,,,
O=C(C1CCCCC1)N1CC(N(Cc2ccccn2)C(=O)Nc2ccccc2)C1,OADMET-0001382,4.76,,,,,,
O=C(C1CCCCC1)N1CCC[C@H]1Cn1nnc(-c2cccs2)n1,,,2.11231001,3.709121835,,,,
O=C(C1CCCN(C(=O)N2CCCC2)C1)N1CCc2ccccc2C1,,,1.940097926,3.004011237,,1.758533422,,
O=C(C1CCCN(Cc2cc3c(cc2O)OCO3)C1)N1CCOCC1,,,0.732071941,1.720804062,0.287881439,1.746244872,,
O=C(C1CCCN(S(=O)(=O)c2ccccc2)C1)N1CCc2ccccc2C1,,,2.380354173,3.500597596,,1.529558673,,
O=C(C1CCCN(c2ccc(Cl)nn2)C1)N1CCc2ccccc2C1,,,2.096193705,3.217462624,,1.696793085,,
O=C(C1CCCN(c2ccccn2)C1)N1CCc2ccccc2C1,,,2.236272674,3.181841302,,1.691965103,,
O=C(C1CCCN(c2cnccn2)C1)N1CCc2ccccc2C1,,,2.43650295,3.652849871,,1.725911632,,
O=C(C1CCCN(c2ncccc2C(F)(F)F)C1)N1CCC2(CC1)OCCO2,OADMET-0006004,4.69,,,,,,
O=C(C1CCCc2cccnc21)N1CC(O)(c2ccc(Br)cc2)C1,OADMET-0003139,5.25,,,,,,
O=C(C1CSCN1C(=O)C1Cc2ccccc2C1)N1CCCC1,OADMET-0004979,4.2,,,,,,
O=C(C1SCCc2sccc21)N1CCC(c2ccncc2)CC1,OADMET-0003248,1.83,,,,,,
O=C(CC(=O)N1CCCC1)N1CCCC1,,,0.675686709,1.027920136,0.45038831,1.486572151,,
O=C(CC(=O)N1CCCC1CCc1ccccc1)NCC(F)(F)F,OADMET-0005870,4.88,,,,,,
O=C(CC(C1CCC1)C1CCC1)N1CCC(c2cnccn2)C1,OADMET-0005751,4.28,,,,,,
O=C(CC(c1ccccc1)c1ccccc1)N1CCN(C(c2ccccc2)c2ccccc2)CC1,OADMET-0001976,4.58,,,,,,
O=C(CC/C=C/c1ccccc1)Nc1ccccc1N1CCOC1=O,,,1.51263104,2.889610922,0.389792404,,,
O=C(CC1(N2CCOCC2)CCCC1)NCc1ccc2c(c1)OCCO2,OADMET-0005944,5.24,,,,,,
O=C(CC1(O)CCC1)N1CCc2ccccc2[C@@H]1c1ccccc1,OADMET-0003185,5.27,,,,,,
O=C(CC1(c2ccccc2)CCCO1)Nc1nn(Cc2ccccc2F)cc1Br,OADMET-0003240,6.215,,,,,,
O=C(CC1=CCCCC1)N(Cc1ccccc1F)C1CCS(=O)(=O)C1,OADMET-0004937,4.9,,,,,,
O=C(CC1C=CS(=O)(=O)C1)N1CCC(OCc2cccnc2)CC1,OADMET-0001116,3.21,,,,,,
O=C(CC1CC=CC1)NS(=O)(=O)c1cc(Cl)cc2cccnc12,OADMET-0005698,4.41,,,,,,
O=C(CC1CCCC1)N1CCC(Nc2nnc(-c3ccccc3)o2)C1,OADMET-0005116,5.3,,,,,,
O=C(CC1CCCC1)NCc1ccncc1,,,,,,1.763278211,,
O=C(CC1CCCC1)NCc1nnc2n1CCC2,,,0.675686709,1.027920136,1.71361027,1.498586209,,
O=C(CC1CCCCC1)N1CCCS(=O)(=O)CC1c1ccccc1,OADMET-0005461,5.23,,,,,,
O=C(CC1CCCN1)Nc1ccccc1-c1nc2ccccc2[nH]1,OADMET-0005816,4.4,,,,,,
O=C(CC1CCN(c2ncc(Cl)cn2)CC1)N1CCOCC1,,,0.675686709,1.671108018,-0.117155797,1.709269961,,
O=C(CC1CCNCC1)NCCc1ccccc1F,,,0.675686709,1.341157437,0.943990367,1.767081621,,
O=C(CC1c2ccccc2CCc2ccccc21)NCCN1CCOCC1,,,2.117606004,3.305804777,1.025765717,,,
O=C(CC1c2ccccc2Oc2ccccc21)N1CCN(c2ccccn2)CC1,OADMET-0002013,4.28,,,,,,
O=C(CCC(=O)N1CCC(O)CC1)N[C@@H]1C[C@H]1c1c(F)cccc1Cl,OADMET-0004860,4.22,,,,,,
O=C(CCC1CCNCC1)Nc1ccc(-n2ccnc2)cc1,OADMET-0002989,3.16,,,,,,
O=C(CCC1CCOCC1)Nc1ccc(C(=O)O)cc1,,,0.675686709,1.027920136,,,,
O=C(CCCC(=O)N1CCN(c2nsc3ccccc23)CC1)Nc1nccs1,,,1.867673685,2.709309826,1.04995167,,,
O=C(CCCCCCC(=O)Nc1ccccc1)NO,OADMET-0003671,3.25,0.675686709,1.437417582,,,,
O=C(CCCN1C(=O)c2cccc3cccc(c23)C1=O)N1CCc2ccccc2C1,OADMET-0001983,4.91,,,,,,
O=C(CCCN1CCC(O)(c2ccc(Cl)cc2)CC1)c1ccc(F)cc1,OADMET-0003547,4.75,,,,,,
O=C(CCCN1CCC(n2c(=O)[nH]c3ccccc32)CC1)c1ccc(F)cc1,OADMET-0003556,3.98,,,,,,
O=C(CCCNC(=O)NC1CCCCC1)Nc1cc(C2CC2)n[nH]1,,,,,,1.641969598,,
O=C(CCCOc1ccccc1)N1CCCC1,,,1.018284308,2.469131012,-0.199949896,1.484299839,,
O=C(CCCc1cc(Cl)sc1Cl)N1CCC(O)CC1,,,1.718983049,2.869850442,-0.066952946,1.478422188,,
O=C(CCCc1cc(Cl)sc1Cl)N1CC[C@H](O)C1,,,1.268648165,2.703739201,0.172021144,1.699143687,,
O=C(CCCc1ccc(F)cc1)N1CCN(c2ccccc2)C(=O)C1,,,0.675686709,2.246656119,-0.047852355,1.692053365,,
O=C(CCCc1cccs1)Nc1nc2c(s1)C(=O)NCC2,OADMET-0003254,2.93,,,,,,
O=C(CCCc1nc2ccccc2[nH]1)N1CCCC1,,,0.675686709,1.929541533,1.241998802,1.553761698,,
O=C(CCCc1nnc(-c2ccccc2)o1)Nc1cccc2ccccc12,,,1.854919088,3.061235655,-0.010526546,0.117271296,,
O=C(CCCn1ccnc1)N1CCC(Cc2ccc(F)cc2)CC1,OADMET-0001204,5.33,,,,,,
O=C(CCCn1cncn1)NC1CCCN(Cc2cccs2)C1,OADMET-0001190,3.48,,,,,,
O=C(CCN1C(=O)CCC1=O)Nc1cccc2ncccc12,,,0.675686709,1.027920136,1.054526705,1.655138435,,
O=C(CCN1CCC(NC(=O)C2CC2)CC1)Nc1cccc(Cl)c1,OADMET-0005010,4.61,,,,,,
O=C(CCN1CCN(C(=O)OCc2cc(Cl)cc(Cl)c2)CC1)c1ccc2[nH]c(=O)oc2c1,,,2.168724295,2.71009112,,0.643452676,,
O=C(CCN1Cc2ccccc2C1=O)N[C@@H]1CCOC[C@H]1OCCO,OADMET-0001065,3.31,,,,,,
O=C(CCNC(=O)C1CCCN1C(=O)c1ccccc1O)NC1CCCCC1,OADMET-0005588,4.45,,,,,,
O=C(CCNC(=O)c1c[nH]c2ccccc12)Nc1ccc(-n2cnc3ccccc32)cc1,OADMET-0002667,1.8,,,,,,
O=C(CCNC(=O)c1ccc(OC(F)(F)F)cc1)N[C@@H]1CCCc2ccccc21,,,2.186163547,2.9013079,0.497484847,0.662757832,0.526080692,0.630427875
O=C(CCNc1ncccn1)N1CCc2ccccc2C1,,,1.394083776,2.164453981,0.089468092,1.545059585,,
O=C(CCOc1ccccc1)N1CCCC(c2n[nH]cc2-c2ccc(Cl)cc2)C1,,,,,0.629741073,-0.096910013,,
O=C(CCOc1ccccc1)N1CCCC1,,,0.675686709,1.93230123,-0.266902376,1.589949601,,
O=C(CCS(=O)(=O)c1cccc(Br)c1)Nc1ncn(Cc2cccc(F)c2)n1,OADMET-0005352,5.17,,,,,,
O=C(CCSc1ccc(Cl)cc1)N1CCCCCC1,OADMET-0001932,5.37,,,,,,
O=C(CC[C@@H]1CCCN2CCCC[C@H]12)NCc1cnc2c(c1)CCC2,,,0.675686709,2.456939652,1.427244251,,,
O=C(CC[C@@H]1CCCN2CCCC[C@H]12)NCc1ncc(Cl)cn1,,,0.675686709,1.575441879,1.528491865,,,
O=C(CCc1c[nH]c2ccccc12)N1CC[C@@H]2COCCN(Cc3cccnc3)[C@@H]2C1,OADMET-0001422,4.77,,,,,,
O=C(CCc1c[nH]c2ccccc12)Nc1ccc(-c2nnc3n2CCCC3)cc1,OADMET-0001416,4.71,,,,,,
O=C(CCc1cc2ccccc2o1)N1CCN(c2cnccn2)CC1,,,1.842453215,2.696762531,-0.201650351,1.744684063,,
O=C(CCc1ccc(-c2ccccc2)o1)N1CCC(n2c(=O)[nH]c3ccccc32)CC1,,,2.405773101,3.246697956,,,,
O=C(CCc1ccc(Cl)cc1)N1CCCC(c2n[nH]cc2-c2cccc(F)c2)C1,,,2.968260608,3.512951347,0.753540715,0.591064607,,
O=C(CCc1ccc2c(c1)OCO2)Nc1cccc2cnccc12,,,1.621996303,2.477014116,0.005964492,1.650501795,,
O=C(CCc1ccc2c(c1)OCO2)Nc1nc2c(s1)CCC2,,,1.988487609,2.773161606,-0.626596991,1.062581984,,
O=C(CCc1ccccc1)N1CCC(c2cccc(Cc3ccc(F)cc3)n2)CC1,,,3.000683042,3.630252291,-0.138184752,0.653212514,,
O=C(CCc1ccccc1)N1CCCN(C(=O)C2COc3ccccc32)CC1,OADMET-0005957,5.31,,,,,,
O=C(CCc1ccccc1)NCc1cccnc1,OADMET-0002027,2.83,,,,,,
O=C(CCc1ccccc1Cl)N1CCCC1CN1CCOCC1,OADMET-0005590,4.63,,,,,,
O=C(CCc1ccccc1N1CCOCC1)N1CCCCCC1CO,OADMET-0002955,5.53,,,,,,
O=C(CCc1ccccn1)Nc1cnc2ccccc2c1,OADMET-0004692,4.35,,,,,,
O=C(CCc1ccco1)Nc1ccccc1OC(F)F,,,2.063836054,2.919639696,-0.273163374,1.649626887,,
O=C(CCc1cccs1)Nc1ccc(N2CCCC2)cn1,,,,,,0.071882007,,
O=C(CCc1cccs1)Nc1ccc(N2CCOCC2)cn1,,,1.335197045,1.691982757,-0.208932317,1.507720977,,
O=C(CCc1ccncc1)N1CCC(Cc2ccccc2)C1,OADMET-0003410,2.28,,,,,,
O=C(CCc1cn[nH]c1)N1CC2CCN(C(=O)CC3CCCCC3)C(C2)C1,OADMET-0005517,4.92,,,,,,
O=C(CCc1cn[nH]c1)NCCCn1cc(Cl)cn1,,,0.675686709,1.446148676,1.25745022,,,
O=C(CCc1cnn(-c2ccccc2)c1)N1CCC(n2c(=O)[nH]c3ccccc32)CC1,,,2.753451295,3.576211388,,,,
O=C(CCc1nc2ccccc2n1-c1ccccc1)NCc1ccc(O)cc1,OADMET-0002788,5.3,,,,,,
O=C(CCc1nc2ccccc2nc1O)NCc1n[nH]c(=O)[nH]1,OADMET-0000944,2.54,,,,,,
O=C(CCc1nc2ccccc2s1)NC1CCN(C(=O)N2C[C@H]3C[C@@H](C2)[C@H]2CCCC(=O)N2C3)CC1,OADMET-0001388,6.14,,,,,,
O=C(CCc1nnc(-c2ccsc2)o1)N1CCCc2cc(F)c(F)cc21,,,2.032457583,3.295658567,-0.062662321,0.318063335,,
O=C(CCn1c(=O)oc2ccccc21)Nc1cccc(Cl)c1,OADMET-0001934,5.29,,,,,,
O=C(CCn1c(=O)oc2ccccc21)Nc1nc2ccccc2s1,OADMET-0001883,4.75,,,,,,
O=C(CCn1cc(Br)cn1)Nc1nc2ccccc2n1CCN1CCOCC1,,,,,,1.626340367,,
O=C(CCn1cc(Cl)cn1)N1CCC(CN2CCCC2=O)CC1,OADMET-0001119,3.52,,,,,,
O=C(CCn1ccc2ccccc21)N1CCC(n2c(=O)[nH]c3ccccc32)CC1,,,2.429332313,3.736240288,,,,
O=C(CCn1cncn1)N(CC#Cc1ccccc1)C1CCCC1,,,2.419345987,3.130409361,0.296711312,1.351409752,,
O=C(CCn1nnc2ccccc2c1=O)Nc1ccncc1,,,0.965342836,1.928226813,0.608360106,1.329601248,,
O=C(CN(CC1CCCO1)c1nc2ccc(F)cc2o1)N1CCCC1,OADMET-0005452,4.61,,,,,,
O=C(CN1C(=O)CCC1=O)Nc1ccc(F)c(F)c1F,,,,,,1.698970004,,
O=C(CN1C(=O)CNC1=O)N1CCOC2(CCN(C(=O)c3ccco3)CC2)C1,OADMET-0001005,2.67,,,,,,
O=C(CN1C(=O)CNC1=O)NCCc1noc(C2CCCC2)n1,OADMET-0001115,2.53,,,,,,
O=C(CN1C(=O)CNC1=O)NCc1n[nH]c2c1CCCCC2,OADMET-0001109,2.47,,,,,,
O=C(CN1C(=O)COc2ccc(Cl)cc21)N1CCC(c2ccco2)C1,OADMET-0005415,4.79,,,,,,
O=C(CN1C(=O)NC(c2cccs2)(C2CC2)C1=O)NC(Cc1ccccc1)C(=O)NC1CC1,OADMET-0004929,4.81,,,,,,
O=C(CN1C(=O)NC2(CCc3ccccc32)C1=O)Nc1nc2ccccc2nc1N1CCCC1,OADMET-0002636,5.19,,,,,,
O=C(CN1C(=O)c2cccc3cccc(c23)C1=O)N1CCCCCC1,OADMET-0001926,5.23,,,,,,
O=C(CN1CCC(F)(F)C(CO)C1)Nc1ccc2c(c1)CCC2,OADMET-0005083,4.27,,,,,,
O=C(CN1CCC(c2ccccc2)CC1)N1CCNC1=O,,,0.675686709,1.813927752,0.026122693,1.690727544,,
O=C(CN1CCC(n2c(=O)[nH]c3ccccc32)CC1)N1CCc2ccccc21,,,1.018034403,2.594451115,1.707570176,1.339451441,,
O=C(CN1CCCC(c2ccc3cn[nH]c3n2)C1)N1CCCC1,,,0.960280464,2.527646654,1.479515079,1.580069223,,
O=C(CN1CCCC(c2cccc(-c3cccc(Cl)c3)n2)C1)N1CCCC1,,,1.711284074,2.62188429,0.33521163,1.738384124,,
O=C(CN1CCCC(c2cccc(Cc3cccc(F)c3)n2)C1)N1CCCC1,,,1.881806762,3.058701926,,,1.062130535,0.953856298
O=C(CN1CCCC(c2cncc(-c3cccc(Cl)c3)n2)C1)N1CCCC1,,,1.937327282,3.034963171,0.238672784,1.817895757,,
O=C(CN1CCCC(c2nc3ccccc3o2)C1)Nc1ccc(OC(F)(F)F)cc1,,,2.126232092,2.695767901,-0.00730892,0.835690571,,
O=C(CN1CCCC1=O)N1CCc2nc3sccc3c(=O)n2CC1,,,0.675686709,1.027920136,,,,
O=C(CN1CCCC1=O)NCC1(CO)CCCC1,,,0.675686709,1.027920136,0.354338699,,,
O=C(CN1CCCCC1=O)Nc1ccc(Oc2nnn[nH]2)cc1,OADMET-0001019,2.31,,,,,,
O=C(CN1CCCN(c2ccc(C(F)(F)F)cn2)CC1)Nc1cccc(F)c1,,,2.080370307,2.985315978,-0.099249078,1.484299839,,
O=C(CN1CCCN(c2ccc(C(F)(F)F)cn2)CC1)Nc1ccccc1,,,2.047734236,2.906852008,-0.126037772,0.230448921,,
O=C(CN1CCCN(c2ccc(C(F)(F)F)cn2)CC1)Nc1ccccc1Cl,,,2.360464659,3.218672284,0.012125249,1.041392685,,
O=C(CN1CCCN(c2ccc(C(F)(F)F)cn2)CC1)Nc1ccccc1F,,,2.171023996,3.040661666,-0.173122588,1.288919606,,
O=C(CN1CCCN(c2nccs2)CC1)Nc1cccc(Cl)c1,,,2.645352502,3.290218758,-0.069855634,1.569958818,,
O=C(CN1CCCc2ccc(F)cc21)N1CCNC1=O,,,0.675686709,1.787375449,-0.047651133,1.654561555,,
O=C(CN1CCN(C(=O)c2cccc(F)c2)CC1)NCCc1nc2ccccc2s1,OADMET-0006007,4.99,,,,,,
O=C(CN1CCN(C2CC2)C1=O)NC(C(=O)Nc1cncc2ccccc12)c1cccc(Cl)c1,OADMET-0005838,5.23,,,,,,
O=C(CN1CCNCC1)N1CCOCC1,OADMET-0002132,2.95,,,,,,
O=C(CN1CCOC(c2ccc(F)cc2)C1)Nc1ccccc1OC(F)F,,,1.971210885,2.753110976,-0.23002594,1.36361198,,
O=C(CN1CCOCC1)Nc1nc2ccc([N+](=O)[O-])cc2s1,OADMET-0001905,2.97,,,,,,
O=C(CN1CCSC1=O)N1CCN(Cc2sc3ccccc3c2Cl)CC1,,,1.861659842,2.543166258,,1.735199548,,
O=C(CN1CCSC1=O)Nc1ccccc1F,,,0.675686709,1.027920136,-0.131142413,1.500236475,,
O=C(CN1CCc2ccc(O)cc2CC1)NC(c1ccccc1)c1nccs1,OADMET-0004955,4.57,,,,,,
O=C(CN1CCc2ccccc21)N1CCC(c2nc3ccccc3[nH]2)CC1,,,2.049624983,3.070491144,1.749252026,1.720159303,,
O=C(CN1CCc2ccccc21)N1CCNC1=O,,,0.675686709,1.210586025,-0.1428735,1.439332694,,
O=C(CN1c2cccc3cccc(c23)S1(=O)=O)Nc1ccc(-n2nccn2)nc1,OADMET-0004874,4.89,,,,,,
O=C(CNC(=O)c1ccc(Cl)cc1)Nc1nc(-c2ccc3ccccc3c2)cs1,,,,,,-0.397940009,,
O=C(CNC(=O)c1ccccc1Cl)Nc1cccc2c1CCCC2,,,1.778230864,3.26519625,,,,
O=C(CNC(=O)c1cn(-c2ccccc2)nc1-c1cccnc1)Nc1ccc(F)cc1,OADMET-0004976,4.56,,,,,,
O=C(CNC1CCCOc2c(Br)cccc21)NCC1CC1,OADMET-0005492,5.35,,,,,,
O=C(CNS(=O)(=O)c1ccccc1F)N1C[C@H]2C[C@H](c3ccccc3)[C@H]2C1,OADMET-0006073,5.07,,,,,,
O=C(CNc1cc(N2CCCC2=O)ccc1F)N1CCCCCC1,,,1.376704672,2.594275397,0.428547763,,,
O=C(CNc1ccc(C(=O)N2CCCC2)cc1)N1CCCCC1,,,0.675686709,1.966859486,0.761776726,1.734399743,,
O=C(CO)N1CCN(c2nc3ccccc3nc2N2CCCCC2)CC1,OADMET-0005188,4.78,,,,,,
O=C(COC(=O)c1cc(O)nc2ccccc12)c1ccc(Oc2c(Cl)cccc2[N+](=O)[O-])cc1,,,2.993983883,2.264647954,,,,
O=C(COC1CC1)Nc1ccc(-n2cnc3ccccc32)nc1,OADMET-0002649,1.79,,,,,,
O=C(COCC1CC1)N1CCCc2ncccc21,,,1.139060079,1.832681319,-0.083618573,1.53032779,,
O=C(COCc1nc2ccccc2s1)N1CCC(n2c(=O)[nH]c3ccccc32)CC1,,,1.8360328,3.010513658,,,,
O=C(COc1ccc(Br)cc1)N1CCC(c2ccccc2)C1,OADMET-0002030,4.57,,,,,,
O=C(COc1ccc(Br)cc1)Nc1ccc([N+](=O)[O-])cn1,OADMET-0002004,2.3,,,,,,
O=C(COc1ccc(C(=O)c2ccccc2)cc1)NC1CCN(Cc2ccccc2)CC1,OADMET-0001947,3.6,,,,,,
O=C(COc1ccc(Cl)cc1)N1CCN(Cc2ccc3c(c2)OCO3)CC1,OADMET-0001862,3.27,,,,,,
O=C(COc1ccc(F)cc1)Nc1nnc(-c2ccncc2)s1,OADMET-0002014,5.29,,,,,,
O=C(COc1ccc(F)cc1F)N1CCNC1=O,,,,,,1.98686127,,
O=C(COc1ccc2c(c1)CCCC2)NC1CCCCC1,OADMET-0005459,4.72,,,,,,
O=C(COc1ccc2ccc(=O)oc2c1)Nc1cccc(COCc2ccco2)c1,,,1.889144768,2.628298996,,1.329397879,,
O=C(COc1ccc2oc3c(c2c1)CCCC3)N1CCOCC1,,,1.490969251,3.474290146,,1.633165354,,
O=C(COc1cccc(-n2cncn2)c1)N1CCc2ccccc21,,,1.577376892,2.526855987,,,,
O=C(COc1cccc2ccccc12)N1c2ccccc2CCc2ccccc21,OADMET-0001990,5.29,,,,,,
O=C(COc1ccccc1)NC1CCN(c2ccccc2)C1,OADMET-0002948,4.64,,,,,,
O=C(COc1ccccc1-n1ccnc1)Nc1ccc(Cl)cc1,OADMET-0005559,4.96,,,,,,
O=C(COc1ccon1)Nc1ccc2c(c1)OC1(CCCC1)O2,OADMET-0003879,4.21,,,,,,
O=C(COc1ncnc2ccccc12)NC12CC3CC(CC(C3)C1)C2,,,1.794104471,2.669835492,0.079327819,1.780533325,,
O=C(CS)Nc1ccccc1,OADMET-0001914,3.88,,,,,,
O=C(CSC1CCCC1)N1CCC(Cn2cccn2)CC1,,,1.872517549,2.873401407,0.205486056,1.80140371,,
O=C(CSC1CCCC1)N1CCC(n2ccnn2)CC1,,,1.121231455,2.139529622,0.112942152,1.591732239,,
O=C(CSC1CCCC1)NCCn1nc2c(cc1=O)CCCC2,,,1.851105401,3.073010809,0.960937164,1.783832143,,
O=C(CSCCCn1c(=O)[nH]c2ccccc21)N1CCCCC1,,,1.834535144,2.880727296,,1.77524626,,
O=C(CSCCN1CCCC1)N1CCC(OCc2ccccn2)CC1,OADMET-0001132,2.67,,,,,,
O=C(CSCCc1ccccn1)Nc1ccccc1,,,1.624292412,3.427032427,-0.285691464,,,
O=C(CSCCc1ccncc1)Nc1ccccc1,,,1.291768324,2.632281109,-0.09411438,,,
O=C(CSc1ccc(F)cc1)N1CCCC1,,,0.970579306,2.069686593,-0.127348534,1.558468563,,
O=C(CSc1ccc2c(c1)OCCO2)NC1CCCC1,,,1.923197374,3.765053253,-0.136385139,,,
O=C(CSc1ccccn1)N1CCSc2ccccc21,,,2.629072023,3.805995088,-0.232005395,,,
O=C(CSc1nc2ccccc2c(=O)n1-c1ccccc1C(F)(F)F)NC1CC1,OADMET-0004153,5.36,,,,,,
O=C(CSc1nc2ccccc2s1)NCc1ccc2c(c1)OCO2,OADMET-0001878,4.83,,,,,,
O=C(CSc1nc2ccccc2s1)Nc1nccs1,OADMET-0001980,4.06,,,,,,
O=C(CSc1nc2nc(O)cc(O)c2s1)c1ccc(-c2ccccc2)cc1,,,2.14248958,2.105738342,-0.057671611,0.84509804,,
O=C(CSc1ncccn1)N1c2ccccc2CCc2ccccc21,OADMET-0002869,5.51,,,,,,
O=C(CSc1nccn1C1CC1)Nc1c(Cl)cc(Cl)cc1C(=O)O,,,1.618654639,2.309415096,0.918286406,0.385606274,,
O=C(CSc1ncn[nH]1)N(C1CCCCC1)C1CCCCC1,,,2.077872774,3.149464835,0.410327258,1.552424846,,
O=C(CSc1nnc(-c2cccs2)[nH]1)N1CCCCCC1,,,1.595231596,2.567835354,0.325002853,1.441066407,,
O=C(CSc1nnc(-c2cccs2)n1CC1CCCO1)Nc1ccc(F)cc1F,OADMET-0005129,5.01,,,,,,
O=C(CSc1nncn1-c1cccc(Cl)c1)NCCOc1ccccc1,OADMET-0005171,4.72,,,,,,
O=C(Cc1c(F)cccc1Cl)Nc1cccc2cnccc12,,,1.796761608,2.458865888,-0.050944631,0.320146286,,
O=C(Cc1c[nH]c2ccc(F)cc12)NCC1NCCc2sccc21,OADMET-0005146,4.45,,,,,,
O=C(Cc1cc2cc(Cl)ccc2[nH]1)N[C@H]1CCCc2cccnc21,OADMET-0006075,5.03,,,,,,
O=C(Cc1cc2ccccc2[nH]c1=O)Nc1ccc2[nH]nnc2c1,OADMET-0004388,4.24,,,,,,
O=C(Cc1ccc(Br)cc1F)NCCCNc1ccccn1,OADMET-0002974,4.755,,,,,,
O=C(Cc1ccc(Cl)c(Cl)c1)N1CC(n2ccnn2)C1,,,0.675686709,1.714052997,0.320930369,1.491501766,,
O=C(Cc1ccc(Cl)cc1)N1CCN(C(=O)c2ccco2)CC1,OADMET-0002037,2.98,,,,,,
O=C(Cc1ccc(Cl)cc1)NCc1ccncc1,,,0.675686709,1.555360509,-0.1123879,1.712733859,,
O=C(Cc1ccc(F)cc1)NCCn1cccnc1=O,,,0.675686709,1.355125725,0.965165229,1.80126647,,
O=C(Cc1ccc(F)cc1F)NCc1ccccc1-c1cccnc1,OADMET-0003994,4.3,,,,,,
O=C(Cc1ccc2[nH]ncc2c1)NCC[C@H]1CCCC[C@H]1O,OADMET-0002996,3.65,,,,,,
O=C(Cc1ccc2c(c1)CCC2)Nc1nc2ccccc2o1,,,2.052963129,3.188676267,-0.302037185,0.559906625,,
O=C(Cc1ccc2c(c1)CCCC2)Nc1ccc(-n2cnnn2)cc1,,,,,,-0.022276395,,
O=C(Cc1ccc2c(c1)OCCO2)NC1CCCCCC1,,,2.288186604,2.967200121,-0.208499673,1.624591459,,
O=C(Cc1ccc2ccccc2c1)NCCc1nc2ccccc2[nH]1,,,2.265991663,2.942157425,1.188176001,1.464638559,,
O=C(Cc1ccc2cn[nH]c2c1)NC1CC1c1ccccc1Cl,OADMET-0005398,4.93,,,,,,
O=C(Cc1cccc(C(F)(F)F)n1)N1CCCC(n2ccnn2)C1,OADMET-0005249,4.7,,,,,,
O=C(Cc1cccc(C(F)(F)F)n1)Nc1cncc2c1CCCC2,OADMET-0005866,4.48,,,,,,
O=C(Cc1cccc(F)c1)NCC(=O)N1CC=C(c2c[nH]c3ncccc23)CC1,OADMET-0003478,1.83,,,,,,
O=C(Cc1cccc(I)c1)N1CC(CO)C1,,,0.675686709,1.027920136,0.201685782,1.624282096,,
O=C(Cc1cccc2ccccc12)NCc1ccc(N2CCCC2=O)cc1,,,,,,1.149834697,,
O=C(Cc1cccc2ccccc12)NCc1nnc2n1-c1ccccc1CC2,,,2.378554146,3.238495478,1.653675764,1.669037801,,
O=C(Cc1cccc2cccnc12)N1CCCCC1c1ncon1,OADMET-0005577,4.9,,,,,,
O=C(Cc1ccccc1)NCCC(=O)N1CCCC1CC(O)c1ccccc1,OADMET-0005910,4.57,,,,,,
O=C(Cc1ccccc1F)N1CCN(C(=O)c2cccc3c2CCC3)CC1,OADMET-0005255,5.3,,,,,,
O=C(Cc1ccccc1F)N1CCN(c2nccn3nc4c(c23)CCCC4)CC1,,,2.121999497,2.894272853,-0.017473604,1.749117662,,
O=C(Cc1ccccc1O)N1CCCN(C(=O)c2ccc(Cl)cc2)CC1,OADMET-0005875,4.95,,,,,,
O=C(Cc1ccccc1[N+](=O)[O-])NCc1ccccc1Cl,OADMET-0002045,4.51,,,,,,
O=C(Cc1cccnc1)Nc1ncccc1Cl,,,0.675686709,1.492886051,-0.152337665,,,
O=C(Cc1cccs1)NCc1ccccc1F,,,1.319647288,2.122713802,-0.19329076,1.541454429,,
O=C(Cc1ccn(-c2ccc(F)cc2)n1)Nc1ccc2c(c1)C(=O)NCC2,OADMET-0005827,4.69,,,,,,
O=C(Cc1ccon1)N1CCN(c2ncnc3ccsc23)CC1,OADMET-0003225,1.82,,,,,,
O=C(Cc1cn(-c2ccccc2)nc1-c1ccc(F)cc1)Nc1cccnc1,OADMET-0004105,5.18,,,,,,
O=C(Cc1cn(-c2ccccc2)nc1-c1ccc([N+](=O)[O-])cc1)Nc1cn[nH]c1,OADMET-0003302,4.86,,,,,,
O=C(Cc1cn2c(n1)CCCC2)N1CCc2ccc(F)cc21,OADMET-0003961,4.41,,,,,,
O=C(Cc1cn2cc(Cl)cc(Cl)c2n1)NCC(c1ccccc1)N1CCOCC1,OADMET-0003504,5.58,,,,,,
O=C(Cc1cn2ccccc2n1)N1CCC(n2c(=O)[nH]c3ccccc32)CC1,,,1.529468854,2.589565377,1.385236465,,,
O=C(Cc1cn2ccccc2n1)N1CC[C@H]2CC[C@]21c1cccnc1,OADMET-0005251,4.53,,,,,,
O=C(Cc1cnn2ccccc12)N1CCCC(n2ccc(C(F)(F)F)n2)C1,OADMET-0005136,5.05,,,,,,
O=C(Cc1coc2c(F)c(F)ccc12)N[C@H]1CCC[C@H]1n1ccnc1,OADMET-0005246,4.81,,,,,,
O=C(Cc1csc(-c2ccc(F)c(F)c2)n1)NCC(F)(F)F,,,,,,-0.443697499,,
O=C(Cc1csc(-c2ccc(F)cc2)n1)N1CCC(n2c(=O)[nH]c3ccccc32)CC1,,,2.539561584,3.449672284,,,,
O=C(Cc1csc(-c2ccc3c(c2)OCO3)n1)NC1CCc2[nH]ncc2C1,OADMET-0003862,4.37,,,,,,
O=C(Cc1csc(-c2ccccn2)n1)NC1CCCCCC1,,,1.939499285,3.3586478,-0.024701654,1.05804623,,
O=C(Cc1n[nH]c2ccccc12)N1CCCO1,,,0.675686709,1.499934395,-0.018820423,,,
O=C(Cc1n[nH]c2ccccc12)N1CCc2cc(Cl)ccc21,OADMET-0004566,4.71,,,,,,
O=C(Cc1nc(Cc2ccccc2)no1)N1CCCC1c1ccccc1,OADMET-0002776,5.22,,,,,,
O=C(Cc1noc2ccccc12)NC1CCCN(Cc2ccc(F)cc2F)C1=O,OADMET-0006045,5.42,,,,,,
O=C(Cn1c(-c2ccc(F)cc2)nc2ccccc21)N1CCOCC1,,,0.675686709,1.027920136,1.108277615,1.736953954,,
O=C(Cn1c(=O)[nH]c2ccccc2c1=O)NC1CCc2c(F)cccc21,OADMET-0005505,4.48,,,,,,
O=C(Cn1c(=O)c2cccn2c2ccccc21)NCCCN1CCCC1,,,0.675686709,2.802245411,1.892529781,1.7182525,,
O=C(Cn1c(=O)oc2ccc(F)cc21)N1CCC(C(=O)N2CCCC2)CC1,OADMET-0003089,2.08,,,,,,
O=C(Cn1c(N2CCCCC2)nc2ccccc2c1=O)NCc1cccc(Cl)c1,OADMET-0001374,5.25,,,,,,
O=C(Cn1cc(-c2ccc(F)cc2)oc1=O)N1CCN(c2cccc(Cl)c2)CC1,OADMET-0001403,4.05,,,,,,
O=C(Cn1cc(-c2cncc(F)c2)nn1)N1CC2CCCCC21c1ccccc1,OADMET-0002552,5.52,,,,,,
O=C(Cn1cc(NCc2cccc(Cl)c2)cn1)N1CCOCC1,,,0.770999205,1.856849679,0.627160407,,,
O=C(Cn1ccc([N+](=O)[O-])n1)N1CCc2ccccc2C1,OADMET-0002034,4.17,,,,,,
O=C(Cn1ccc2ccccc2c1=O)N1CCC(Cc2ccccc2)C1,OADMET-0005634,4.09,,,,,,
O=C(Cn1cccc(C(=O)Nc2cccc(-n3cccn3)c2)c1=O)NC1CCCCC1,,,,,1.270983482,-0.096910013,,
O=C(Cn1cccn1)N[C@@H]1[C@@H]2CCO[C@@H]2[C@@H]1C1CCCC1,OADMET-0001217,4.01,,,,,,
O=C(Cn1ccnc1)NCc1ccccc1F,,,0.675686709,1.027920136,,1.688063697,,
O=C(Cn1cnccc1=O)N(C1CCCCC1)C1CCCCC1,OADMET-0005237,4.47,,,,,,
O=C(Cn1nc(Cc2ccccc2)c2ccccc2c1=O)NCCc1c[nH]cn1,,,1.562946788,2.776049981,1.538570872,,,
O=C(Cn1nc(Cc2ccccc2)c2ccccc2c1=O)NCc1ncc[nH]1,,,1.706700717,3.522116889,1.966511068,,,
O=C(Cn1nc2n(c1=O)-c1ccccc1C1=NCCN12)N1CCCc2ccccc21,,,2.408785883,3.223718093,0.861703588,0.212187604,,
O=C(Cn1nc2n(c1=O)-c1ccccc1C1=NCCN12)N1CCc2ccccc21,,,,,1.350276837,0.762678564,,
O=C(Cn1nc2n(c1=O)CCCC2)Nc1nnc(Cc2ccccc2)s1,OADMET-0005134,4.42,,,,,,
O=C(Cn1ncc2ccccc21)Nc1ccc2c(c1)CCO2,,,1.136815658,2.323165439,,,,
O=C(Cn1ncc2ncccc21)N(Cc1ccccc1F)C1CC1,OADMET-0005389,4.87,,,,,,
O=C(Cn1nnc(C2CC2)n1)N1CCCc2ccccc21,OADMET-0005886,4.58,,,,,,
O=C(Cn1nnn(C2CC2)c1=O)N1c2ccccc2CCc2ccccc21,OADMET-0002838,5.14,,,,,,
O=C(Cn1nnnc1-c1ccccc1)N[C@]1(c2ccccc2)C[C@H](O)C1,OADMET-0005787,4.67,,,,,,
O=C(N1CC(S(=O)(=O)NC2CCCC2)C1)C1(C(F)(F)F)CCOCC1,OADMET-0005801,4.5,,,,,,
O=C(N1CCC(Cn2cncn2)CC1)C1(c2ccccc2F)CCCC1,OADMET-0005191,5.21,,,,,,
O=C(N1CCCC(n2ccnn2)C1)C1(C(F)(F)F)CCCC1,OADMET-0005401,4.15,,,,,,
O=C(N1CCc2nc[nH]c(=O)c2C1)C1(Cc2ccccc2)CCc2ccccc21,OADMET-0005567,5.12,,,,,,
O=C(N1C[C@H]2CCS(=O)(=O)[C@H]2C1)C1(c2cccc(F)c2)CC1,OADMET-0005297,5.23,,,,,,
O=C(NC(CN1CCCC1=O)c1ccccc1)c1cccc2[nH]cnc12,OADMET-0005388,6.06,,,,,,
O=C(NC(CO)C(O)c1ccc([N+](=O)[O-])cc1)C(Cl)Cl,,,,,,1.773786445,,
O=C(NC(CO)C1CCC1)c1nnc2c(F)cccc2c1O,OADMET-0005117,4.46,,,,,,
O=C(NC(CO)Cc1c[nH]c2ccccc12)c1ccc(NCC2CC2)nc1,OADMET-0005348,4.5,,,,,,
O=C(NC(Cc1ccccc1)c1ncco1)N[C@H]1CCC[C@@H](C2CC2)C1,OADMET-0003440,5.49,,,,,,
O=C(NC(c1cc(F)ccc1F)C(F)F)c1nc2cnccc2s1,OADMET-0005378,4.89,,,,,,
O=C(NC(c1ccc(F)c(Cl)c1)C1CC1)c1nc2ncccn2n1,OADMET-0005296,4.43,,,,,,
O=C(NC(c1ccc2c(c1)CCO2)c1cc(Cl)ccc1Cl)C1OCCO1,OADMET-0002768,5.25,,,,,,
O=C(NC(c1cccc(Cl)c1)C1CCCCC1)c1ccc(=O)[nH]n1,OADMET-0005075,5.18,,,,,,
O=C(NC(c1ccccc1)c1ccc2[nH]cnc2c1)C1CCN(c2ccccc2F)C1,OADMET-0004767,5.32,,,,,,
O=C(NC(c1ccccn1)C1CCC1)c1nn[nH]c1-c1ccccc1,OADMET-0005618,4.96,,,,,,
O=C(NC1(C2CCSCC2)CC1)c1cncc(-c2ccccn2)c1,OADMET-0005337,4.87,,,,,,
O=C(NC1(c2c(F)cccc2F)CCC1)C1CNCc2ccccc21,OADMET-0006058,5.26,,,,,,
O=C(NC1(c2ccccc2)CCC1)c1cc(C2CC2)on1,,,0.911743378,2.283452753,-0.264988913,0.944482672,,
O=C(NC1(c2ccccc2Cl)CC1)c1ccc(N2CCOCC2)nc1,OADMET-0002686,5.44,,,,,,
O=C(NC1(c2ncccn2)CCOCC1)c1cc2c(s1)CCC2,OADMET-0005430,4.75,,,,,,
O=C(NC1(c2noc(C3CCCO3)n2)CCCCCC1)c1csnn1,OADMET-0005548,4.83,,,,,,
O=C(NC12CCCC1NCC2)c1ccc(-c2cn[nH]c2)cc1,,,0.675686709,,0.359673594,,2.0,
O=C(NC1=NS(=O)(=O)c2ccccc21)c1cc(-c2ccc(F)cc2)no1,,,1.955577119,1.027920136,0.40853374,1.501880494,,
O=C(NC1CC(F)(F)C1)NC1CCCOc2cc(Cl)ccc21,OADMET-0004762,4.8,,,,,,
O=C(NC1CC(F)(F)C1)c1cnc(Cc2ccccc2F)s1,OADMET-0005077,5.07,,,,,,
O=C(NC1CC1)c1ccc(CN(Cc2ccco2)S(=O)(=O)c2ccc(F)cc2F)cc1,OADMET-0003038,4.87,,,,,,
O=C(NC1CC1)c1cccc2cccnc12,,,0.718335579,1.494919503,-0.149763696,1.528788192,,
O=C(NC1CC1)c1cccnc1Oc1ccccc1,,,0.675686709,1.06807449,-0.227572157,1.814513952,,
O=C(NC1CC2CN(c3ccccn3)CCN2C1=O)c1c[nH]cc1-c1cnn(-c2ccccc2)c1,OADMET-0004992,4.78,,,,,,
O=C(NC1CCC(F)(F)CC1)N1C[C@@H]2C[C@H](C1)c1cccc(=O)n1C2,OADMET-0003276,5.79,,,,,,
O=C(NC1CCC2(CCCCC2)CC1)C1CC=CCC1C(=O)N1CCOCC1,OADMET-0005532,5.22,,,,,,
O=C(NC1CCCC1)C(=O)c1ccc2c(c1)CCC2,,,2.212131649,2.957847591,-0.261492998,1.495127881,,
O=C(NC1CCCC1)C1=CCN(C(=O)C2CC2)C1,,,0.675686709,1.571522499,0.715883939,,,
O=C(NC1CCCC1)N1CCN(c2nccn3nc4c(c23)CCCC4)CC1,,,2.072062313,2.666326999,0.301885484,1.232487866,,
O=C(NC1CCCC1)c1cc(C2CC2)nc2ccccc12,,,1.791360769,2.14486053,-0.158033288,1.269512944,,
O=C(NC1CCCC1)c1cc2c(ccc3ccccc32)o1,OADMET-0001884,4.2,,,,,,
O=C(NC1CCCCC1)C1=CCN(C(=O)C2CC2)C1,,,0.675686709,1.473720477,0.380397388,,,
O=C(NC1CCCCC1)C1CCN(c2ccncc2Cl)CC1,,,1.34964657,2.41001085,-0.076892331,1.342422681,,
O=C(NC1CCCCC1)N1CCc2nc3ccccn3c(=O)c2C1,,,0.675686709,2.089092256,,1.698535493,,
O=C(NC1CCCCCC1)c1ccc(-c2cnco2)cc1,,,1.173739714,1.956379761,-0.287663692,0.963787827,,
O=C(NC1CCCCCC1)c1ccc(CSc2nc3ccccc3[nH]2)cc1,,,2.20751319,3.278355239,0.475582476,0.432969291,,
O=C(NC1CCCCCC1)c1cccs1,OADMET-0001927,3.89,,,,,,
O=C(NC1CCCN(C(=O)C2Cc3ccc(F)cc32)C1)c1ccc2ccccc2c1,OADMET-0002876,5.34,,,,,,
O=C(NC1CCCN(c2cccc(F)c2)C1)c1ccnn1C1CCC1,OADMET-0005407,5.17,,,,,,
O=C(NC1CCCOc2cc(F)ccc21)c1ccc(N2CCCC2=O)cc1,OADMET-0003016,4.75,,,,,,
O=C(NC1CCN(C(=O)CCc2ccccc2)CC1)c1cc2ncccn2n1,OADMET-0005595,4.93,,,,,,
O=C(NC1CCN(C2CC2)C1=O)C(c1cc(Cl)cc(Cl)c1)N1CCOCC1,OADMET-0005526,5.07,,,,,,
O=C(NC1CCN(C2CCCCC2)C1=O)N[C@]1(c2ccccc2F)C[C@@H](F)C1,OADMET-0003363,5.84,,,,,,
O=C(NC1CCN(CC2CCCO2)CC1)c1ccncc1Cl,OADMET-0001050,2.16,,,,,,
O=C(NC1CCN(CCCCC2(C(=O)NCC(F)(F)F)c3ccccc3-c3ccccc32)CC1)c1ccccc1-c1ccc(C(F)(F)F)cc1,OADMET-0003785,2.02,,,,,,
O=C(NC1CCN(Cc2ccccc2)CC1)c1ccc(I)cc1,OADMET-0001981,1.81,,,,,,
O=C(NC1CCN(c2ccc(OC(F)(F)F)cc2)CC1)N1CCC1,,,0.675686709,1.422409257,-0.145249698,1.755798657,,
O=C(NC1CCN(c2cccc(Cl)c2)C1)c1cnn2cccnc12,OADMET-0004918,4.53,,,,,,
O=C(NC1CCNCC1)c1ccc2[nH]ncc2c1,,,1.41385276,,-0.62168634,,1.842696589,1.92695435
O=C(NC1CCNCC1)c1ccc2cn[nH]c2c1,,,1.206637011,,,,2.0,1.70808081
O=C(NC1CCOC(c2cccnc2)C1)N1CCCc2ccccc2CC1,OADMET-0005880,5.19,,,,,,
O=C(NC1CCOC2(CCCCC2)C1)c1ccc2c(n1)CCCC2,OADMET-0002942,5.37,,,,,,
O=C(NC1CCOc2ccc(F)cc21)c1ccc(N2CCCC2)nn1,OADMET-0002736,4.91,,,,,,
O=C(NC1CCOc2ccc(F)cc21)c1ccc2c(c1)CC(c1ccccc1)OC2=O,OADMET-0004916,4.79,,,,,,
O=C(NC1CCS(=O)(=O)C1)NC1(Cc2ccc(Br)cc2)CCCCC1,OADMET-0005443,5.61,,,,,,
O=C(NC1COc2cc(F)cc(F)c21)c1ccccc1OC(F)F,OADMET-0005412,4.89,,,,,,
O=C(NCC#CCN1CCc2ccccc2C1)NCc1ccc(F)cc1,,,1.901223946,2.736404471,0.602443678,1.524655712,,
O=C(NCC(=O)N1CCCC1C=Cc1ccccc1)NC1CCCCC1,OADMET-0002901,5.14,,,,,,
O=C(NCC(=O)N1CCN(C2CC2)CC1)c1ccccc1,,,0.675686709,1.027920136,-0.181113798,1.794488047,,
O=C(NCC(Cc1ccccc1)Cc1ccccc1)N1CCC(O)C(F)(F)C1,OADMET-0005932,4.94,,,,,,
O=C(NCC(F)(F)C(F)F)C1CCN(c2ccccc2Cl)C1,OADMET-0005656,4.89,,,,,,
O=C(NCC(F)(F)F)c1ccncc1,,,,,,1.487138375,,
O=C(NCC(O)c1ccc(Cl)c(F)c1)C1CC(c2c(F)cccc2F)=NO1,OADMET-0005217,4.47,,,,,,
O=C(NCC(c1cccc(Cl)c1)N1CCOCC1)c1cccc2c1CCC2,OADMET-0003001,5.46,,,,,,
O=C(NCC1(C2(O)CCC2)CC1)c1ncc(C(F)(F)F)cc1Cl,OADMET-0005768,4.86,,,,,,
O=C(NCC1(Cc2ccccc2)CCC1)c1cccc2cn[nH]c12,OADMET-0003109,5.64,,,,,,
O=C(NCC1(Cc2ccccc2)CCCCC1)C1CCCc2[nH]nnc21,OADMET-0003103,5.22,,,,,,
O=C(NCC1(N2CCCCC2)CCCC1)c1cnn[nH]1,,,0.675686709,1.027920136,1.500643395,,,
O=C(NCC1(Sc2ccccc2)CC1)c1ccc(=O)[nH]n1,,,0.896415976,2.753397659,,,,
O=C(NCC1(c2ccc(Cl)cc2)CCC1)NCC1(N2CCOCC2)CC1,OADMET-0005553,4.79,,,,,,
O=C(NCC1(c2ccc(F)cc2)CCOCC1)c1ccccn1,,,1.064719984,2.652403974,-0.100728009,1.69862243,,
O=C(NCC1(c2cccc(Cl)c2)CCOCC1)C(O)C1CCCCC1,OADMET-0006000,5.22,,,,,,
O=C(NCC1(c2cccc(OC(F)(F)F)c2)CCC1)N1CCC2(COC2)C1,OADMET-0005342,5.2,,,,,,
O=C(NCC1(c2ccccc2)CC1)c1cccnc1,,,0.675686709,2.363504803,-0.120933154,1.614897216,,
O=C(NCC1(c2ccccc2)CCCO1)c1ccc2[nH]cnc2c1,OADMET-0005981,4.5,,,,,,
O=C(NCC1(c2ccccc2)CCCO1)c1nnc(-c2ccccc2)o1,OADMET-0005712,4.49,,,,,,
O=C(NCC1(c2ccccn2)CCC1)c1cccc(-c2noc(C(F)(F)F)n2)c1,OADMET-0003481,5.38,,,,,,
O=C(NCC1=CCCN(Cc2cc(F)ccc2Cl)C1)c1ccco1,,,2.300049556,3.214697381,-0.161329885,1.5774918,,
O=C(NCC1C2Cc3ccccc3C12)c1cc2c(F)cccc2[nH]1,OADMET-0003858,4.64,,,,,,
O=C(NCC1CC1)c1ccc(-n2ccnc2)nc1,,,0.675686709,1.365600288,0.034185722,1.654946227,,
O=C(NCC1CC1)c1cncn1-c1ccc(F)cc1,,,0.675686709,1.027920136,0.099239887,1.717670503,,
O=C(NCC1CCC1)c1ccc(-n2ccnc2)nn1,,,0.920384242,1.701403906,-0.210450577,1.533263517,,
O=C(NCC1CCC2(CC1)OCCO2)c1[nH]nc2c1CCCC2,,,0.837651558,3.104764944,0.772074202,,,
O=C(NCC1CCCC2(CCC2)O1)Nc1cc2ccccc2nn1,OADMET-0004321,5.11,,,,,,
O=C(NCC1CCCO1)c1cccc(F)c1,OADMET-0001992,2.95,,,,,,
O=C(NCC1CCN(C(=O)c2ccoc2)CC1)c1ccon1,OADMET-0001037,2.68,,,,,,
O=C(NCC1CCN(Cc2ncc[nH]2)CC1)c1ccsc1,OADMET-0001071,2.86,,,,,,
O=C(NCC1CCOc2ccccc21)N1CCOC(c2ccccc2F)C1,OADMET-0005938,4.82,,,,,,
O=C(NCC1OCCc2ccccc21)c1occc1COc1ccccc1,OADMET-0005601,4.87,,,,,,
O=C(NCCC1C(=O)Nc2ccccc21)c1cc2c(s1)CCCCC2,OADMET-0003093,4.76,,,,,,
O=C(NCCCC(=O)N1CCc2ccccc21)c1cc(F)cc2[nH]nnc12,OADMET-0005831,3.9,,,,,,
O=C(NCCCN1CCOCC1)C1COc2ccccc2O1,OADMET-0002008,2.27,,,,,,
O=C(NCCCN1CCOCC1)c1cc(-c2ccc(O)cc2)on1,OADMET-0001940,2.27,,,,,,
O=C(NCCCN1CCOCC1)c1ccc(Cl)cc1,OADMET-0002002,2.58,,,,,,
O=C(NCCCN1CCOCC1)c1cnn2c(-c3ccccc3)cc(-c3ccccc3)nc12,OADMET-0001968,4.48,,,,,,
O=C(NCCCNC(=O)c1cc2ccccc2[nH]1)c1ccc2c(c1)OCCO2,,,1.284543523,2.45154697,0.828402714,1.607455023,,
O=C(NCCCc1ccccc1)c1cccs1,OADMET-0001996,3.0,,,,,,
O=C(NCCCc1nnn[nH]1)c1[nH]nc2c1CCC2,OADMET-0001242,2.62,,,,,,
O=C(NCCCn1ccnc1)N1CC2(CCCC2)c2ccccc21,,,1.838042695,2.873165344,,1.799891685,,
O=C(NCCCn1ccnc1)N1CCC12CCC2,,,0.675686709,1.444591226,1.48499963,1.614053106,,
O=C(NCCCn1ccnc1)c1cc(-c2ccccc2)on1,OADMET-0001864,3.49,,,,,,
O=C(NCCCn1ccnc1)c1cc(-c2cccs2)on1,OADMET-0001885,3.1,,,,,,
O=C(NCCCn1ccnn1)C1Cc2ccccc2O1,OADMET-0001272,2.95,,,,,,
O=C(NCCN(C1CCOCC1)C1CCCN(C(=O)C2CC2)C1)c1ccc2[nH]cnc2c1,OADMET-0001460,2.48,,,,,,
O=C(NCCN1C(=O)CSC1=O)c1cc(Cl)c2c(c1)OCO2,,,1.114210528,1.919015298,0.428984291,1.597695186,,
O=C(NCCN1CC2CCCCN2C1=O)c1cccc2scnc12,OADMET-0005518,5.39,,,,,,
O=C(NCCN1CCC(O)(c2cccc(F)c2)CC1)c1cccc(F)c1,,,0.95927995,2.389748889,0.752097593,1.728353782,,
O=C(NCCN1CCC(c2ccccc2)CC1)c1ccc2ncsc2c1,,,1.182072104,2.034443953,0.116376658,1.643650038,,
O=C(NCCN1CCC(n2c(=O)[nH]c3cc(Cl)ccc32)CC1)c1ccc(F)cc1,,,1.784759895,2.571648283,,,,
O=C(NCCN1CCc2ccccc2C1=O)c1ccncc1,,,1.13232374,2.380509717,,,,
O=C(NCCN1CCc2ccccc2C1=O)c1ccon1,,,0.675686709,1.750438964,0.072906032,,,
O=C(NCCN1CCc2sccc2C1)c1cc2ccccc2[nH]1,OADMET-0005488,5.04,,,,,,
O=C(NCCNC(=O)c1cc(-c2ccccc2)nc2ccccc12)c1ccco1,,,1.767608484,2.663355048,1.000931599,1.575649615,,
O=C(NCCNC(=O)c1cc(F)cc2cccnc12)c1ccc(O)cc1,OADMET-0004720,4.59,,,,,,
O=C(NCCNC(=O)c1cccc(-c2cccs2)n1)NC1CCCCC1,OADMET-0004472,4.86,,,,,,
O=C(NCCNc1ncccc1C(F)(F)F)c1cnc2ccccn2c1=O,,,1.444372736,2.767166259,0.03862125,1.823474229,,
O=C(NCCO)c1ccc(Cl)cc1,OADMET-0002000,1.92,,,,,,
O=C(NCCOc1cccc(C(F)(F)F)n1)c1ccnc(NC(=O)C2CC2)c1,OADMET-0005410,5.15,,,,,,
O=C(NCCc1c[nH]c2c(Cl)cccc12)C(F)(F)c1cccnc1,OADMET-0005208,4.93,,,,,,
O=C(NCCc1c[nH]c2cc(F)ccc12)C1COc2ccccc21,OADMET-0006019,4.73,,,,,,
O=C(NCCc1c[nH]c2cccc(C3(O)CCOCC3)c12)c1cccs1,,,,,,1.8162413,,
O=C(NCCc1c[nH]c2ccccc12)c1ccc(-n2cnnn2)cc1,OADMET-0001984,3.41,,,,,,
O=C(NCCc1c[nH]c2ccccc12)c1cccnc1,OADMET-0001859,2.82,,,,,,
O=C(NCCc1ccc(C(F)(F)F)cn1)c1noc2c1CCCC2,OADMET-0005096,5.23,,,,,,
O=C(NCCc1ccc(F)cc1)n1ccnc1,,,1.598757687,1.980276141,,,,
O=C(NCCc1ccc(O)c(CO)c1)Nc1ccc2c(c1)CCC2,OADMET-0004867,4.05,,,,,,
O=C(NCCc1ccc(O)c(O)c1)Nc1ccccn1,,,0.675686709,2.172144462,,1.67660217,,
O=C(NCCc1ccc2c(c1)CCO2)N1CC2(CCC2)C1C1CCOCC1,OADMET-0005453,4.93,,,,,,
O=C(NCCc1ccc2c(c1)OCCO2)c1ccc2ccccc2n1,,,2.090864442,3.289148638,-0.247814021,0.985426474,,
O=C(NCCc1ccc2c(c1)OCO2)C1CCCC1,,,1.440121603,2.778333616,-0.161435056,1.624178926,,
O=C(NCCc1ccc2c(c1)OCO2)N1CCc2sccc2C1,,,2.214290034,3.095081786,-0.189966491,1.658488381,,
O=C(NCCc1ccc2c(c1)OCO2)Nc1ccncc1,,,0.920175522,1.43611492,0.556198694,1.667452953,,
O=C(NCCc1cccc(Cl)c1)N1CCCC2(CCC2)C1,OADMET-0002975,5.71,,,,,,
O=C(NCCc1cccc2cccnc12)C1CCCCC1,,,2.199173535,2.957114776,,1.620136055,,
O=C(NCCc1ccccc1)c1ccc(NC(=O)N2CCCCc3ccccc32)cc1,,,2.408387533,,0.323794024,,0.075911761,
O=C(NCCc1ccccc1)c1cnccn1,,,1.129174103,1.463071381,-0.216967101,1.771293443,,
O=C(NCCc1ccccc1OC(F)F)N1CCOCC(C2CCC2)C1,OADMET-0003413,5.54,,,,,,
O=C(NCCc1ccn(-c2ccc(F)cc2)n1)c1ccc(NCC2CC2)nc1,OADMET-0005680,4.27,,,,,,
O=C(NCCc1cn2c(n1)CCCC2)c1ccccn1,,,0.675686709,1.426202103,1.085319411,1.677606953,,
O=C(NCCc1cnn(-c2ccccc2)c1)N1CCC1,,,0.675686709,1.738788483,0.128602223,1.597695186,,
O=C(NCCc1cnn(-c2ccccc2)n1)C1(c2ccc(Cl)cc2)CC1,OADMET-0002893,5.09,,,,,,
O=C(NCCc1cnn[nH]1)C1Cc2ccccc2C1,,,0.675686709,1.027920136,0.392596822,,,
O=C(NCCc1csc(N2CCCC2)n1)N1CCSCC1,,,1.792013268,2.945556715,0.629222963,1.720985744,,
O=C(NCCc1nc(-c2cccnc2)n[nH]1)c1cnn[nH]1,OADMET-0001216,3.11,,,,,,
O=C(NCCc1nnc(-c2ccccc2)o1)c1ccc(F)c(Cl)c1,OADMET-0004696,4.21,,,,,,
O=C(NCCc1nnc2n1CCC2)c1ccc2c(c1)CCC2,,,0.675686709,1.654571176,1.917632657,1.373831145,,
O=C(NCCc1noc(C2CC2)n1)c1nc2ccccc2[nH]c1=O,OADMET-0001323,3.58,,,,,,
O=C(NCCn1cnnn1)c1nccnc1C(=O)N1CCCCC1,OADMET-0001008,2.78,,,,,,
O=C(NCCn1nc(-c2ccccc2)ccc1=O)C1CCCCn2nnnc21,OADMET-0001014,4.11,,,,,,
O=C(NC[C@@H]1CCN(c2ccccc2)C1)N1CCc2ccccc2C1,,,2.229848158,3.335113337,-0.15097669,1.075546961,,
O=C(NC[C@H]1CCCO1)N1CCc2ccccc2[C@@H]1c1ccccc1,OADMET-0005547,5.37,,,,,,
O=C(NC[C@H]1CCN(c2ccccc2)C1)N1CCc2sccc2C1,,,2.354724853,3.399066496,-0.078869854,1.226599905,,
O=C(NC[C@H]1COCc2nc3ccccc3n21)c1ccncc1,,,1.275495631,2.116690743,1.378247677,1.716837723,,
O=C(NC[C@]1(O)CCN(Cc2cccs2)C[C@H]1O)c1c[nH]cn1,,,0.675686709,1.027920136,,,,
O=C(NC[C@]1(O)CCN(Cc2ccsc2)C[C@H]1O)c1c[nH]cn1,,,0.675686709,1.027920136,-0.436455899,,,
O=C(NC[C@]1(O)CCN(Cc2cscn2)C[C@H]1O)c1c[nH]cn1,,,0.675686709,1.629083246,,,,
O=C(NC[C@]12OCCC[C@H]1C2(F)F)c1n[nH]c2ccccc12,OADMET-0005530,4.88,,,,,,
O=C(NCc1c(F)cccc1Cl)N1CCN(c2nnc(C(F)(F)F)s2)CC1,OADMET-0004490,5.01,,,,,,
O=C(NCc1c[nH]c(=O)c2ccccc12)N1CC2(CC=CC2)C1c1ccccc1,OADMET-0006066,5.02,,,,,,
O=C(NCc1cc(-c2ccco2)on1)[C@H]1CNC[C@@H](C(=O)N2CCOCC2)C1,OADMET-0001341,3.44,,,,,,
O=C(NCc1cc(C2CC2)on1)c1c[nH]c2ncnn2c1=O,OADMET-0000959,2.7,,,,,,
O=C(NCc1cc(F)c(Cl)cc1F)c1c[nH]c2ccccc2c1=O,OADMET-0004256,5.3,,,,,,
O=C(NCc1cc(F)cc(F)c1)c1ccccn1,,,0.675686709,1.713036691,-0.143194689,1.637189422,,
O=C(NCc1cc2c(cc1OC(F)F)OCO2)NCC1CCCCC(F)(F)C1,OADMET-0002787,5.7,,,,,,
O=C(NCc1cc2ccccc2[nH]1)NCc1cccc(F)c1F,OADMET-0004974,4.98,,,,,,
O=C(NCc1cc2ccccc2o1)C1(Cc2ccc(F)cc2)CCOCC1,OADMET-0003500,5.24,,,,,,
O=C(NCc1cc2ccccc2s1)NC[C@]12C[C@H]1COC21CCC1,OADMET-0005579,4.85,,,,,,
O=C(NCc1cc[nH]n1)N1CCc2cc(-c3cccc(F)c3)ccc21,OADMET-0005390,3.34,,,,,,
O=C(NCc1ccc(-n2cncn2)nc1)c1csc2c1CCCC2,,,1.344411925,2.293210028,-0.003288903,0.72427587,,
O=C(NCc1ccc(CN2CCS(=O)(=O)CC2)cc1)c1ccon1,,,0.675686709,1.027920136,,,,
O=C(NCc1ccc(CO)c(F)c1)Nc1ccccc1,,,0.675686709,1.317080886,-0.369700232,1.546542663,,
O=C(NCc1ccc(Cl)cc1)c1ccc(Cl)cc1[N+](=O)[O-],OADMET-0002010,4.87,,,,,,
O=C(NCc1ccc(Cl)cc1)c1cnccn1,OADMET-0002023,2.7,,,,,,
O=C(NCc1ccc(F)cc1)C1(Cc2ccc(-c3cccnc3)cc2)CCOCC1,,,2.892379028,3.294946991,0.683271661,1.941759814,,
O=C(NCc1ccc(F)cc1)C1CCN(C(=O)/C=C/c2ccc(F)cc2)CC1,,,0.675686709,2.024633418,0.78840851,0.481442629,,
O=C(NCc1ccc(F)cc1)C1CCN(C(=O)/C=C/c2ccccc2)CC1,,,0.675686709,2.123668742,0.790034452,0.916980047,,
O=C(NCc1ccc(F)cc1)c1ccc(-n2ccnc2)nc1,,,0.675686709,1.477323878,0.017170884,1.850033258,,
O=C(NCc1ccc(F)cc1)c1ccccn1,,,0.675686709,1.3250228,-0.264920922,1.541828767,,
O=C(NCc1ccc(O)c(Cl)c1)C1(c2ccccc2)CCCO1,OADMET-0003110,5.45,,,,,,
O=C(NCc1ccc(O)c(O)c1)c1ccc2ccccc2n1,,,0.675686709,2.497681405,,1.743509765,,
O=C(NCc1ccc(O)cc1)Nc1ccncc1F,,,0.675686709,1.027920136,,1.577836341,,
O=C(NCc1ccc2c(c1)OCCO2)c1sccc1C1CC1,,,2.167981563,3.36540093,-0.323787433,1.493876111,,
O=C(NCc1ccc2ncccc2c1)C1(S(=O)(=O)c2ccccc2)CCCCC1,OADMET-0005420,5.25,,,,,,
O=C(NCc1ccc2occc2c1)NC1CCCc2cn(C3CCCC3)nc21,OADMET-0003453,5.28,,,,,,
O=C(NCc1cccc(CO)c1)N1CCCC1Cc1ccc(F)cc1,OADMET-0003448,5.01,,,,,,
O=C(NCc1cccc(F)c1)c1[nH]nnc1-c1ccccc1,,,0.675686709,1.241397042,0.136342622,1.321184027,,
O=C(NCc1cccc(N2CCOCC2)n1)c1csc2c1CCCC2,OADMET-0005899,4.59,,,,,,
O=C(NCc1cccc(O)c1)Nc1ccccc1F,,,0.675686709,1.76993092,,1.561578368,,
O=C(NCc1cccc(O)c1)Nc1nc(-c2ccncc2)cs1,,,1.989605531,2.390097489,,,,
O=C(NCc1cccc(O)c1)c1sc2ccccc2c1Cl,OADMET-0004815,4.8,,,,,,
O=C(NCc1cccc(OC(F)(F)F)c1)NC1CC12CCOCC2,OADMET-0005973,4.68,,,,,,
O=C(NCc1cccc2[nH]ccc12)Nc1cccc(N2CCCC2)c1,OADMET-0004922,5.34,,,,,,
O=C(NCc1cccc2c1OCCCO2)c1cscn1,,,0.884625463,1.918308238,,,,
O=C(NCc1cccc2c1OCO2)N1CCCC2(CC=CCC2)C1,OADMET-0003325,5.69,,,,,,
O=C(NCc1ccccc1)c1ccc(NS(=O)(=O)c2ccc(C3CCCCC3)cc2)cc1,,,1.908683355,2.603805599,0.429082233,0.195899652,,
O=C(NCc1ccccc1-c1ccncc1)C(O)c1cccc(C(F)(F)F)c1,OADMET-0003004,5.16,,,,,,
O=C(NCc1ccccc1C(F)(F)F)N1CCCN(C(=O)C2CC2)CC1,OADMET-0004791,4.79,,,,,,
O=C(NCc1ccccc1N1CCCC1)c1occc1COc1ccccc1,OADMET-0003484,5.39,,,,,,
O=C(NCc1ccccn1)c1ccc(F)cc1Cl,,,0.675686709,1.027920136,-0.224915414,1.593286067,,
O=C(NCc1ccccn1)c1ccc2ccccc2n1,OADMET-0001880,3.86,,,,,,
O=C(NCc1cccnc1)c1cnc2sccn2c1=O,OADMET-0001875,1.9,,,,,,
O=C(NCc1cccnc1)c1cnn(-c2ccccc2)c1,,,0.675686709,1.419278183,0.390488192,1.583198774,,
O=C(NCc1cccnc1)c1sc2cc(Cl)ccc2c1Cl,OADMET-0002024,3.1,,,,,,
O=C(NCc1cccnc1)c1sccc1-c1ccccc1,,,1.655032731,2.937782601,0.042220849,1.816771412,,
O=C(NCc1cccnc1Oc1ccc(F)cc1F)c1cncc(F)c1,OADMET-0001077,3.91,,,,,,
O=C(NCc1cccs1)c1cccnc1,,,0.675686709,1.027920136,-0.207369073,,,
O=C(NCc1ccn(-c2ccccc2)n1)c1cc2cc(F)ccc2[nH]1,OADMET-0004889,4.38,,,,,,
O=C(NCc1ccn(C2CCCC2)n1)NC1CCc2ccccc2C1,OADMET-0005484,4.93,,,,,,
O=C(NCc1ccnc(-n2cncn2)c1)N[C@@H]1CCCc2ccccc21,OADMET-0004961,4.67,,,,,,
O=C(NCc1ccoc1)N1CCC(c2c[nH]c3ccccc23)CC1,OADMET-0004738,4.31,,,,,,
O=C(NCc1cn2c(n1)CCCC2)NC1CC(c2cccc(Cl)c2)C1,OADMET-0005489,4.94,,,,,,
O=C(NCc1cn2cc(Cl)cc(Cl)c2n1)c1cccc2nn[nH]c12,OADMET-0005835,3.63,,,,,,
O=C(NCc1cncc(O)c1)[C@H]1CCCC[C@H]1c1ccccc1,OADMET-0005442,5.03,,,,,,
O=C(NCc1cnn(-c2ccccc2)c1)C1CCC1,,,0.675686709,2.066966643,-0.140815448,1.501196242,,
O=C(NCc1cnn2cccnc12)c1ccccc1-n1cnnc1,,,0.675686709,1.027920136,0.687780798,,,
O=C(NCc1csc2ccccc12)c1cc(C2CC2)[nH]n1,OADMET-0002935,5.28,,,,,,
O=C(NCc1n[nH]c(=O)[nH]1)Nc1cccc(OCC(=O)N2CCOCC2)c1,OADMET-0000929,2.13,,,,,,
O=C(NCc1nc(-c2cnccn2)n[nH]1)C1Cc2ccccc2C1,,,0.675686709,1.278845022,0.942134786,,,
O=C(NCc1nc(-c2ncccn2)no1)C1CC(=O)N(Cc2ccncc2)C1,OADMET-0001288,2.76,,,,,,
O=C(NCc1nc(=O)o[nH]1)c1ccc(N2CCCCCC2)cc1,OADMET-0005853,4.06,,,,,,
O=C(NCc1nc(C2CCCCC2)no1)c1cc(=O)n(-c2ccccc2)[nH]1,OADMET-0001059,3.61,,,,,,
O=C(NCc1nc2c(s1)CCCC2)C1COc2ccc(O)cc2O1,OADMET-0005311,4.7,,,,,,
O=C(NCc1nc2ccccc2s1)C(O)c1cc(Cl)cc(Cl)c1,OADMET-0003914,5.16,,,,,,
O=C(NCc1ncc(-c2ccccc2)o1)C1CCCCC1,,,1.621747346,2.824888272,-0.244377962,1.880298991,,
O=C(NCc1ncc[nH]1)C1(c2cccc(Br)c2)CCCCC1,OADMET-0003455,5.47,,,,,,
O=C(NCc1nccn1CC(F)(F)F)c1cccc2c1OCC2,OADMET-0004747,4.69,,,,,,
O=C(NCc1nnc(C2CC2)o1)c1noc2c1CCc1ccccc1-2,OADMET-0003063,5.11,,,,,,
O=C(NCc1nnc2c(O)nccn12)C1CCCC1,,,0.675686709,1.027920136,0.086891285,1.621591676,,
O=C(NCc1nnc2ccc(C(F)(F)F)cn12)N1CC2CSCC(C2)C1,OADMET-0003381,4.635,,,,,,
O=C(NCc1nnc2n1-c1ccccc1CC2)c1ccc2ccccc2c1,,,1.456487497,2.713096391,0.837858777,1.535800291,,
O=C(NCc1nncn1-c1ccccc1)C1CCCC1,,,0.675686709,1.087568476,1.318731099,1.636086515,,
O=C(NCc1nnnn1-c1ccccc1)Nc1ccc(OC(F)(F)F)cc1,OADMET-0004716,4.29,,,,,,
O=C(NCc1nnnn1C1CC1)c1ccc(-n2cnnn2)cc1Cl,OADMET-0002595,2.69,,,,,,
O=C(NCc1noc(C2CCCO2)n1)c1n[nH]c2c1CCC2,OADMET-0001145,3.48,,,,,,
O=C(NN1CCOCC1)c1ccc(Cl)c(Cl)c1,,,0.675686709,1.027920136,-0.160548299,,,
O=C(NNc1ccccc1)c1ccncc1,,,,,-0.132002706,,,
O=C(NO)c1cnc(NC2(c3cccc(F)c3)CCCCC2)nc1,,,1.15703345,2.48505386,,,,
O=C(NO)c1cnc(NC2(c3ccccc3)CC2)nc1,,,0.675686709,1.241745653,,,,
O=C(NS(=O)(=O)C1C[C@@H]2CC[C@H]1C2)c1cnc2ccccc2c1,OADMET-0006062,4.81,,,,,,
O=C(NS(=O)(=O)CC1CCCCC1)C1CCC(C(F)(F)F)CC1,OADMET-0005451,4.3,,,,,,
O=C(NS(=O)(=O)c1ccc(-n2cccn2)c(F)c1)c1ccnn1-c1ccccc1,OADMET-0003285,1.73,,,,,,
O=C(NS(=O)(=O)c1ccc2c(c1)COC2)c1cc2c(s1)CCCC2,OADMET-0005681,5.17,,,,,,
O=C(NS(=O)(=O)c1cccc2c1OC(F)(F)O2)C1C2CCCCC21,OADMET-0003009,4.94,,,,,,
O=C(N[C@@H](COc1ccc2[nH]c(=O)[nH]c2c1)c1ccccc1)c1cccn(Cc2ccc(F)c(F)c2)c1=O,,,1.725970509,2.583587381,,,,
O=C(N[C@@H]1CCCc2c(F)cc(F)cc21)c1cc2n(n1)CCO2,OADMET-0005003,4.81,,,,,,
O=C(N[C@@H]1CCN(C(=O)CCc2ccc(=O)[nH]n2)C[C@H]1O)c1ccccc1,OADMET-0001339,2.05,,,,,,
O=C(N[C@@H]1COCC[C@@H]1OCc1ccccc1)c1ccc2c(c1)CCO2,OADMET-0001142,4.24,,,,,,
O=C(N[C@@H]1C[C@H]2CC[C@@H]1O2)c1cc(-c2ccco2)nn1-c1ccccc1,OADMET-0005743,4.61,,,,,,
O=C(N[C@H](CO)CC1CCCCC1)c1cccc(-c2cnccn2)c1,,,2.296781425,3.629710646,,,,
O=C(N[C@H](CO)Cc1ccccc1)C1(S(=O)(=O)c2ccc(Cl)cc2)CCCC1,OADMET-0002703,5.16,,,,,,
O=C(N[C@H](CO)[C@H](O)c1ccc([N+](=O)[O-])cc1)C(Cl)Cl,OADMET-0001967,2.18,,,,,,
O=C(N[C@H]1CC2(CCCC2)Oc2ccc(Cl)cc21)c1c[nH]nn1,OADMET-0003232,4.65,,,,,,
O=C(N[C@H]1CC[C@H](Oc2ccccc2)CC1)C1(c2ccccc2)CCC1,OADMET-0004871,5.27,,,,,,
O=C(N[C@H]1C[C@@H](c2cc(=O)[nH]c(N3CCCC3)n2)C1)c1cnco1,OADMET-0001226,3.19,,,,,,
O=C(N[C@]12CC[C@H](C[C@@H]1n1cc(-c3ccc4c(c3)CCC4)nn1)C2)c1cnc2cn[nH]c2c1,OADMET-0003124,5.99,,,,,,
O=C(N[C@]12C[C@H]1CN(C(=O)C1(Cc3cccc(F)c3)CC1)C2)C1CCCCC1,OADMET-0005509,5.68,,,,,,
O=C(Nc1c(-c2cccs2)nc2ccccn12)c1ccc(Cl)cc1,OADMET-0001978,4.03,,,,,,
O=C(Nc1c(Cl)cncc1Cl)c1ccc(OC(F)F)c(OCC2CC2)c1,OADMET-0001922,4.98,,,,,,
O=C(Nc1c(F)cccc1Oc1ccccc1)c1cnccn1,,,1.539402325,3.035037696,,,,
O=C(Nc1c[nH]c2ccccc12)c1conc1C1CCCC1,OADMET-0005523,4.43,,,,,,
O=C(Nc1c[nH]nc1-c1ccccn1)c1n[nH]c2ccccc12,OADMET-0002866,3.47,,,,,,
O=C(Nc1c[nH]nc1-c1nccs1)[C@H]1C[C@](O)(c2cccc(Cl)c2)C1,OADMET-0005203,4.57,,,,,,
O=C(Nc1cc(-c2ccccc2)nn1-c1ccccc1)c1ccc([N+](=O)[O-])cc1,OADMET-0001950,5.66,,,,,,
O=C(Nc1cc(-c2ccccc2F)on1)[C@H]1C[C@@H]1C1CCOCC1,OADMET-0004698,4.23,,,,,,
O=C(Nc1cc(Br)ccn1)N[C@@H]1CCCc2cccnc21,OADMET-0002882,5.25,,,,,,
O=C(Nc1cc(C(=O)N2Cc3cccc(O)c3C2)ccn1)C1CC1,OADMET-0003095,4.77,,,,,,
O=C(Nc1cc(C2CC2)n[nH]1)C1CCN(C(=O)COc2ccccc2)CC1,,,,,,1.628082261,,
O=C(Nc1cc(C2CCOCC2)on1)NC(CCO)c1ccc(Cl)c(Cl)c1,OADMET-0005231,4.81,,,,,,
O=C(Nc1cc(CC2CC2)nn1-c1ccccc1)N1CCCC(F)(F)CC1,OADMET-0003279,4.98,,,,,,
O=C(Nc1cc(Cl)ccc1Cl)c1cccc(N2CCCC2=O)c1,,,2.194103441,2.986506599,,1.541953474,,
O=C(Nc1cc(Cl)ccc1OCC1CCC1)C1CC12CCS(=O)(=O)CC2,OADMET-0004994,5.16,,,,,,
O=C(Nc1cc(Cl)ccc1OCC1CCC1)N1CC[C@H]2CC[C@H](O)[C@H]21,OADMET-0003284,4.89,,,,,,
O=C(Nc1cc2n(n1)CCCC2)N1CCN(c2ncnc3sccc23)CC1,OADMET-0002929,3.1,,,,,,
O=C(Nc1cc2n(n1)CCCC2)c1cccc(C2CCOC2)c1,OADMET-0006026,4.64,,,,,,
O=C(Nc1cc[nH]n1)c1ccc2c(c1)[nH]c(=O)n2C1CCCC1,,,1.257414559,1.728118306,,,,
O=C(Nc1ccc(-c2nnn[nH]2)cc1)c1cc(COc2ccc(F)cc2)on1,,,,,,1.214048679,,
O=C(Nc1ccc(-c2nnn[nH]2)cc1)c1cn2ccccc2n1,OADMET-0002748,1.79,,,,,,
O=C(Nc1ccc(-n2cc[nH]c2=O)cc1)c1cc(-c2ccccc2)n(-c2ccccn2)n1,OADMET-0005086,3.99,,,,,,
O=C(Nc1ccc(-n2cccn2)c(F)c1)c1ccnn1-c1ccccc1,OADMET-0005354,4.45,,,,,,
O=C(Nc1ccc(Br)cc1)c1cc(Br)c(Br)s1,OADMET-0001994,3.47,,,,,,
O=C(Nc1ccc(Br)cc1)c1cc(Br)cc(Br)c1O,OADMET-0001870,4.12,,,,,,
O=C(Nc1ccc(Br)cc1)c1cccc(-n2cnnn2)c1,OADMET-0001876,3.1,,,,,,
O=C(Nc1ccc(C(=O)N2CCOCC2)c(Cl)c1)c1cc(-c2cccnc2)nc2ccccc12,OADMET-0005554,4.58,,,,,,
O=C(Nc1ccc(C(=O)O)c(O)c1)c1ccc(NC(=O)c2cccs2)cc1,,,0.675686709,1.027920136,-0.242495993,1.734559822,,
O=C(Nc1ccc(C(F)(F)F)cc1)c1ccccn1,,,1.503136707,2.217615529,,,,
O=C(Nc1ccc(C(F)(F)F)nn1)Nc1cc(CC2CCCCC2)n[nH]1,OADMET-0003305,1.83,,,,,,
O=C(Nc1ccc(C(O)(C(F)(F)F)C(F)(F)F)cc1)c1ccc(C(F)(F)F)cc1,OADMET-0001923,3.4,,,,,,
O=C(Nc1ccc(C2CC2)nn1)NC1(c2cccc(OC(F)(F)F)c2)CC1,OADMET-0005952,5.03,,,,,,
O=C(Nc1ccc(C2CCCCC2)cc1)c1ccc(S(=O)(=O)NCc2cccnc2)cc1,,,2.288037986,2.781370867,,,,
O=C(Nc1ccc(CN2CCCCC2)cc1)c1ccnc2[nH]cnc12,,,0.888010912,,0.958561437,,1.767526899,
O=C(Nc1ccc(COC2CCCC2)cc1)N1CCC(CO)CC1,,,0.675686709,2.517033502,0.744687037,,,
O=C(Nc1ccc(Cc2nc3ccccc3s2)cc1)Nc1cc[nH]n1,OADMET-0005754,4.6,,,,,,
O=C(Nc1ccc(Cl)c(C(F)(F)F)c1)c1ccco1,OADMET-0001900,4.81,,,,,,
O=C(Nc1ccc(Cl)c(Cl)c1)c1cc(Cl)cc(Cl)c1O,OADMET-0001857,4.0,,,,,,
O=C(Nc1ccc(Cl)c(Cl)c1)c1ccc(Cl)c(Cl)c1,OADMET-0001893,1.94,,,,,,
O=C(Nc1ccc(Cl)cc1)C(=O)N(C1CCCC1)C1CC1,,,,,,1.46834733,,
O=C(Nc1ccc(Cl)cc1)C1CCCN(C(=O)c2cccc(-c3ccco3)c2)C1,OADMET-0001969,4.27,,,,,,
O=C(Nc1ccc(Cl)cc1)C1CCCNC1,OADMET-0002100,3.01,,,,,,
O=C(Nc1ccc(Cl)cc1)c1csc2c1CCCCC2,OADMET-0001480,4.83,,,,,,
O=C(Nc1ccc(Cl)cc1C(F)(F)F)c1ccc(Cl)cc1,OADMET-0002025,3.75,,,,,,
O=C(Nc1ccc(Cl)cn1)C1(c2cccc(Cl)c2)CC1,,,,,-0.241303092,-0.48148606,,
O=C(Nc1ccc(Cl)nc1)NC1CCN(C2CCCC2)CC1,,,0.675686709,1.027920136,1.319634571,,,
O=C(Nc1ccc(Cn2cccn2)cc1)c1cc(-c2ccncc2)on1,OADMET-0003373,1.86,,,,,,
O=C(Nc1ccc(F)cc1)C1CCc2ccccc2N1C(=O)C1CCN(c2ncccn2)CC1,OADMET-0002960,5.11,,,,,,
O=C(Nc1ccc(F)cc1)[C@H](O)c1ccccc1,,,,,,1.632457292,,
O=C(Nc1ccc(F)cc1)c1cc(C2CC2)nn1-c1ccccc1,,,1.315823458,1.882689573,-0.502808202,0.613841822,,
O=C(Nc1ccc(F)cc1F)N1CCn2c1nc1ccccc12,,,1.894703653,1.954719971,-0.329942806,0.785329835,,
O=C(Nc1ccc(F)nc1)N1CCC(Cc2ccc(F)cc2)C1,OADMET-0005975,4.71,,,,,,
O=C(Nc1ccc(F)nn1)c1cc(-c2ccccc2Cl)nc2ccccc12,OADMET-0002805,4.91,,,,,,
O=C(Nc1ccc(N2CCCC2)cn1)c1ccc(-c2cnco2)cc1,,,1.434185534,2.277641298,-0.470786175,,,
O=C(Nc1ccc(N2CCOCC2)nc1)N1CCc2sccc2C1,,,0.942603249,2.037753092,0.280975082,1.410777233,,
O=C(Nc1ccc(O)cc1)c1ccccc1O,OADMET-0001869,2.54,,,,,,
O=C(Nc1ccc(Oc2nnn[nH]2)cc1)c1ccc(Cn2cccn2)o1,OADMET-0000977,2.68,,,,,,
O=C(Nc1ccc(S(=O)(=O)Nc2cccc(-c3nc(C4CC4)n[nH]3)c2)cc1)c1ccc(F)cc1,OADMET-0002811,5.03,,,,,,
O=C(Nc1ccc(S(=O)(=O)Nc2ccnn2-c2ccccc2)cc1)c1ccco1,,,0.908699432,2.006974917,1.688285214,1.801815169,,
O=C(Nc1ccc(S(=O)(=O)Nc2nccs2)cc1)c1ccc(Cl)cc1Cl,OADMET-0003202,4.96,,,,,,
O=C(Nc1ccc([N+](=O)[O-])cc1Cl)c1cc(Cl)ccc1O,OADMET-0001909,2.415,,,,,,
O=C(Nc1ccc2[nH]c(-c3ccccc3)nc2c1)C1CC12CCS(=O)(=O)CC2,OADMET-0005286,3.26,,,,,,
O=C(Nc1ccc2[nH]ncc2c1)[C@H]1CCCNC1,,,1.162026432,2.535463753,-0.420662403,,,
O=C(Nc1ccc2[nH]ncc2c1)c1ccccc1Sc1ccccc1,OADMET-0004888,4.59,,,,,,
O=C(Nc1ccc2[nH]nnc2c1)c1csc2ccccc12,OADMET-0004092,4.9,,,,,,
O=C(Nc1ccc2c(c1)CCO2)c1cccnc1OCc1ccccc1F,OADMET-0004024,5.08,,,,,,
O=C(Nc1ccc2c(c1)N(CC(F)F)C(=O)CS2)C1CC=CC1,,,1.721060047,2.591758923,-0.129820205,,,
O=C(Nc1ccc2c(c1)OCCCO2)c1cnn(Cc2ccccc2)c1,,,0.781611782,2.691960689,-0.193582814,1.217483944,,
O=C(Nc1ccc2c(c1)OCO2)c1cc(-c2cc(F)ccc2F)on1,OADMET-0004297,5.04,,,,,,
O=C(Nc1ccc2c(c1)OCO2)c1cccc(S(=O)(=O)N2CCOCC2)c1,OADMET-0001879,3.53,,,,,,
O=C(Nc1ccc2c3c(cccc13)CC2)c1ccc(-n2cncn2)cc1,,,,,-0.325278663,-0.744727495,,
O=C(Nc1ccc2c3c(cccc13)CC2)c1ccnc(-n2cncn2)c1,,,2.092134408,2.215182677,-0.602828842,1.030599722,,
O=C(Nc1ccc2c[nH]nc2c1)c1csc(-c2ccccn2)n1,OADMET-0003946,4.66,,,,,,
O=C(Nc1ccc2ccccc2n1)c1ccc(N2CCOC2=O)cc1,,,0.713490543,1.659098158,-0.225885144,0.45484486,0.449015316,0.069298012
O=C(Nc1ccc2ncccc2c1)C1(c2nccc3ccccc23)CC1,OADMET-0003195,5.22,,,,,,
O=C(Nc1ccc2sccc2c1)N1CCCN(C(=O)Oc2ccccc2)CC1,,,1.893900404,2.883941791,0.117703592,1.57818061,,
O=C(Nc1cccc(-c2ccccc2)c1)N1CCCC(N2CCCC2=O)CC1,OADMET-0002631,5.77,,,,,,
O=C(Nc1cccc(-c2cn(Cc3ccccc3)nn2)c1)N1CCc2ccc(F)cc2C1,OADMET-0002720,5.46,,,,,,
O=C(Nc1cccc(-c2cnco2)c1)C1(c2cccc(F)c2)CCOCC1,,,1.818252294,2.409268499,0.37499627,1.626032248,,
O=C(Nc1cccc(-c2nncn2C2CC2)c1)c1cc(-n2cnc(C3CC3)c2)ccn1,,,0.909876818,1.572453363,1.666140136,1.653212514,0.262925469,0.611935625
O=C(Nc1cccc(-c2nnn[nH]2)c1)c1ccc2[nH]cnc2c1,OADMET-0003213,1.75,,,,,,
O=C(Nc1cccc(Cl)c1F)c1cccc(N2CCCC2=O)c1,,,1.918292513,2.951315658,,0.531478917,,
O=C(Nc1cccc(Cn2cccn2)c1)c1ccc(-c2cc[nH]n2)s1,OADMET-0005123,4.6,,,,,,
O=C(Nc1cccc(F)c1F)NC1CCCN(C2CCCCC2)C1=O,OADMET-0005672,4.92,,,,,,
O=C(Nc1cccc(N2CCNC2=O)c1)C1NCC12CCCC2,,,0.675686709,,1.342234206,,1.718202645,
O=C(Nc1cccc(N2CCNC2=O)c1)N1Cc2ccccc2C(c2ccccc2)C1,OADMET-0003034,5.22,,,,,,
O=C(Nc1cccc(OCC(F)(F)F)c1)c1cnn2c1CCCC2,OADMET-0003975,5.04,,,,,,
O=C(Nc1cccc([N+](=O)[O-])c1)c1cc2ccccc2cc1O,OADMET-0001918,4.73,,,,,,
O=C(Nc1cccc2[nH]ccc12)C1CCCN1C(=O)Cc1ccccc1,OADMET-0005066,4.72,,,,,,
O=C(Nc1cccc2c(=O)cc(-c3nnn[nH]3)oc12)c1ccc(OCCCCc2ccccc2)cc1,,,1.323478988,,,,0.582744966,0.77224834
O=C(Nc1cccc2cnccc12)c1cccc(F)c1,,,1.543235884,2.119028122,,1.677880582,,
O=C(Nc1cccc2ncccc12)[C@H]1CCCN(S(=O)(=O)c2ccc(F)cc2)C1,,,1.547109837,2.843579701,,,,
O=C(Nc1cccc2ncccc12)[C@H]1CCCN(S(=O)(=O)c2ccccc2)C1,,,1.578982843,2.73638694,1.113887252,,1.222560409,1.091666958
O=C(Nc1cccc2ncccc12)[C@H]1CCCN(S(=O)(=O)c2cccs2)C1,,,1.553749564,2.788388292,,,,
O=C(Nc1ccccc1)N1CCCc2cnc(N3CCOCC3)nc21,,,0.675686709,2.062675977,0.086102017,0.767897616,,
O=C(Nc1ccccc1)Nc1ccc(-c2ccc(C(=O)[C@H]3CCC[C@@H]3C(=O)O)cc2)cc1,,,1.0548045,1.375736752,0.775157765,,,
O=C(Nc1ccccc1)Nc1ccc(OC(F)(F)F)cc1,,,,,-0.484024287,-0.096910013,,
O=C(Nc1ccccc1)Nc1ccccc1,,,1.204391332,1.960965202,,0.591064607,,
O=C(Nc1ccccc1)c1c([O-])n(-c2ccccc2)n[n+]1Cc1ccccc1,,,,,-0.061383294,-0.698970004,,
O=C(Nc1ccccc1)c1cc(Cl)ccc1O,OADMET-0001882,1.81,,,,,,
O=C(Nc1ccccc1)c1ccc(N2CCC(NCc3ccc(O)cc3)C2)nc1,OADMET-0001407,3.2,,,,,,
O=C(Nc1ccccc1)c1ccccc1O,OADMET-0001919,1.88,,,,,,
O=C(Nc1ccccc1)c1sc(N2CCOCC2)nc1-c1ccccc1,,,,,-0.306403185,-0.585026652,,
O=C(Nc1ccccc1)c1scnc1-c1ccccc1,,,2.040103683,3.016727973,,,,
O=C(Nc1ccccc1-c1ccc(Cl)cc1)c1cccnc1Cl,OADMET-0001913,4.875,,,,,,
O=C(Nc1ccccc1-c1cn2c(CN3CCNCC3)csc2n1)c1cnc2ccccc2n1,,,0.979548375,1.283753383,,0.173186268,,
O=C(Nc1ccccc1-n1ccnc1)c1ccc(F)cc1,,,1.008216802,1.605778955,-0.017265622,1.783689236,,
O=C(Nc1ccccc1-n1ccnc1)c1cccs1,,,1.042457375,1.593784333,-0.130968961,1.887673552,,
O=C(Nc1ccccc1C(=O)NCCc1ccccc1)c1ccco1,OADMET-0001892,4.45,,,,,,
O=C(Nc1ccccc1C(=O)O)c1ccco1,OADMET-0002272,3.13,,,,,,
O=C(Nc1ccccc1Cl)N1CCC(n2cc(C3CCCCC3)nn2)CC1,OADMET-0001163,3.93,,,,,,
O=C(Nc1ccccn1)c1ccc2c(c1)C(=O)N(C1CCCCC1)C2=O,,,1.070222633,2.89828573,-0.405688099,,,
O=C(Nc1ccccn1)c1cccc2ccccc12,,,2.118876211,2.144885418,,1.547282308,,
O=C(Nc1cccnc1)c1ccccc1Cc1ccccc1,,,1.53058386,2.663557707,-0.212953043,1.848435455,,
O=C(Nc1cccnc1)c1ccnc(NC(=O)C2CC2)c1,,,0.675686709,1.436051275,0.448797935,1.610127613,,1.615287063
O=C(Nc1cccnc1N1CCOCC1)N1CCCc2ccccc2CC1,OADMET-0005784,4.84,,,,,,
O=C(Nc1ccn(-c2ncccc2Cl)n1)c1cccc(F)c1Br,OADMET-0002985,5.105,,,,,,
O=C(Nc1ccn(-c2ncccc2Cl)n1)c1csnn1,,,,,,1.454692449,,
O=C(Nc1ccn(CC(F)F)n1)NC1CCN(C2CCCC2)CC1,,,0.675686709,1.027920136,1.540839973,,,
O=C(Nc1ccn(Cc2ccc(O)cc2C(F)(F)F)n1)c1c(F)cccc1F,,,1.222690465,2.641752644,0.349155017,1.637989781,,
O=C(Nc1ccn(Cc2ccccn2)n1)c1c(F)cccc1I,,,0.675686709,2.120439016,0.454603323,1.786609473,,
O=C(Nc1ccn(Cc2ccncc2)n1)c1cc(-c2ccc3c(c2)OCCO3)nc2ccccc12,OADMET-0002887,4.96,,,,,,
O=C(Nc1ccnc(Oc2ccc(F)cc2F)c1)N1CCC2CCCC21,OADMET-0005929,5.38,,,,,,
O=C(Nc1ccncc1)[C@H]1CCCN(S(=O)(=O)c2ccc(Cl)cc2)C1,,,1.346685415,2.85820082,1.300649344,,,
O=C(Nc1ccnn1Cc1ccc(Cl)s1)c1ncoc1C1CC1,OADMET-0004101,5.57,,,,,,
O=C(Nc1cn(CCOCC(F)(F)F)nc1-c1ccccn1)c1coc(-c2cn[nH]c2)n1,,,1.713767664,2.714584561,0.780363342,,,
O=C(Nc1cnc(C2CC2)nc1)N1CC2(CCC2)C1c1ccccc1,OADMET-0003159,5.1,,,,,,
O=C(Nc1cnc2ccccc2n1)c1ccncc1,,,0.82445127,2.103451355,-0.23827364,,,
O=C(Nc1cnc2cccnn12)c1cc(C2CC2)nc2ccc(F)cc12,OADMET-0003164,4.92,,,,,,
O=C(Nc1cncc(Cl)c1Cl)c1cccc(-n2cccn2)n1,,,1.995424577,2.173218329,-1.046978261,,,
O=C(Nc1cncc2ccc(F)cc12)C1CCOc2ccc(Cl)cc21,OADMET-0002655,5.13,,,,,,
O=C(Nc1cncc2ccccc12)c1ncccn1,,,1.575441879,1.155578931,-0.169876586,,,
O=C(Nc1cnccc1-c1ccc(Cl)cc1)c1ccnc(NC(=O)C2CC2)c1,,,1.47950333,1.880241776,0.466763826,,0.369957607,0.847634344
O=C(Nc1cnn(-c2ncccn2)c1)C1CCCCC1,,,0.675686709,1.863905495,,,,
O=C(Nc1cnn(C2CCCCC2)c1)N1CCCN(C(=O)c2ccc(F)cc2)CC1,OADMET-0002670,5.18,,,,,,
O=C(Nc1cnn(Cc2ccccc2)c1)C1Cc2ccccc2O1,OADMET-0005688,4.59,,,,,,
O=C(Nc1cnn(Cc2ccncc2)c1)C1(c2ccccc2)CCCN1,OADMET-0005042,4.69,,,,,,
O=C(Nc1cnn2cccnc12)C(=O)N1CCCCC1c1ccc(Br)cc1,OADMET-0004758,4.96,,,,,,
O=C(Nc1nc(-c2ccccn2)cs1)c1ccc(F)cc1Cl,,,1.915083102,2.103919973,-0.826801776,0.712649702,,
O=C(Nc1nc(-c2cccnc2)cs1)C1CCCCC1,,,,,-0.303502659,-0.677780705,,
O=C(Nc1nc(C2CC2)cs1)c1cn(CCc2ccccc2)nn1,OADMET-0005977,5.36,,,,,,
O=C(Nc1nc2c(Cl)cccc2[nH]1)C1CCN(c2ccccc2F)C1,OADMET-0004285,4.66,,,,,,
O=C(Nc1nc2c(F)cccc2s1)C1CCOC1,OADMET-0001125,3.63,,,,,,
O=C(Nc1nc2c(s1)COCC2)N1CCc2cccc(Cl)c2C1,OADMET-0004279,4.63,,,,,,
O=C(Nc1nc2c(s1)COc1ccccc1-2)c1cnc(Cl)c(Cl)c1,,,1.528543921,2.445191505,0.007590191,0.568201724,,
O=C(Nc1nc2cc(C(F)(F)F)cc(NC3CC3)n2n1)c1cccnc1,,,0.675686709,1.598024072,0.370992271,0.041392685,,
O=C(Nc1nc2ccc([N+](=O)[O-])cc2s1)C1CCCCC1,OADMET-0001956,1.86,,,,,,
O=C(Nc1nc2cccc(-c3ccc(CN4CCS(=O)(=O)CC4)cc3)n2n1)C1CC1,OADMET-0003669,4.71,0.675686709,1.28688292,2.133442088,1.673020907,1.681349797,1.601853652
O=C(Nc1nc2ccccc2[nH]1)C1CC(=O)N(c2cccc(C(F)(F)F)c2)C1,,,,,,-0.086186148,,
O=C(Nc1nc2ccccc2[nH]1)C1CC1c1ccccc1,,,,,,0.041392685,,
O=C(Nc1nc2ccccc2[nH]1)C1CCCCC1,,,1.190135521,2.277306592,-0.142205444,0.388278863,,
O=C(Nc1nc2ccccc2[nH]1)C1CCCO1,,,,,,1.550228353,,
O=C(Nc1nc2ccccc2[nH]1)c1cc(-c2ccccc2)nc2ccccc12,,,,,,-0.346787486,,
O=C(Nc1nc2ccccc2[nH]1)c1cc(Cl)ccc1Cl,,,,,,-0.259637311,,
O=C(Nc1nc2ccccc2[nH]1)c1ccc(-c2ccccc2)cc1,,,,,,-0.301029996,,
O=C(Nc1nc2ccccc2[nH]1)c1ccc(-n2cccc2)cc1,,,,,-0.444495368,,,
O=C(Nc1nc2ccccc2[nH]1)c1ccccc1,,,,,,0.217483944,,
O=C(Nc1nc2ccccc2[nH]1)c1cccnc1,,,,,,-0.698970004,,
O=C(Nc1nc2ccccc2[nH]1)c1ccncc1,,,0.675686709,2.036972044,0.094937755,0.706717782,,
O=C(Nc1ncc(C2CC2)s1)c1cccn1C1CCCC1,OADMET-0002845,5.71,,,,,,
O=C(Nc1ncc([N+](=O)[O-])s1)c1cccs1,OADMET-0001861,2.01,,,,,,
O=C(Nc1ncccc1OC(F)F)C1CCCCC1,,,1.789355046,3.038994297,,,,
O=C(Nc1nccs1)C1CCCN1C(=O)CCc1ccccc1O,OADMET-0003177,4.6,,,,,,
O=C(Nc1nccs1)C1CCN(C(=O)CN2CCc3ccccc32)CC1,,,1.52170021,2.595374955,1.386666899,1.710709566,,
O=C(Nc1nccs1)[C@@H]1C[C@@H]2CCCC[C@@H]2N1C(=O)c1ccccc1,,,1.564879018,2.697221494,0.80005229,,,
O=C(Nc1nccs1)c1c2c(nc3ccccc13)CCC2,,,1.119816546,2.678676772,0.15688336,0.831229694,,
O=C(Nc1nccs1)c1sc2cc(Cl)ccc2c1Cl,OADMET-0001903,5.16,,,,,,
O=C(Nc1nnc(C2CC2)s1)c1ccncc1,OADMET-0001986,3.85,,,,,,
O=C(Nc1nnc(SCc2ccc(F)cc2)s1)C1CCC1,,,1.71590311,3.217774167,-0.16205936,,,
O=C(Nc1nnc2n1CCCC2)c1cscn1,,,0.675686709,1.027920136,0.617025715,,,
O=C(Nc1nnc[nH]1)c1ccc(C2SCCCS2)cc1,,,0.91481898,2.166616581,,,,
O=C(Nc1nncs1)c1ccc(N2CCC3(CCCCC3)C2)nc1,,,,,-0.137266472,-0.180456064,,
O=C(Nc1nncs1)c1cccnc1,,,0.675686709,1.027920136,0.015781764,1.646599752,,
O=C(Nn1cnc2ccccc21)c1c2c(nc3ccccc13)CCC2,,,0.675686709,1.027920136,1.63583788,1.75327657,,
O=C(Nn1cnc2ccccc21)c1cc(Cl)ccc1F,,,0.675686709,1.027920136,-0.006506024,1.604550033,,
O=C(O)/C=C/c1ccc(Cn2ccnc2)cc1,,,0.675686709,1.027920136,0.477269457,1.704150517,,
O=C(O)C(CO)c1ccccc1,OADMET-0002230,2.49,,,,,,
O=C(O)C(Cl)Cl,OADMET-0002183,1.92,,,,,,
O=C(O)C(Sc1ccccc1)c1ccccc1,OADMET-0002237,3.72,,,,,,
O=C(O)C(c1ccccc1)c1ccccc1,OADMET-0002171,3.36,,,,,,
O=C(O)C1(C(=O)NCc2ccnc(Oc3ccc(F)cc3)c2)CCC1,OADMET-0002898,2.54,,,,,,
O=C(O)C1CCCCC1,OADMET-0002170,2.19,,,,,,
O=C(O)C1CN(Cc2ccc(OCc3ccc(Cl)c(Cl)c3)cc2)C1,,,0.675686709,1.027920136,0.612920322,,,
O=C(O)C1COc2ccccc2O1,OADMET-0002278,2.91,,,,,,
O=C(O)CC(c1ccccc1)c1ccccc1,OADMET-0002231,3.7,,,,,,
O=C(O)CC1(NCc2csc(-c3ccc(Cl)cc3)n2)CCOCC1,OADMET-0004935,3.78,,,,,,
O=C(O)CC1c2ccccc2Oc2ccccc21,OADMET-0002234,3.75,,,,,,
O=C(O)CCC(=O)Nc1ccccc1-c1nc2ccccc2[nH]c1=O,,,0.675686709,1.027920136,-0.461796044,1.783188691,,
O=C(O)CCC(=O)c1ccc(-c2ccccc2)cc1,OADMET-0003613,2.69,,,,,,
O=C(O)CCCCN1CCOCC1,OADMET-0002198,2.77,,,,,,
O=C(O)CCCN1C(=O)c2cccc3cccc(c23)C1=O,OADMET-0002291,4.27,,,,,,
O=C(O)CCSc1ccc(Cl)cc1,OADMET-0002191,3.73,,,,,,
O=C(O)CCSc1ccccc1,OADMET-0002210,1.91,,,,,,
O=C(O)CCc1ccccc1,OADMET-0002196,3.01,,,,,,
O=C(O)CCn1c(=O)oc2ccccc21,OADMET-0002279,1.97,,,,,,
O=C(O)CCn1c2ccccc2c2ccccc21,,,0.675686709,1.056218581,-0.092206169,1.716086854,,
O=C(O)CN1C(=O)c2cccc3cccc(c23)C1=O,OADMET-0002249,3.05,,,,,,
O=C(O)CN1CCCC1,OADMET-0002199,1.95,,,,,,
O=C(O)CN1CCCC1=O,OADMET-0002233,1.88,,,,,,
O=C(O)CN1CCOCC1,OADMET-0002242,2.01,,,,,,
O=C(O)CNc1nc(-c2ccccc2)nc2ccccc12,,,0.675686709,1.467815215,-0.132583589,1.404149249,,
O=C(O)COc1ccc(Br)cc1,OADMET-0002289,2.97,,,,,,
O=C(O)COc1ccc(C(=O)c2ccccc2)cc1,OADMET-0002252,2.04,,,,,,
O=C(O)COc1ccc(Cl)cc1,OADMET-0002287,2.76,,,,,,
O=C(O)COc1ccc(F)cc1,OADMET-0002182,2.58,,,,,,
O=C(O)COc1ccc([N+](=O)[O-])cc1,OADMET-0002201,2.25,,,,,,
O=C(O)COc1ccc2ccccc2c1,OADMET-0002167,3.11,,,,,,
O=C(O)COc1cccc2ccccc12,OADMET-0002144,3.42,,,,,,
O=C(O)CS,OADMET-0002188,2.1,,,,,,
O=C(O)CSCc1ccc(Cl)cc1,OADMET-0002214,3.93,,,,,,
O=C(O)CSc1ccc(Cl)cc1,OADMET-0002192,3.05,,,,,,
O=C(O)CSc1ccccc1,OADMET-0002329,1.87,,,,,,
O=C(O)CSc1nc2ccccc2s1,OADMET-0002288,2.96,,,,,,
O=C(O)Cc1ccc(Cl)cc1,OADMET-0002194,2.54,,,,,,
O=C(O)Cc1ccc(Oc2ccncc2)cc1,,,0.675686709,1.027920136,0.078606932,,,
O=C(O)Cc1ccccc1[N+](=O)[O-],OADMET-0002209,2.72,,,,,,
O=C(O)Cc1nc2ccccc2[nH]1,,,,,,1.002166062,,
O=C(O)Cn1c(=O)oc2ccccc21,OADMET-0002179,3.03,,,,,,
O=C(O)Cn1ccc([N+](=O)[O-])n1,OADMET-0002320,1.88,,,,,,
O=C(O)[C@@H](S)[C@@H](S)C(=O)O,OADMET-0003748,2.01,,,,,,
O=C(O)[C@@H]1CC[C@H](C(=O)NCc2cscn2)C1,OADMET-0001148,2.59,,,,,,
O=C(O)c1c(F)cccc1Cl,OADMET-0002251,2.57,,,,,,
O=C(O)c1c(F)cccc1F,OADMET-0002263,1.82,,,,,,
O=C(O)c1c(O)c(Cc2ccc(Cl)cc2)nc2c3c(ccc12)CCCC3,,,,,,-0.102372909,,
O=C(O)c1c2ccccc2nn1Cc1ccccc1,,,0.675686709,1.027920136,0.209601101,1.570192561,,
O=C(O)c1cc(-c2ccc(Cl)cc2Cl)on1,OADMET-0002267,3.37,,,,,,
O=C(O)c1cc(-c2ccc(O)cc2)on1,OADMET-0002326,1.86,,,,,,
O=C(O)c1cc(-c2ccccc2)nc2ccccc12,OADMET-0002203,4.08,,,,,,
O=C(O)c1cc(-c2ccccc2)on1,OADMET-0002151,2.77,,,,,,
O=C(O)c1cc(-c2ccco2)on1,OADMET-0002147,3.19,,,,,,
O=C(O)c1cc(-c2cccs2)on1,OADMET-0002305,2.18,,,,,,
O=C(O)c1cc(/C=C/c2csnn2)nc2ccccc12,,,0.675686709,1.027920136,0.317118353,1.195899652,,
O=C(O)c1cc(/N=N/c2ccc(S(=O)(=O)Nc3ccccn3)cc2)ccc1O,,,0.675686709,1.703497726,-0.33775299,1.736396502,,
O=C(O)c1cc(Br)c(Br)s1,OADMET-0002256,3.03,,,,,,
O=C(O)c1cc(Br)cc(Br)c1O,OADMET-0002306,2.89,,,,,,
O=C(O)c1cc(Cl)cc(Cl)c1,OADMET-0002157,2.17,,,,,,
O=C(O)c1cc(Cl)cc(Cl)c1O,OADMET-0002163,2.99,,,,,,
O=C(O)c1cc(Cl)cc2cccnc12,,,0.675686709,1.027920136,,1.429429264,,
O=C(O)c1cc(Cl)ccc1O,OADMET-0002205,2.33,,,,,,
O=C(O)c1cc([N+](=O)[O-])ccc1Cl,OADMET-0002274,1.85,,,,,,
O=C(O)c1cc([N+](=O)[O-])ccc1N1CCOCC1,OADMET-0002226,2.02,,,,,,
O=C(O)c1cc2c(ccc3ccccc32)o1,OADMET-0002261,3.38,,,,,,
O=C(O)c1cc2cc(F)ccc2[nH]1,OADMET-0002296,2.01,,,,,,
O=C(O)c1cc2cc(O)c(O)cc2c(C(=O)c2ccc(O)c(O)c2)n1,,,1.550680762,2.040163077,,1.762378429,,
O=C(O)c1cc2ccccc2cc1O,OADMET-0002228,3.04,,,,,,
O=C(O)c1cc2ccccc2oc1=O,OADMET-0002202,2.98,,,,,,
O=C(O)c1ccc(-c2c[nH]c3ncc(-c4ccccc4)cc23)cc1C1CCCC1,,,,,0.18754419,-0.387216143,,
O=C(O)c1ccc(-c2ccc(Cl)cc2)o1,OADMET-0002208,3.05,,,,,,
O=C(O)c1ccc(-c2cccc(F)c2)nc1,OADMET-0002282,2.73,,,,,,
O=C(O)c1ccc(-n2cnnn2)cc1,OADMET-0002317,1.92,,,,,,
O=C(O)c1ccc(=O)n(CCc2c[nH]c3ccccc23)c1,,,0.675686709,1.027920136,0.377835025,1.627365857,,
O=C(O)c1ccc(C(F)(F)F)cc1,OADMET-0002142,2.15,,,,,,
O=C(O)c1ccc(CCC(=O)N2CCc3c(F)cc(F)cc3C2)cc1,,,0.675686709,1.027920136,0.607132667,,,
O=C(O)c1ccc(CN2CC[C@H](c3nc4cc(Cl)ccc4o3)C2)cc1,,,0.675686709,1.249736305,0.043713514,1.51054501,,
O=C(O)c1ccc(COc2ccc(/C=C3\SC(=O)N(Cc4ccc(F)cc4)C3=O)cc2)cc1,,,,,,-0.004364805,,
O=C(O)c1ccc(Cl)c(Cl)c1,OADMET-0002150,1.94,,,,,,
O=C(O)c1ccc(Cl)c(S(=O)(=O)N2CCOCC2)c1,OADMET-0002235,2.88,,,,,,
O=C(O)c1ccc(Cl)c([N+](=O)[O-])c1,OADMET-0002148,2.78,,,,,,
O=C(O)c1ccc(Cl)cc1,OADMET-0002143,3.01,,,,,,
O=C(O)c1ccc(Cl)cc1[N+](=O)[O-],OADMET-0002190,2.93,,,,,,
O=C(O)c1ccc(I)cc1,OADMET-0002243,3.18,,,,,,
O=C(O)c1ccc(N2CCCC2)c(F)c1,,,0.675686709,1.159867847,-0.062994679,1.435844366,,
O=C(O)c1ccc(NC(=O)c2ccccc2-c2ccccc2)cc1,OADMET-0002283,3.52,,,,,,
O=C(O)c1ccc(NC(=O)c2ccco2)cc1,OADMET-0002240,3.05,,,,,,
O=C(O)c1ccc(Nc2ncc3c(n2)-c2ccc(Cl)cc2C(c2c(F)cccc2F)=NC3)cc1,,,0.675686709,2.008417048,0.52079863,1.673020907,,
O=C(O)c1ccc(OC(F)F)c(OCC2CC2)c1,OADMET-0002281,3.65,,,,,,
O=C(O)c1ccc([N+](=O)[O-])cc1,OADMET-0002247,2.55,,,,,,
O=C(O)c1ccc2c(c1)OCO2,OADMET-0002286,2.55,,,,,,
O=C(O)c1ccc2ccccc2n1,OADMET-0002207,2.89,,,,,,
O=C(O)c1ccc2nc(-c3ccco3)c(-c3ccco3)nc2c1,OADMET-0002185,1.82,,,,,,
O=C(O)c1cccc(-c2ccco2)c1,OADMET-0002236,2.92,,,,,,
O=C(O)c1cccc(-n2cnnn2)c1,OADMET-0002175,3.03,,,,,,
O=C(O)c1cccc(F)c1,OADMET-0002258,2.66,,,,,,
O=C(O)c1cccc(N2CCC(Oc3ccc(Cl)cc3)CC2)n1,,,0.688686724,1.027920136,-0.148342725,1.652729696,,
O=C(O)c1cccc(S(=O)(=O)N2CCOCC2)c1,OADMET-0002323,1.96,,,,,,
O=C(O)c1cccc([N+](=O)[O-])c1,OADMET-0002264,2.02,,,,,,
O=C(O)c1cccc2c(Br)cccc12,OADMET-0002225,3.54,,,,,,
O=C(O)c1ccccc1-c1ccc(CN2CCCCC2)cc1,,,0.675686709,1.734535813,0.619804985,1.963410016,,
O=C(O)c1ccccc1-n1cnc(CN2CCCC2)c1,,,0.675686709,1.027920136,0.396415762,1.588383768,,
O=C(O)c1ccccc1COc1cccc2cccnc12,,,0.675686709,1.093211492,0.244551543,,,
O=C(O)c1ccccc1Cl,OADMET-0002156,2.36,,,,,,
O=C(O)c1ccccc1O,OADMET-0002212,2.01,,,,,,
O=C(O)c1cccnc1,OADMET-0002200,2.24,,,,,,
O=C(O)c1cccnc1Cl,OADMET-0002270,2.11,,,,,,
O=C(O)c1ccco1,OADMET-0002246,1.92,,,,,,
O=C(O)c1cccs1,OADMET-0002290,2.12,,,,,,
O=C(O)c1ccncc1,OADMET-0002280,1.96,,,,,,
O=C(O)c1cnc(/C=C/c2csc(-c3ccsc3)n2)s1,,,0.895864351,1.772820272,-0.079886201,1.889357737,,
O=C(O)c1cnc2sccn2c1=O,OADMET-0002241,2.75,,,,,,
O=C(O)c1cncc(Br)c1,OADMET-0002149,1.98,,,,,,
O=C(O)c1cnccn1,OADMET-0002221,2.64,,,,,,
O=C(O)c1cnn(-c2ccncc2)c1C(F)F,,,0.675686709,1.027920136,,1.503654519,,
O=C(O)c1cnn(-c2nc3cc(Cl)c(OC(F)(F)F)cc3[nH]2)c1,,,0.675686709,1.027920136,0.021092541,,,
O=C(O)c1cnn2c(-c3ccccc3)cc(-c3ccccc3)nc12,OADMET-0002184,3.5,,,,,,
O=C(O)c1csc(CCNC(=O)N2CCOc3ccc(CO)cc3C2)n1,OADMET-0001294,2.34,,,,,,
O=C(O)c1csc(Cc2ccc(Cl)cc2)n1,,,0.675686709,1.027920136,-0.398284754,,,
O=C(O)c1n[nH]cc1CN1CCC(c2nnc[nH]2)CC1,OADMET-0000991,3.17,,,,,,
O=C(O)c1nc(-c2ccccc2)oc1-c1ccccc1,,,0.844725628,1.027920136,-0.095768156,1.610660163,,
O=C(O)c1sc2cc(Cl)ccc2c1Cl,OADMET-0002299,3.05,,,,,,
O=C(O)c1sc2ccccc2c1Cl,OADMET-0002155,3.02,,,,,,
O=C(OCC1CCSCC1)c1cccc(-n2cccn2)n1,,,2.831560733,3.342119161,-0.305170565,,,
O=C(OCc1cc(Cl)ccn1)c1ccc2[nH]c(C(F)F)nc2c1,,,2.711798796,3.182590104,0.136450452,1.544440137,,
O=C(OCc1cccc(F)c1F)C1CC(O)CN1C(=O)c1ccc2ccccc2c1,OADMET-0005448,5.31,,,,,,
O=C(OCc1ccccc1)N1CCN(C(=O)c2cncc3nc(C(F)(F)F)[nH]c23)CC1,OADMET-0005775,4.78,,,,,,
O=C([C@@H]1CCCN1C(=O)NC(c1ccccc1)c1ccccc1)N1CCCCC1,,,2.311514403,2.937915395,1.429110514,,,
O=C([C@H]1CCCN(Cc2ccc(Cl)cc2)C1)N1CCc2ccccc2C1,,,2.399486814,3.584599974,-0.103347886,1.635986112,,
O=C([C@H]1CCCN(Cc2ccc(F)cc2)C1)N1CCc2ccccc2C1,,,2.526548619,3.563233491,-0.101057236,1.699404082,,
O=C([O-])c1ccccc1-c1c2ccc(=O)cc-2oc2cc([O-])ccc12,OADMET-0003743,4.78,,,,,,
O=C(c1[nH]c2ccc(Cl)cc2c1Cl)N1CCC(O)(c2ccc(F)cc2)C1,OADMET-0005426,5.16,,,,,,
O=C(c1c(F)cccc1F)N1CCN(c2ccccc2F)CC1,OADMET-0001924,3.9,,,,,,
O=C(c1c[nH]c(=O)c2ccccc12)N1CCCN(c2ccccn2)CC1,OADMET-0005562,5.03,,,,,,
O=C(c1c[nH]c2ncc(Br)cc12)N1CCCC(n2ccnc2)C1,OADMET-0005984,5.35,,,,,,
O=C(c1c[nH]nc1-c1cccc(Cl)c1)N1CCCC(O)(C(F)(F)F)C1,OADMET-0005761,4.4,,,,,,
O=C(c1c[nH]nc1-c1ccsc1)N1CCOC2(CCc3ccccc32)C1,OADMET-0005694,4.96,,,,,,
O=C(c1cc(-c2ccc(Cl)cc2Cl)on1)N1CCN(C(=O)c2ccco2)CC1,OADMET-0002039,3.04,,,,,,
O=C(c1cc(-c2ccc(F)cc2)on1)N1CC[C@H](Oc2ccccc2F)[C@@H](O)CC1,,,1.685392372,2.777962291,-0.064752219,,,
O=C(c1cc(-c2cccc(Cl)c2)on1)N1CCC(n2cccc2)CC1,,,1.188759793,2.437874177,-0.156295413,1.019946682,,
O=C(c1cc(-c2ccccc2)[nH]n1)N1CCc2ccccc21,,,,,,-0.075720714,,
O=C(c1cc(-c2ccccc2)nc2ccccc12)N1CCN(Cc2nnnn2-c2ccccc2)CC1,OADMET-0004897,5.12,,,,,,
O=C(c1cc(-c2ccccc2O)[nH]n1)N1CCC(O)(Cc2ccc(F)cc2)C1,OADMET-0004040,5.28,,,,,,
O=C(c1cc(-c2ccccn2)ns1)N1CCCC(c2cc(O)cc(F)c2)C1,OADMET-0005334,4.47,,,,,,
O=C(c1cc(-c2ccco2)on1)N1CCOCC1,OADMET-0001970,2.22,,,,,,
O=C(c1cc(-c2cccs2)on1)N1CCN(c2ccc(F)cc2)CC1,OADMET-0001965,2.08,,,,,,
O=C(c1cc(Cc2n[nH]c(=O)c3ccccc23)ccc1F)N1CCN(C(=O)C2CC2)CC1,OADMET-0003651,4.83,,,,,,
O=C(c1cc(Cl)ccc1NCc1ncnn1-c1ccccc1)N1CCCC1,OADMET-0003332,5.29,,,,,,
O=C(c1cc(F)ccc1F)N1CCN(C(=O)C2CC2)CC1,,,0.675686709,1.295984701,0.082084111,,,
O=C(c1cc(F)ccc1O)N1CCN(C2CCOCC2)CC1,,,0.675686709,2.30227247,,,,
O=C(c1cc(Oc2cccc(F)c2)nc2ccccc12)N1CCOCC1,,,,,,1.206556044,,
O=C(c1cc2c(s1)-c1ccccc1CC2)N1CCCCC1c1ncon1,OADMET-0002731,5.61,,,,,,
O=C(c1cc2cc(F)ccc2[nH]1)N1CCc2ccccc2C1,OADMET-0001898,5.13,,,,,,
O=C(c1cc2ccccc2[nH]1)N1C[C@@H](O)[C@H](N2CCOCC2)C1,,,0.675686709,1.246695495,-0.368291709,1.658869592,,
O=C(c1cc2ccccc2oc1=O)N1CCN(C2CC2)c2ccccc21,OADMET-0003300,5.27,,,,,,
O=C(c1ccc(-c2ccccc2)[nH]1)N(CC(F)F)CC(F)F,OADMET-0005843,4.74,,,,,,
O=C(c1ccc(-c2ccccc2)cc1)N1CCCC1C1(C(F)(F)F)N=N1,OADMET-0004986,4.87,,,,,,
O=C(c1ccc(-c2cccnc2)nc1)N1CCCC(c2ccccc2)CC1,OADMET-0001330,4.56,,,,,,
O=C(c1ccc(-c2ccncc2)cc1)N1CCC(F)(F)CC1,,,0.675686709,1.635664665,,,,
O=C(c1ccc(-c2ccncc2)cc1)N1CCC(O)(CN2CCCC2)CC1,,,0.675686709,1.880870733,1.248721737,,,
O=C(c1ccc(-c2nc3ccccc3s2)o1)N1CCCC(N2CCNC2=O)C1,OADMET-0006039,4.18,,,,,,
O=C(c1ccc(-n2cccn2)nc1)N1CCN(c2ccccc2O)CC1,,,0.764026608,2.10436418,-0.126760545,1.62838893,,
O=C(c1ccc(-n2cnc3ccccc32)cc1)N1CCCC(OCCO)C1,OADMET-0003443,2.49,,,,,,
O=C(c1ccc(Cc2ccccc2)cn1)N1CCCC2(CCOCC2)C1,OADMET-0004980,5.35,,,,,,
O=C(c1ccc(Cl)c([N+](=O)[O-])c1)N1CCN(c2ccccc2F)CC1,OADMET-0001931,1.97,,,,,,
O=C(c1ccc(Cl)cc1)N1CCC(c2nnc3n2CCCC3)CC1,,,0.675686709,1.027920136,2.108108208,,,
O=C(c1ccc(Cl)cc1)N1CCC[C@@H](C(=O)N2CCc3ccccc3C2)C1,,,2.555778619,3.40330999,0.387575255,,,
O=C(c1ccc(Cl)cc1)N1CCN(c2ccnc3cc(Cl)ccc23)CC1,OADMET-0001979,3.61,,,,,,
O=C(c1ccc(Cn2nnc(-c3cccc(F)c3)n2)cc1)N1CCCC1,,,1.084039781,2.095615626,-0.100465634,1.033423755,,
O=C(c1ccc(F)c(F)c1)N1CCN(C(=O)c2nc(Cl)ccc2Cl)CC1,,,0.675686709,1.367616792,0.645801453,1.790144365,,
O=C(c1ccc(F)c2ccncc12)N(Cc1ccccc1)C(CO)C1CCC1,OADMET-0003264,5.265000000000001,,,,,,
O=C(c1ccc(F)cc1)N1CCN(CC(=O)N2CCCC2=O)CC1,,,0.675686709,1.14928071,1.015518022,1.976945751,,
O=C(c1ccc(F)cc1)N1Cc2nc[nH]c2C[C@H]1c1nc(-c2ccc(Cl)cc2)no1,,,1.328032845,2.124628105,,1.305351369,,
O=C(c1ccc(NS(=O)(=O)c2cc(Cl)ccc2Cl)cc1)N1CCC(c2cn[nH]c2)CC1,OADMET-0002554,5.08,,,,,,
O=C(c1ccc(NS(=O)(=O)c2cccc3cccnc23)cc1)N1CCN(CC2CC2)CC1,,,1.880424839,2.781178565,,,,
O=C(c1ccc(NS(=O)(=O)c2cccc3cnccc23)cc1)N1CCCC1,,,1.427112676,2.749437925,1.898116504,,,
O=C(c1ccc(O)cc1)N1CCN(c2ncnc3c2CCC3)CC1,,,1.082928915,2.251536021,1.635907137,,,
O=C(c1ccc(O)nc1)N1CCN(c2ncccn2)CC1,,,0.675686709,1.027920136,0.845079437,1.63447727,,
O=C(c1ccc(OCCN2CCCCC2)cc1)c1c(-c2ccc(O)cc2)sc2cc(O)ccc12,OADMET-0003544,4.7,,,,,,
O=C(c1ccc(Oc2cccc(Cl)c2Cl)nn1)N1CC(O)(C2CC2)C1,OADMET-0005788,6.23,,,,,,
O=C(c1ccc(Oc2ccccc2)cc1Cl)c1c[nH]c2ncnc(N[C@@H]3CC[C@@H](CO)OC3)c12,,,0.675686709,1.027920136,0.832551262,,-0.467245621,-0.295849483
O=C(c1ccc2[nH]ccc2c1)N1CCC(Cc2nncn2Cc2ccccc2)C1,OADMET-0001413,3.4,,,,,,
O=C(c1ccc2[nH]ccc2c1)N1CCCC(c2cccc(-c3ccc(F)cc3)n2)C1,,,1.861886721,2.756505268,0.203055454,0.371067862,,
O=C(c1ccc2[nH]ncc2c1)N1CCCC(C(=O)N2CCC3(C2)Oc2ccccc2O3)C1,OADMET-0005755,4.69,,,,,,
O=C(c1ccc2c(c1)CCCC2)N1CCOCC1c1ccn[nH]1,,,,,0.606812913,,,
O=C(c1ccc2c(c1)CCCN2)N1CCCCC1C(F)F,OADMET-0003046,5.355,,,,,,
O=C(c1ccc2c(c1)CN(C(=O)c1ccc3ncccc3c1)CCO2)N1CCCC1,OADMET-0001372,3.41,,,,,,
O=C(c1ccc2c(c1)OCO2)N1CCC(c2n[nH]c(C3CC3)n2)CC1,,,0.675686709,1.649529566,1.797597142,1.432006687,,
O=C(c1ccc2cc[nH]c2c1)N1CCC(Cc2nncn2Cc2ccccc2)C1,OADMET-0001412,4.11,,,,,,
O=C(c1ccc2ccccc2n1)N1CCN(c2ccccc2O)CC1,OADMET-0001881,4.6,,,,,,
O=C(c1ccc2oc(=O)[nH]c2c1)N1CCOCC12CCCCC2,OADMET-0005678,5.14,,,,,,
O=C(c1ccc2oc(CCCc3ccccc3)nc2c1)N1CCC(Oc2cccnc2)CC1,,,2.831694486,3.320450809,0.169684342,1.385248682,,
O=C(c1cccc(-n2cnnc2)c1)N1CCCCC1CCc1ccccc1,OADMET-0001141,4.41,,,,,,
O=C(c1cccc(C(F)(F)F)c1O)N1CCOC(C2CCCCC2)C1,OADMET-0003358,4.86,,,,,,
O=C(c1cccc(CNc2ccc3nccnc3n2)c1)N1CCCCC1,,,1.14213908,2.162877917,1.573193915,1.750199728,,
O=C(c1cccc(Cl)c1)N1CCN(C(=O)c2ccc3ccccc3c2O)CC1,,,1.459377408,2.220212725,-0.168890367,0.380211242,,
O=C(c1cccc(N2CCNC2=O)c1)N1CCc2ccccc2C1,,,1.108192805,2.50742136,0.757582069,1.626340367,,
O=C(c1cccc(NCc2cc(O)cc(Cl)c2)c1)N1CCOCC1,OADMET-0005859,4.4,,,,,,
O=C(c1cccc(Nc2ccccc2)c1)N1CCN(C2=NS(=O)(=O)c3ccccc32)CC1,OADMET-0002635,5.45,,,,,,
O=C(c1cccc(Nc2ncccn2)c1)N1CCOCC(Cc2cccc3ccncc23)C1,,,2.448098501,3.217539478,1.447158031,,,
O=C(c1cccc([N+](=O)[O-])c1)N1CCN(C2c3ccccc3-c3ccccc32)CC1,OADMET-0003498,5.39,,,,,,
O=C(c1cccc2ccccc12)N1CCCC(C(=O)N2CCc3ccccc3C2)C1,,,2.842470693,3.650157389,0.765837021,1.751279104,,
O=C(c1cccc2oc(=O)[nH]c12)N1CCN(C2CC2)c2ccccc21,OADMET-0005832,5.07,,,,,,
O=C(c1ccccc1)N1CCC(C(=O)N2CCCc3n[nH]cc32)CC1,OADMET-0002995,3.43,,,,,,
O=C(c1ccccc1)N1CCC(Nc2cc(C(F)(F)F)nc3ncnn23)CC1,OADMET-0003416,4.81,,,,,,
O=C(c1ccccc1)N1CCN(C(=O)c2ccc(-c3ccccc3Cl)o2)CC1,,,2.09871985,2.647924522,-0.16528713,1.543074235,,
O=C(c1ccccc1)N1CCN2C(=O)N(Cc3ccccc3)C(=O)[C@H]2C1,,,0.830716949,1.896779666,0.18139049,1.794488047,,
O=C(c1ccccc1-c1ncc(-c2ccccc2F)o1)N1CCC1,,,1.545059585,2.658512217,-0.181195641,1.639586087,,
O=C(c1ccccc1-c1ncn[nH]1)N1CCCCC1CCc1ccccc1,OADMET-0004900,4.73,,,,,,
O=C(c1ccccc1-n1cccn1)N1CCN(Cc2cccnc2)CC1,,,1.748141493,2.781462396,1.285122407,1.735439203,,
O=C(c1ccccc1Br)N1CC(c2cn(-c3ccccc3)nn2)C1,OADMET-0005143,4.63,,,,,,
O=C(c1ccccc1Cl)N1CCC(Cc2ccccc2)CC1,OADMET-0002026,1.95,,,,,,
O=C(c1ccccc1F)N1CCC[C@@H]1Cn1nnn(-c2cccs2)c1=O,,,1.795344637,3.094085578,-0.114248674,1.51851394,,
O=C(c1ccccc1N1CCOCC1)N(Cc1ccccn1)C1CCCCC1,,,2.995822033,3.584255442,0.50030563,,,
O=C(c1ccccn1)C1CCCN(C(=O)NCCc2noc(C3CC3)n2)C1,OADMET-0001101,4.26,,,,,,
O=C(c1ccccn1)N1CCCC(c2cccc(-c3cccc(Cl)c3)n2)C1,,,2.213581502,3.113778957,-0.101806269,1.476396827,,
O=C(c1ccccn1)N1CCCC1CCc1noc(C2CC2)n1,OADMET-0001450,3.66,,,,,,
O=C(c1cccnc1)N1CCCC(c2cccc(-c3cccc(Cl)c3)n2)C1,,,2.5987369,3.102705655,-0.04333824,1.555698895,,
O=C(c1cccnc1N1CCC(c2nc3ccccc3[nH]2)CC1)N1CCc2ccccc21,OADMET-0002792,5.39,,,,,,
O=C(c1ccco1)N1CCCC(C(=O)N2CCc3ccccc3C2)C1,,,,,,1.843544212,,
O=C(c1ccco1)N1CCNCC1,OADMET-0002125,2.16,,,,,,
O=C(c1cccs1)N1CCCC(C(=O)N2Cc3ccccc3C(c3ccccc3)C2)C1,,,2.884894442,3.690644678,,1.392696953,,
O=C(c1cccs1)N1CCN(C(=O)C(c2ccccc2)c2ccccc2)CC1,OADMET-0002040,3.55,,,,,,
O=C(c1cccs1)N1CCNCC1,OADMET-0002093,2.45,,,,,,
O=C(c1cccs1)N1C[C@@H]2CCCN(C(=O)c3cccs3)[C@@H]2C1,,,0.762002969,2.177813437,0.375416518,1.800235789,,
O=C(c1ccn(-c2cc(F)cc(F)c2)n1)N1CCCc2ccccc21,OADMET-0002617,5.67,,,,,,
O=C(c1ccn(-c2ccccc2F)n1)N1CCC(Oc2ccccn2)C1,OADMET-0005538,4.43,,,,,,
O=C(c1ccnc(C(=O)N2CCCC3(CC3)C2)c1)N1CCCC2(CC2)C1,OADMET-0003253,5.47,,,,,,
O=C(c1ccnc(CO)c1)N1CCN(c2cncc3ccccc23)CC1,OADMET-0002837,1.73,,,,,,
O=C(c1ccncc1)N1CCC(N2C(=O)C3(CCCCC3)C2c2ccncc2)CC1,OADMET-0001435,3.09,,,,,,
O=C(c1ccncc1)N1CCC(c2cnccn2)CC1,,,0.675686709,1.027920136,0.432555455,1.786467477,,
O=C(c1ccncc1F)N1CCN(C2CC2)c2ccccc21,OADMET-0005750,4.44,,,,,,
O=C(c1ccnn1CC(F)F)N1CCCC1c1cccc(F)c1,OADMET-0004799,5.38,,,,,,
O=C(c1cn(Cc2cncn2Cc2ccc(Br)cc2)cc1-c1cccc2ccccc12)N1CCOCC1,,,2.17634597,3.303574442,1.357427307,,,
O=C(c1cn2ccccc2n1)N1C[C@@H]2C[C@H](C1)c1cccc(=O)n1C2,OADMET-0004843,5.24,,,,,,
O=C(c1cnc(-c2ccccc2)s1)N1CCOC2(CCCC2)C1,,,1.330494942,2.888995627,-0.236323332,1.591064607,,
O=C(c1cnc2ccccn12)N1CCN(C2CC2)c2ccccc21,OADMET-0002591,5.23,,,,,,
O=C(c1cncc(-c2ccc3c(c2)CCO3)c1)N1CCCCCO1,OADMET-0005409,4.89,,,,,,
O=C(c1cncc(Br)c1)N1CCC(N2CCCC2)CC1,OADMET-0001958,1.91,,,,,,
O=C(c1cncc(Br)c1)N1CCCC1CCc1noc(-c2cccnc2)n1,OADMET-0001449,5.2,,,,,,
O=C(c1cnccn1)N(c1ccc(Br)cc1Cl)C1CCC1,OADMET-0005686,5.1,,,,,,
O=C(c1cnn(-c2ccccc2)c1)N1CCC(Oc2ccccn2)C1,OADMET-0005847,5.21,,,,,,
O=C(c1cnn(-c2ccccn2)c1C(F)(F)F)N1CC2CCC1C2,OADMET-0005582,4.85,,,,,,
O=C(c1coc(C2CC2)n1)N1CCOc2c(Cl)cc(Br)cc21,OADMET-0005650,4.27,,,,,,
O=C(c1n[nH]c2c1COCC2)N1CCC2(C=Cc3ccccc32)CC1,,,0.685831275,2.939548704,0.174505376,,,
O=C(c1nc(-c2ccccc2)n(-c2ccccc2)n1)N1CC2CCC(O)C2C1,OADMET-0003053,4.87,,,,,,
O=C(c1nc(-c2ccccc2)n2c1CCCCC2)N1C2CCC1c1cn[nH]c1C2,OADMET-0003337,5.01,,,,,,
O=C(c1nc(NCc2ccco2)ncc1Cl)N1CCc2sccc2C1,OADMET-0002677,5.28,,,,,,
O=C(c1nc2ccccc2c(=O)[nH]1)N1C[C@H](Cc2ccccc2)[C@@H](O)C1,OADMET-0005594,4.24,,,,,,
O=C(c1nc2cccnc2[nH]1)N1CCCC(c2nnc[nH]2)C1,OADMET-0001052,2.85,,,,,,
O=C(c1ncc2ccccn12)N1CCCC(n2ccc(C(F)(F)F)n2)C1,OADMET-0005152,5.06,,,,,,
O=C(c1nccc2ccccc12)N1CCC(COc2ccccn2)CC1,,,1.624776971,3.733402884,,,,
O=C(c1ncnc2c1OCCO2)N1CCCC1Cc1cccc2ccccc12,OADMET-0005537,5.19,,,,,,
O=C(c1ncoc1-c1ccon1)N1CCOc2c(Br)cccc2C1,OADMET-0005762,4.79,,,,,,
O=C(c1noc2c1CCCC2)N1CCN(c2ncccn2)CC1,,,1.013805927,3.464581643,-0.204917903,1.726727209,,
O=C(c1noc2c1CCCCC2)N1CCn2cccc2C1c1ccccc1,OADMET-0003226,5.77,,,,,,
O=C(c1onc2c1CCCC2)N1COCCC1c1ccccc1,OADMET-0004926,5.54,,,,,,
O=C(c1onc2c1CCCC2)N1Cc2ncccc2N2CCC[C@H]2C1,OADMET-0005232,5.45,,,,,,
O=C(c1sc(N2CCOCC2)nc1-c1ccccc1)N1CCCCC1,,,1.653357254,2.926789889,0.071460027,1.766115283,,
O=C(c1sc2ccccc2c1Cl)N1CCN(c2ccc(F)cc2)CC1,OADMET-0001995,4.32,,,,,,
O=C(c1sccc1C1CC1)N1CCC(C(=O)N2CCCCC2)CC1,OADMET-0005091,5.31,,,,,,
O=C1/C(=C2/CCCCCN2)C(Nc2ccccc2)=NN1c1ccccc1,,,,,-0.132600326,-0.26760624,,
O=C1C(CCS(=O)c2ccccc2)C(=O)N(c2ccccc2)N1c1ccccc1,OADMET-0003637,3.88,,,,,,
O=C1C(N2CCC(n3c(=O)[nH]c4ccccc43)CC2)CCN1c1ccccc1,,,0.686993566,2.143732823,,1.792741786,,
O=C1C2CCCCN2S(=O)(=O)N1CCC1CCc2ccccc21,OADMET-0002685,5.98,,,,,,
O=C1CC(C(=O)N[C@@H]2CCCc3ccc(F)cc32)c2ccc(F)cc2N1,OADMET-0005005,5.0,,,,,,
O=C1CC(N2CCCN(c3ccc(C(F)(F)F)cn3)CC2)C(=O)N1c1ccccc1,,,2.431194839,3.1082077,-0.118416632,,,
O=C1CC(c2nnc(-c3ccc4ccccc4c3)o2)CN1c1c(F)cccc1F,OADMET-0005470,4.23,,,,,,
O=C1CC2(CCN(C(=O)NCc3ccccc3)CC2)Oc2ccccc21,,,1.336619813,2.79148152,0.484987413,0.615950052,,
O=C1CC2(CCc3ccccc32)C(=O)N1CCOc1ccccc1,OADMET-0003184,5.15,,,,,,
O=C1CC2CCCC(CN1)N2C(=O)c1ccc(-c2ccccc2C(F)(F)F)o1,OADMET-0003158,6.39,,,,,,
O=C1CCC(=O)N1CCN1CCCCc2ccccc21,,,2.08705699,3.167644557,-0.18668623,1.746244872,,
O=C1CCC(=O)N1CCSc1ncc(-c2ccc(F)cc2)[nH]1,,,1.551815822,2.855272561,0.379230874,,,
O=C1CCC(=O)N1Cc1nc(C23CC4CC(CC(C4)C2)C3)cs1,,,2.019872011,3.144807014,,1.630936119,,
O=C1CCC(=O)N1Cc1nc(Cc2ccccc2)cs1,,,0.675686709,2.16201447,,,,
O=C1CCC(c2cccc(NS(=O)(=O)c3cccc(F)c3)c2)N1,OADMET-0004890,4.66,,,,,,
O=C1CCC2(C(=O)N3CCOc4cc(O)ccc4C3)Sc3ccccc3N12,OADMET-0002913,5.22,,,,,,
O=C1CCCC[C@@H]2[C@H](C[C@@H](Cc3ccccc3F)N2C(=O)c2cccc3ncccc23)N1,,,1.804466564,2.602536368,1.682172588,,1.277998644,1.348966512
O=C1CCCN1C(=O)COc1cccc(-c2nnco2)c1,,,0.675686709,1.43858981,-0.041064212,1.739572344,,
O=C1CCCN1CC(NCc1n[nH]c2ccccc12)c1ccccc1,OADMET-0006043,4.72,,,,,,
O=C1CCCN1CCCN1CCC(n2c(=O)[nH]c3ccccc32)CC1,,,0.675686709,1.19529066,,1.201397124,,
O=C1CCCN1CCCc1nc(Cc2c(Cl)cccc2Cl)n[nH]1,,,1.663738607,2.581408016,1.894483154,,,
O=C1CCCN1CCc1nc(-c2ccc3[nH]c(=O)oc3c2)cs1,,,0.675686709,1.818911775,1.280369079,1.770778396,,
O=C1CCCN1Cc1ccc(Nc2nccc(Oc3ccccc3)n2)cc1,OADMET-0003505,5.74,,,,,,
O=C1CCCN1Cc1ccccc1NCc1cnc(-c2ccsc2)s1,OADMET-0003120,5.37,,,,,,
O=C1CCCN1[C@H]1CCCC[C@H]1c1nc(-c2cnn(CCF)c2)no1,OADMET-0006068,4.76,,,,,,
O=C1CCCN1c1ccc(CN2CCC(c3noc4cc(F)ccc34)CC2)cc1,,,1.426136989,2.036225549,-0.016159967,1.767823498,,
O=C1CCCN1c1ccc(NCc2ccccn2)nc1,,,0.675686709,1.027920136,0.118086518,1.735279448,,
O=C1CCCN1c1ccc(S(=O)(=O)Nc2cccc(-c3nnc4n3CCC4)c2)cc1,,,,,0.996967463,,,
O=C1CCCN1c1ccc(S(=O)(=O)Nc2cccc(O)c2)cc1,OADMET-0003068,5.41,,,,,,
O=C1CCCc2c1[nH]c1cc(-n3ccnc3-c3ccncc3)ccc21,,,1.426576319,2.272414868,1.162467075,0.814913181,,
O=C1CCCc2nc(Nc3nc(-c4ccccc4)c4ccccc4n3)ncc21,,,,,,-0.795880017,,
O=C1CCN(C(=O)C2CCN(S(=O)(=O)c3cccs3)CC2)CCCCCCN1,OADMET-0001447,4.65,,,,,,
O=C1CCN(C(=O)c2cccc(S(=O)(=O)N3CCCCCC3)c2)c2cnccc2N1,OADMET-0005315,4.77,,,,,,
O=C1CC[C@H](O)[C@@H](c2cccc(Cl)c2)N1Cc1ccccc1,,,1.038620162,2.653160395,0.578483731,2.07371835,,
O=C1CCc2cc(-c3cccc(O)c3F)cc3c2N1CCC3,OADMET-0004854,4.05,,,,,,
O=C1CCc2cc(S(=O)(=O)N3CCOc4ccccc4C3)ccc2N1,OADMET-0005486,4.93,,,,,,
O=C1CN(C(=O)CCC(=O)N2CCC2c2ccccc2)c2ccccc2N1,OADMET-0005344,5.04,,,,,,
O=C1CN(C(=O)c2ccc(Cl)cn2)CCN1CCc1ccccc1,,,0.860517677,2.698271097,0.043278229,,,
O=C1CN(C(=O)c2ccc(F)cc2)CCN1,,,0.675686709,1.027920136,0.355665263,1.672190251,,
O=C1CN(C(=O)c2cccc(Oc3cccc(C(F)(F)F)c3)c2)CCN1,,,0.720407401,1.820017453,0.923784715,1.591064607,,
O=C1CN(c2ccc(Nc3nccc(C(F)(F)F)n3)cn2)CCN1,,,0.675686709,1.387407625,0.468083204,1.710117365,1.543819805,1.433497815
O=C1CNC(=O)N1CCCN1CCc2sccc2C1,,,0.675686709,1.456563395,0.181995052,1.708930536,,
O=C1CNC(=O)c2ccc(C(=O)N3CC4CCCCC43c3ccccc3)cc2N1,OADMET-0003003,5.23,,,,,,
O=C1COc2c(NCCCOc3ccc(Cl)cc3)cc(Cl)cc2N1,OADMET-0004773,4.76,,,,,,
O=C1COc2cccc(S(=O)(=O)Nc3cnc4c(c3)CCC4)c2N1,OADMET-0004688,4.48,,,,,,
O=C1COc2ncnc(NCC34CCCCC3C4(F)F)c2N1,OADMET-0002641,2.06,,,,,,
O=C1CS(=O)(=O)c2cc(NC(=O)c3ccsc3Br)ccc2N1,OADMET-0005817,4.66,,,,,,
O=C1CSc2ccc(C(=O)Nc3cc(C4CC4)n[nH]3)cc2N1,,,0.915241497,2.382882966,,0.63447727,,
O=C1C[C@H](c2ccccc2Cl)NC(=O)N1CC12CCC(CC1)O2,OADMET-0004945,5.51,,,,,,
O=C1Cc2cc(CCCC(=O)N3CCC3c3ccc(F)c(F)c3)ccc2N1,OADMET-0005306,5.16,,,,,,
O=C1Cc2cc(NS(=O)(=O)c3cccc(-c4ccccc4)c3)ccc2N1,OADMET-0004904,4.86,,,,,,
O=C1N(CCc2c[nH]c3c(Cl)cccc23)C(=O)C23CC(CN12)C3,OADMET-0005435,5.18,,,,,,
O=C1N=C(N2CCCCN2)S/C1=C\c1ccc(F)cc1O,,,,,0.228853446,-0.045757491,,
O=C1N=C(N2CCN(c3ccccc3)CC2)S/C1=C\c1ccc(O)cc1O,,,,,0.629593493,-0.070581074,,
O=C1N=C2C=CC=CN2C12Cc1ccccc1C2,,,0.675686709,1.027920136,0.612130045,1.572871602,,
O=C1NC(=O)C2(CCCN(C(=O)Cn3c(-c4ccccc4)cc4ccccc43)C2)N1,OADMET-0002894,5.1,,,,,,
O=C1NC(=O)C2(CCN(C(=O)c3cn(Cc4ccccc4)nc3-c3ccccc3)CC2)N1,OADMET-0005359,4.47,,,,,,
O=C1NC(CC2CCCc3ccccc32)C(=O)N1c1cccc2cccnc12,OADMET-0002754,5.6,,,,,,
O=C1NC(Cc2ccccn2)C(=O)N1CCc1cccc2cccnc12,OADMET-0006050,5.18,,,,,,
O=C1NC(c2ccccc2)=N/C1=C/c1ccc2c(c1)OCO2,,,,,,-0.508638306,,
O=C1NC2(CCC2)C(=O)N1Cc1ccon1,,,0.675686709,1.027920136,,,,
O=C1NC2(CCCC2)C(=O)N1CCc1nc(C2(c3ccccc3)CCC2)no1,OADMET-0005404,5.31,,,,,,
O=C1NC2(CCCC2)C(=O)N1Cc1ccccc1F,,,,,,1.648750213,,
O=C1NC2(CCCCC2)C(=O)N1C1CCN(c2ccc(Cl)cc2Cl)C1,OADMET-0004821,4.73,,,,,,
O=C1NC2(CCCCC2)C(=O)N1Cc1csc(-c2ccccc2)n1,,,1.375407533,2.935432694,0.061780698,,,
O=C1NC2(CCOCC2)C(=O)N[C@H]1Cc1c[nH]cn1,OADMET-0001004,2.79,,,,,,
O=C1NCC2(C/C=C/CCOc3ccccc31)CCN(C(=O)c1ccc3[nH]nnc3c1)CC2,,,1.6318596,2.217328623,1.660602169,1.388101202,,
O=C1NCC2(CCCC2)C(=O)N1CCc1ccc(F)cc1F,OADMET-0004876,4.8,,,,,,
O=C1NCC2CCC1N2S(=O)(=O)c1ccccc1OC(F)(F)F,OADMET-0004965,4.93,,,,,,
O=C1NCCC1(c1nc(C2(c3ccccc3)CCOCC2)no1)C1CCCC1,OADMET-0003275,5.96,,,,,,
O=C1NCCCCC1NC(=O)N1CCc2sccc2C1,,,0.685204134,1.671635597,0.651004567,1.695481676,,
O=C1NCCCN(C(=O)c2cc3cccn3cn2)C1Cc1ccccc1,OADMET-0005241,4.3,,,,,,
O=C1NCCCN(C(=O)c2cc[nH]c2C2CC2)C1Cc1ccccc1,OADMET-0004681,4.84,,,,,,
O=C1NCCN(C(=O)NC2CCc3c(Cl)cccc32)C1c1ccccc1,OADMET-0005573,4.73,,,,,,
O=C1NCCN(C(=O)c2ccc3nccn3c2)C1c1ccccc1C(F)(F)F,,,0.675686709,1.573811169,0.854190841,1.84260924,1.851001366,1.801527189
O=C1NCCN(C(=O)c2ccncc2)C1c1ccccc1Cl,,,0.675686709,1.968889034,0.649112619,1.645422269,1.876996793,1.868168158
O=C1NCCSc2c1sc1ccc(O)cc21,,,1.688642252,1.978326627,,,0.891593204,1.164679941
O=C1NCCc2ccc(S(=O)(=O)Nc3cccc4cc[nH]c34)cc21,OADMET-0004984,5.33,,,,,,
O=C1NCN(c2ccccc2)C12CCN(CCCOc1ccc(F)cc1)CC2,,,1.871082326,2.739014285,,1.706290957,,
O=C1NCc2c(NCc3ccc(C4CCCC4)cc3)cccc21,OADMET-0003146,3.64,,,,,,
O=C1N[C@@H]2CCN(C(=O)c3ccc(-c4ccccc4)cc3)[C@@H]2C(=O)N1c1ccc(F)cc1,,,0.675686709,1.472917269,1.647705846,1.498310554,,
O=C1Nc2ccc(Cl)cc2[C@@](C#CC2CC2)(C(F)(F)F)O1,OADMET-0003576,5.18,,,,1.183839037,,
O=C1Nc2ccccc2CCC1NC(=O)N1Cc2cc(F)c(F)cc2C1,OADMET-0005080,4.43,,,,,,
O=C1Nc2ccccc2O[C@H]2C[C@@H]1N(CC1CC1)C2,,,1.160948481,2.575853791,-0.07023367,1.624282096,,
O=C1Nc2ccccc2O[C@H]2C[C@@H]1N(Cc1cccnc1)C2,,,1.105135338,2.448468243,1.246986499,1.974741905,,
O=C1OC(c2ccc(O)cc2)(c2ccc(O)cc2)c2ccccc21,OADMET-0003609,4.47,,,,,,
O=C1OC(c2ccccc2)CC1C(=O)N1Cc2ccccc2C(c2ccccc2)C1,OADMET-0002867,5.12,,,,,,
O=C1OCCN1CCN1CCC(c2cc3ccccc3[nH]2)CC1,,,1.045635871,2.688189264,,,,
O=C1OCCN1N=Cc1ccc([N+](=O)[O-])o1,OADMET-0003720,2.89,,,,,,
O=C1OCCN1c1cc(NS(=O)(=O)c2cc(F)cc(F)c2)ccc1F,OADMET-0004881,4.42,,,,,,
O=C1O[C@H](CO)[C@@H](O)[C@H](O)[C@H]1O,OADMET-0003777,1.89,,,,,,
O=C1Oc2nc3cc4c(cc3cc2CN1CCN1CCOCC1)OCCO4,,,0.675686709,1.027920136,0.587792254,1.905903766,,
O=C1Oc2nc3cc4c(cc3cc2CN1CCN1CCOCC1)OCO4,,,0.71432976,1.459543258,0.384046827,0.982271233,,
O=C1[C@@H]2[C@H]3CC[C@H](C3)[C@@H]2C(=O)N1C[C@@H]1CCCC[C@H]1CN1CCN(c2nsc3ccccc23)CC1,OADMET-0003545,4.6,,,,,,
O=C1[C@H](CC[C@H](O)c2ccc(F)cc2)[C@@H](c2ccc(O)cc2)N1c1ccc(F)cc1,OADMET-0003629,4.89,,,,,,
O=C1c2cccc3cccc(c23)C(=O)N1CCN1CCOCC1,,,1.081563321,2.627594211,-0.22517712,1.567144045,,
O=C1c2ccccc2C(=O)N1CCNc1ccc(F)cc1,,,1.942677591,2.789224529,-0.366969151,,,
O=C1c2ccccc2CN1CC(=O)N1CCCC1c1nc2ccccc2s1,OADMET-0006038,4.94,,,,,,
O=C1c2ccccc2S(=O)(=O)N1Cc1ccccc1SC(F)F,OADMET-0005177,5.21,,,,,,
O=CNc1cccc(NC(=O)NCCCc2ccc3c(c2)C(=O)N(C2CCC(=O)NC2=O)C3=O)c1,OADMET-0001825,1.62,,,,,,
O=Cc1c(-c2ccc(Br)s2)nc2ccccn12,OADMET-0001694,3.67,,,,,,
O=Cc1c(Cl)nc(Oc2ccccc2)n1-c1ccccc1,OADMET-0001550,5.04,,,,,,
O=Cc1c(O)ccc2cc(OP(=O)(O)O)ccc12,OADMET-0001692,1.89,,,,,,
O=Cc1c(Oc2ccc3c(c2)OCO3)nc2ccccn2c1=O,OADMET-0001539,3.34,,,,,,
O=Cc1c[nH]nc1CN1C(=O)c2ccccc2C1=O,OADMET-0001241,1.66,,,,,,
O=Cc1cc(Cl)cnc1Sc1ccncn1,OADMET-0001518,3.66,,,,,,
O=Cc1cc(F)c(OCc2cn(-c3ccc(Cl)cc3)nn2)c(F)c1,OADMET-0001537,3.49,,,,,,
O=Cc1ccc(-c2ccc(S(=O)(=O)Nc3ccccc3)cc2)o1,OADMET-0001535,4.87,,,,,,
O=Cc1ccc(-c2ncccc2OCCc2ccccn2)cc1,OADMET-0001686,4.5,,,,,,
O=Cc1ccc(C(=O)C=Cc2ccc(Cl)cc2)o1,OADMET-0001530,3.87,,,,,,
O=Cc1ccc(C(=O)NCC2(c3cccc(Br)c3)CC2)[nH]1,OADMET-0001683,4.58,,,,,,
O=Cc1ccc(C(=O)NCc2noc(-c3ccc(Cl)cc3F)n2)[nH]1,OADMET-0001690,3.91,,,,,,
O=Cc1ccc(C(=O)OCC(=O)NCCC2=CCCCC2)cc1,OADMET-0001826,3.42,,,,,,
O=Cc1ccc(C(=O)OCC(=O)NCc2ccc(Cl)cc2)cc1,OADMET-0001824,2.56,,,,,,
O=Cc1ccc(CC(=O)NCCCCc2ccc(Cl)s2)[nH]1,OADMET-0001533,5.2,,,,,,
O=Cc1ccc(COc2ccc(Cl)cc2[N+](=O)[O-])o1,OADMET-0001549,2.58,,,,,,
O=Cc1ccc(N2CCN(c3ncnc4[nH]ncc34)CC2)s1,OADMET-0001496,1.85,,,,,,
O=Cc1ccc(OC(=O)c2cc(-c3ccccc3)nc3ccccc23)cc1,OADMET-0001676,3.94,,,,,,
O=Cc1ccc(OCC(=O)NC2CCCc3ccccc32)cc1,OADMET-0001532,4.67,,,,,,
O=Cc1ccc(OCCCCN2CCCCC2)cc1,OADMET-0001503,3.52,,,,,,
O=Cc1ccc(Oc2ccc(Br)cc2)nc1,OADMET-0001678,2.37,,,,,,
O=Cc1ccc(Oc2ncnc3sc(-c4ccccc4)cc23)cc1,OADMET-0001685,2.27,,,,,,
O=Cc1ccc2cc(Cl)cc(Br)c2n1,OADMET-0001689,3.28,,,,,,
O=Cc1ccccc1OCCOc1ccc(Cl)c2cccnc12,OADMET-0001508,4.58,,,,,,
O=Cc1ccccc1S(=O)(=O)N1CCCCC1CCn1ccnn1,OADMET-0001522,4.53,,,,,,
O=Cc1cnc(N2CC(c3nc4ccccc4[nH]3)C2)nc1,OADMET-0001544,2.68,,,,,,
O=Cc1cnc(N2CC3(CCC3)C2c2ccc(F)cc2)nc1,OADMET-0001500,4.41,,,,,,
O=Cc1coc2ccc(Br)cc2c1=O,OADMET-0001819,3.8,,,,,,
O=Cc1csc(COc2ccc(Cl)cc2)n1,OADMET-0001509,2.86,,,,,,
O=Cc1nc2ccccc2n1Cc1ccc2ccccc2c1,OADMET-0001504,5.16,,,,,,
O=Cc1nn(C2CCCCO2)nc1Br,OADMET-0001531,3.29,,,,,,
O=Cc1sc(=NS(=O)(=O)c2ccc(F)cc2)n(-c2ccccc2)c1Cl,OADMET-0001526,3.53,,,,,,
O=Cc1sc(N2CCCCC2)nc1-c1cccs1,OADMET-0001548,4.7,,,,,,
O=Cc1sc(N2CCOCC2)c(-c2ccccc2)c1-c1ccccc1,OADMET-0001497,4.95,,,,,,
O=S(=O)(CC1CCCO1)Nc1cc(C(F)(F)F)c2cn[nH]c2c1,OADMET-0004003,5.12,,,,,,
O=S(=O)(CCNCc1cc2ccccc2nc1N1CCCCC1)c1ccccc1,OADMET-0002664,5.08,,,,,,
O=S(=O)(CCc1ccc2c(c1)CCO2)N(Cc1ccccc1Cl)C1CC1,OADMET-0005685,4.22,,,,,,
O=S(=O)(Cc1cc(Cc2ccccc2)on1)c1ccccc1,OADMET-0004739,4.77,,,,,,
O=S(=O)(Cc1ccc(F)cc1)N1CCCC1c1cccnc1,OADMET-0005307,4.55,,,,,,
O=S(=O)(Cc1ccno1)NC(c1ccc(Cl)cc1)C1CCC1,OADMET-0002967,4.83,,,,,,
O=S(=O)(Cc1csc(C2CCCC2)n1)C1CCCC1,,,1.967187475,3.340824501,-0.268931938,1.542576476,,
O=S(=O)(N1CCCCC1)N1CCCN(Cc2c[nH]cn2)CC1,OADMET-0001324,3.39,,,,,,
O=S(=O)(N1CCOCC1)N1CCN(Cc2ccccc2F)CC1,,,1.322880573,2.830240837,-0.018596026,1.556543708,,
O=S(=O)(N1CCc2ccccc2C1)N(Cc1cccc(O)c1)CC1CC1,OADMET-0005800,5.05,,,,,,
O=S(=O)(NC1(C(F)(F)F)CC1)c1ccc(-n2cccn2)cc1,OADMET-0005151,4.83,,,,,,
O=S(=O)(NC12CCC(F)(CC1)C2)c1cnnn1-c1ccccc1,OADMET-0004952,5.03,,,,,,
O=S(=O)(NC1CC(O)C12CCC2)c1ccc2c(c1)CCCC2,OADMET-0005911,5.23,,,,,,
O=S(=O)(NCC1C2CC3CC(C2)CC1C3)C1CCOCC1,,,,,,1.765072201,,
O=S(=O)(NCCC(c1ccccc1)c1ccccc1)c1ccc(Cl)cc1,,,2.597598687,3.969621762,,,,
O=S(=O)(NCCCC(F)(F)F)c1nnc(-c2ccccc2)s1,OADMET-0004963,4.78,,,,,,
O=S(=O)(NC[C@H]1CCCN1)c1ccc(OC(F)F)cc1,,,0.675686709,1.537403484,0.46040426,,,
O=S(=O)(NCc1cn(-c2ccccc2)nc1-c1ccc(F)cc1)c1cccnc1,OADMET-0004440,4.97,,,,,,
O=S(=O)(NCc1n[nH]c2c1CCCCC2)c1ccc(OC(F)F)cc1,,,2.557246066,3.244757178,0.860606135,,,
O=S(=O)(N[C@@H]1CC(Cn2cccn2)C[C@H]1O)c1cccc2c1CCCC2,OADMET-0005028,5.3,,,,,,
O=S(=O)(N[C@H]1C[C@@H]1c1ccc(Cl)c(F)c1)c1cnn2c1CNCC2,OADMET-0003186,6.605,,,,,,
O=S(=O)(N[C@H]1C[C@H]2CC[C@@H]1O2)c1cn(-c2ccccc2)nn1,OADMET-0005104,5.26,,,,,,
O=S(=O)(Nc1cc(F)c(F)cc1Cl)c1cnn(C2CCOC2)c1,OADMET-0003480,5.33,,,,,,
O=S(=O)(Nc1ccc(-c2nncs2)cc1)c1cnn(-c2ccccc2F)c1,OADMET-0002598,5.4,,,,,,
O=S(=O)(Nc1ccc(-n2cccn2)cc1)c1ccc(Cl)cc1,OADMET-0002593,4.609999999999999,,,,,,
O=S(=O)(Nc1ccc(C(O)(C(F)(F)F)C(F)(F)F)cc1)c1ccccc1,,,0.881384657,1.23299611,,,,
O=S(=O)(Nc1ccc(CC(F)(F)F)cc1)c1ccc(Cl)s1,OADMET-0002646,4.78,,,,,,
O=S(=O)(Nc1ccc(F)c(Cl)c1)c1cnc2ccccc2c1,OADMET-0003265,5.15,,,,,,
O=S(=O)(Nc1ccc2occc2c1)c1cccc2cccnc12,OADMET-0002861,5.83,,,,,,
O=S(=O)(Nc1cccc(-c2nc3ccccc3[nH]2)c1)c1ccc(Cl)cc1,,,1.300117018,3.468993564,1.029089322,0.689308859,,
O=S(=O)(Nc1cccc(Cl)c1N1CCOCC1)c1cccc2ccccc12,OADMET-0003341,6.09,,,,,,
O=S(=O)(Nc1cccc2[nH]ccc12)c1sccc1C1CC1,OADMET-0002539,6.050000000000001,,,,,,
O=S(=O)(Nc1cccc2c1CN(C1CC1)C2)c1sccc1C1CC1,OADMET-0002830,5.4,,,,,,
O=S(=O)(Nc1ccn(-c2ncccc2F)n1)c1ccc(OC(F)(F)F)cc1,OADMET-0004877,4.11,,,,,,
O=S(=O)(Nc1ccnn1C1CCC1)c1ccc2c(c1)CCCC2,OADMET-0002757,4.77,,,,,,
O=S(=O)(Nc1cn(CC(F)(F)F)cn1)c1cccc2c1OCCC2,OADMET-0005027,5.69,,,,,,
O=S(=O)(Nc1cnc(C2CC2)nc1)c1c[nH]c2ccccc12,OADMET-0003161,5.15,,,,,,
O=S(=O)(Nc1cnc(C2CC2)nc1)c1cccc2c1COC2,OADMET-0005113,4.23,,,,,,
O=S(=O)(Nc1cnc2c(F)cccc2c1)c1ccnn1C1CCC1,OADMET-0003215,5.14,,,,,,
O=S(=O)(Nc1cnc2c(c1)CCC2)c1ccccc1C(F)F,OADMET-0003479,4.92,,,,,,
O=S(=O)(Nc1cnn(CC(F)(F)F)c1C1CC1)c1cccc2ncccc12,OADMET-0005644,5.1,,,,,,
O=S(=O)(Nc1n[nH]cc1Cl)c1c[nH]c2cc(C(F)(F)F)ccc12,OADMET-0002825,6.225,,,,,,
O=S(=O)(c1ccc(CNC2(Cc3ccc(F)cc3)CCOCC2)o1)N1CCCC1,OADMET-0003105,5.5,,,,,,
O=S(=O)(c1ccc(F)cc1)C1CCN(S(=O)(=O)c2ccc(F)cc2)C1,OADMET-0005704,4.68,,,,,,
O=S(=O)(c1ccc2c(c1)OCO2)N(CC1CC1)CC1CC1,OADMET-0002941,5.51,,,,,,
O=S(=O)(c1cccc(Cl)c1O)N1CC(CO)(c2ccccc2)C1,OADMET-0002790,4.93,,,,,,
O=S(=O)(c1cccc(F)c1)N1CCC(Oc2cc(F)cc(F)c2)C1,OADMET-0005130,5.1,,,,,,
O=S(=O)(c1cccc(NCc2ccco2)n1)N1CCCC2CC21,OADMET-0003127,5.44,,,,,,
O=S(=O)(c1cccc2c(O)nccc12)N1CCCNCC1,,,0.675686709,2.280027186,0.91525315,,1.850223373,1.990813743
O=S(=O)(c1cccc2cnccc12)N1CCCNCC1,OADMET-0003541,2.92,1.074597045,2.014996993,0.645450703,1.780605306,1.892077899,1.844321821
O=S(=O)(c1ccccc1)N(CC(F)(F)F)c1ccc(C(O)(C(F)(F)F)C(F)(F)F)cc1,OADMET-0001239,7.54855421686747,0.881384657,1.165562747,,,,
O=S(=O)(c1ccccc1-c1ccccc1)N1CCC2CC21,OADMET-0002829,5.64,,,,,,
O=S(=O)(c1ccccc1Cl)N1CCCc2cnc(N3CCOCC3)nc21,,,,,-0.156839553,0.0,,
O=S(=O)(c1ccccc1F)N1CC(Oc2ccccc2Cl)C1,OADMET-0004878,4.72,,,,,,
O=S(=O)(c1ccccn1)N1CC2(CCCCC2)C1c1ccccc1,OADMET-0003427,5.34,,,,,,
O=S(=O)(c1cccnc1)N1CCC2(Cc3ccccc3C2)C1,,,1.960090068,3.705029888,-0.202413354,,,
O=S(=O)(c1ccnn1CC1CCC1)N1CCc2ccncc21,OADMET-0002580,5.6,,,,,,
O=S(=O)(c1cn[nH]c1)N1CCCC(c2cccc(-c3cccc(Cl)c3)n2)C1,,,1.721192109,2.59522167,0.476979096,0.161368002,,
O=S(=O)(c1cncc(F)c1)N1CC(c2ccccc2)C2(CCC2)C1,OADMET-0003112,5.54,,,,,,
O=S1(=O)CCC(CNc2ccccc2OCC2CCCCC2)C1,OADMET-0004724,4.43,,,,,,
O=S1(=O)CCC(c2csc(Cc3cccc4ccccc34)n2)C1,OADMET-0004735,4.25,,,,,,
O=S1(=O)CCC2(CCCN(Cc3cnc(-c4ccccc4)o3)C2)C1,OADMET-0005967,5.2,,,,,,
O=S1(=O)CCC2(CCCN(c3nc(-c4cccnc4)nc4ccccc34)C2)C1,OADMET-0002537,5.45,,,,,,
O=S1(=O)CCCC(Cn2cc(-c3ccc4c(c3)CCC4)nn2)C1,OADMET-0004705,4.66,,,,,,
O=S1(=O)CCCC(c2cn(-c3ccc(Cl)cc3O)nn2)C1,OADMET-0004581,4.76,,,,,,
O=S1(=O)CCCC1c1nc(C2(c3ccc(F)cc3)CCC2)no1,OADMET-0005814,4.58,,,,,,
O=S1(=O)CCN(C2CCN(CC(F)(F)F)CC2)CC1,,,0.675686709,1.302850213,-0.116253048,,,
O=S1(=O)C[C@H]2CC[C@H](C2)N1Cc1cn(-c2ccccc2)nn1,OADMET-0004991,5.41,,,,,,
O=[N+]([O-])c1ccc(-c2ccccc2)cc1,OADMET-0003768,2.54,,,,,,
O=[N+]([O-])c1ccc(N2CCNCC2)cc1,OADMET-0002070,2.92,,,,,,
O=[N+]([O-])c1ccc(O)c2ncccc12,OADMET-0003597,2.06,,,,,,
O=[N+]([O-])c1ccc(S(=O)(=O)Nc2cccc(-c3nc4ccccc4[nH]3)c2)cc1,,,1.32516661,2.996752831,,,,
O=[N+]([O-])c1ccc(S(=O)(=O)Nc2cccc(-c3nc4ccccc4s3)c2)cc1,,,2.426972962,2.709458228,,,,
O=c1[nH]c(-c2ccncn2)nc2sc(-c3ccccc3)cc12,OADMET-0003054,3.63,,,,,,
O=c1[nH]c(=O)n([C@H]2C[C@H](O)[C@@H](CO)O2)cc1C(F)(F)F,,,1.621819973,1.027920136,,,,
O=c1[nH]c(C2CCCCO2)nc2scc(-c3ccccc3Cl)c12,OADMET-0003288,5.39,,,,,,
O=c1[nH]c2cc(Cl)c(S(=O)(=O)Nc3ccc(OC4CCCC4)c(F)c3)cc2o1,OADMET-0003197,5.02,,,,,,
O=c1[nH]c2cc3ccccc3c(=O)n2c2sc3c(c12)CCCC3,,,,,,1.180699201,,
O=c1[nH]c2ccccc2cc1Cn1cc(C2(O)CC3CCC2C3)nn1,OADMET-0005711,4.34,,,,,,
O=c1[nH]c2ccccc2n1C1CCN(CCOc2ccccc2)CC1,,,1.471144965,2.552304327,0.330643862,1.675778342,,
O=c1[nH]c2ccccc2n1C1CCN(CCc2ccccn2)CC1,,,1.093771782,2.080686,1.69019608,1.748962861,,
O=c1[nH]c2ccccc2n1C1CCN(CCc2ccncc2)CC1,,,1.482401889,2.504750787,,1.810904281,,
O=c1[nH]c2ccccc2n1C1CCN(Cc2coc(-c3cccs3)n2)CC1,,,1.468243915,2.677144128,,,,
O=c1[nH]c2ccccc2n1C1CCN(Cc2csc(COc3ccc(F)cc3)n2)CC1,,,2.320241862,3.038644002,,,,
O=c1[nH]c2ccccc2n1C1CCN(Cc2nc(-c3cccs3)no2)CC1,,,1.056828653,2.368668004,,,,
O=c1[nH]c2ccccc2n1C1CCN(Cc2nc(-c3ccsc3)no2)CC1,,,1.212400703,2.419407167,0.57143751,0.763427994,,
O=c1[nH]c2ccccc2n1C1CCN(Cc2nc(Cc3ccccc3)no2)CC1,,,1.843151769,2.933126745,,,,
O=c1[nH]c2ccccc2n1C1CCN(Cc2nnc(-c3cc4c(s3)CCCC4)o2)CC1,,,1.714237525,3.036170009,,0.389166084,,
O=c1[nH]c2ccccc2n1C1CCN(Cc2nnsc2Cl)CC1,,,1.841709768,2.92712748,0.910401681,0.991226076,,
O=c1[nH]c2ccccc2n1C1CCN(S(=O)(=O)Cc2ccccc2)CC1,,,1.899962691,3.823444232,,0.423245874,,
O=c1[nH]c2ccccc2n1C1CCN(c2ncnc3sccc23)CC1,,,1.543943942,2.530508335,,0.62838893,,
O=c1[nH]c2cnccc2n1Cc1ccccc1,,,0.675686709,1.680553059,0.18909678,1.497896743,,
O=c1[nH]c2nc(N3CCc4ccccc4C3)ncc2c(=O)n1-c1ccccc1,,,,,-0.351261156,-0.698970004,,
O=c1[nH]cc(F)c(=O)[nH]1,OADMET-0003765,2.79,,,,,,
O=c1[nH]nc(-c2nc(C3CCCc4ccccc43)no2)c2ccccc12,OADMET-0003206,5.29,,,,,,
O=c1[nH]nc(CCCN2CCOCC2)n1-c1cccc(Cl)c1,,,0.675686709,1.449061647,1.407861993,1.606381365,,
O=c1c(-c2ccc(F)cc2)c(-c2ccncc2)[nH]n1-c1ccc(Cl)cc1,,,0.675686709,1.027920136,0.162957515,1.33825723,,
O=c1c(-n2ccnn2)c[nH]n1-c1cc(N2CCOCC2)ncn1,,,0.675686709,1.660476525,0.245027856,1.487138375,,
O=c1c(=O)n(-c2ccc(F)c(F)c2)ccn1Cc1ccccc1Cl,,,,,-0.157517765,-0.431798276,,
O=c1c(CO)cc2cc3c(cc2n1Cc1ccccn1)CCC3,,,1.100611753,3.069236918,0.144048433,,,
O=c1c(Cl)c(N2CCc3ccccc3C2)cnn1Cc1ccccc1,OADMET-0005833,4.66,,,,,,
O=c1c(N2CCCC2)c(Cl)cnn1-c1ccccc1,,,,,,1.233757363,,
O=c1c(NS(=O)(=O)c2cnn3c2CCCC3)cccn1C(F)F,OADMET-0003299,4.75,,,,,,
O=c1c2c(C(F)(F)F)cccc2ncn1CCc1ncc[nH]1,,,1.02881517,2.409195718,1.19173538,,,
O=c1c2c(Cl)ccc(Cl)c2ncn1Cc1cc(O)ncn1,,,0.675686709,1.027920136,,,,
O=c1c2c(nc3ccccn13)CCN(S(=O)(=O)C1CCCCC1)C2,,,1.299136694,3.041562816,0.073520691,1.521661015,,
O=c1c2cc(OCc3ccc(Cl)cc3)ccc2nc2n1CCCCC2,,,,,-0.013535695,-0.420216403,,
O=c1c2cccc(C(F)(F)F)c2ncn1C1CCCC1,,,2.059067122,2.500527371,-0.277518126,,,
O=c1c2cccc(F)c2ncn1CC1CCCOC1,OADMET-0001067,3.11,,,,,,
O=c1c2ccccc2cnn1Cc1cccc(OCC(F)(F)F)c1,,,0.675686709,1.710091967,1.554997835,,,
O=c1c2ccccc2n2c(SCC3CC3)nnc2n1Cc1ccccc1,OADMET-0003025,5.6,,,,,,
O=c1c2ccccc2nc2n1CCN(Cc1ccc(F)cc1)CC2,,,1.56944414,2.75236579,-0.326625091,,,
O=c1c2ccccc2ncn1CC1CCCC(C(F)(F)F)O1,OADMET-0005729,4.23,,,,,,
O=c1c2ccccc2nnn1CCOc1ccc(F)cc1,,,1.416840137,2.09252415,-0.376686055,,,
O=c1c2cccn2c2ccccc2n1CCCN1CCC(c2ccc(Cl)cc2)CC1,,,2.262477194,3.122454593,0.715391418,1.2955671,,
O=c1c2cccn2ccn1Cc1cn(-c2ccccc2)nn1,OADMET-0004988,4.87,,,,,,
O=c1c2cccnc2ncn1Cc1ccc2c(c1)CCCC2,,,1.411888952,2.851885482,-0.167350986,,,
O=c1c2cccnc2ncn1[C@H]1CCCc2ccccc21,,,0.675686709,2.075134368,-0.07750038,,,
O=c1c2cccnc2ncn1[C@H]1CCN(Cc2ccccc2)C1,,,0.675686709,2.208779845,-0.11026627,,,
O=c1c2ccncc2ncn1[C@H]1CCN(Cc2ccccc2)C1,,,1.353800865,2.901184144,-0.354224788,,,
O=c1c2cnccc2ncn1Cc1ccc2c(c1)CCCO2,,,1.661651806,2.449104884,-0.140182219,,,
O=c1c2oc3ccccc3c2ncn1Cc1ccc(Cl)cc1,,,2.011049993,2.957348165,-0.241688712,,,
O=c1c2oc3ccccc3c2ncn1Cc1ccc(F)c(F)c1,,,1.909775261,2.896364705,-0.269702741,,,
O=c1c2sccc2nc2n1CCN(Cc1cc(F)ccc1F)CC2,,,2.081203239,3.339392405,-0.333995559,,,
O=c1c2sccc2nc2n1CCN(Cc1ccc(F)cc1F)CC2,,,1.762903529,3.163096047,-0.28509437,,,
O=c1cc(-c2cc(F)c(Cl)nc2Cl)[nH]c2c(-c3ccccc3)c(C(F)(F)F)nn12,,,0.675686709,1.286950216,0.280355081,,,
O=c1cc(CN2CCCCc3ccccc32)[nH]c2ccnn12,,,1.534609852,2.682066517,0.831332067,1.154423973,,
O=c1cc(N2CCCC3(CCCCN3)C2)[nH]c(=O)n1Cc1ccccc1,OADMET-0005612,4.53,,,,,,
O=c1cc2c(n[nH]1)-c1cnc(N3CCCC3)nc1CC2,,,0.823669813,2.012630569,-0.126039331,,,
O=c1cc2c(n[nH]1)-c1cnc(N3CCCCC3)nc1CC2,,,0.68690427,2.039826404,-0.248334943,,,
O=c1ccc(-c2ccc(F)cc2)nn1Cc1ccncc1,,,0.888684847,1.751710104,-0.171541334,1.662285516,,
O=c1ccc(C2CC2)nn1CC1CN(CC2(O)CCCC2)C1,,,0.675686709,1.924418858,1.098175718,1.720903171,,
O=c1cccc2n1C[C@@H]1CNC[C@H]2C1,OADMET-0003563,6.09,,,,,,
O=c1ccn(-c2ccc(F)cc2)nc1-c1nc(Cc2cccc(Cl)c2)no1,OADMET-0005662,4.28,,,,,,
O=c1n(CC2OCCO2)c2cccnc2n1-c1ccc(Cl)cc1,OADMET-0005135,4.34,,,,,,
O=c1n(CCCN2CCN(c3cccc(Cl)c3)CC2)nc2ccccn12,OADMET-0003656,4.53,,,,,,
O=c1n(CCc2ccncc2)nnn1-c1ccccc1,,,0.763802224,1.814254257,-0.243412898,1.363047595,,
O=c1n(CCn2ccnc2)nnn1-c1cccs1,,,0.675686709,1.745168514,-0.132206824,,,
O=c1n(Cc2ccccn2)nc2n1-c1cc(Cl)ccc1C1=NCCN12,,,0.675686709,1.680598368,,,,
O=c1n(Cc2ccncc2)nc2n1-c1cc(Cl)ccc1C1=NCCN12,,,1.300704153,2.156040056,,,,
O=c1ncn2nc(Sc3ccc(F)cc3F)ccc2c1-c1c(Cl)cccc1Cl,,,1.164293359,1.956370158,0.903804371,1.11058971,,
O=c1oc2cccnc2n1Cc1ccccn1,,,0.675686709,1.027920136,0.395659597,,,
O=c1oc2cccnc2n1Cc1cnn(-c2ccccc2)n1,,,0.675686709,1.803805231,,,,
O=c1oc2cccnc2n1Cc1ncc(-c2ccc(F)cc2)o1,,,0.675686709,1.027920136,0.456976633,,,
O=c1sn(-c2cccc3ccccc23)c(=O)n1Cc1ccccc1,,,,,,-0.397940009,,
OC(CNCc1ccc(OCc2cccs2)cc1)c1ccccc1,,,,,,1.63286204,,
OC(Cn1cncn1)(Cn1cncn1)c1ccc(F)cc1F,,,0.675686709,1.027920136,0.720380843,1.632693441,,
OC(c1ccccc1)C1CCCN1Cc1coc(-c2ccccc2C(F)(F)F)n1,OADMET-0005198,4.8,,,,,,
OC1(C(F)(F)F)CCN(c2cc(N3CCCCC3)ncn2)C1,OADMET-0005826,5.19,,,,,,
OC1(C(F)(F)F)CCN(c2cncc(OC3CCCCC3)n2)C1,OADMET-0005622,5.15,,,,,,
OC1(CCNc2ccc(Cl)cn2)CCCC1,OADMET-0001099,3.92,,,,,,
OC1(CNCc2cn(Cc3ccccc3)nc2-c2cccnc2)CCCCC1,OADMET-0005318,4.42,,,,,,
OC1(CNc2ncnc3ccc(F)cc23)CCCCCC1,OADMET-0002582,1.75,,,,,,
OC1(Cc2nc(-c3ccsc3)no2)CCCCC1,,,1.312008008,3.01570546,-0.248938191,,,
OC1(Cn2nnc(-c3cccnc3)n2)CCCCC1,,,0.675686709,2.151700732,-0.18056396,1.399154334,,
OC1(c2cccnc2F)CCN(Cc2ccc(-c3ccc(F)cc3)o2)CC1,,,1.275334393,2.230987623,-0.243761659,,,
OC1(c2cn(CCOc3ccc(Cl)cc3)nn2)CCOCC1,OADMET-0002684,3.2,,,,,,
OC1(c2nc(-c3cccc(OCc4cccnc4)c3)no2)CCCCC1,OADMET-0004840,4.95,,,,,,
OC1CCCNc2ccc(Cl)cc21,OADMET-0002107,2.6,,,,,,
OC1CCN(c2ncc(-c3cnccn3)c(-c3cccs3)n2)CC1,,,0.845903839,1.027920136,0.056133487,1.680063427,,
OC1CCN(c2nccc(-c3cccs3)n2)CC1,,,1.720969231,2.817179158,-0.307441179,,,
OCC(Nc1nc(-c2ccccc2)ns1)c1cccc(Cl)c1F,OADMET-0003172,5.46,,,,,,
OCC(Nc1ncnc2c1oc1ccccc12)c1c(F)cccc1F,OADMET-0003069,5.7,,,,,,
OCC1(CC2CC2)CCCN(c2nc(-c3ccccc3)no2)C1,OADMET-0001087,4.88,,,,,,
OCC1(NCc2cc(O)cc(Cl)c2)CCCc2ccccc21,OADMET-0002997,5.25,,,,,,
OCC1CCCCN1Cc1ccc(-c2ccccc2)cc1,,,1.314330783,3.346903123,-0.14983847,1.620136055,1.368007805,1.394924244
OCC1CCCCN1Cc1ccc(Cl)c(Cl)c1,,,0.675686709,2.476100913,-0.280852879,1.62324929,1.390069186,1.484982782
OCC1CCN(Cc2cc3cc4c(cc3nc2-c2ccc(Cl)cc2)OCO4)CC1,OADMET-0001253,4.36,,,,,,
OCC1CN(c2nc3cc(F)ccc3o2)C1,,,0.675686709,1.236159231,-0.152301172,,,
OCC1CN(c2ncccn2)CC12CCN(Cc1cccc3[nH]ccc13)CC2,OADMET-0001434,2.86,,,,,,
OCCC1(CNc2ncc(Br)cn2)CC1,,,0.936815231,1.913294507,-0.171137815,,,
OCCCCCn1cc(-c2ccccc2-c2ccco2)nn1,,,1.531504463,2.370720288,0.035576922,1.04453976,,
OCCN(CCO)c1nc(N2CCCCC2)c2nc(N(CCO)CCO)nc(N3CCCCC3)c2n1,OADMET-0003638,5.33,,,,,,
OCCN1CCC(c2ccncn2)CC1,,,0.675686709,1.546258799,-0.211067313,1.573103783,,
OCCN1CCN(c2ccnc3ccc(Br)cc23)CC1,,,1.098297536,2.055611473,0.241565357,,,
OCCNCCO,OADMET-0002067,2.6,,,,,,
OCCOCCN1CCN(C(c2ccccc2)c2ccc(Cl)cc2)CC1,OADMET-0003746,3.89,,,,,,
OCCOCCN1CCN(C2=Nc3ccccc3Sc3ccccc32)CC1,OADMET-0003548,4.18,,,,,,
OCCOc1ccccc1OCc1ncc(Cl)cc1Cl,,,1.686126613,2.503203512,-0.25871879,,,
OCCn1cc(-c2ccc3c(c2)CC/C3=N\O)c(-c2ccncc2)n1,,,0.964118143,2.091336276,1.56062104,1.136720567,,
OC[C@@H](NC[C@@H](O)c1ccc(Cl)c(Cl)c1)c1ccccc1,OADMET-0004225,3.99,,,,,,
OC[C@@H](c1ccccc1)n1cc(CCc2ccccc2)nn1,,,1.392028293,2.84132818,-0.051336056,1.147367108,,
OC[C@@H]1O[C@H](O)[C@@H](O)[C@H](O)[C@H]1O[C@@H]1O[C@H](CO)[C@H](O)[C@H](O)[C@H]1O,OADMET-0003788,1.77,,,,,,
OC[C@H](Nc1cncc(-c2ccc3[nH]ncc3n2)c1)c1ccccc1,,,0.991226076,2.518683676,1.398610029,1.514149134,1.017826038,1.024690862
OC[C@H]1CN(c2nsc(C3CC3)n2)C[C@@H]1c1ccccc1,OADMET-0002973,5.55,,,,,,
OCc1ccc(Cn2cc(-c3cc(F)ccc3-n3cccn3)nn2)cc1,,,1.19044376,2.057521569,0.320064434,1.538322333,,
OCc1cnnn1-c1cncc(Cl)n1,,,0.675686709,1.027920136,-0.188287229,,,
OCc1nnc(SCCSC2CCCCC2)n1C1CC1,,,1.461843544,2.862259024,0.291567618,,,
O[C@@H](CNc1nc(C(F)(F)F)nc2[nH]cnc12)c1ccc(Cl)cc1,OADMET-0002864,4.94,,,,,,
O[C@@H]1CCCC[C@H]1N1CCC(c2ccccc2)CC1,,,0.675686709,3.142284948,-0.335785963,1.667452953,,
O[C@@H]1CO[C@H]2C[C@@H]1Nc1c(-c3ccccc3)cccc12,,,1.176987875,2.564489707,-0.22265074,1.230448921,,
O[C@@H]1CO[C@H]2C[C@@H]1Nc1c(Cc3ccccc3)cccc12,,,1.524746532,2.549043745,-0.327645342,1.476541809,,
O[C@@H]1C[C@@H](c2nc(-c3ccccc3)no2)N(Cc2ccccc2)C1,,,1.733935179,2.958203016,-0.268729169,1.619093331,,
O[C@@H]1C[C@@H](c2nc(-c3cccnc3)no2)N(CCCc2ccccc2)C1,,,2.031913164,3.279585506,0.074966071,1.658964843,,
O[C@@H]1C[C@H]2CN(c3cccc(-n4cnc5ccccc54)n3)CCN2C1,OADMET-0002888,2.67,,,,,,
O[C@H]1CC[C@H](Nc2ncc3nc(Nc4c(F)cc(F)cc4F)n([C@H]4CCOC4)c3n2)CC1,,,0.675686709,1.037346804,1.970410699,,,
Oc1c(C(c2ccc(F)cc2)N2CCCCC2)ccc2cccnc12,,,1.545255324,2.581841835,,,,
Oc1c(Cl)cc(Cl)c2cccnc12,OADMET-0003610,1.82,,,,,,
Oc1c(I)cc(Cl)c2cccnc12,OADMET-0003759,1.76,,,,,,
Oc1c(I)cc(I)c2cccnc12,OADMET-0003735,3.25,,,,,,
Oc1cc(F)ccc1-c1nc(-c2ccncc2)no1,,,1.632771005,2.524105197,,,,
Oc1cc2c(NCCc3ccc4[nH]ccc4c3)ncnc2cc1F,OADMET-0002660,1.8,,,,,,
Oc1ccc(-c2noc(-c3cccnc3)n2)cc1,,,1.399206301,1.899426505,,0.701567985,,
Oc1ccc(-c2noc(C3CC3)n2)cc1,,,,,-0.171569149,1.689752696,,
Oc1ccc(CN2CCCCC2c2nc(CCOCC3CC3)no2)cc1,OADMET-0001432,4.61,,,,,,
Oc1ccc(CN2CCN(c3cccc(Cl)c3)CC2)cc1,,,1.526093625,1.954305236,-0.345917416,0.342422681,,
Oc1ccc(OCc2ccccc2)cc1,OADMET-0003650,1.82,,,,,,
Oc1ccc2nc(/C=C/c3csnn3)ccc2c1Cl,,,1.997316472,2.380290855,-1.162425008,,,
Oc1cccc(/C=C/c2nc3ccccc3o2)c1,,,,,-0.716630604,-0.15490196,,
Oc1cccc(CN2CCN(c3ncc(Br)cn3)CC2)c1,,,1.467193589,2.480900497,,0.694605199,,
Oc1ccccc1N1CCNCC1,OADMET-0002099,1.98,,,,,,
Oc1ccccc1NCc1ccccn1,,,1.396757118,2.778411749,,1.644241586,,
Oc1cncc(/C=C/c2nc(-c3ccncc3)no2)c1,,,1.502481745,2.378980809,,,,
[2H]C([2H])([2H])NC(=O)c1nnc(NC(=O)C2CC2)cc1Nc1cccc(-c2ncn(C)n2)c1OC,,,0.675686709,1.417438476,2.05650206,1.229809783,1.186566481,1.236577565
[2H]c1nc(C)nc([2H])c1-c1cc(NC[C@@H](C)c2cccc3c(C(=O)NC)ccnc23)ncn1,,,0.733357788,1.947002154,2.023359966,,,
[O-][n+]1ccccc1S,OADMET-0003749,1.75,,,,,,
c1cc(-c2nnc(NCc3cncs3)o2)ccn1,,,0.675686709,1.96109347,0.27875449,,,
c1cc(-c2noc(-c3cn[nH]c3-c3ccc4c(c3)OCO4)n2)cs1,OADMET-0003872,4.39,,,,,,
c1cc(-c2noc(CN3CCOCC3)n2)ccn1,,,0.675686709,1.474667812,-0.135463243,,,
c1cc(C2(c3noc(Cc4cnn5c4CCCC5)n3)CCC2)ccn1,OADMET-0003071,5.59,,,,,,
c1cc(CC2CCNCC2)c2cccnc2c1,,,0.675686709,2.149302267,,1.717920026,,
c1cc(CN2CCC(c3ccn[nH]3)CC2)ccn1,,,0.771587481,1.506897209,0.021452087,1.450249108,,
c1cc(CNc2ncc(-c3cnccn3)c(C3CC3)n2)ccn1,,,1.397870516,3.117910332,0.13170626,,,
c1cc(N2CCCC2)ncc1-c1nc(-c2cn(C3CC3)nn2)cs1,OADMET-0003050,3.8,,,,,,
c1cc(Nc2cc(C3CC3)[nH]n2)nc(Nc2ccc3nc[nH]c3c2)n1,,,1.178026788,1.853436583,0.378491019,,,
c1cc2c(N3CCNCC3)nc(-c3ccnc(NC4CCCCC4)c3)cc2cn1,,,1.837158981,2.415384063,1.422839195,1.600537294,,
c1cc2c(cc1CN1CCNCC1)OCO2,OADMET-0002056,2.82,,,,,,
c1cc2cc[nH]c2c(CC2CN(C3CCCC3)C2)n1,,,0.675686709,1.905558437,0.505965058,1.268811904,,
c1ccc(-c2c(-c3ccc(OCCN4CCCC4)cc3)[nH]c3ncnc(NCC4SCCS4)c23)cc1,,,1.904109382,2.218149352,1.397408894,0.57054294,,
c1ccc(-c2cc(CNc3ccccc3-n3cccn3)n[nH]2)cc1,OADMET-0004047,5.05,,,,,,
c1ccc(-c2cc(NC3COC(C4CC4)C3)n3nccc3n2)cc1,OADMET-0006011,5.11,,,,,,
c1ccc(-c2cc3c(N4CCC(c5ncc[nH]5)CC4)ncnc3s2)cc1,,,2.067625,3.190827911,1.249256335,0.618048097,,
c1ccc(-c2ccc(C(c3ccccc3)n3ccnc3)cc2)cc1,OADMET-0003683,4.39,,,,,,
c1ccc(-c2ccc(CN3CC(N4CCOCC4)C3)s2)cc1,OADMET-0001210,3.23,,,,,,
c1ccc(-c2ccc(CN3CCCCCCC3)cc2)cc1,,,1.596179092,3.184623585,-0.170520498,0.977723605,-0.614393726,
c1ccc(-c2ccc(Cn3ccnc3-c3cc4n(n3)CCCNC4)cc2)cc1,,,1.167848799,2.600990311,,0.661812686,,
c1ccc(-c2cn(C3CNC3)nn2)cc1,,,0.675686709,1.455773409,,,,
c1ccc(-c2n[nH]c(C3CCN(c4ccccn4)CC3)n2)cc1,,,1.197638876,2.64325325,-0.011510521,1.536558443,,
c1ccc(-c2n[nH]c(C3CCN(c4cnc5ccccc5n4)CC3)n2)cc1,,,1.02796086,2.056577102,0.077885977,0.792741786,,
c1ccc(-c2nc(CSc3ccc(-n4cccn4)nn3)cs2)cc1,,,1.875755579,2.622862389,-0.266737675,,,
c1ccc(-c2ncc(CNc3ncccn3)s2)nc1,,,1.607111741,3.316108584,-0.193306769,,,
c1ccc(-c2nccc(NCc3nnc4n3CCCCC4)n2)cc1,,,1.896845758,2.6510773,,,,
c1ccc(-c2nn3c(-c4ccco4)nnc3c3ccccc23)cc1,,,,,,-0.769551079,,
c1ccc(-c2noc(C3CCNCC3)n2)nc1,,,0.675686709,1.027920136,,,,
c1ccc(-c2noc(Cn3ccnc3)n2)nc1,,,0.675686709,1.027920136,0.158378661,,,
c1ccc(-c2noc(NC3CC3)n2)cc1,,,1.920138986,2.250100263,-0.092188594,1.451786436,,
c1ccc(-c2noc(NCC3CCC3)n2)cc1,,,2.075900822,2.87011057,-0.218256376,1.540079089,,
c1ccc(-c2nsc(N3CCCN(c4nccs4)CC3)n2)cc1,,,2.160546559,3.16770153,-0.182993571,1.471438407,,
c1ccc(-n2cc(CNc3ncccn3)cn2)cc1,,,1.48814161,2.258009568,-0.304022944,1.613947477,,
c1ccc(-n2cnc3cc(NCc4ccccn4)ccc32)cc1,,,1.355029856,3.505462287,,1.265053789,,
c1ccc(-n2ncc3c(-n4ccnc4)ncnc32)cc1,,,1.204092838,2.575138175,-0.209238445,0.696356389,,
c1ccc(C(c2ccccc2)N2CCNCC2)cc1,OADMET-0002133,3.95,,,,,,
c1ccc(C(c2ccccc2)c2noc(Cn3cnc(C4CC4)n3)n2)cc1,,,1.579360525,3.178832542,0.05740136,1.419790586,,
c1ccc(C2(CNc3nc4ccccc4o3)CCOCC2)cc1,,,2.111622036,3.530841697,,,,
c1ccc(C2(c3ccccc3)CCCN(Cc3nnc(C4CC4)o3)C2)cc1,,,2.390396318,3.079395445,-0.164163179,1.550961752,,
c1ccc(C2CCNC2)cc1,OADMET-0002332,3.95,,,,,,
c1ccc(CC2=NCCN2)cc1,,,0.675686709,1.027920136,-0.442557042,,,
c1ccc(CC2CCNCC2)cc1,OADMET-0002131,3.1,,,,,,
c1ccc(CCc2n[nH]c(-c3cccc4cnccc34)n2)cc1,,,2.027598287,2.646264494,0.036594398,1.62024019,,
c1ccc(CCn2cnc3c2CCN(c2ncccn2)C3)cc1,,,2.314783332,3.399640153,-0.095732703,1.612359948,,
c1ccc(CN2CCn3nccc3C2)cc1,,,0.675686709,1.490843033,-0.233527402,1.184691431,,
c1ccc(CNc2nn3nnnc3c3ccccc23)cc1,,,,,-0.204818831,-1.0,,
c1ccc(COC2(c3nc(Cc4cnc(C5CC5)o4)no3)CCOCC2)cc1,OADMET-0005153,4.53,,,,,,
c1ccc(COC2CCN(Cc3cc(CN4CCCC4)cs3)CC2)cc1,OADMET-0001328,3.67,,,,,,
c1ccc(CO[C@@H]2CCC[C@H]2n2cc(-c3nccs3)nn2)cc1,,,1.800923182,3.479500594,-0.181738372,1.195346058,,
c1ccc(COc2ccc(CNCC3CCNCC3)cc2)cc1,,,0.675686709,1.32362331,0.690307662,1.401572846,,
c1ccc(COc2cccc(CNc3ncnc4sccc34)c2)nc1,OADMET-0003423,3.0,,,,,,
c1ccc(Cc2cccc3cc4c(nc23)OCCNC4)cc1,,,1.389041983,3.048037621,,1.679609572,,
c1ccc(Cc2ccccc2-c2nnc(-c3cccnc3)o2)cc1,,,,,-0.346756366,-0.657577319,,
c1ccc(Cc2n[nH]c(CSc3ccccc3)n2)cc1,,,1.950433012,3.120964292,-0.13438948,1.226084116,,
c1ccc(Cc2nnc(NC3CCOCC3)s2)cc1,,,0.675686709,1.313846138,0.091033575,1.530967682,,
c1ccc(N2CCNCC2)nc1,OADMET-0002055,1.94,,,,,,
c1ccc(N2CCOCC2)c(CNc2cc(N3CCCC3)ncn2)c1,,,2.278454063,3.181840445,0.32079367,,,
c1ccc(NCc2ccc3c(c2)OCCCO3)nc1,,,1.823089323,3.851427568,-0.154453852,,,
c1ccc(Nc2nc(N3CCNCC3)nc(N3CCOCC3)n2)cc1,,,0.675686709,1.755951041,1.635874511,,,
c1ccc(Nc2nc(N3CCOCC3)nc(N3CCOCC3)n2)cc1,,,1.358011032,1.683758266,-0.299221636,,,
c1ccc(Nc2noc(-c3ccnc(C4CCCC4)n3)n2)cc1,OADMET-0005114,4.01,,,,,,
c1ccc(OCC2CN(c3nc(-c4cccnc4)nc4ccccc34)CCO2)cc1,OADMET-0003227,5.21,,,,,,
c1ccc(OCCN2CCN(Cc3ccc(C4CCCO4)s3)CC2)cc1,OADMET-0001312,3.53,,,,,,
c1ccc(OCCN2CCN(c3ncccn3)CC2)cc1,,,2.101265785,2.712684208,-0.272813242,,,
c1ccc(OC[C@@H]2CCCN2c2nccc3nccnc23)cc1,OADMET-0004247,4.41,,,,,,
c1ccc(OC[C@@H]2CCCN2c2nnc(-c3ccon3)s2)cc1,OADMET-0004625,4.72,,,,,,
c1ccc(OCc2cc(CC3(NCc4cnc5ccccc5c4)COC3)no2)cc1,,,2.184671561,3.102772502,0.110744594,1.117271296,,
c1ccc(OCc2nc3cc4ccccc4cc3[nH]2)cc1,,,,,-0.59033203,-0.537602002,,
c1ccc(Oc2cccc(CN(CCN3CCOCC3)Cc3cccnc3)c2)cc1,,,3.096213889,3.588207258,0.12433539,1.824125834,-0.222573178,0.142389466
c1ccc(Oc2ccnc(NC3CCOC(c4ccccc4)C3)n2)cc1,OADMET-0005184,4.82,,,,,,
c1ccc2[nH]c(-c3cscn3)nc2c1,OADMET-0003561,2.11,,,,,,
c1ccc2[nH]c(C3CCNCC3)nc2c1,,,,,,1.750354089,,
c1ccc2[nH]c(SCc3cn4ccccc4n3)nc2c1,,,1.935713784,2.664452988,,1.651762447,,
c1ccc2c(N3CCn4c(nnc4C4CC4)C3)ncnc2c1,,,0.675686709,1.027920136,1.204901305,1.637589786,,
c1ccc2c(c1)CCN(Cc1nnc3n1CCC3)C2,,,0.675686709,1.538121108,0.839712913,1.547774705,,
c1ccc2c(c1)CCNC2,OADMET-0002293,2.22,,,,,,
c1ccc2c(c1)CCc1ccccc1N2,OADMET-0002126,3.22,,,,,,
c1ccc2c(c1)CN(c1cnc3ccccc3n1)CCN2,,,1.972836686,2.797649026,-0.267526541,1.399500661,,
c1ccc2c(c1)nnn2Cc1ccc2c(c1)OCO2,,,,,-0.235791251,-0.017728767,,
c1ccc2nc(N3CCC(c4nc5ccccc5[nH]4)CC3)cnc2c1,,,,,,0.380211242,,
c1ccc2nc(N3CCCC4(CCNCC4)CC3)cnc2c1,OADMET-0001302,3.94,0.675686709,2.694700821,1.522974298,,,
c1ccc2nc(NCCn3ccnc3)cnc2c1,,,0.941809473,2.64485791,0.543493875,,,
c1ccc2nc(OC3CCNCC3)cnc2c1,,,0.675686709,2.263375651,,,,
c1ccc2oc(C3CCCCN3Cc3nnc4n3CCCCC4)nc2c1,OADMET-0004691,4.13,,,,,,
c1ccn2cc(CSc3ccc(-n4cccn4)nn3)nc2c1,,,1.269723036,2.799210931,-0.135765091,,,
c1cn2cc(-c3ccc4cn[nH]c4c3)nc(Nc3ccc(N4CCOCC4)cc3)c2n1,,,,,,-1.0,,
c1cn2ccnc2c(N2CCCCC3(CCCCC3)C2)n1,OADMET-0005713,4.39,,,,,,
c1cnc(-n2cccn2)c(CNC2CCCC2)c1,,,0.675686709,1.605434345,-0.021928011,1.4827307,,
c1cnc(C(CC2CCCCC2)n2cc(C3CCC3)nn2)nc1,OADMET-0004990,5.51,,,,,,
c1cnc(N2CC(c3nc4ccccc4[nH]3)C2)nc1,,,1.00548081,1.525446506,0.59788575,1.544440137,,
c1cnc(N2CCC(Cc3ccncc3)CC2)nc1,,,1.039255444,2.164120773,-0.240321893,1.764176132,,
c1cnc(N2CCNCC2)nc1,OADMET-0002054,1.83,,,,,,
c1cnc(NCCc2cccc3cccnc23)nc1,,,2.021338175,2.943789222,,1.567731963,,
c1cnc(NCc2cccc(-c3cccnc3)c2)nc1,,,1.292056605,2.169342269,-0.243569743,,,
c1cnc(NCc2cccc3cnccc23)nc1,,,1.782028069,2.250007471,,,,
c1cnc(NCc2cnc3ccsc3c2)nc1,,,1.096249383,1.72381675,-0.230040308,,,
c1cnc2c(Oc3ncnc4sccc34)cccc2c1,,,1.646266456,2.387852353,,,,
c1cnc2c(c1)CCC[C@H]2n1cc(COC2CCCCO2)nn1,OADMET-0005947,5.18,,,,,,
c1cnc2ccc(CNc3ncnc4sccc34)cc2c1,OADMET-0003082,1.77,,,,,,
c1cncc(-c2ccnn2CN2CCOCC2)c1,,,,,,1.239049093,,
c1cncc(-c2nnc3n2[C@H]2CN(Cc4cccs4)C[C@H]2CC3)c1,,,0.858236335,2.535470081,0.429683007,,,
c1cnn(-c2ccc(-c3ccc(NC4CC4)nn3)cc2)c1,,,,,,-0.107905397,,
c1coc(-c2noc(CNCc3cccnc3-n3cncn3)n2)c1,OADMET-0000963,3.93,,,,,,
c1csc(-c2csc3nc(CN4CCOCC4)nc(N4CCc5[nH]ncc5C4)c23)c1,,,2.747507358,3.118970006,1.921634638,1.690107439,,
c1csc(CN2CCN(c3ncnc4[nH]ccc34)CC2)c1,OADMET-0002745,1.76,,,,,,
c1csc(Cc2nc(-c3cnccn3)no2)c1,,,1.031812271,1.907610188,,,,
c1n[nH]c([C@@H]2CCCN2Cc2csc(-c3ccsc3)n2)n1,OADMET-0004060,4.92,,,,,,
c1nc(N2CCC3(CCCCC3)C2)c2cn[nH]c2n1,,,0.920801382,2.851225317,-0.096903631,,,
c1nc(NC2CCN(C3CC3)CC2)c2sccc2n1,,,1.24089854,1.906157193,0.094514341,1.749890841,,
c1nc(Nc2ccc3c(c2)OCCCO3)c2sccc2n1,,,1.964066253,3.196558892,,1.707229419,,
c1nn(C2CCOCC2)cc1Nc1ncc2nnn(-c3ccc4cn[nH]c4c3)c2n1,,,1.985754205,2.883853277,2.725057246,,,
c1sc(NCC2CCCO2)nc1C12CC3CC(CC(C3)C1)C2,,,1.65965003,,-0.270105482,,-1.096910013,
