SMILES,chembl_cyp3a4_pchembl
Br.Br.N=C(N)SCCN,5.5
Br.Br.c1cc(Cc2cnc[nH]2)ccn1,5.4
Br.Brc1ccc(C2=Nn3c(nnc3-c3cccnc3)SC2)s1,5.45
Br.CC(C)CC1CC(=O)OC1(C)C(=O)CSc1nc2ccccc2s1,4.8
Br.CC(Cc1ccc(O)cc1)NCC(O)c1cc(O)cc(O)c1,4.4
Br.CC1(C(=O)CSc2nc3ccccc3s2)CCC(=O)O1,4.85
Br.CCCCCCCCCCn1c2c(c(=N)c3c1CCC3)CCC2,4.5
Br.CCCCn1c(=N)n(CC(=O)c2ccco2)c2ccccc21,4.5
Br.CCCn1c(=N)n(CC(=O)c2ccco2)c2ccccc21,4.45
Br.CCOc1ccc2c(c1)nc(SCC(=O)c1ccc(Br)s1)n2C,5.2
Br.COc1ccc2c(c1)[C@@]13CCCCC1[C@@H](C2)N(C)CC3,4.9
Br.COc1ccc2c(c1)nc(SCC(=O)c1ccc(Br)s1)n2C,5.1
Br.Cc1ccc(C)c(C(=O)CN2C3=NCCCN3c3ccccc32)c1,4.9
Br.Nc1nc(-c2ccccc2)cs1.O,4.7
Br.Oc1ccc(-c2ccc3c(c2)CCC=C3c2ccncc2)cc1F,5.67
Br.Oc1ccc(-c2ccc3c(c2)CCC=C3c2ccncc2)cc1O,6.45
Br.Oc1ccc(-c2ccc3c(c2)CCCC3c2ccncc2)cc1F,5.47
Br.Oc1ccc(-c2ccc3c(c2)CCCC3c2ccncc2)cc1O,6.2
Br/C(=N\N=c1/nn[nH][nH]1)c1ccncc1,5.3
BrC1C(Br)C(Br)C(Br)C(Br)C1Br,4.8
Brc1c(Br)c(Br)c2[nH]nnc2c1Br,5.55
Brc1c(NC2=NCCN2)ccc2nccnc12,6.4
Brc1cc2c(cc1/C=N/Nc1nc(N3CCCC3)nc(N3CCOCC3)n1)OCO2,5.55
Brc1ccc(-n2c(SCc3ccccc3)nnc2-c2ccncc2)cc1,5.89
Brc1ccc(CSc2nccn2-c2ccccc2)cc1,5.1
Brc1ccc([C@H]2CN3CCSC3=N2)cc1,4.6
Brc1ccccc1OCCOCCOc1cccc2cccnc12,4.4
C#CC(C)(C)C[C@]1(c2ccccc2)CCN([C@@H](C)c2ccc(-c3ccc(=O)[nH]c3)cc2)C(=O)O1,5.22
C#CC(C)(C)c1cc(NC(=O)Nc2ccc(Oc3ccnc(Nc4cc(C)c5[nH]ncc5c4)n3)c3ccccc23)n(-c2ccc(C)cc2)n1,6.4
C#CCC(C(=O)OC)(C(=O)OC)C(C[N+](=O)[O-])c1ccccc1,5.5
C#CCC(Oc1c(N)ncc2c(-c3cnn(C4CCNCC4)c3)coc12)c1c(Cl)ccc(F)c1Cl,5.8
C#CCCCC(=O)Nc1ccccc1,4.6
C#CCCCC(=S)Nc1ccccc1,4.6
C#CCCCCCCCCCCCC(O)CC(O)CO,4.4
C#CCCCCCCCCCCCC(O)CC(O)COC(C)=O,4.4
C#CCCCCCCCCCCCCCCCCOP(=O)(O)CO[C@H](C)Cn1cnc2c(N)ncnc21.N,4.73
C#CCCCCCCCCCCCCCOP(=O)(O)CO[C@H](C)Cn1cnc2c(N)ncnc21.N,4.26
C#CCCCCCCCCCCCc1ccco1,4.4
C#CCCCO/N=C1/C[C@@H](O)[C@@H](O)[C@@H]2[C@@H]3C(=O)N(C(C)(C)C)C(=O)[C@H]3CC[C@@H]12,5.5
C#CCCCO/N=C1/C[C@@H](O)[C@@H](O)[C@@H]2[C@@H]3C(=O)N(C(C)(C)C)C(=O)[C@H]3CC[C@H]12,5.4
C#CCCCO/N=C1/C[C@@H](O)[C@@H](O)[C@@H]2[C@@H]3C(=O)N(C4CCCCC4)C(=O)[C@H]3CC[C@@H]12,5.5
C#CCCCO/N=C1/C[C@@H](O)[C@@H](O)[C@@H]2[C@@H]3C(=O)N(C4CCCCC4)C(=O)[C@H]3CC[C@H]12,5.4
C#CCCCO/N=C1/C[C@@H](O)[C@@H](O)[C@@H]2[C@@H]3C(=O)N(CCC(=O)OCC)C(=O)[C@H]3CC[C@@H]12,5.5
C#CCCCO/N=C1/C[C@@H](O)[C@@H](O)[C@@H]2[C@@H]3C(=O)N(CCC(=O)OCC)C(=O)[C@H]3CC[C@H]12,5.3
C#CCCCO/N=C1/C[C@@H](O)[C@@H](O)[C@@H]2[C@@H]3C(=O)N(C[C@@H]4CCCO4)C(=O)[C@H]3CC[C@@H]12,5.4
C#CCCCO/N=C1/C[C@@H](O)[C@@H](O)[C@@H]2[C@@H]3C(=O)N(C[C@@H]4CCCO4)C(=O)[C@H]3CC[C@H]12,5.2
C#CCCCO/N=C1/C[C@@H](O)[C@@H](O)[C@@H]2[C@@H]3C(=O)N(Cc4ccc5c(c4)OCO5)C(=O)[C@H]3CC[C@@H]12,6.3
C#CCCCO/N=C1/C[C@@H](O)[C@@H](O)[C@@H]2[C@@H]3C(=O)N(Cc4ccc5c(c4)OCO5)C(=O)[C@H]3CC[C@H]12,5.9
C#CCCCO/N=C1/C[C@@H](O)[C@@H](O)[C@@H]2[C@@H]3C(=O)N(Cc4ccccc4)C(=O)[C@H]3CC[C@H]12,5.4
C#CCCCO/N=C1/C[C@@H](O)[C@@H](O)[C@@H]2[C@@H]3C(=O)N([C@@H](C)c4ccccc4)C(=O)[C@H]3CC[C@@H]12,5.4
C#CCCCO/N=C1/C[C@@H](O)[C@@H](O)[C@@H]2[C@@H]3C(=O)N([C@@H](C)c4ccccc4)C(=O)[C@H]3CC[C@H]12,5.4
C#CCCCO/N=C1/C[C@@H](O)[C@@H](O)[C@@H]2[C@@H]3C(=O)N(c4cccc(Oc5ccccc5)c4)C(=O)[C@H]3CC[C@@H]12,5.5
C#CCCCO/N=C1/C[C@@H](O)[C@@H](O)[C@@H]2[C@@H]3C(=O)N(c4cccc(Oc5ccccc5)c4)C(=O)[C@H]3CC[C@H]12,5.4
C#CCCCO/N=C1/C[C@@H](O)[C@@H](O)[C@@H]2[C@H]3C(=O)N(c4ccc(F)cc4F)C(=O)[C@@H]3CC[C@@H]12,5.5
C#CCCCO/N=C1/C[C@@H](O)[C@@H](O)[C@@H]2[C@H]3C(=O)N(c4ccc(F)cc4F)C(=O)[C@@H]3CC[C@H]12,5.4
C#CCCCO/N=C1/[C@H]2O[C@@H]2[C@@H](O)[C@H]2[C@H]1CCn1c(=O)n([C@@H](CC)c3ccccc3)c(=O)n12,5.4
C#CCN(C)CCCOc1ccc(Cl)cc1Cl,4.6
C#CCN(C)Cc1ccccc1,6.2
C#CCN(C)c1nc2ccc(C(=O)N(CC(C)C)C[C@@H](O)[C@H](Cc3ccccc3)NC(=O)OCc3cncs3)cc2o1,7.52
C#CCN(C[C@@H](O)[C@H](Cc1ccccc1)NC(=O)OCc1cncs1)C(=O)c1ccc2nc(N3CCCC3)oc2c1,7.4
C#CCN1C(C)=C(C(=O)CCO)[C@@H](c2cccc(-n3oo3)c2)C(C(=O)OC)=C1C,5.5
C#CCN1C(C)=C(C(=O)OC)[C@@H](c2cccc([N+](=O)[O-])c2)C(C(=O)OCC)=C1C,5.5
C#CCN[C@@H](C)Cc1ccccc1,4.4
C#CCNc1nc2ccc(C(=O)N(CC#C)C[C@@H](O)[C@H](Cc3ccccc3)NC(=O)OCc3cncs3)cc2o1,7.42
C#CCOC(=O)NC(/C=C/CCCC)c1ccccc1,4.9
C#CCOc1cccc2oc(=O)ccc12,4.33
C#CCOc1cnc(C(=O)Nc2cc(F)c(F)c([C@@]3(C)N=C(N)S[C@@]4(COC)C[C@H]43)c2)cn1,4.57
C#CCSc1nc(Cc2ccc(Cl)cc2)nc2ccccc12,4.8
C#CCSc1nnc(-c2cc3c(C(F)(F)F)nn(C)c3s2)n1C,5.1
C#CCSc1nnc(-c2sc(-c3ccccc3)nc2C)n1C,6.0
C#CCSc1nnc(-c2sc3ccccc3c2Cl)o1,5.05
C#CCn1c(S(=O)(=O)Cc2ccc(OC)cc2)nc(-c2ccccc2)c1-c1ccccc1,5.2
C#C[C@@]1(O)CCC2C3CCC4=CC(=O)CCC4C3CC[C@@]21CC,4.6
C#C[C@@]1(O)CCC2C3CCc4cc(O)ccc4C3CC[C@@]21C,4.6
C#C[C@@]1(O)CC[C@@H]2[C@@H]3CCC4=CC(=O)CC[C@@H]4[C@H]3CC[C@]21C,4.9
C#C[C@@]1(O)CC[C@@H]2[C@@H]3CCC4=CC(=O)CC[C@@H]4[C@H]3CC[C@]21CC,4.9
C#C[C@@]1(OC(C)=O)CC[C@@H]2[C@@H]3CCC4=C[C@@H](OC(C)=O)CC[C@H]4[C@H]3CC[C@]21C,5.3
C#C[C@]1(O)CCC2C3CCC4=CC(=O)CCC4C3CC[C@@]21C,4.4
C#C[C@]1(O)CCC2C3CCC4=Cc5oncc5C[C@@]4(C)C3CC[C@@]21C,4.9
C#C[C@]1(O)CC[C@@H]2[C@H]3CCC4=CCCC[C@@H]4[C@@H]3CC[C@@]21C,4.9
C#C[C@]1(O)CC[C@@H]2[C@H]3CCC4=Cc5oncc5C[C@]4(C)[C@@H]3CC[C@@]21C,5.3
C#C[C@]1(O)CC[C@@H]2[C@H]3CCc4cc(OC)ccc4[C@@H]3CC[C@@]21C,5.0
C#C[C@]1(O)CC[C@H]2C3=CCc4cc(O)ccc4[C@H]3CC[C@@]21C,4.8
C#C[C@]1(O)CC[C@H]2[C@@H]3CCC4=C(CCC(=O)C4)[C@H]3CC[C@@]21C,4.5
C#C[C@]1(O)CC[C@H]2[C@@H]3CC[C@H]4C[C@H](O)[C@@H](N5CCN(C(=O)[C@@H]6CCCN6C(=O)c6ccc7ccccc7n6)CC5)C[C@]4(C)[C@H]3CC[C@@]21C,5.42
C#C[C@]1(O)CC[C@H]2[C@@H]3CCc4cc(O)ccc4[C@H]3CC[C@@]21C,4.75
C#C[C@]1(O)CC[C@H]2[C@H]3CCC4=Cc5oncc5C[C@]4(C)[C@@H]3CC[C@]21C,5.3
C#C[C@]1(OC(C)=O)CCC2C3CCC4=CC(=O)CCC4C3CC[C@]21C,4.4
C#Cc1c(Oc2ccc(NC(=O)NC(=O)Cc3ccc(F)cc3)cc2F)ccnc1N,6.1
C#Cc1cc(Nc2nccc(Oc3ccc(NC(=O)Nc4cc(C(C)(C)C)cc(NS(C)(=O)=O)c4OC)c4ccccc34)n2)cc(C(=O)NCCOCCOCCOC)c1,5.11
C#Cc1ccc(C[C@H](NC(=O)COC)[C@H](O)CN[C@H]2CC3(CCC3)Oc3ncc(CC(C)(C)C)cc32)cc1,7.0
C#Cc1cccc(C[C@H](NC(=O)COC)[C@H](O)CN[C@H]2CC3(CCC3)Oc3ncc(CC(C)(C)C)cc32)c1,7.52
C#Cc1cccc(Nc2ncnc3cc(OCCOC)c(OCCOC)cc23)c1,5.2
C#Cc1cnc2[nH]cc(C(=O)c3c(F)ccc(NS(=O)(=O)CCC)c3F)c2c1,5.3
C(#CC1C=CC2OC(c3ccccc3)OCC2O1)c1ccccc1,5.6
C(=C/c1ccccc1)/C=N/c1ccc2c(c1)Cc1ccccc1-2,5.4
C(=C/c1ccccc1)/CN1CCN(C(c2ccccc2)c2ccccc2)CC1,5.1
C(=C\CN(C[C@H]1Cc2ccccc2CN1)[C@H]1CCCc2cccnc21)/CNC1CCOCC1,5.11
C(=C\CN(C[C@H]1Cc2ccccc2CN1)[C@H]1CCCc2cccnc21)/CNCc1ccccn1,5.81
C(=C\CN(C[C@H]1Cc2ccccc2CN1)[C@H]1CCCc2cccnc21)/CNCc1cccnc1,5.9
C(=C\CN(C[C@H]1Cc2ccccc2CN1)[C@H]1CCCc2cccnc21)/CNCc1ccncc1,6.46
C(=C\c1ccccc1)/CN1CCN(C(c2ccccc2)c2ccccc2)CC1,5.5
C(=N/Nc1ccccn1)/c1cccnc1,5.4
C(=N/Nc1nnc2c(n1)[nH]c1ccccc12)/c1cccnc1,5.4
C(=N/c1ccc2c(c1)Cc1ccccc1-2)/c1ccccn1,5.5
C(=N\N(c1ccccc1)c1ccccc1)/c1ccc2c(c1)OCO2,4.8
C(=N\N1CCN(C2c3ccccc3-c3ccccc32)CC1)/c1cccnc1,4.9
C(=N\Nc1nc(Nc2ccccc2)nc(N2CCOCC2)n1)/c1c[nH]c2ccccc12,4.8
C(=N\n1cnnc1)/c1cccn1-c1ccccc1,4.4
C(CCc1nnc2c(n1)CCCC2)Cc1nnc2c(n1)CCCC2,5.4
C/C(=C(/CCO)SSC[C@@H]1CCCO1)N(C=O)Cc1cnc(C)nc1N,5.0
C/C(=C(\CCOP(=O)(O)O)SC(=O)c1ccccc1)N(C=O)Cc1cnc(C)nc1N,4.7
C/C(=C\C(=O)c1ccc(Br)cc1)NCc1ccc2c(c1)OCO2,5.6
C/C(=C\C(=O)c1ccc(Cl)cc1)NCc1ccc2c(c1)OCO2,6.1
C/C(=C\C(=O)c1ccccc1)Nc1ccc(Br)c(Cl)c1,4.85
C/C(=C\C1CCCCC1)C(NC(=O)c1ccc(C(F)(F)F)cc1)c1ccc(-c2ccccc2)cc1,4.9
C/C(=C\C1CCCCC1)C(NC(=O)c1cccnc1)c1ccc(-c2ccccc2)cc1,5.4
C/C(=C\COc1c2ccoc2cc2oc(=O)ccc12)CCC(O)C(C)(C)O,4.74
C/C(=C\COc1c2ccoc2cc2oc(=O)ccc12)CCC(OC(C)(C)C(O)CC/C(C)=C/COc1c2ccoc2cc2oc(=O)ccc12)C(C)(C)O,6.89
C/C(=C\COc1c2ccoc2cc2oc(=O)ccc12)CC[C@@H](O)C(C)(C)O,5.945
C/C(=C\COc1ccc2ccc(=O)oc2c1)C/C=C/C(C)C,4.37
C/C(=C\c1ccc(C(=O)O)cc1)c1ccc2c(c1)C(C)(C)CCC2(C)C,5.43
C/C(=C\c1ccc(N(C)C)cc1)[N+](=O)[O-],4.85
C/C(=C\c1ccco1)C1C(C#N)=C(N)Oc2[nH]nc(-c3ccccc3)c21,5.4
C/C(=N/NC(=O)c1ccc(C)s1)c1cccc(NC(=O)COc2ccc(Cl)cc2C)c1,5.95
C/C(=N/NC(=O)c1ccncc1)c1ccccc1Cl,5.4
C/C(=N/NS(=O)(=O)c1ccc(C)cc1)c1cccc(NC(=O)c2cccc(Cl)c2)c1,5.85
C/C(=N/Nc1ccc2ccccc2n1)c1ccccc1O,5.5
C/C(=N\N1CCN(C2c3ccccc3-c3ccccc32)CC1)c1cccnc1,5.55
C/C(=N\N1CCN(C2c3ccccc3-c3ccccc32)CC1)c1ccncc1,6.0
C/C(=N\N=C(c1ccccc1)c1ccccc1)c1cccs1,4.85
C/C(=N\NC(=O)C1CC1c1ccccc1)c1cccs1,5.05
C/C(=N\NC(=O)CC1N=C(Cc2ccccc2)NNC1=O)c1ccc(Cl)cc1Cl,5.9
C/C(=N\NC(=O)COc1ccc([N+](=O)[O-])cc1)C(C)(C)C,4.55
C/C(=N\NC(=O)CSCc1ccc(Cl)cc1)c1ccc2c(c1)OCCO2,4.85
C/C(=N\NC(=O)Cc1ccc(Cl)cc1)c1ccccn1,4.85
C/C(=N\NC(=O)c1[nH]c2c([N+](=O)[O-])cc(C)cc2c1-c1ccccc1)c1cccnc1,5.95
C/C(=N\NC(=O)c1ccc(Br)cc1)c1ccccc1,4.8
C/C(=N\NC(=O)c1ccc(Cl)cc1)c1ccc(Br)s1,4.85
C/C(=N\NC(=O)c1ccc(Cl)cc1)c1cccc(NC(=O)C(C)C)c1,4.8
C/C(=N\NC(=O)c1cccc(Br)c1)c1ccc(Br)cc1,4.55
C/C(=N\NC(=O)c1cccc(Cl)c1)c1cccc(NC(=O)C(C)C)c1,4.8
C/C(=N\NC(=O)c1cccc(S(=O)(=O)N2CCOCC2)c1)c1cc(Cl)ccc1O,5.58
C/C(=N\NC(=O)c1ccncc1)c1ccc2ccccc2c1O,5.4
C/C(=N\NC(=S)Nc1ccc(F)cc1)C1CC1,4.85
C/C(=N\NC(=S)Nc1cccc(C)c1)c1ccccc1,5.05
C/C(=N\Nc1ccc([N+](=O)[O-])cc1)c1cccc(N)c1,5.45
C/C(=N\Nc1nc(-c2ccc(C)cc2)nc2ccccc12)c1ccc([N+](=O)[O-])cc1,4.85
C/C(=N\Nc1nc(N)cc(Cl)n1)c1cccc([N+](=O)[O-])c1,4.85
C/C(=N\Nc1nnc(-c2ccccc2)c(-c2ccccc2)n1)c1cccc([N+](=O)[O-])c1,4.45
C/C(=N\O)c1ccc2[nH]ccc2c1,4.65
C/C(=N\OC(=O)NC(C)C)c1sc(-c2ccc(Cl)cc2)nc1C,4.5
C/C(=N\OC(=O)NC(C)C)c1sc(-c2ccccc2)nc1C,4.6
C/C(=N\OC(=O)NC1CCCCC1)c1sc(-c2ccccc2)nc1C,4.8
C/C(=N\OCc1cccc(Cl)c1Cl)c1ccc(CC#N)s1,4.8
C/C(=N\n1nnnc1Nc1ccccc1)c1ccc(N)cc1,4.65
C/C(CC(=O)NC1CCCC1)=N\NC(=O)Cc1cccs1,4.9
C/C(CC(=O)NCCCN1CCOCC1)=N\NC(=O)COc1ccc(Cl)cc1,4.8
C/C(CC(=O)NCc1ccco1)=N\NC(=O)Cc1ccc(Cl)cc1,4.8
C/C(CC(=O)NCc1ccco1)=N\NC(=O)Cc1ccccc1,4.75
C/C(CC(=O)Nc1cc(Cl)ccc1Cl)=N\NC(N)=S,4.85
C/C(CC(=O)Nc1cccc2c1CCCC2)=N\NC(=O)c1ccccc1N,5.45
C/C(CCC(=O)OC[C@@H]1O[C@H](C#Cc2ccccc2)C=C[C@@H]1Oc1ccc(C)cc1)=N/OC[C@@H](C)[C@H](OCc1ccccc1)C(C)C,5.4
C/C(CCC(=O)OC[C@@H]1O[C@H](C#Cc2ccccc2)C=C[C@@H]1Oc1ccc(C)cc1)=N/OC[C@@H](O)COCc1ccco1,5.5
C/C(CCC(=O)OC[C@@H]1O[C@H](C#Cc2ccccc2)C=C[C@@H]1Oc1ccc(C)cc1)=N/OC[C@@H](O)[C@H]1O[C@H]2OC(C)(C)O[C@H]2[C@@H]1O,5.4
C/C(CCC(=O)OC[C@@H]1O[C@H](C#Cc2ccccc2)C=C[C@@H]1Oc1ccc(C)cc1)=N/O[C@@H](C)CN1CCCCc2nc(C)c(C)cc21,5.5
C/C(CCC(=O)OC[C@@H]1O[C@H](C#Cc2ccccc2)C=C[C@@H]1Oc1ccc(C)cc1)=N/O[C@@H](C)CN1CCCc2nc(C)c(C)cc21,5.4
C/C(CCC(=O)OC[C@@H]1O[C@H](C#Cc2ccccc2)C=C[C@@H]1Oc1ccc(C)cc1)=N/O[C@@H](C)c1cn([C@H](CO)Cc2ccccc2)nn1,5.45
C/C(CCC(=O)OC[C@@H]1O[C@H](C#Cc2ccccc2)C=C[C@@H]1Oc1ccc(C)cc1)=N/O[C@@H](C)c1cn([C@H]2COC[C@H]2O)nn1,5.4
C/C(CCN1CCCCc2nc(C)c(C)cc21)=N\OC[C@@H](C)[C@H](OCc1ccccc1)C(C)C,5.5
C/C(CCN1CCCCc2nc(C)c(C)cc21)=N\OC[C@@H](O)COCc1ccco1,5.4
C/C(CCN1CCCCc2nc(C)c(C)cc21)=N\O[C@@H](C)CN1CCCCc2nc(C)c(C)cc21,5.4
C/C(CCN1CCCCc2nc(C)c(C)cc21)=N\O[C@@H](C)CN1CCCc2nc(C)c(C)cc21,5.5
C/C(CCN1CCCCc2nc(C)c(C)cc21)=N\O[C@@H](C)c1cc(-c2c(C)cc(C)cc2C)no1,5.4
C/C(CCN1CCCCc2nc(C)c(C)cc21)=N\O[C@@H](C)c1cn([C@H](CO)Cc2ccccc2)nn1,5.35
C/C(CCN1CCCc2nc(C)c(C)cc21)=N\OC[C@@H](C)[C@H](OCc1ccccc1)C(C)C,5.5
C/C(CCN1CCCc2nc(C)c(C)cc21)=N\OC[C@@H](O)COCc1ccco1,5.4
C/C(CCN1CCCc2nc(C)c(C)cc21)=N\O[C@@H](C)CN1CCCCc2nc(C)c(C)cc21,5.4
C/C(CCN1CCCc2nc(C)c(C)cc21)=N\O[C@@H](C)CN1CCCc2nc(C)c(C)cc21,5.4
C/C(CCN1CCCc2nc(C)c(C)cc21)=N\O[C@@H](C)c1cc(-c2c(C)cc(C)cc2C)no1,5.3
C/C(CCN1CCCc2nc(C)c(C)cc21)=N\O[C@@H](C)c1cn([C@@H]2COC[C@@H]2O)nn1,5.5
C/C(CCN1CCCc2nc(C)c(C)cc21)=N\O[C@@H](C)c1cn([C@H](CO)Cc2ccccc2)nn1,5.5
C/C(CCN1CCc2nc(-c3ccccc3)c(-c3ccccc3)cc2C1)=N\OC[C@@H](C)[C@H](OCc1ccccc1)C(C)C,5.4
C/C(CCN1CCc2nc(-c3ccccc3)c(-c3ccccc3)cc2C1)=N\OC[C@@H](O)COCc1ccco1,5.5
C/C(CCN1CCc2nc(-c3ccccc3)c(-c3ccccc3)cc2C1)=N\OC[C@@H](O)[C@@H]1O[C@@H]2OC(C)(C)O[C@@H]2[C@H]1O,5.4
C/C(CCN1CCc2nc(-c3ccccc3)c(-c3ccccc3)cc2C1)=N\O[C@@H](C)CN1CCCCc2nc(C)c(C)cc21,5.4
C/C(CCN1CCc2nc(-c3ccccc3)c(-c3ccccc3)cc2C1)=N\O[C@@H](C)CN1CCCc2nc(C)c(C)cc21,5.4
C/C(CCN1CCc2nc(-c3ccccc3)c(-c3ccccc3)cc2C1)=N\O[C@@H](C)c1cc(-c2c(C)cc(C)cc2C)no1,5.4
C/C(CCN1CCc2nc(-c3ccccc3)c(-c3ccccc3)cc2C1)=N\O[C@@H](C)c1cn([C@H](CO)Cc2ccccc2)nn1,5.45
C/C(CCc1ccc2c(c1)OCO2)=N\NC1=NC(=O)CC(C(=O)Nc2ccccc2)S1,5.65
C/C(CN(C[C@H]1Cc2ccccc2CN1)[C@H]1CCCc2cccnc21)=C(/F)CN,5.75
C/C(CN(C[C@H]1Cc2ccccc2CN1)[C@H]1CCCc2cccnc21)=C(\F)CN,4.89
C/C(CN)=C(/F)CN(C[C@H]1Cc2ccccc2CN1)[C@H]1CCCc2cccnc21,5.62
C/C(CN)=C(\F)CN(C[C@H]1Cc2ccccc2CN1)[C@H]1CCCc2cccnc21,4.82
C/C(Cl)=C/CSc1nnc2n(N)c(=O)c3ccccc3n12,4.95
C/C(Cl)=C\Cn1c(N2CCCC2)nc2c1c(=O)[nH]c(=O)n2C,4.8
C/C(N)=C(/C#N)C(=O)CSc1nnc(COc2cc(C)ccc2C)o1,5.45
C/C(O)=C(/C#N)C(=O)Nc1cc(Br)ccc1Br,4.8
C/C1=C\CC(C)(C)/C=C/C(=O)/C(C)=C/CC1,4.66
C/C1=C\CC(C)(C)/C=C/C(=O)/C(C)=C/[C@H](O)C1,4.45
C/C1=C\CC[C@@]2(C)O[C@@H]2CC(C)(C)/C=C/C1=O,4.32
C/C1=C\[C@H](O)C[C@@]2(C)O[C@@H]2CC(C)(C)/C=C/C1=O,4.2
C/C1=C\[C@H](O)C[C@]2(C)O[C@@H]2CC(C)(C)/C=C/C1=O,4.37
C/C=C(/C(=C/C)c1ccc(O)cc1)c1ccc(O)cc1,5.1
C/C=C(/C)C(=O)OC1Cc2c(ccc3ccc(=O)oc23)OC1(C)C,4.8
C/C=C(\C)C(=O)OC1CC(OC(C)=O)[C@@]2(C(=O)OC)COC3C2[C@@]12CO[C@](O)(C(=O)OC)C2[C@](C)(C12O[C@]1(C)C1CC2OC2OC=C[C@]21O)C3O,4.9
C/C=C(\C)C(=O)OC1[C@@H]2C=C3C4CC(=O)OC(c5ccoc5)[C@]4(C)CCC3[C@@](C)(C2=O)C(C(O)C(=O)OC)C1(C)C,4.9
C/C=C(\C)C(=O)OC1c2c(ccc3ccc(=O)oc23)OC(C)(C)C1OC(C)=O,4.6
C/C=C(\C)C(=O)O[C@@H]1C(C)=C2[C@H]([C@@H]1OC(=O)CCCCCCC)[C@@](C)(OC(C)=O)C[C@@H](OC(=O)CCC)[C@@]1(O)[C@H]2OC(=O)[C@]1(C)O,5.4
C/C=C/C1Oc2ccc(OC)cc2N2C(=O)C(C)C(OCOC)C12,5.4
C/C=C/C[C@@H](C)[C@@H](O)[C@H]1C(=O)N[C@@H](CC)C(=O)N(C)CC(=O)N(C)[C@@H](CC(C)C)C(=O)N[C@@H](C(C)C)C(=O)N(C)[C@@H](CC(C)C)C(=O)N[C@@H](C)C(=O)N[C@H](C)C(=O)N(C)[C@@H](CC(C)C)C(=O)N(C)[C@@H](CC(C)C)C(=O)N(C)[C@@H](C(C)C)C(=O)N1C,5.765000000000001
C/C=C/C[C@@H](C)[C@@H](O)[C@H]1C(=O)N[C@@H](CC)C(=O)N(C)[C@H](SCCN(C)C)C(=O)N(C)[C@@H](CC(C)(C)O)C(=O)N[C@@H](C(C)C)C(=O)N(C)[C@@H](CC(C)C)C(=O)N[C@@H](C)C(=O)N[C@H](C)C(=O)N(C)[C@@H](CC(C)C)C(=O)N(C)[C@@H](CC(C)C)C(=O)N(C)[C@@H](C(C)C)C(=O)N1C,4.23
C/C=C/OC(=O)NC(c1cccc(C)c1)[C@@]1(C(=O)OCC)CCCC1=O,5.9
C/C=C/OC(=O)NC(c1ccccc1)[C@@]1(C(=O)OC)CCCC1=O,6.0
C/C=C/OC(=O)NC(c1ccccc1)[C@@]1(C(=O)OCC)CCCC1=O,7.8
C/C=C/OC(=O)NC(c1ccccc1)[C@]1(C(C)=O)CCCC1=O,6.9
C/C=C/OC(=O)NC(c1ccccc1)[C@]1(C(C)=O)CCOC1=O,7.5
C/C=C/c1cc(OC)c(OC)cc1OC,4.04
C/C=C/c1ccc2c(c1)OCO2,4.6
C/C=C1/C(=O)C[C@H]2[C@@H]3CCC4=CC(=O)CC[C@]4(C)[C@H]3CC[C@]12C,6.0
C/C=C1\C(=O)C[C@@H]2[C@@H]3CCC4=CC(=O)CC[C@@]4(C)[C@H]3CC[C@@]12C,5.5
C/C=C1\C[N@@+]2(C)CC[C@@]34C(=C(C=O)[C@H]1C[C@H]32)Nc1ccccc14,8.89
C/C=C\C(=O)N(CC)c1ccccc1C,5.1
C/C=C\c1ccc(OC)cc1,4.9
C/N=C(/NC#N)NCCSCc1csc(NC(=N)N)n1,4.8
C/N=C1\N[C@H](c2ccccc2)N(c2ccccc2)S1,4.5
C/N=c1\nc(-c2ccccc2)n(-c2ccccc2)s1,4.5
C1=C(CN2CCOCC2)COc2c1cccc2OC[C@@H]1CNCCO1,4.4
C1=C(CS/C(=N\C2CCCCC2)NC2CCCCC2)N2CCN=C2S1,5.41
C1=CCOCc2cc(ccc2OCCN2CCCCC2)Nc2nccc(n2)-c2cccc(c2)COC1,6.43
C1CCC(/N=C(\NC23CC4CC(CC(C4)C2)C3)N2CCOCC2)CC1.Cl,4.7
C1CCC(C(CC2CCCCN2)C2CCCCC2)CC1.O=C(O)/C=C\C(=O)O,4.4
C1CNCCN1.C[C@]12CC[C@@H]3c4ccc(OS(=O)(=O)O)cc4CC[C@H]3[C@@H]1CCC2=O,4.4
C1COC(NC(C2CC2)C2CC2)=N1,4.949999999999999
C1COC(NC(C2CC2)C2CC2)=N1.O=C(O)/C=C/C(=O)O,4.8
C=C(C)C(=O)OCC1CN2C(CCC(C)C2c2ccc(Br)cc2)C(=O)O1,5.5
C=C(C)C(CC/C(C)=C/COc1c2ccoc2cc2oc(=O)ccc12)OC(C)(C)C(O)CC/C(C)=C/COc1c2ccoc2cc2oc(=O)ccc12,6.51
C=C(C)C(O)/C=C/C=C/c1ccccc1,5.4
C=C(C)C(O)/C=C/CCCCCCC,5.4
C=C(C)C(O)/C=C/c1ccc(Br)cc1,5.4
C=C(C)C(O)/C=C/c1ccc(C)cc1,5.4
C=C(C)C(O)/C=C/c1ccc(OC)cc1,5.3
C=C(C)C(O)/C=C/c1cccc(OC)c1,5.4
C=C(C)C(O)/C=C/c1ccccc1OC,5.6
C=C(C)C1CC=C(C)/C(=N/NC(=O)c2ccc(NC(=O)c3cccc(C)c3)cc2)C1,4.9
C=C(C)C1Cc2c(ccc3c2OC2COc4cc(OC)c(OC)cc4C2C3=O)O1,5.2
C=C(C)CN1CC[C@@]23c4c5ccc(O)c4O[C@H]2c2[nH]c4ccccc4c2C[C@]3(O)[C@@H]1C5,4.5
C=C(C)COc1ccc(-c2[nH]nc(C)c2-c2ccc(OC)cc2)c(O)c1,5.0
C=C(C)N1c2ccccc2SC1c1cc(OC)ccc1OCCCN(C)CCOc1ccc2c(c1)OCO2,6.6
C=C(C)[C@@H]1CCC(C)=C[C@H]1c1c(O)cc(CCCCC)cc1O,6.0
C=C(C)[C@@H]1[C@H]2OC(=O)[C@@H]1[C@]1(O)C[C@H]3O[C@]34C(=O)O[C@H]2[C@@]14C.CC(C)(O)[C@@H]1[C@H]2OC(=O)[C@@H]1[C@]1(O)C[C@H]3O[C@]34C(=O)O[C@H]2[C@@]14C,4.9
C=C(C)[C@H]1C2C(=O)O[C@H]1[C@H]1OC(=O)[C@@]34O[C@@H]3C[C@]2(O)[C@@]14C,4.9
C=C(C)[C@H]1CC=C(C)/C(=N/NC(=O)CNc2ccccc2OC)C1,5.0
C=C(C)[C@H]1Cc2c(ccc3c2O[C@@H]2COc4cc(OC)c(OC)cc4[C@@H]2C3=O)O1,4.8
C=C(C)[C@H]1Cc2c(ccc3c2O[C@H]2COc4cc(OC)c(OC)cc4[C@@H]2C3=O)O1,4.6
C=C(C)[C@H]1[C@H]2OC(=O)[C@@H]1[C@]1(O)C[C@H]3O[C@]34C(=O)O[C@H]2[C@@]14C,5.0
C=C(C)[C@H]1[C@H]2OC(=O)[C@@H]1[C@]1(O)C[C@H]3O[C@]34C(=O)O[C@H]2[C@]14C.CC(C)(O)[C@H]1[C@H]2OC(=O)[C@@H]1[C@]1(O)C[C@H]3O[C@]34C(=O)O[C@H]2[C@]14C,4.8
C=C(C)c1cc2cc(C(C)=O)c(O)cc2o1,4.5
C=C(C)c1cccc(C(C)(C)NC(=O)Nc2cc(C)ccc2OC)c1,5.0
C=C(CC(=O)OC)C[C@]1(CC(=O)OC)CC2(CC=C(C)C)C(=O)C(C(=O)c3ccccc3)=C(OC(=O)c3ccc(Br)cc3)C(CC=C(C)C)(C1)C2=O,5.5
C=C(CC1(C(C)NP(=O)(c2ccccc2)c2ccccc2)CC1)c1ccccc1,5.4
C=C(CC1(CNP(=O)(c2ccccc2)c2ccccc2)CC1)c1ccccc1,5.4
C=C(CC1([C@@H](NP(=O)(c2ccccc2)c2ccccc2)[C@H]2C[C@@H]2CCCC)CC1)c1cccc(OC)c1,5.6
C=C(CC1([C@@H](NP(=O)(c2ccccc2)c2ccccc2)[C@H]2C[C@@H]2CCCC)CC1)c1ccccc1,5.8
C=C(CC1([C@@H](NP(=O)(c2ccccc2)c2ccccc2)[C@H]2C[C@@H]2CCN(C(=O)OCC)S(=O)(=O)c2ccc(C)cc2)CC1)c1ccccc1,5.8
C=C(CO)C1Cc2c(ccc3c2OC2COc4cc(OC)c(OC)cc4C2C3=O)O1,4.5
C=C(Cl)CSC(=S)N(CC)CC,5.0
C=C(N(C)C)[C@]1(C)C[C@H]1[C@H](NC(=O)CNC(=O)OCc1ccccc1)c1ccccc1,5.1
C=C/C1=C/Cc2ccccc2C(C[N+](=O)[O-])C(C(=O)OC)(C(=O)OC)C1,5.5
C=C1C(=O)C=C2CN(C(=O)c3ccccc3)[C@@](Cc3ccc(F)cc3)(C(=O)OC)[C@@H]12,5.1
C=C1C(=O)C=C2CN(C(=O)c3ccccc3)[C@@](Cc3ccc(OC)cc3)(C(=O)OC)[C@@H]12,5.8
C=C1C(=O)OC2C1CC/C(C)=C/CCC1(C)OC21,4.6
C=C1C(=O)OC2C[C@@]3(C)CCCC(=C)[C@@H]3CC12,5.0
C=C1C(=O)OC2C[C@@]3(C)CCCC(C)C3=CC12,5.1
C=C1C(=O)O[C@@H]2C3OC3(C)CCC=C(C)CC[C@@H]12,4.5
C=C1C(=O)O[C@@H]2[C@@H]1CC/C(C)=C\CC[C@@]1(C)O[C@H]21,4.800000000000001
C=C1C(=O)O[C@@H]2[C@H]3O[C@]3(C)CC/C=C(\C)CC[C@@H]12,5.0
C=C1C(=O)[C@]23[C@H](O)[C@H]1CC[C@H]2[C@]12C=CCC(C)(C)[C@H]1[C@H](O)[C@@]3(OCCC(=O)O)OC2,7.155
C=C1C(=O)[C@]23[C@H](O)[C@H]1CC[C@H]2[C@]12C=CCC(C)(C)[C@H]1[C@H](O)[C@@]3(OCc1cncs1)OC2,8.355
C=C1C(C2(C)C=CC(=O)C(C)(C)C2CC(=O)OC)CC[C@@]2(C)C(c3ccoc3)OC(=O)C3OC132,5.6
C=C1C(CCl)(CCl)C2(Cl)C(Cl)C(Cl)C1(Cl)C2(Cl)Cl,5.3
C=C1C(O)(c2ccccc2)C2CC[N+]1(C)CC2.[Cl-],5.5
C=C1C([C@@]2(C)C(OC(C)=O)CC(=O)O[C@@](C)(COC(C)=O)C2CC(=O)OC)C(OC=O)C(OC(=O)C(O)C(C)CC)[C@]2(C)C(c3ccoc3)CC(=O)C12O,5.0
C=C1C([C@@]2(C)C(OC(C)=O)CC(=O)O[C@@](C)(COC(C)=O)C2CC(=O)OC)C(OC=O)C(OC(=O)C(OC(C)=O)C(C)CC)[C@]2(C)C(c3ccoc3)CC(=O)C12O,4.9
C=C1C/C(=C/C)C(=O)O[C@@H]2CCN3CC=C(COC(=O)[C@]1(C)O)[C@@H]23,4.8
C=C1C/C(=C\C)C(=O)O[C@@H]2CCN3CC=C(COC(=O)[C@@]1(C)O)[C@H]23,4.9
C=C1C2=CC(=O)OC(c3ccoc3)[C@]2(C)CCC1[C@]1(C)C=CC(=O)C(C)(C)C1CC(=O)OC,5.4
C=C1C2CC[C@@]3(C)C(c4ccoc4)OC(=O)C[C@@]13OC1CC(=O)C(C)(C)C(C(O)C(=O)OC)[C@]12C,5.6
C=C1C2CC[C@@]3(C)C(c4ccoc4)OC(=O)C[C@@]13OC1CC(=O)C(C)(C)C(C(OC(C)=O)C(=O)OC)[C@@]12C,6.0
C=C1C2CC[C@@]3(C)C(c4ccoc4)OC(=O)C[C@@]13OC1CC(=O)C(C)(C)C(CC(=O)OC)[C@]12C,5.3
C=C1C2CC[C@@]3(C)C(c4ccoc4)OC(=O)C[C@@]13OC1CC(O)C(C)(C)C(CC(=O)OC)[C@@]12C,5.0
C=C1C2CC[C@@]3(C)C(c4ccoc4)OC(=O)C[C@@]13OC1CC(OC(C)=O)C(C)(C)C(CC(=O)OC)[C@@]12C,5.9
C=C1CC2OC2(C)CCC2[C@@H]1CC2(C)C,4.6
C=C1CCC(=O)C(C)CCC2C1CC2(C)C,4.6
C=C1CCC(O)C/C1=C\C=C1/CCCC2(C)C1CCC2C(C)/C=C/C(C)C(C)C,4.5
C=C1CCC(O)C/C1=C\C=C1/CCCC2(C)C1CCC2C(C)CCCC(C)C,4.5
C=C1CCC(OC(C)=O)/C(C)=C/CC2[C@H]1CC2(C)C,4.5
C=C1CCC2C(C)(CO)C(O)CCC2(C)C1C/C=C1\C(=O)OCC1O,4.8
C=C1CCC2C(CC2(C)C)C(=C)CC/C1=N/O,4.5
C=C1CCC2C(CC2(C)C)C(=O)CCC1O,5.7
C=C1CCC2[C@](C)(CO)C(O)CC[C@]2(C)C1C/C=C1/C(=O)OCC1O,4.6
C=C1CC[C@@H]2O[C@@]2(C)CC[C@H]2[C@H]1CC2(C)C,4.4
C=C1CC[C@H](O)C/C1=C/C=C1\CCC[C@]2(C)[C@@H]([C@H](C)CCCC(C)C)CC[C@@H]12,4.5
C=C1[C@@H](C)[C@H]2[C@@H](Cc3ccccc3)NC(=O)[C@]23[C@H](/C=C/C[C@H](C)C(=O)[C@@](C)(O)/C=C/[C@H]3OC(C)=O)[C@@H]1O,4.8
C=CC(=O)N1CC2(CC(n3nc(-c4ccc5c(cnn5C)c4)c(-c4c(Cl)c(C)cc5[nH]ncc45)c3C)C2)C1,5.21
C=CC(=O)N1CCC(Cn2cc(-c3ccc4c(c3)OCO4)c3c(N)ncnc32)CC1,5.5
C=CC(=O)N1CCC([C@@H]2CCNc3c(C(N)=O)c(-c4cc(OC)c(C)c(OC)c4)nn32)CC1,4.525
C=CC(=O)N1CCC([C@@H]2CCNc3c(C(N)=O)c(-c4ccc(Oc5ccccc5)cc4)nn32)CC1,4.529999999999999
C=CC(=O)N1CCCC[C@@H](n2c(NC(=O)c3cccc(C(F)(F)F)c3)nc3cccc(C)c32)C1,5.46
C=CC(=O)N1CCC[C@@H](n2nc(-c3ccc(Oc4ccccc4)cc3)c3c(N)n[nH]c(=O)c32)C1,4.43
C=CC(=O)N1CCC[C@@H](n2nc(-c3ccc(Oc4ccccc4)cc3)c3c(N)ncnc32)C1,4.675
C=CC(=O)NC(C)(C)Cc1ccccc1,4.8
C=CC(=O)N[C@H]1COC[C@H]1Nc1ncc(OCc2c(F)c(OC)cc(OC)c2F)cn1,4.88
C=CC(=O)Nc1cccc(-n2c(=O)n(C(C)C)c(=O)c3cnc(Nc4ccc(N5CCN(C)CC5)cc4OC)nc32)c1,4.62
C=CC(=O)Nc1cccc(C)c1Nc1ncc(OCc2c(F)c(OC)cc(OC)c2F)cn1,5.16
C=CC(=O)Nc1cccc(C)c1Nc1ncc2cc(-c3c(Cl)c(OC)cc(OC)c3Cl)ccc2n1,5.52
C=CC(=O)OCC(CO)(COC(=O)C=C)COC(=O)C=C,5.1
C=CC(=O)OCCCCCCOC(=O)C=C,4.6
C=CC(=O)c1ccc2ccccc2c1,4.6
C=CC(C)(C)c1[nH]c2ccccc2c1C1=C(O)C(O)=C(c2c[nH]c3c(CC=C(C)C)cccc23)C(=O)C1=O,4.6
C=CC(C)(O)CCCC(C)CCCC(C)CCCC(C)C,4.4
C=CC(C1=CC(=O)C(OC)=C(OC)C1=O)c1ccccc1,4.8
C=CC(C1=CC(=O)C(OC)=CC1=O)c1ccc(O)cc1,4.6
C=CC(C1=CC(=O)C(OC)=CC1=O)c1ccc(OC)cc1,4.6
C=CC(C1=CC(=O)C(OC)=CC1=O)c1ccccc1,4.7
C=CC(C1=CC(=O)C=CC1=O)c1ccccc1,4.5
C=CC/N=C1\CC(C)(C)CC(O)=C1C(=O)c1ccccc1,4.6
C=CC1=C(C)C2=NC/1=C\C1=[N+]3[Zn-2][N+]4=C(/C=C5N=C(/C=C3/C(CCC(=O)O)=C1C)C(CCC(=O)O)=C\5C)C(C)=C(C=C)/C4=C/2,4.5
C=CC1CN2CCC1CC2C(O)c1ccnc2ccccc12,4.6
C=CC1C[N@]2CCC1CC2C(OC(=O)OCC)c1ccnc2ccc(OC)cc12,5.1
C=CCC(C)(NCc1ccccc1)c1ccco1.Cl,4.8
C=CCC(NCc1ccco1)c1ccc(OC)cc1,4.65
C=CCC(O)CC1C2C(CC(O)CC=C)C3C1C3C2OC(C)(C)C,5.8
C=CCC(OC)[C@]12CNCC[C@]1(c1ccc(Cl)c(Cl)c1)C2,5.52
C=CCC1(C(C)CCC)C(=O)[N-]C(=S)NC1=O.[Na+],4.9
C=CCC1(C)OC=Cc2nc3cc(Cl)c(Cl)cc3nc21,5.4
C=CCC1C=CC(Oc2ccc(F)cc2C)C(CO)O1,5.4
C=CCC1C=CC(Oc2ccc(OC)cc2)C(CO)O1,5.4
C=CCC1C=CC(Oc2ccc(OC)cc2)C(COC(=O)c2ccc(Br)cc2)O1,5.5
C=CCCC(=O)Nc1nc(C)c(-c2csc(Nc3ccc(Cl)cc3)n2)s1,5.0
C=CCCC/C=C(/C)C(OCc1ccc(OC)cc1)C(CC/C=C(\C)C(N)=O)OC,5.4
C=CCCCCCCCCC(=O)Nc1cnc(O)nc1O,5.0
C=CCCCCCCCCCCC/C=C/C(O)COC(C)=O,4.4
C=CCCCCCCCCCCCC(O)CC(O)COC(C)=O,4.4
C=CCN(CC=C)C(=O)C(=O)c1cc(C)n(-c2ccc([N+](=O)[O-])cc2)c1C,5.55
C=CCN(CC=C)C(=S)NC(=O)c1ccc(OC)c(Br)c1,6.05
C=CCN(CC=C)CC(O)Cn1c2ccccc2c2ccccc21,4.55
C=CCN1C(=O)C(CC(=O)Nc2ccccc2)S/C1=N/c1ccc(S(N)(=O)=O)cc1,5.25
C=CCN1C(=O)c2ccccc2Sc2ccc(C(=O)N3CCC4(CC3)OCCO4)cc21,5.4
C=CCN1CC(=O)N2C(CN(Cc3cccc4c(-c5ccc(S(C)(=O)=O)cc5)cn(C)c34)C(=O)[C@@H]2Cc2ccc(O)cc2)N1C(=O)NCc1ccccc1,5.0
C=CCN1CC(=O)N2C(CN(Cc3cccc4c(C(=O)Nc5ccc(CCO)cc5)cn(C)c34)C(=O)[C@@H]2Cc2ccc(O)cc2)N1C(=O)NCc1ccccc1,5.13
C=CCN1CC(=O)N2C(CN(Cc3cccc4c(C(=O)Nc5ccc(N6CCC7(CCN(CC)C7)C6)nc5)cn(C)c34)C(=O)[C@@H]2Cc2ccc(O)cc2)N1C(=O)NCc1ccccc1,5.41
C=CCN1CC(=O)N2C(CN(Cc3cccc4c(C(=O)Nc5ccc(N6CCC7CCCN7C6)nc5)cn(C)c34)C(=O)[C@@H]2Cc2ccc(O)cc2)N1C(=O)NCc1ccccc1,5.34
C=CCN1CC(=O)N2C(CN(Cc3cccc4c(C(=O)Nc5ccc(N6CCN(C(C)C)CC6)nc5)cn(C)c34)C(=O)[C@@H]2Cc2ccc(O)cc2)N1C(=O)NCc1ccccc1,5.21
C=CCN1CC(=O)N2C(CN(Cc3cccc4c(C(=O)Nc5ccc(N6CCN(C)CC6)nc5)cn(C)c34)C(=O)[C@@H]2Cc2ccc(O)cc2)N1C(=O)NCc1ccccc1,5.12
C=CCN1CC(=O)N2C(CN(Cc3cccc4c(C(=O)Nc5ccc(N6CCN(CC)CC6)nc5)cn(C)c34)C(=O)[C@@H]2Cc2ccc(O)cc2)N1C(=O)NCc1ccccc1,5.24
C=CCN1CC(=O)N2C(CN(Cc3cccc4c(C(=O)Nc5ccc(N6CCNCC6)nc5)cn(C)c34)C(=O)[C@@H]2Cc2ccc(O)cc2)N1C(=O)NCc1ccccc1,5.56
C=CCN1CC(=O)N2C(CN(Cc3cccc4c(C(=O)Nc5ccc(N6CCOCC6)nc5)cn(C)c34)C(=O)[C@@H]2Cc2ccc(O)cc2)N1C(=O)NCc1ccccc1,4.68
C=CCN1CC(=O)N2C(CN(Cc3cccc4c(C(=O)Nc5ccc(NCC(O)CO)nc5)cn(C)c34)C(=O)[C@@H]2Cc2ccc(O)cc2)N1C(=O)NCc1ccccc1,5.59
C=CCN1CC(=O)N2C(CN(Cc3cccc4c(C(=O)Nc5ccc(NCCN(CC)CC)nc5)cn(C)c34)C(=O)[C@@H]2Cc2ccc(O)cc2)N1C(=O)NCc1ccccc1,5.34
C=CCN1CC(=O)N2C(CN(Cc3cccc4c(C(=O)Nc5ccc(NCCN6CCC(O)CC6)nc5)cn(C)c34)C(=O)[C@@H]2Cc2ccc(O)cc2)N1C(=O)NCc1ccccc1,5.24
C=CCN1CC(=O)N2C(CN(Cc3cccc4c(C(=O)Nc5ccc(OC)nc5)cn(C)c34)C(=O)[C@@H]2Cc2ccc(O)cc2)N1C(=O)NCc1ccccc1,5.67
C=CCN1CC(=O)N2C(CN(Cc3cccc4c(C(=O)Nc5ccc6c(c5)OCCO6)cn(C)c34)C(=O)[C@@H]2Cc2ccc(O)cc2)N1C(=O)NCc1ccccc1,5.58
C=CCN1CC(=O)N2C(Cc3ccc(O)cc3)C(=O)N(Cc3cccc4c(-c5ccc(NC(=O)N6CCN(S(C)(=O)=O)CC6)nc5)cn(C)c34)CC2N1C(=O)NCc1ccccc1,5.19
C=CCN1CC(=O)N2C(Cc3ccc(O)cc3)C(=O)N(Cc3cccc4c(C(=O)Nc5ccc(N(CCN(CC)CC)CCN(CC)CC)nc5)cn(C)c34)CC2N1C(=O)NCc1ccccc1,5.27
C=CCN1CC(=O)N2C(Cc3ccc(O)cc3)C(=O)N(Cc3cccc4c(C(=O)Nc5ccc(N6CCC(N7CCCC7)CC6)nc5)cn(C)c34)CC2N1C(=O)NCc1ccccc1,5.4
C=CCN1CC(=O)N2C(Cc3ccc(O)cc3)C(=O)N(Cc3cccc4c(C(=O)Nc5ccc(N6CCC(N7CCCCC7)CC6)nc5)cn(C)c34)CC2N1C(=O)NCc1ccccc1,5.62
C=CCN1CC(=O)N2C(Cc3ccc(O)cc3)C(=O)N(Cc3cccc4c(C(=O)Nc5ccc(N6CCC(O)CC6)nc5)cn(C)c34)CC2N1C(=O)NCc1ccccc1,5.16
C=CCN1CC(=O)N2C(Cc3ccc(O)cc3)C(=O)N(Cc3cccc4c(C(=O)Nc5ccc(N6CCN(C(C)(C)C)CC6)nc5)cn(C)c34)CC2N1C(=O)NCc1ccccc1,5.38
C=CCN1CC(=O)N2C(Cc3ccc(O)cc3)C(=O)N(Cc3cccc4c(C(=O)Nc5ccc(N6CCN(C7CC7)CC6)nc5)cn(C)c34)CC2N1C(=O)NCc1ccccc1,5.16
C=CCN1CC(=O)N2C(Cc3ccc(O)cc3)C(=O)N(Cc3cccc4c(C(=O)Nc5ccc(N6CCN(CCC)CC6)nc5)cn(C)c34)CC2N1C(=O)NCc1ccccc1,5.16
C=CCN1CC(=O)N2C(Cc3ccc(O)cc3)C(=O)N(Cc3cccc4c(C(=O)Nc5ccc(N6CCN(CCO)CC6)nc5)cn(C)c34)CC2N1C(=O)NCc1ccccc1,5.22
C=CCN1CC(=O)N2C(Cc3ccc(O)cc3)C(=O)N(Cc3cccc4c(C(=O)Nc5ccc(N6CCN(Cc7ccc(OC)cc7)CC6)nc5)cn(C)c34)CC2N1C(=O)NCc1ccccc1,4.67
C=CCN1CC(=O)N2C(Cc3ccc(O)cc3)C(=O)N(Cc3cccc4c(C(=O)Nc5ccc(N6CCN(c7ccc(C(F)(F)F)cc7)CC6)nc5)cn(C)c34)CC2N1C(=O)NCc1ccccc1,4.63
C=CCN1CC(=O)N2C(Cc3ccc(O)cc3)C(=O)N(Cc3cccc4c(C(=O)Nc5ccc(NC6CC(C)(C)N(C)C(C)(C)C6)nc5)cn(C)c34)CC2N1C(=O)NCc1ccccc1,5.15
C=CCN1CC(=O)N2C(Cc3ccc(O)cc3)C(=O)N(Cc3cccc4c(C(=O)Nc5ccc(NCC(C)(C)C)nc5)cn(C)c34)CC2N1C(=O)NCc1ccccc1,5.62
C=CCN1CC(=O)N2C(Cc3ccc(O)cc3)C(=O)N(Cc3cccc4c(C(=O)Nc5ccc(NCCCN6CCCC6)nc5)cn(C)c34)CC2N1C(=O)NCc1ccccc1,5.59
C=CCN1CC(=O)N2C(Cc3ccc(O)cc3)C(=O)N(Cc3cccc4c(C(=O)Nc5ccc(NCCN(C(C)C)C(C)C)nc5)cn(C)c34)CC2N1C(=O)NCc1ccccc1,5.39
C=CCN1CC(=O)N2C(Cc3ccc(O)cc3)C(=O)N(Cc3cccc4c(C(=O)Nc5ccc(NCCN6CCCCC6)nc5)cn(C)c34)CC2N1C(=O)NCc1ccccc1,5.6
C=CCN1CC(=O)N2C(Cc3ccc(O)cc3)C(=O)N(Cc3cccc4c(C(=O)Nc5ccc(NCCN6CCOCC6)nc5)cn(C)c34)CC2N1C(=O)NCc1ccccc1,5.63
C=CCN1CC(=O)N2[C@@H](Cc3ccc(O)cc3)C(=O)N(Cc3cccc4c(-c5ccc(C#N)cc5)cn(C)c34)C[C@@H]2N1C(=O)NCc1ccccc1,5.03
C=CCN1CC(=O)N2[C@@H](Cc3ccc(O)cc3)C(=O)N(Cc3cccc4c(-c5ccc(C(=O)N(C)C)o5)cn(C)c34)C[C@@H]2N1C(=O)NCc1ccccc1,5.47
C=CCN1CC(=O)N2[C@@H](Cc3ccc(O)cc3)C(=O)N(Cc3cccc4c(-c5ccc(C(=O)N6CCN(C)CC6)nc5)cn(C)c34)C[C@@H]2N1C(=O)NCc1ccccc1,5.19
C=CCN1CC(=O)N2[C@@H](Cc3ccc(O)cc3)C(=O)N(Cc3cccc4c(-c5ccc(C(=O)N6CCN(S(C)(=O)=O)CC6)nc5)cn(C)c34)C[C@@H]2N1C(=O)NCc1ccccc1,5.16
C=CCN1CC(=O)N2[C@@H](Cc3ccc(O)cc3)C(=O)N(Cc3cccc4c(-c5ccc(C(=O)N6CCSCC6)cc5)cn(C)c34)C[C@@H]2N1C(=O)NCc1ccccc1,5.75
C=CCN1CC(=O)N2[C@@H](Cc3ccc(O)cc3)C(=O)N(Cc3cccc4c(-c5ccc(C(=O)NN6CCN(C)CC6)cc5)cn(C)c34)C[C@@H]2N1C(=O)NCc1ccccc1,5.6
C=CCN1CC(=O)N2[C@@H](Cc3ccc(O)cc3)C(=O)N(Cc3cccc4c(-c5ccc(C(=O)NNC(C)(C)C)cc5)cn(C)c34)C[C@@H]2N1C(=O)NCc1ccccc1,5.47
C=CCN1CC(=O)N2[C@@H](Cc3ccc(O)cc3)C(=O)N(Cc3cccc4c(-c5ccc(C(=O)Nc6ccc(N)cc6)cc5)cn(C)c34)C[C@@H]2N1C(=O)NCc1ccccc1,5.62
C=CCN1CC(=O)N2[C@@H](Cc3ccc(O)cc3)C(=O)N(Cc3cccc4c(-c5ccc(C(=O)Nc6ccc(N7CCN(C)CC7)cc6)cc5)cn(C)c34)C[C@@H]2N1C(=O)NCc1ccccc1,5.15
C=CCN1CC(=O)N2[C@@H](Cc3ccc(O)cc3)C(=O)N(Cc3cccc4c(-c5ccc(C(=O)Nc6ccc(OC)cc6)cc5)cn(C)c34)C[C@@H]2N1C(=O)NCc1ccccc1,4.71
C=CCN1CC(=O)N2[C@@H](Cc3ccc(O)cc3)C(=O)N(Cc3cccc4c(-c5ccc(C(=O)Nc6cccc(C(N)=O)c6)cc5)cn(C)c34)C[C@@H]2N1C(=O)NCc1ccccc1,4.8
C=CCN1CC(=O)N2[C@@H](Cc3ccc(O)cc3)C(=O)N(Cc3cccc4c(-c5ccc(C(=O)Nc6cccc(O)c6)cc5)cn(C)c34)C[C@@H]2N1C(=O)NCc1ccccc1,5.09
C=CCN1CC(=O)N2[C@@H](Cc3ccc(O)cc3)C(=O)N(Cc3cccc4c(-c5ccc(C(=O)Nc6cccc(OC(C)C)c6)cc5)cn(C)c34)C[C@@H]2N1C(=O)NCc1ccccc1,4.86
C=CCN1CC(=O)N2[C@@H](Cc3ccc(O)cc3)C(=O)N(Cc3cccc4c(-c5ccc(C(=O)Nc6cccc(OC)c6)cc5)cn(C)c34)C[C@@H]2N1C(=O)NCc1ccccc1,5.18
C=CCN1CC(=O)N2[C@@H](Cc3ccc(O)cc3)C(=O)N(Cc3cccc4c(-c5ccc(C(=O)Nc6cccc(OCc7ccccc7)c6)cc5)cn(C)c34)C[C@@H]2N1C(=O)NCc1ccccc1,4.76
C=CCN1CC(=O)N2[C@@H](Cc3ccc(O)cc3)C(=O)N(Cc3cccc4c(-c5ccc(C(=O)Nc6ccccc6)cc5)cn(C)c34)C[C@@H]2N1C(=O)NCc1ccccc1,5.12
C=CCN1CC(=O)N2[C@@H](Cc3ccc(O)cc3)C(=O)N(Cc3cccc4c(-c5ccc(C(=O)OC)cc5)cn(C)c34)C[C@@H]2N1C(=O)NCc1ccccc1,5.42
C=CCN1CC(=O)N2[C@@H](Cc3ccc(O)cc3)C(=O)N(Cc3cccc4c(-c5ccc(NC(=O)CCCCCCC)cc5)cn(C)c34)C[C@@H]2N1C(=O)NCc1ccccc1,4.66
C=CCN1CC(=O)N2[C@@H](Cc3ccc(O)cc3)C(=O)N(Cc3cccc4c(-c5ccc(NC(=O)CCCNCCC(C)=O)cc5)cn(C)c34)C[C@@H]2N1C(=O)NCc1ccccc1,5.56
C=CCN1CC(=O)N2[C@@H](Cc3ccc(O)cc3)C(=O)N(Cc3cccc4c(-c5ccc(NC(=O)N6CCN(S(C)(=O)=O)CC6)nc5)cn(C)c34)C[C@@H]2N1C(=O)NCc1ccccc1,5.19
C=CCN1CC(=O)N2[C@@H](Cc3ccc(O)cc3)C(=O)N(Cc3cccc4c(-c5ccc(NC(=O)N6CCOCC6)cc5)cn(C)c34)C[C@@H]2N1C(=O)NCc1ccccc1,5.66
C=CCN1CC(=O)N2[C@@H](Cc3ccc(O)cc3)C(=O)N(Cc3cccc4c(-c5ccc(NC(=O)N6CCOCC6)nc5)cn(C)c34)C[C@@H]2N1C(=O)NCc1ccccc1,4.99
C=CCN1CC(=O)N2[C@@H](Cc3ccc(O)cc3)C(=O)N(Cc3cccc4c(-c5ccc(NC(=O)NC6CCCC6)cc5)cn(C)c34)C[C@@H]2N1C(=O)NCc1ccccc1,5.11
C=CCN1CC(=O)N2[C@@H](Cc3ccc(O)cc3)C(=O)N(Cc3cccc4c(-c5ccc(NC(=O)NC6CCN(C)CC6)nc5)cn(C)c34)C[C@@H]2N1C(=O)NCc1ccccc1,5.54
C=CCN1CC(=O)N2[C@@H](Cc3ccc(O)cc3)C(=O)N(Cc3cccc4c(-c5ccc(NC(=O)NCC(C)(C)C)nc5)cn(C)c34)C[C@@H]2N1C(=O)NCc1ccccc1,5.66
C=CCN1CC(=O)N2[C@@H](Cc3ccc(O)cc3)C(=O)N(Cc3cccc4c(-c5ccc(NC(=O)NCCc6ccccc6)cc5)cn(C)c34)C[C@@H]2N1C(=O)NCc1ccccc1,4.98
C=CCN1CC(=O)N2[C@@H](Cc3ccc(O)cc3)C(=O)N(Cc3cccc4c(-c5ccc(NC(=O)NCc6ccccc6)nc5)cn(C)c34)C[C@@H]2N1C(=O)NCc1ccccc1,4.69
C=CCN1CC(=O)N2[C@@H](Cc3ccc(O)cc3)C(=O)N(Cc3cccc4c(-c5ccc(NC(=O)Nc6ccc(OC)cc6)cc5)cn(C)c34)C[C@@H]2N1C(=O)NCc1ccccc1,5.02
C=CCN1CC(=O)N2[C@@H](Cc3ccc(O)cc3)C(=O)N(Cc3cccc4c(-c5ccc(NC(=O)Nc6cnccn6)cc5)cn(C)c34)C[C@@H]2N1C(=O)NCc1ccccc1,5.34
C=CCN1CC(=O)N2[C@@H](Cc3ccc(O)cc3)C(=O)N(Cc3cccc4c(-c5ccc(NC(=O)Nc6ncccn6)cc5)cn(C)c34)C[C@@H]2N1C(=O)NCc1ccccc1,5.07
C=CCN1CC(=O)N2[C@@H](Cc3ccc(O)cc3)C(=O)N(Cc3cccc4c(-c5ccc(NC(=O)c6ccc(CN(CC)CC)cc6)cc5)cn(C)c34)C[C@@H]2N1C(=O)NCc1ccccc1,5.65
C=CCN1CC(=O)N2[C@@H](Cc3ccc(O)cc3)C(=O)N(Cc3cccc4c(-c5cccc(C(=O)Nc6ccccc6)c5)cn(C)c34)C[C@@H]2N1C(=O)NCc1ccccc1,5.67
C=CCN1CC(=O)N2[C@@H](Cc3ccc(O)cc3)C(=O)N(Cc3cccc4c(-c5cnc(N(C)C)nc5)cn(C)c34)C[C@@H]2N1C(=O)NCc1ccccc1,5.19
C=CCN1CC(=O)N2[C@@H](Cc3ccc(O)cc3)C(=O)N(Cc3cccc4c(-c5cnc6ccccc6c5)cn(C)c34)C[C@@H]2N1C(=O)NCc1ccccc1,5.68
C=CCN1CC(=O)N2[C@@H](Cc3ccc(O)cc3)C(=O)N(Cc3cccc4c(C(=O)N(C)C)cn(C)c34)C[C@@H]2N1C(=O)NCc1ccccc1,5.5
C=CCN1CC(=O)N2[C@@H](Cc3ccc(O)cc3)C(=O)N(Cc3cccc4c(C(=O)N(C)CC(=O)N5CCN(C)CC5)cn(C)c34)C[C@@H]2N1C(=O)NCc1ccccc1,5.3
C=CCN1CC(=O)N2[C@@H](Cc3ccc(O)cc3)C(=O)N(Cc3cccc4c(C(=O)N(C)CC5(CO)CC5)cn(C)c34)C[C@@H]2N1C(=O)NCc1ccccc1,5.6
C=CCN1CC(=O)N2[C@@H](Cc3ccc(O)cc3)C(=O)N(Cc3cccc4c(C(=O)N(C)CCCO)cn(C)c34)C[C@@H]2N1C(=O)NCc1ccccc1,5.43
C=CCN1CC(=O)N2[C@@H](Cc3ccc(O)cc3)C(=O)N(Cc3cccc4c(C(=O)N(C)CCN5CCN(C)CC5)cn(C)c34)C[C@@H]2N1C(=O)NCc1ccccc1,5.11
C=CCN1CC(=O)N2[C@@H](Cc3ccc(O)cc3)C(=O)N(Cc3cccc4c(C(=O)N(C)CCN5CCOCC5)cn(C)c34)C[C@@H]2N1C(=O)NCc1ccccc1,5.54
C=CCN1CC(=O)N2[C@@H](Cc3ccc(O)cc3)C(=O)N(Cc3cccc4c(C(=O)N(C)CCO)cn(C)c34)C[C@@H]2N1C(=O)NCc1ccccc1,5.6
C=CCN1CC(=O)N2[C@@H](Cc3ccc(O)cc3)C(=O)N(Cc3cccc4c(C(=O)N(C)CCn5ccnc5C)cn(C)c34)C[C@@H]2N1C(=O)NCc1ccccc1,5.61
C=CCN1CC(=O)N2[C@@H](Cc3ccc(O)cc3)C(=O)N(Cc3cccc4c(C(=O)N(C)NC)cn(C)c34)C[C@@H]2N1C(=O)NCc1ccccc1,5.63
C=CCN1CC(=O)N2[C@@H](Cc3ccc(O)cc3)C(=O)N(Cc3cccc4c(C(=O)N(CCO)CCNCCO)cn(C)c34)C[C@@H]2N1C(=O)NCc1ccccc1,5.54
C=CCN1CC(=O)N2[C@@H](Cc3ccc(O)cc3)C(=O)N(Cc3cccc4c(C(=O)N5CC(N6CCC(OC)CC6)C5)cn(C)c34)C[C@@H]2N1C(=O)NCc1ccccc1,4.93
C=CCN1CC(=O)N2[C@@H](Cc3ccc(O)cc3)C(=O)N(Cc3cccc4c(C(=O)N5CC(N6CCOCC6)C5)cn(C)c34)C[C@@H]2N1C(=O)NCc1ccccc1,5.22
C=CCN1CC(=O)N2[C@@H](Cc3ccc(O)cc3)C(=O)N(Cc3cccc4c(C(=O)N5CC(O)C5)cn(C)c34)C[C@@H]2N1C(=O)NCc1ccccc1,4.74
C=CCN1CC(=O)N2[C@@H](Cc3ccc(O)cc3)C(=O)N(Cc3cccc4c(C(=O)N5CC6CCN(C)C6C5)cn(C)c34)C[C@@H]2N1C(=O)NCc1ccccc1,5.61
C=CCN1CC(=O)N2[C@@H](Cc3ccc(O)cc3)C(=O)N(Cc3cccc4c(C(=O)N5CCC(C(=O)N(C)CCN(C)C)CC5)cn(C)c34)C[C@@H]2N1C(=O)NCc1ccccc1,5.3
C=CCN1CC(=O)N2[C@@H](Cc3ccc(O)cc3)C(=O)N(Cc3cccc4c(C(=O)N5CCC(C(=O)OCC)CC5)cn(C)c34)C[C@@H]2N1C(=O)NCc1ccccc1,5.41
C=CCN1CC(=O)N2[C@@H](Cc3ccc(O)cc3)C(=O)N(Cc3cccc4c(C(=O)N5CCC(N(C)C)CC5)cn(C)c34)C[C@@H]2N1C(=O)NCc1ccccc1,5.65
C=CCN1CC(=O)N2[C@@H](Cc3ccc(O)cc3)C(=O)N(Cc3cccc4c(C(=O)N5CCC(N6CCOCC6)CC5)cn(C)c34)C[C@@H]2N1C(=O)NCc1ccccc1,5.68
C=CCN1CC(=O)N2[C@@H](Cc3ccc(O)cc3)C(=O)N(Cc3cccc4c(C(=O)N5CCC(NC(=O)CCO)CC5)cn(C)c34)C[C@@H]2N1C(=O)NCc1ccccc1,5.12
C=CCN1CC(=O)N2[C@@H](Cc3ccc(O)cc3)C(=O)N(Cc3cccc4c(C(=O)N5CCC(NC(=O)c6ccc(N7CCN(C)CC7)cc6)CC5)cn(C)c34)C[C@@H]2N1C(=O)NCc1ccccc1,5.22
C=CCN1CC(=O)N2[C@@H](Cc3ccc(O)cc3)C(=O)N(Cc3cccc4c(C(=O)N5CCC(O)CC5)cn(C)c34)C[C@@H]2N1C(=O)NCc1ccccc1,4.97
C=CCN1CC(=O)N2[C@@H](Cc3ccc(O)cc3)C(=O)N(Cc3cccc4c(C(=O)N5CCC(OC)CC5)cn(C)c34)C[C@@H]2N1C(=O)NCc1ccccc1,5.48
C=CCN1CC(=O)N2[C@@H](Cc3ccc(O)cc3)C(=O)N(Cc3cccc4c(C(=O)N5CCC6CN(C)CC65)cn(C)c34)C[C@@H]2N1C(=O)NCc1ccccc1,5.35
C=CCN1CC(=O)N2[C@@H](Cc3ccc(O)cc3)C(=O)N(Cc3cccc4c(C(=O)N5CCCN(C)CC5)cn(C)c34)C[C@@H]2N1C(=O)NCc1ccccc1,5.44
C=CCN1CC(=O)N2[C@@H](Cc3ccc(O)cc3)C(=O)N(Cc3cccc4c(C(=O)N5CCN(C(C)=O)CC5)cn(C)c34)C[C@@H]2N1C(=O)NCc1ccccc1,4.96
C=CCN1CC(=O)N2[C@@H](Cc3ccc(O)cc3)C(=O)N(Cc3cccc4c(C(=O)N5CCN(C(C)C)CC5)cn(C)c34)C[C@@H]2N1C(=O)NCc1ccccc1,5.65
C=CCN1CC(=O)N2[C@@H](Cc3ccc(O)cc3)C(=O)N(Cc3cccc4c(C(=O)N5CCN(C)CC5)cn(C)c34)C[C@@H]2N1C(=O)NCc1ccccc1,4.91
C=CCN1CC(=O)N2[C@@H](Cc3ccc(O)cc3)C(=O)N(Cc3cccc4c(C(=O)N5CCN(C6CCN(C)CC6)CC5)cn(C)c34)C[C@@H]2N1C(=O)NCc1ccccc1,5.07
C=CCN1CC(=O)N2[C@@H](Cc3ccc(O)cc3)C(=O)N(Cc3cccc4c(C(=O)N5CCN(CC)CC5)cn(C)c34)C[C@@H]2N1C(=O)NCc1ccccc1,5.09
C=CCN1CC(=O)N2[C@@H](Cc3ccc(O)cc3)C(=O)N(Cc3cccc4c(C(=O)N5CCN(CC6CCNCC6)CC5)cn(C)c34)C[C@@H]2N1C(=O)NCc1ccccc1,5.09
C=CCN1CC(=O)N2[C@@H](Cc3ccc(O)cc3)C(=O)N(Cc3cccc4c(C(=O)N5CCN(CCCCO)CC5)cn(C)c34)C[C@@H]2N1C(=O)NCc1ccccc1,5.03
C=CCN1CC(=O)N2[C@@H](Cc3ccc(O)cc3)C(=O)N(Cc3cccc4c(C(=O)N5CCN(CCCO)CC5)cn(C)c34)C[C@@H]2N1C(=O)NCc1ccccc1,4.95
C=CCN1CC(=O)N2[C@@H](Cc3ccc(O)cc3)C(=O)N(Cc3cccc4c(C(=O)N5CCN(CCN6CCCCC6)CC5)cn(C)c34)C[C@@H]2N1C(=O)NCc1ccccc1,5.26
C=CCN1CC(=O)N2[C@@H](Cc3ccc(O)cc3)C(=O)N(Cc3cccc4c(C(=O)N5CCN(CCN6CCOCC6)CC5)cn(C)c34)C[C@@H]2N1C(=O)NCc1ccccc1,5.21
C=CCN1CC(=O)N2[C@@H](Cc3ccc(O)cc3)C(=O)N(Cc3cccc4c(C(=O)N5CCN(CCO)CC5)cn(C)c34)C[C@@H]2N1C(=O)NCc1ccccc1,5.17
C=CCN1CC(=O)N2[C@@H](Cc3ccc(O)cc3)C(=O)N(Cc3cccc4c(C(=O)N5CCN(CCOC)CC5)cn(C)c34)C[C@@H]2N1C(=O)NCc1ccccc1,5.04
C=CCN1CC(=O)N2[C@@H](Cc3ccc(O)cc3)C(=O)N(Cc3cccc4c(C(=O)N5CCN(S(=O)(=O)CC)CC5)cn(C)c34)C[C@@H]2N1C(=O)NCc1ccccc1,5.55
C=CCN1CC(=O)N2[C@@H](Cc3ccc(O)cc3)C(=O)N(Cc3cccc4c(C(=O)N5CCN(S(C)(=O)=O)CC5)cn(C)c34)C[C@@H]2N1C(=O)NCc1ccccc1,4.95
C=CCN1CC(=O)N2[C@@H](Cc3ccc(O)cc3)C(=O)N(Cc3cccc4c(C(=O)N5CCN6CCCC6C5)cn(C)c34)C[C@@H]2N1C(=O)NCc1ccccc1,5.18
C=CCN1CC(=O)N2[C@@H](Cc3ccc(O)cc3)C(=O)N(Cc3cccc4c(C(=O)N5CCN6CCN(C(=O)OC(C)(C)C)CC6C5)cn(C)c34)C[C@@H]2N1C(=O)NCc1ccccc1,5.66
C=CCN1CC(=O)N2[C@@H](Cc3ccc(O)cc3)C(=O)N(Cc3cccc4c(C(=O)N5CCN6CCN(C(C)=O)CC6C5)cn(C)c34)C[C@@H]2N1C(=O)NCc1ccccc1,4.82
C=CCN1CC(=O)N2[C@@H](Cc3ccc(O)cc3)C(=O)N(Cc3cccc4c(C(=O)N5CCN6CCN(C=O)CC6C5)cn(C)c34)C[C@@H]2N1C(=O)NCc1ccccc1,4.92
C=CCN1CC(=O)N2[C@@H](Cc3ccc(O)cc3)C(=O)N(Cc3cccc4c(C(=O)N5CCN6CCN(CC(C)C)CC6C5)cn(C)c34)C[C@@H]2N1C(=O)NCc1ccccc1,5.4
C=CCN1CC(=O)N2[C@@H](Cc3ccc(O)cc3)C(=O)N(Cc3cccc4c(C(=O)N5CCN6CCN(CC)CC6C5)cn(C)c34)C[C@@H]2N1C(=O)NCc1ccccc1,5.3
C=CCN1CC(=O)N2[C@@H](Cc3ccc(O)cc3)C(=O)N(Cc3cccc4c(C(=O)N5CCOCC5)cn(C)c34)C[C@@H]2N1C(=O)NCc1ccccc1,5.41
C=CCN1CC(=O)N2[C@@H](Cc3ccc(O)cc3)C(=O)N(Cc3cccc4c(C(=O)NC5CCN(C(=O)CCO)CC5)cn(C)c34)C[C@@H]2N1C(=O)NCc1ccccc1,5.16
C=CCN1CC(=O)N2[C@@H](Cc3ccc(O)cc3)C(=O)N(Cc3cccc4c(C(=O)NC5CCN(C(=O)OC(C)(C)C)CC5)cn(C)c34)C[C@@H]2N1C(=O)NCc1ccccc1,5.25
C=CCN1CC(=O)N2[C@@H](Cc3ccc(O)cc3)C(=O)N(Cc3cccc4c(C(=O)NC5CCN(C(=O)c6ccc(N(C)C)cc6)CC5)cn(C)c34)C[C@@H]2N1C(=O)NCc1ccccc1,5.21
C=CCN1CC(=O)N2[C@@H](Cc3ccc(O)cc3)C(=O)N(Cc3cccc4c(C(=O)NC5CCN(C(=O)c6ccc(N7CCN(C)CC7)cc6)CC5)cn(C)c34)C[C@@H]2N1C(=O)NCc1ccccc1,5.01
C=CCN1CC(=O)N2[C@@H](Cc3ccc(O)cc3)C(=O)N(Cc3cccc4c(C(=O)NC5CCN(C(C)=O)CC5)cn(C)c34)C[C@@H]2N1C(=O)NCc1ccccc1,5.29
C=CCN1CC(=O)N2[C@@H](Cc3ccc(O)cc3)C(=O)N(Cc3cccc4c(C(=O)NC5CCN(CCCO)CC5)cn(C)c34)C[C@@H]2N1C(=O)NCc1ccccc1,5.01
C=CCN1CC(=O)N2[C@@H](Cc3ccc(O)cc3)C(=O)N(Cc3cccc4c(C(=O)NCCC(=O)OCC)cn(C)c34)C[C@@H]2N1C(=O)NCc1ccccc1,5.45
C=CCN1CC(=O)N2[C@@H](Cc3ccc(O)cc3)C(=O)N(Cc3cccc4c(C(=O)NCCCC(=O)OC)cn(C)c34)C[C@@H]2N1C(=O)NCc1ccccc1,5.46
C=CCN1CC(=O)N2[C@@H](Cc3ccc(O)cc3)C(=O)N(Cc3cccc4c(C(=O)NCCCCOC)cn(C)c34)C[C@@H]2N1C(=O)NCc1ccccc1,5.7
C=CCN1CC(=O)N2[C@@H](Cc3ccc(O)cc3)C(=O)N(Cc3cccc4c(C(=O)NCCCN(C)C)cn(C)c34)C[C@@H]2N1C(=O)NCc1ccccc1,4.75
C=CCN1CC(=O)N2[C@@H](Cc3ccc(O)cc3)C(=O)N(Cc3cccc4c(C(=O)NCCCN5CCN(C)CC5)cn(C)c34)C[C@@H]2N1C(=O)NCc1ccccc1,5.59
C=CCN1CC(=O)N2[C@@H](Cc3ccc(O)cc3)C(=O)N(Cc3cccc4c(C(=O)NCCCN5CCOCC5)cn(C)c34)C[C@@H]2N1C(=O)NCc1ccccc1,5.96
C=CCN1CC(=O)N2[C@@H](Cc3ccc(O)cc3)C(=O)N(Cc3cccc4c(C(=O)NCCCO)cn(C)c34)C[C@@H]2N1C(=O)NCc1ccccc1,4.79
C=CCN1CC(=O)N2[C@@H](Cc3ccc(O)cc3)C(=O)N(Cc3cccc4c(C(=O)NCCCOC)cn(C)c34)C[C@@H]2N1C(=O)NCc1ccccc1,5.42
C=CCN1CC(=O)N2[C@@H](Cc3ccc(O)cc3)C(=O)N(Cc3cccc4c(C(=O)NCCN(C)C)cn(C)c34)C[C@@H]2N1C(=O)NCc1ccccc1,5.1
C=CCN1CC(=O)N2[C@@H](Cc3ccc(O)cc3)C(=O)N(Cc3cccc4c(C(=O)NCCN(CC)CC)cn(C)c34)C[C@@H]2N1C(=O)NCc1ccccc1,5.44
C=CCN1CC(=O)N2[C@@H](Cc3ccc(O)cc3)C(=O)N(Cc3cccc4c(C(=O)NCCN5CCN(C)CC5)cn(C)c34)C[C@@H]2N1C(=O)NCc1ccccc1,4.94
C=CCN1CC(=O)N2[C@@H](Cc3ccc(O)cc3)C(=O)N(Cc3cccc4c(C(=O)NCCN5CCOCC5)cn(C)c34)C[C@@H]2N1C(=O)NCc1ccccc1,5.07
C=CCN1CC(=O)N2[C@@H](Cc3ccc(O)cc3)C(=O)N(Cc3cccc4c(C(=O)NCCOCCO)cn(C)c34)C[C@@H]2N1C(=O)NCc1ccccc1,4.79
C=CCN1CC(=O)N2[C@@H](Cc3ccc(O)cc3)C(=O)N(Cc3cccc4c(C(=O)NCc5ccc(N(C)C)nc5)cn(C)c34)C[C@@H]2N1C(=O)NCc1ccccc1,5.69
C=CCN1CC(=O)N2[C@@H](Cc3ccc(O)cc3)C(=O)N(Cc3cccc4c(C(=O)NCc5ccnc(N(C)C)c5)cn(C)c34)C[C@@H]2N1C(=O)NCc1ccccc1,5.66
C=CCN1CC(=O)N2[C@@H](Cc3ccc(O)cc3)C(=O)N(Cc3cccc4c(C(=O)NN5CCCC5)cn(C)c34)C[C@@H]2N1C(=O)NCc1ccccc1,4.76
C=CCN1CC(=O)N2[C@@H](Cc3ccc(O)cc3)C(=O)N(Cc3cccc4c(C(=O)NN5CCCCC5)cn(C)c34)C[C@@H]2N1C(=O)NCc1ccccc1,5.32
C=CCN1CC(=O)N2[C@@H](Cc3ccc(O)cc3)C(=O)N(Cc3cccc4c(C(=O)NN5CCN(C6CCCC6)CC5)cn(C)c34)C[C@@H]2N1C(=O)NCc1ccccc1,5.62
C=CCN1CC(=O)N2[C@@H](Cc3ccc(O)cc3)C(=O)N(Cc3cccc4c(C(=O)NN5CCN(c6ccccn6)CC5)cn(C)c34)C[C@@H]2N1C(=O)NCc1ccccc1,5.61
C=CCN1CC(=O)N2[C@@H](Cc3ccc(O)cc3)C(=O)N(Cc3cccc4c(C(=O)NN5CCOCC5)cn(C)c34)C[C@@H]2N1C(=O)NCc1ccccc1,4.65
C=CCN1CC(=O)N2[C@@H](Cc3ccc(O)cc3)C(=O)N(Cc3cccc4c(C(=O)NNCC(=O)OCC)cn(C)c34)C[C@@H]2N1C(=O)NCc1ccccc1,5.21
C=CCN1CC(=O)N2[C@@H](Cc3ccc(O)cc3)C(=O)N(Cc3cccc4c(C(=O)NNc5ccccc5)cn(C)c34)C[C@@H]2N1C(=O)NCc1ccccc1,5.17
C=CCN1CC(=O)N2[C@@H](Cc3ccc(O)cc3)C(=O)N(Cc3cccc4c(C(=O)N[C@H](C)C(=O)OC)cn(C)c34)C[C@@H]2N1C(=O)NCc1ccccc1,4.96
C=CCN1CC(=O)N2[C@@H](Cc3ccc(O)cc3)C(=O)N(Cc3cccc4c(C(=O)Nc5ccc(F)nc5)cn(C)c34)C[C@@H]2N1C(=O)NCc1ccccc1,5.53
C=CCN1CC(=O)N2[C@@H](Cc3ccc(O)cc3)C(=O)N(Cc3cccc4c(C(=O)Nc5ccc(N(C)C)nc5)cn(C)c34)C[C@@H]2N1C(=O)NCc1ccccc1,5.17
C=CCN1CC(=O)N2[C@@H](Cc3ccc(O)cc3)C(=O)N(Cc3cccc4c(C(=O)Nc5ccc(N(C)CCO)nc5)cn(C)c34)C[C@@H]2N1C(=O)NCc1ccccc1,5.46
C=CCN1CC(=O)N2[C@@H](Cc3ccc(O)cc3)C(=O)N(Cc3cccc4c(C(=O)Nc5ccc(N6CC(N7CCC(OC)CC7)C6)nc5)cn(C)c34)C[C@@H]2N1C(=O)NCc1ccccc1,5.59
C=CCN1CC(=O)N2[C@@H](Cc3ccc(O)cc3)C(=O)N(Cc3cccc4c(C(=O)Nc5ccc(N6CC(N7CCN(C)CC7)C6)nc5)cn(C)c34)C[C@@H]2N1C(=O)NCc1ccccc1,5.39
C=CCN1CC(=O)N2[C@@H](Cc3ccc(O)cc3)C(=O)N(Cc3cccc4c(C(=O)Nc5ccc(N6CC(O)C6)nc5)cn(C)c34)C[C@@H]2N1C(=O)NCc1ccccc1,5.31
C=CCN1CC(=O)N2[C@@H](Cc3ccc(O)cc3)C(=O)N(Cc3cccc4c(C(=O)Nc5ccc(N6CC7CCN(C)C7C6)nc5)cn(C)c34)C[C@@H]2N1C(=O)NCc1ccccc1,5.12
C=CCN1CC(=O)N2[C@@H](Cc3ccc(O)cc3)C(=O)N(Cc3cccc4c(C(=O)Nc5ccc(N6CCC(N7CCC7)CC6)nc5)cn(C)c34)C[C@@H]2N1C(=O)NCc1ccccc1,5.48
C=CCN1CC(=O)N2[C@@H](Cc3ccc(O)cc3)C(=O)N(Cc3cccc4c(C(=O)Nc5ccc(N6CCC(N7CCN(C)CC7)CC6)nc5)cn(C)c34)C[C@@H]2N1C(=O)NCc1ccccc1,5.2
C=CCN1CC(=O)N2[C@@H](Cc3ccc(O)cc3)C(=O)N(Cc3cccc4c(C(=O)Nc5ccc(N6CCC(OC)CC6)nc5)cn(C)c34)C[C@@H]2N1C(=O)NCc1ccccc1,5.66
C=CCN1CC(=O)N2[C@@H](Cc3ccc(O)cc3)C(=O)N(Cc3cccc4c(C(=O)Nc5ccc(N6CCCCC6)nc5)cn(C)c34)C[C@@H]2N1C(=O)NCc1ccccc1,4.87
C=CCN1CC(=O)N2[C@@H](Cc3ccc(O)cc3)C(=O)N(Cc3cccc4c(C(=O)Nc5ccc(N6CCCN(C)CC6)nc5)cn(C)c34)C[C@@H]2N1C(=O)NCc1ccccc1,4.95
C=CCN1CC(=O)N2[C@@H](Cc3ccc(O)cc3)C(=O)N(Cc3cccc4c(C(=O)Nc5ccc(N6CCN(C7CCCC7)CC6)nc5)cn(C)c34)C[C@@H]2N1C(=O)NCc1ccccc1,4.76
C=CCN1CC(=O)N2[C@@H](Cc3ccc(O)cc3)C(=O)N(Cc3cccc4c(C(=O)Nc5ccc(NCCN(C)C)nc5)cn(C)c34)C[C@@H]2N1C(=O)NCc1ccccc1,5.17
C=CCN1CC(=O)N2[C@@H](Cc3ccc(O)cc3)C(=O)N(Cc3cccc4c(C(=O)Nc5ccc(OC(C)(C)C)cc5)cn(C)c34)C[C@@H]2N1C(=O)NCc1ccccc1,4.72
C=CCN1CC(=O)N2[C@@H](Cc3ccc(O)cc3)C(=O)N(Cc3cccc4c(C(=O)Nc5ccc(OC)cc5)cn(C)c34)C[C@@H]2N1C(=O)NCc1ccccc1,5.58
C=CCN1CC(=O)N2[C@@H](Cc3ccc(O)cc3)C(=O)N(Cc3cccc4c(C(=O)Nc5ccc(OCCCN(C)C)nc5)cn(C)c34)C[C@@H]2N1C(=O)NCc1ccccc1,4.88
C=CCN1CC(=O)N2[C@@H](Cc3ccc(O)cc3)C(=O)N(Cc3cccc4c(C(=O)Nc5ccc(OCCCN6CCCCC6)nc5)cn(C)c34)C[C@@H]2N1C(=O)NCc1ccccc1,5.12
C=CCN1CC(=O)N2[C@@H](Cc3ccc(O)cc3)C(=O)N(Cc3cccc4c(C(=O)Nc5ccc(OCCN(C)C)nc5)cn(C)c34)C[C@@H]2N1C(=O)NCc1ccccc1,5.0
C=CCN1CC(=O)N2[C@@H](Cc3ccc(O)cc3)C(=O)N(Cc3cccc4c(C(=O)Nc5ccc(OCCOC)nc5)cn(C)c34)C[C@@H]2N1C(=O)NCc1ccccc1,5.12
C=CCN1CC(=O)N2[C@@H](Cc3ccc(O)cc3)C(=O)N(Cc3cccc4c(C(=O)Nc5cnc(N6CCN(C(C)C)CC6)nc5)cn(C)c34)C[C@@H]2N1C(=O)NCc1ccccc1,5.43
C=CCN1CCN(c2nc3ccccc3nc2C#N)CC1,4.7
C=CCN1CC[C@@]2(C)c3cc(O)ccc3C[C@H]1[C@H]2C,5.4
C=CCN1CC[C@@]23c4c5ccc(O)c4O[C@H]2/C(=N\N=C2/CC[C@@]4(O)[C@H]6Cc7ccc(O)c8c7[C@@]4(CCN6CC=C)[C@@H]2O8)CC[C@]3(O)[C@@H]1C5,4.55
C=CCN1CC[C@]23c4c5ccc(O)c4O[C@@H]2/C(=N/NC(=O)c2ccccc2)CC[C@@]3(O)[C@H]1C5,5.4
C=CCN1CC[C@]23c4c5ccc(O)c4O[C@H]2/C(=N/NC(=O)c2ccccc2)CC[C@@]3(O)[C@H]1C5,4.8
C=CCN1CCc2c(cc(O)c(O)c2Br)[C@H](c2ccccc2)C1,4.7
C=CCN1CCc2c(cc(O)c(O)c2Cl)[C@H](c2ccccc2)C1,4.8
C=CCN1CCc2cccc3c2[C@@H]1Cc1ccc(O)c(O)c1-3,4.5
C=CCN1C[C@@H](C)N([C@H](c2ccc(C(=O)N(CC)CC)cc2)c2cccc(OC)c2)C[C@H]1C,5.7
C=CCN1C[C@H](C)N([C@@H](c2ccccc2)c2ccc(C(=O)N(CC)CC)cc2)C[C@H]1C,5.6
C=CCN1C[C@H](C)N([C@H](c2ccc(C(=O)N(CC)CC)cc2)c2cccc(O)c2)C[C@H]1C,4.9
C=CCN1C[C@H](C)N([C@H](c2ccc(C(=O)N(CC)CC)cc2)c2cccc(OC)c2)C[C@H]1C,5.3
C=CCN=C(S)Nc1ccc2nc(C)c(C)nc2c1,4.8
C=CCN=C=S,4.4
C=CCNC(=O)/C(=C\C=C\c1ccccc1)NC(=O)c1ccc(OCCCC)cc1,5.05
C=CCNC(=O)/C(=C\c1ccc2c(c1)OCO2)NC(=O)c1ccc(Br)cc1,6.35
C=CCNC(=O)c1cc(Cl)ccc1Cl,4.75
C=CCNC(=O)c1cc([N+](=O)[O-])cc2c(=O)[nH]c(Nc3ccc(Cl)c(Cl)c3)nc12,5.0
C=CCNC(=O)c1ccc(-c2nc(-c3ccc(Cl)c(Cl)c3)cs2)cc1,5.1
C=CCNC(=O)c1ccc(Cn2c(=S)[nH]c3cc4c(cc3c2=O)OCO4)cc1,5.1
C=CCNC(=O)c1ccc2nc(-c3ccccc3)c(-c3ccccc3)nc2c1,5.15
C=CCNC(=O)c1cccn1-c1ccsc1C(=O)OC,4.85
C=CCNC(=O)c1csc(-c2ccccc2)n1,4.55
C=CCNC(=O)c1onc(CSc2cc(C)cc(C)c2)c1C(=O)O,4.9
C=CCNC(=O)c1onc(CSc2ccc(F)cc2)c1C(=O)O,4.65
C=CCNC(=S)N/N=C/c1ccc(-c2cc(Cl)ccc2Cl)o1,5.0
C=CCNC(S)=NNc1ncnc2sc3c(c12)CC(C)(C)OC3,4.75
C=CCNCCCCOc1c(Cl)cc(C)cc1Br.O=C(O)C(=O)O,4.85
C=CCNCCOCCOc1ccc(C)cc1[N+](=O)[O-],4.9
C=CCNc1cnn(-c2ccc(C)cc2)c(=O)c1Cl,5.35
C=CCNc1nc(-c2ccc(Cl)cc2)cs1,4.85
C=CCNc1nc(Cl)nc(Nc2ccc(OC)cc2)n1,4.85
C=CCNc1nc(SCC=C)nc2ccsc12,4.9
C=CCNc1oc(/C=C/c2ccccc2)nc1C#N,4.8
C=CCNc1sc(C(=O)c2ccc(C)cc2)c(N)c1C#N,4.5
C=CCO/C(O)=C1\C(C)=NC(SC)=C(C#N)C1c1cccs1,5.5
C=CCO/C(O)=C1\C(C)=NC(SCC(=O)Nc2nccs2)=C(C#N)C1c1ccc(Cl)cc1,5.9
C=CCO/C(O)=C1\C(C)=NC(SCC(=O)OCC)=C(C#N)C1c1ccc(C)cc1,5.65
C=CCOC(=O)/C(=C\c1cccc2ccccc12)NC(=O)c1ccccc1,6.7
C=CCOC(=O)/C=C/NC(=O)/C=C/C=C/CCCCCCCC(C)O,5.45
C=CCOC(=O)C(C(=O)CC)C(NC(=O)OC)c1ccc(F)cc1,5.5
C=CCOC(=O)C(C(C)=O)C(NC(=O)OC)c1ccc(Cl)cc1,5.9
C=CCOC(=O)C(C(C)=O)C(NC(=O)OC)c1ccc(F)cc1,5.5
C=CCOC(=O)C(C(C)=O)C(NC(=O)OC)c1ccc2ccccc2c1,6.0
C=CCOC(=O)C(C(C)=O)C(NC(=O)OC)c1cccc(C(F)(F)F)c1,5.8
C=CCOC(=O)C(C(C)=O)C(NC(=O)OC)c1cccc(C)c1,5.6
C=CCOC(=O)C(C(C)=O)C(NC(=O)OC)c1cccc(F)c1,7.1
C=CCOC(=O)C(C(C)=O)C(NC(=O)OC)c1ccccc1,5.4
C=CCOC(=O)C(C(C)=O)C(NC(=O)OC)c1ccco1,5.3
C=CCOC(=O)C(C(C)=O)C(NC(=O)OC)c1cccs1,5.5
C=CCOC(=O)c1ccccc1C(=O)OCC=C,5.3
C=CCOCC/C=C1/c2ccccc2C(OC)C1C,5.5
C=CCO[C@@H](Cn1ccnc1)c1ccc(Cl)cc1Cl,6.7
C=CCOc1c(Br)cc(CNc2ccc(NC(=O)C(C)C)c(OC)c2)cc1OC,5.45
C=CCOc1ccc2cccc(/C=N/NC(=O)c3cc4cc([N+](=O)[O-])ccc4s3)c2c1,5.6
C=CCOc1cccc(CNn2cnnc2S)c1,4.55
C=CCOc1cccc2oc(=O)ccc12,4.55
C=CCOc1nccc(C(F)(F)F)c1C(=O)N1CCC[C@@](Oc2csc(C(F)(F)F)c2)(C(=O)N2CCN(c3ccccc3OCCO)CC2)[C@H]1CCC,4.77
C=CCSC1=Nc2sccc2C2=NC(=O)CN12,5.1
C=CCSCC1Nc2cc(Cl)c(S(N)(=O)=O)cc2S(=O)(=O)N1,4.4
C=CCSSCC=C,4.6
C=CCSSSCC=C,4.4
C=CCSc1nc(C)cc(/C=C\c2ccccc2)c1C#N,5.35
C=CCSc1nc(NC)c2sccc2n1,4.6
C=CCSc1nc(O)c2sc3nc(C)cc(C)c3c2n1,4.95
C=CCSc1nc(Oc2ccccc2)c2sccc2n1,5.0
C=CCSc1nc2ccccc2n1C(=O)/C=C/c1cc(OC)c(OC)c(OC)c1,5.1
C=CCSc1ncccc1C(=O)NCc1ccc(C)cc1,4.95
C=CCSc1nn2c(=O)c3ccccc3nc2s1,4.7
C=CCSc1nnc(-c2cc3c(-c4ccccc4)nn(C)c3s2)n1C,5.8
C=CCSc1nnc(-c2cc3c(C(F)(F)F)nn(C)c3s2)n1C,5.05
C=CCSc1nnc2c(n1)OC(c1c(C)[nH]n(-c3ccccc3)c1=O)Nc1ccccc1-2,4.85
C=CC[C@@H]1/C=C(\C)C[C@H](C)C[C@H](OC)[C@H]2O[C@@](O)(C(=O)C(=O)N3CCCC[C@H]3C(=O)O[C@H](/C(C)=C/[C@@H]3CC[C@@H](O)[C@H](OC)C3)[C@H](C)[C@@H](O)CC1=O)[C@H](C)C[C@@H]2OC,6.105
C=CC[C@@H]1C=C[C@@H](O/N=C(/C)CCC(=O)OC[C@@H]2O[C@H](C#Cc3ccccc3)C=C[C@@H]2Oc2ccc(C)cc2)[C@@H](CO)O1,5.3
C=CC[C@@H]1C=C[C@@H](O/N=C(/C)CCC(=O)OC[C@@H]2O[C@H](c3ccccc3)C=C[C@@H]2Oc2ccc(OC)cc2)[C@@H](CO)O1,5.4
C=CC[C@@H]1C=C[C@@H](O/N=C2/[C@H]3O[C@@H]3[C@@H](O)[C@H]3[C@H]2CCn2c(=O)n(-c4ccccc4)c(=O)n23)[C@@H](CO)O1,5.5
C=CC[C@@H]1C=C[C@@H](O/N=C\C[C@@H]2C=C[C@H](OC(C)=O)[C@H](COC(C)=O)O2)[C@@H](CO)O1,5.4
C=CC[C@@H]1C=C[C@@H](O/N=C\[C@@H](NS(=O)(=O)c2ccc(C)cc2)[C@H](C)/C=C\CC(=O)OC)[C@@H](CO)O1,5.4
C=CC[C@@H]1C=C[C@@H](O/N=C\[C@@H](OC)[C@H](C)/C=C\CC(=O)OC)[C@@H](CO)O1,5.5
C=CC[C@@H]1C=C[C@@H](O/N=C\c2ccc(C(=O)N3[C@H](c4ccc(C)cc4)[C@@H](C)CC[C@H]3C(=O)OC)cc2)[C@@H](CO)O1,5.4
C=CC[C@@H]1C=C[C@H](O/N=C(\C)CCN2CCCCc3nc(C)c(C)cc32)[C@H](CO)O1,5.4
C=CC[C@@H]1C=C[C@H](O/N=C(\C)CCN2CCCc3nc(C)c(C)cc32)[C@H](CO)O1,5.6
C=CC[C@@H]1C=C[C@H](O/N=C(\C)CCN2CCc3nc(-c4ccccc4)c(-c4ccccc4)cc3C2)[C@H](CO)O1,5.4
C=CC[C@@H]1C=C[C@H](O/N=C\[C@@H](C)[C@H](OCc2ccccc2)C(C)C)[C@H](CO)O1,5.4
C=CC[C@@H]1C=C[C@H](Oc2ccc(C)cc2)[C@H](COC(=O)NCc2cccc3ccccc23)O1,5.5
C=CC[C@H](N)C(=O)O,4.4
C=CC[C@H]1N(C(=O)c2cnccc2C(F)(F)F)CCC[C@@]1(Oc1ccc(C(F)(F)F)cc1)C(=O)N1CCN(c2ccccc2OCCOC)CC1.Cl,5.68
C=CC[n+]1c(-c2ccc(C)cc2)csc1NNC(=O)Nc1ccccc1.[Br-],5.45
C=CCc1cc(C=O)cc(OC)c1OCc1ccc(Cl)cc1,4.75
C=CCc1cc(OC)c2c(c1)OCO2,5.0
C=CCc1cc(OC)c2c(c1OC)OCO2,5.1
C=CCc1ccc(C(=O)CCCN2CCC(C(O)(c3ccccc3)c3ccccc3)CC2)cc1,5.26
C=CCc1ccc(O)c(OC)c1,5.4
C=CCc1ccc(OC(=O)c2ccccc2)c(OC)c1,5.3
C=CCc1ccc(OC)cc1,4.9
C=CCc1ccc(OCCOCCOc2ccc(C)cc2[N+](=O)[O-])c(OC)c1,5.75
C=CCc1ccc2c(c1)OCO2,5.5
C=CCc1cccc(C2C(C)CCC3C(=O)N4C(CCC(C)C4c4cccc(CC=C)c4)C(=O)N32)c1,6.7
C=CCc1cccc(C2C(C)CCC3C(=O)N4C(Cc5c([nH]c6ccccc56)C4c4cc(OC)c(OC)c(OC)c4)C(=O)N32)c1,5.4
C=CCc1cccc(C2Nc3ccccc3C(=O)N2O)c1O,4.7
C=CCc1cccc2cc(C(=O)N(CC)CC)c(=O)oc12,4.95
C=CCc1ccccc1OC[C@H](O)CN[C@]1(C)CCC[C@@H](C(C)(C)NC(=O)CBr)C1,5.7
C=CCn1c(-c2ccc(Cl)cc2)ccc(C#N)c1=O,5.35
C=CCn1c(=O)c2c(nc(Br)n2Cc2ccccc2Cl)n(C)c1=O,6.1
C=CCn1c(=O)c2cnc(Nc3ccc(N4CCN(C)CC4)cc3)nc2n1-c1ccc2c(n1)C(O)(CC)CC2,5.16
C=CCn1c(=O)c2cnc(Nc3ccc(N4CCN(C)CC4)cc3)nc2n1-c1cccc(C(C)(C)O)n1,4.72
C=CCn1c(=O)n(CC=C)c(=O)n(CC=C)c1=O,5.0
C=CCn1c(C)c(C(C)=O)c(N2CCN(c3ccccc3)CC2)nc1=S,4.6
C=CCn1c(C)c(C)c2cc(-n3ccccc3=O)nc(NCc3c(C)cccc3C)c21,5.62
C=CCn1c(C)cc(C(=O)CN2C(=O)c3ccccc3C2=O)c1C,5.55
C=CCn1c(COc2ccccc2)nnc1SCC(=O)N/N=C/c1ccc(C)cc1,5.5
C=CCn1c(CSCc2ccccc2)nnc1SCC(=O)NCc1ccccc1,5.55
C=CCn1c(Cc2ccc(OC)cc2)nnc1SCC(=O)c1cccc([N+](=O)[O-])c1,5.85
C=CCn1c(NCc2ccccc2)nc2ccccc21,4.6
C=CCn1c(S)nnc1-c1cccn(Cc2ccccc2)c1=O,4.9
C=CCn1c(SC(C)C(=O)NCc2ccc3c(c2)OCO3)nc2scc(-c3ccccc3)c2c1=O,6.25
C=CCn1c(SCC(=O)N2CC(=O)Nc3ccccc32)nc2scc(-c3ccccc3)c2c1=O,5.55
C=CCn1c(SCC(=O)N2CCc3ccccc3C2)nc2ccccc2c1=O,5.6
C=CCn1c(SCC(=O)NC2CCCCC2)nnc1C1CCCCC1,5.05
C=CCn1c(SCC(=O)Nc2c(C)n(C)n(-c3ccccc3)c2=O)nc2sc(C)c(-c3ccccc3)c2c1=O,5.6
C=CCn1c(SCC(=O)Nc2ncc(Cc3ccc(Br)cc3)s2)nnc1-c1ccncc1,5.85
C=CCn1c(SCc2ccc(C#N)cc2)nnc1-c1ccc(C)cc1,5.25
C=CCn1c(SCc2ccc(C(=O)Nc3ccccc3)cc2)nnc1-c1ccccc1,5.35
C=CCn1c(SCc2ccc3c(c2)OCO3)nc2scc(-c3ccco3)c2c1=O,5.55
C=CCn1c(SCc2nc3ccccc3[nH]2)nnc1-c1cccc(OC)c1,5.65
C=CCn1cc(/C=N\NC(=O)c2cc3c(ccc4ccccc43)o2)c2ccccc21,5.0
C=CCn1cc(C(c2ccc(Cl)cc2)n2ccnc2)cc1-c1ccc(Cl)cc1,6.05
C=CCn1cc(Cl)c(=O)n(CC=C)c1=O,4.6
C=CCn1cnc2scc(-c3ccccc3)c2c1=O,5.35
C=CN(C=N)C(c1ccccc1)c1ccc(-c2ccccc2)cc1,6.1
C=COCC1CN2C(CCC(C)C2c2ccc(Br)cc2)C(=O)O1,5.8
C=C[C@@H]1CN2CC[C@@H]1C[C@@H]2[C@@H](O)c1ccnc2ccc(OC)cc12,4.8
C=C[C@@H]1C[C@@]1(C)[C@@H](NP(=O)(c1ccccc1)c1ccccc1)c1ccccc1,5.0
C=C[C@@H]1C[C@]1(NC(=O)[C@@H]1C[C@@H](Oc2nccc3cc(OC)ccc23)CN1C(=O)[C@@H](NC(=O)OC(C)(C)C)C(C)(C)C)C(=O)NS(=O)(=O)C1CC1,5.7
C=C[C@@](C)(O)CC[C@@H]1[C@@]2(C)CCCC(C)(C)[C@@H]2CC[C@@]1(C)O,5.0
C=C[C@@]1(C)CC(=O)[C@@]2(O)[C@@]3(C)[C@@H](O)CCC(C)(C)[C@@H]3[C@H](O)[C@H](OC(C)=O)[C@@]2(C)O1,4.9
C=C[C@@]1(C)CC(=O)[C@@]2(O)[C@@]3(C)[C@@H](O)CCC(C)(C)[C@@H]3[C@H](OC(=O)CCN(C)C)[C@H](OC(C)=O)[C@@]2(C)O1,5.6
C=C[C@@]1(C)CC(=O)[C@@]2(O)[C@@]3(C)[C@H](O)CCC(C)(C)[C@@H]3[C@H](O)[C@H](OC(C)=O)[C@]2(C)O1,4.9
C=C[C@H]1CN2CC[C@H]1C[C@@H]2[C@@H](O)c1ccnc2ccc(OC)cc12,4.85
C=C[C@H]1CN2CC[C@H]1C[C@H]2c1[nH]c2ccccc2c1CCO,4.5
C=C[C@](C)(O)CCC1C(=C)CC(O)C2C(C)(C)CCCC12C,5.8
C=C[C@](C)(O)CCC1C(=C)CC(OC(C)=O)C2C(C)(C)CCCC12C,5.6
C=C[C@](C)(O)CCC1C(=C)CCC2[C@@](C)(CO)CCC[C@@]12C,5.6
C=C[C@]1(C)CC(=O)[C@@]2(O)[C@@]3(C)C(O)CCC(C)(C)C3C(O)C(OC(C)=O)[C@@]2(C)O1,4.6
C=C[C@]1(C)C[C@@H](OC(=O)CSCCN(CC)CC)[C@]2(C)[C@H](C)CC[C@]3(CCC(=O)[C@H]32)[C@@H](C)[C@@H]1O,5.8
C=C[C@]1(C)C[C@@H](OC(=O)CS[C@@H]2CC[C@@H](N)C[C@H]2O)[C@]2(C)[C@H](C)CC[C@]3(CCC(=O)[C@H]32)[C@@H](C)[C@@H]1O,5.35
C=C[C@]1(C)C[C@@H](OC(=O)CSc2cccc(CO)c2)[C@]2(C)[C@H](C)CC[C@]3(CCC(=O)[C@H]32)[C@@H](C)[C@@H]1O,5.715
C=C[C@]1(C)C[C@@H](OC(=O)CSc2ccccc2NC(=O)Cn2cc(CN(C)C)nn2)[C@]2(C)[C@H](C)CC[C@]3(CCC(=O)[C@H]32)[C@@H](C)[C@@H]1O,5.21
C=C[C@]1(C)C[C@@H](OC(=O)CSc2ccccn2)[C@]2(C)[C@H](C)CC[C@]3(CCC(=O)[C@H]32)[C@@H](C)[C@@H]1O,5.885
C=C[C@]1(C)C[C@@H](OC(=O)CSc2cncc(CO)c2)[C@]2(C)[C@H](C)CC[C@]3(CCC(=O)[C@H]32)[C@@H](C)[C@@H]1O,6.645
C=C[C@]1(C)C[C@@H](OC(=O)CSc2cncc(N)c2)[C@]2(C)[C@H](C)CC[C@]3(CCC(=O)[C@H]32)[C@@H](C)[C@@H]1O,7.109999999999999
C=C[C@]1(C)C[C@@H](OC(=O)CSc2cncc(NC(=O)CN3CCC(O)CC3)c2)[C@]2(C)[C@H](C)CC[C@]3(CCC(=O)[C@H]32)[C@@H](C)[C@@H]1O,5.755
C=C[C@]1(C)C[C@@H](OC(=O)CSc2cncc(NC(=O)CN3CCCC(O)C3)c2)[C@]2(C)[C@H](C)CC[C@]3(CCC(=O)[C@H]32)[C@@H](C)[C@@H]1O,5.9399999999999995
C=C[C@]1(C)C[C@@H](OC(=O)CSc2nc(N)n(C(=O)c3ccc(C)cc3)n2)[C@]2(C)[C@H](C)CC[C@]3(CCC(=O)[C@H]32)[C@@H](C)[C@@H]1O,5.4
C=C[C@]1(C)C[C@@H](OC(=O)CSc2nc3[nH]ccc3c(=O)[nH]2)[C@]2(C)[C@H](C)CC[C@]3(CCC(=O)[C@H]32)[C@@H](C)[C@@H]1O,5.645
C=C[C@]1(C)C[C@@H](OC(=O)Cn2cc(-c3ccc(Cn4cnc5c(N6CCNCC6)ncnc54)nc3)nn2)[C@]2(C)[C@H](C)CC[C@]3(CCC(=O)[C@H]32)[C@@H](C)[C@@H]1O,6.39
C=C[C@]1(C)C[C@H](OC(=O)CO)[C@@]2(C)[C@H](C)CC[C@@]3(CCC(=O)[C@@H]32)[C@H](C)[C@H]1O,5.5
C=Cc1cc(-c2ccc(NS(=O)(=O)c3cc(C(F)(F)F)cc(C(F)(F)F)c3)cc2)ccn1,5.35
C=Cn1ccnc1P(=S)(c1nccn1C=C)C1CCCCC1,5.9
C=O.C[C@@H]1Cc2ccccc2N1NC(=O)c1ccc(Cl)c([S+](N)[O-])c1,5.3
CC#CC(C)C(OCOC)C(CC(C)Cc1cc(Br)cc(OCc2ccccc2)c1OC)OC,5.5
CC#CCCCC(=O)Nc1cc(OC)nc(OC)n1,4.85
CC#CCOC(=O)c1c(C)nc2sc3c(c2c1N)CC[C@@H](O)C3,5.5
CC#CCOCC/C=C1/c2ccccc2C(OC)C1C,5.4
CC#CCOc1ccc2cc(C(O)(c3ccc(Br)cc3)c3cccnc3)oc2c1,5.47
CC#CCn1c(N2CCC[C@@H](N)C2)cc(=O)n(Cc2cc(Cl)c3ccccc3n2)c1=O,4.85
CC#CCn1c(N2CCC[C@@H](N)C2)cc(=O)n(Cc2ccc3cc(Br)ccc3n2)c1=O,4.1
CC#CCn1c(N2CCC[C@@H](N)C2)cc(=O)n(Cc2ccc3cc(C)ccc3n2)c1=O,4.33
CC#CCn1c(N2CCC[C@@H](N)C2)cc(=O)n(Cc2ccc3cc(Cl)ccc3n2)c1=O,4.04
CC#CCn1c(N2CCC[C@@H](N)C2)cc(=O)n(Cc2ccc3cc(F)ccc3n2)c1=O,4.23
CC#CCn1c(N2CCC[C@@H](N)C2)cc(=O)n(Cc2ccc3cc(OC)ccc3n2)c1=O,4.38
CC#CCn1c(N2CCC[C@@H](N)C2)cc(=O)n(Cc2ccc3ccc(Cl)cc3n2)c1=O,4.34
CC#CCn1c(N2CCC[C@@H](N)C2)cc(=O)n(Cc2ccc3ccc(F)cc3n2)c1=O,4.26
CC#CCn1c(N2CCC[C@@H](N)C2)cc(=O)n(Cc2ccc3ccccc3n2)c1=O,4.01
CC#C[C@@]1(O)CC[C@H]2[C@@H]3CCC4=CC(=O)CCC4=C3[C@H](c3ccc(N(C)C)cc3)C[C@]21C,6.1
CC#C[C@]1(O)CC[C@H]2[C@@H]3CCC4=CC(=O)CCC4=C3[C@@H](c3ccc(N(C)C)cc3)C[C@@]21C,5.175
CC#C[C@]1(O)CC[C@H]2[C@@H]3CCC4=CC(=O)CCC4=C3[C@H](c3ccc(N(C)C)cc3)C[C@@]21C,5.9
CC#Cc1cc([C@@]2(c3ccc(OC(F)F)cc3)N=C(N)N(C)C2=O)ccc1F,6.0
CC#Cc1cccc(C[C@H](NC(=O)COC)[C@H](O)CN[C@H]2CC3(CCC3)Oc3ncc(CC(C)(C)C)cc32)c1,7.52
CC(/C=C/c1ccccc1)=N/NC(=O)CNC(=O)c1ccc2c(c1)OCO2,5.2
CC(/C=C/c1ccco1)=N/NC(=O)c1ccccc1Cl,4.5
CC(/C=C1\N=C(SCc2ccccc2Cl)SC1=O)=C\c1ccccc1,4.85
CC(/C=N/n1c(S)nnc1-c1cccnc1)=C\c1ccccc1,5.7
CC(=C/c1ccccc1)/C=N/n1cnnc1,4.9
CC(=C[C@@H](NP(=O)(c1ccccc1)c1ccccc1)c1ccccc1)CO[Si](c1ccccc1)(c1ccccc1)C(C)(C)C,5.7
CC(=N)/C(C#N)=C(/O)COc1ncnc2ccc(Br)cc12,4.75
CC(=N)NCCCC[C@H](N)C(=O)O,5.7
CC(=N)NCc1cccc(CN)c1,5.0
CC(=O)/C(=C\c1ccccc1F)C(=O)c1ccccc1,5.5
CC(=O)/N=C1\C(=O)N(C)c2cccc3c(O)c4ccccc4c1c23,4.75
CC(=O)/N=c1\sccn1CC(=O)c1ccc([N+](=O)[O-])cc1,5.35
CC(=O)C(C)N1CCC(N(c2ccc(C(F)(F)F)cc2)c2cccnc2)CC1,5.3
CC(=O)C1=C(C)N(c2cccc(C(F)(F)F)c2)C(=O)CC1c1ccc(C#N)cc1,5.05
CC(=O)C1=C(O)C=C(c2ccco2)CC1c1ccco1,4.7
CC(=O)C1=C(O)C=C2Oc3c(C(C)=O)c(O)c(C)c(O)c3[C@]2(C)C1=O,4.5
CC(=O)C1=C(O)[C@@H]2[C@@H]3c4c[nH]c5cccc(c45)C[C@@H]3C(C)(C)N2C1=O,5.0
CC(=O)C1=NOC(CNC(=O)c2c(-c3ccccc3Cl)noc2C)C1,4.8
CC(=O)C1CCC2C3CC(C)C4=CC(=O)CC[C@@]4(C)C3C(O)C[C@@]12C,4.5
CC(=O)C1CCC2C3CCC4=CC(=O)CC[C@@]4(C)C3CC[C@]12C,6.1
CC(=O)C1CC[C@H]2C3CC[C@@H]4CC(O)CC[C@@]4(C)C3CC[C@]12C,5.6
CC(=O)CC(=O)[C@@]1(O)CC[C@@H]2[C@@H]3C=C(C)C4=CC(=O)CC[C@@H]4[C@H]3CC[C@]21C,5.6
CC(=O)N(/N=C1\Sc2ccccc2C1=O)c1ccccc1C,4.5
CC(=O)N(C)C1(c2ccccc2)CCN(CCC[C@]2(c3ccc(Cl)c(Cl)c3)CCCN(C(=O)c3ccccc3)C2)CC1,6.0
CC(=O)N(Cc1cccnc1)c1ccc(-c2ccc(F)cc2)cc1F,6.33
CC(=O)N(Cc1cccnc1)c1ccc(-c2nc3ccccc3s2)cc1,5.68
CC(=O)N(NC(=O)c1ccccc1Cl)C1CC(=O)N(c2ccc(C)cc2)C1=O,4.7
CC(=O)N(OCc1ccccc1)[C@@H]1c2cc(C#N)ccc2OC(C)(C)[C@H]1O,4.8
CC(=O)N(c1ccc2oc(=O)sc2c1)S(=O)(=O)c1cccs1,4.85
CC(=O)N1C2(C=CC1(C)C(=O)NCCN1CCOCC1)CCCCC2,5.0
CC(=O)N1C2(C=CC1(C)C(=O)NCc1cc(F)cc(C(F)(F)F)c1)CCCCC2,5.0
CC(=O)N1C2(C=CC1(C)C(=O)NCc1ccccn1)CCCCC2,4.9
CC(=O)N1C2CCC1CN(C(=O)CC1([C@H]3COC[C@@H](C4CC4)N3S(=O)(=O)c3ccc(Cl)cc3)CC1)C2,4.945
CC(=O)N1C2CCC1CN(C(=O)CC1([C@H]3CO[C@H]4CCC[C@H]4N3S(=O)(=O)c3ccc(Cl)cc3)CC1)C2,4.67
CC(=O)N1CC(=O)N(OCc2ccccc2)C1c1ccc(Cl)cc1Cl,5.0
CC(=O)N1CC=CC1(C)C(=O)NCC1CC1,4.5
CC(=O)N1CC=CC1(C)C(=O)NCc1cc(F)cc(C(F)(F)F)c1,4.8
CC(=O)N1CC=CC1(C)C(=O)O,4.7
CC(=O)N1CC=CC1(CC(C)C)C(=O)NCC1CC1,4.5
CC(=O)N1CC=CC1(CC(C)C)C(=O)NCCc1c[nH]c2ccccc12,5.4
CC(=O)N1CC=CC1(CC(C)C)C(=O)NCc1cc(F)cc(C(F)(F)F)c1,4.9
CC(=O)N1CC=CC1(CC(C)C)C(=O)NCc1ccc(C)o1,4.8
CC(=O)N1CC=CC1(CC(C)C)C(=O)NCc1ccccn1,4.7
CC(=O)N1CCC(C(=O)N2C[C@@H](c3nc(C(C)(C)c4cc(C(F)(F)F)cc(C(F)(F)F)c4)no3)[C@H](c3ccc(F)cc3C)C2)CC1,4.55
CC(=O)N1CCC(C(=O)N2C[C@H](C(=O)N(C)C(C)(C)c3cc(C(F)(F)F)cc(C(F)(F)F)c3)[C@@H](c3ccc(F)cc3C)C2)CC1,4.31
CC(=O)N1CCC(C(=O)N2C[C@H](C(=O)N(C)Cc3cc(C(F)(F)F)cc(C(F)(F)F)c3)[C@@H](c3ccc(F)cc3C)C2)CC1,4.96
CC(=O)N1CCC(C(=O)N2C[C@H](C(=O)N(C)Cc3cc(C(F)(F)F)cc(C(F)(F)F)c3)[C@@H](c3ccccc3)C2)CC1,4.75
CC(=O)N1CCC(C(=O)N2C[C@H](c3nc(C(C)(C)c4cc(C(F)(F)F)cc(C(F)(F)F)c4)no3)[C@@H](c3ccc(F)cc3C)C2)CC1,4.64
CC(=O)N1CCC(C(=O)N2C[C@H](c3noc(C(C)(C)c4cc(C(F)(F)F)cc(C(F)(F)F)c4)n3)[C@@H](c3ccc(F)cc3C)C2)CC1,4.0
CC(=O)N1CCC(C(O)CC2c3ccccc3-c3cncn32)CC1,5.3
CC(=O)N1CCC2(CC1)CCN(C(c1ccccc1)c1ccccc1)CC2,4.6
CC(=O)N1CCC2(CC1)CN(C(c1ccccc1)c1ccccc1)C2,4.8
CC(=O)N1CCC2(CCCN(C(=O)Nc3cccc(F)c3)C2)CC1,4.5
CC(=O)N1CCC2(CCCN(C(c3ccccc3)c3ccccc3)C2)CC1,4.9
CC(=O)N1CCC2(CCCN(Cc3cc(C(F)(F)F)cc(C(F)(F)F)c3)C2)CC1,4.8
CC(=O)N1CCC2(CCCN(Cc3nccs3)C2)CC1,4.4
CC(=O)N1CCC2(CCCN(c3ccc(-c4ccccc4)cc3)C2)CC1,4.9
CC(=O)N1CCC2(CCCN(c3cccc(-c4ccccc4)c3)C2)CC1,5.1
CC(=O)N1CCC2(CCCN(c3ccccc3)C2)CC1,4.7
CC(=O)N1CCC[C@@]2(CCN(Cc3cc(C(F)(F)F)cc(C(F)(F)F)c3)C2)C1,4.8
CC(=O)N1CCC[C@@]2(CCN(Cc3ccc(C#N)cc3)C2)C1,4.8
CC(=O)N1CCC[C@@]2(CCN(Cc3ccccc3)C2)C1,4.4
CC(=O)N1CCC[C@@]2(CCN(Cc3nccs3)C2)C1,4.5
CC(=O)N1CCC[C@@]2(CCN(c3ccccc3)C2)C1,4.6
CC(=O)N1CCC[C@@]2(CCN(c3ccncc3)C2)C1,4.6
CC(=O)N1CCN(C(=O)CC2([C@H]3COC[C@@H](C4CC4)N3S(=O)(=O)c3ccc(F)cc3)CC2)CC1,4.645
CC(=O)N1CCN(C(=O)CC2OC(=O)c3ccccc32)CC1,4.9
CC(=O)N1CCN(C2CCN(c3cc(C)c4nc(-c5c(NC[C@@H](O)c6cccc(Cl)c6)cc[nH]c5=O)[nH]c4c3)CC2)CC1,9.1
CC(=O)N1CCN(CC(O)CN2CCN(CCc3c(-c4cc(C)cc(C)c4)[nH]c4sc(C(C)(C)C(=O)N5C6CCC5CC6)cc34)CC2)CC1,5.22
CC(=O)N1CCN(CCOCc2ccn(-c3ccc(F)c(F)c3)n2)CC1.Cl,4.0
CC(=O)N1CCN(S(=O)(=O)c2ccccc2)C1c1ccccc1,4.95
CC(=O)N1CCN([C@H]2CCN(C(=O)N(C)[C@H](C)c3cc(C(F)(F)F)cc(C(F)(F)F)c3)[C@@H](c3ccc(F)cc3C)C2)CC1,5.01
CC(=O)N1CCN([C@H]2CCN(C(=O)N(C)[C@H](C)c3cc(C(F)(F)F)cc(C(F)(F)F)c3)[C@@H](c3ccc(F)cc3C)C2)CC1O,5.165
CC(=O)N1CCN(c2cc(C)c3nc(-c4c(NC[C@@H](O)c5cccc(Cl)c5)cc[nH]c4=O)[nH]c3c2)CC1,5.96
CC(=O)N1CCN(c2ccc(/C=C/c3cc(F)cc(-c4ccncc4)c3)cc2)CC1,6.16
CC(=O)N1CCN(c2ccc(CO[C@H]3CO[C@](Cn4ccnc4)(c4ccc(Cl)cc4Cl)OC3)cc2)CC1,6.96
CC(=O)N1CCN(c2ccc(OCC3COC(Cn4ccnc4)(c4ccc(Cl)cc4Cl)O3)cc2)CC1,7.3
CC(=O)N1CCN(c2ccc(OCC3CO[C@@](Cn4ccnc4)(c4ccc(Cl)cc4Cl)O3)cc2)CC1,7.2
CC(=O)N1CCN(c2ccc(OC[C@@H]3CO[C@@](Cn4ccnc4)(c4ccc(Cl)cc4Cl)O3)cc2)CC1,7.57
CC(=O)N1CCN(c2ccc(OC[C@@H]3CO[C@](Cn4ccnc4)(c4ccc(Cl)cc4Cl)O3)cc2)CC1,6.05
CC(=O)N1CCN(c2ccc(OC[C@H]3CO[C@@](Cn4ccnc4)(c4ccc(Cl)cc4Cl)O3)cc2)CC1,6.24
CC(=O)N1CCN(c2ccc(OC[C@H]3CO[C@](Cn4ccnc4)(c4ccc(Cl)cc4Cl)O3)cc2)CC1,6.87
CC(=O)N1CCN(c2ccccc2NC(=O)COc2ccc(Br)cc2)CC1,5.35
CC(=O)N1CCN(c2nc3cc4c(cc3nc2NS(=O)(=O)c2ccccc2)OCCO4)CC1,4.75
CC(=O)N1CCN(c2nncc3cc(-c4c(C)ccc5c(NC6CC6)noc45)ccc23)[C@@H](C)C1,5.38
CC(=O)N1CCc2cc(Br)cc(S(=O)(=O)N3CCN(C(=O)c4ccco4)CC3)c21,4.8
CC(=O)N1N=C(c2ccc3nccnc3c2)CC1c1ccccc1,4.6
CC(=O)N1N=C(c2cccc([N+](=O)[O-])c2)OC1c1ccccc1Cl,4.4
CC(=O)N1[C@@H](c2ccccc2)CC[C@H]1C(=O)Nc1ncc(-c2ccc(N)cc2)s1,6.01
CC(=O)N1[C@H](C)C=C[C@]1(Cc1ccccc1)C(=O)NCCN1CCOCC1,4.9
CC(=O)N1[C@H](C)C=C[C@]1(Cc1ccccc1)C(=O)NCCc1c[nH]c2ccccc12,5.8
CC(=O)N1[C@H](C)C=C[C@]1(Cc1ccccc1)C(=O)NCc1cc(F)cc(C(F)(F)F)c1,5.5
CC(=O)N1[C@H](C)C=C[C@]1(Cc1ccccc1)C(=O)NCc1ccc(C)o1,5.3
CC(=O)N1[C@H](C)C=C[C@]1(Cc1ccccc1)C(=O)NCc1ccccn1,4.9
CC(=O)N1[C@H](C)C=C[C@]1(Cc1ccccc1)C(=O)O,4.5
CC(=O)N1[C@H](Cc2ccccc2)C=C[C@]1(C)C(=O)NCCN1CCOCC1,4.8
CC(=O)N1[C@H](Cc2ccccc2)C=C[C@]1(C)C(=O)NCc1cc(F)cc(C(F)(F)F)c1,5.2
CC(=O)N1[C@H](Cc2ccccc2)C=C[C@]1(C)C(=O)NCc1ccc(C)o1,5.1
CC(=O)N1c2c(cc(Br)cc2S(=O)(=O)NCC2COc3ccccc3O2)CC1C,5.1
CC(=O)N1c2ccc(-c3ccc(C(=O)O)cc3)cc2[C@H](Nc2ccc(Cl)cc2)C[C@@H]1C,4.59
CC(=O)N1c2ccc(-c3ccc(CN4CCCCC4)cc3)cc2[C@H](Nc2ccccc2)C[C@@H]1C,5.35
CC(=O)NC(C)C(c1cccs1)N1CCN(c2ccccc2)CC1,4.4
CC(=O)NC1(C(F)(F)F)C(=O)N(Cc2ccccc2)C2=C1C(=O)CC(C)(C)C2,4.85
CC(=O)NC12CCC(Cn3nc(C)c4c3CCN(c3cc(C)nc5c3cnn5C)C4)(CC1)CC2,4.62
CC(=O)NC1C(OCCOc2ccc(Cl)cc2Cl)OC(COC(C)=O)C(OC(C)=O)C1OC(C)=O,4.85
CC(=O)NCCC(=O)Nc1sc2c(c1-c1nc3ccccc3[nH]1)CCCC2,4.9
CC(=O)NCCNc1ccnc(-c2ccccc2C(F)(F)F)n1,4.8
CC(=O)NCCNc1ccnc(-c2ccccc2C)n1,4.7
CC(=O)NCCNc1nc(-c2c(C)noc2C)nc2ccccc12,4.8
CC(=O)NCCNc1nc(-c2ccc(N(C)C)cc2)nc2ccccc12,5.0
CC(=O)NCCNc1nc(-c2ccc3c(c2)OCO3)nc2ccccc12,5.4
CC(=O)NCCNc1nc(-c2cccc(C#N)c2)nc2ccccc12,4.8
CC(=O)NCCNc1nc(-c2cccc(NS(C)(=O)=O)c2)nc2ccccc12,4.8
CC(=O)NCCNc1nc(-c2ccccc2C(F)(F)F)nc2ccccc12,4.9
CC(=O)NCCNc1nc(-c2ccccc2C)nc2ccccc12,5.3
CC(=O)NCCNc1nc(-c2ccccc2Cl)nc2ccccc12,5.3
CC(=O)NCCNc1nc(-c2cccnc2)nc2ccccc12,5.2
CC(=O)NCCNc1ncnc2ccc(-c3c(C)noc3C)cc12,4.6
CC(=O)NCCNc1ncnc2ccc(-c3ccc4c(c3)OCO4)cc12,5.3
CC(=O)NCCNc1ncnc2ccc(-c3cccc(NS(C)(=O)=O)c3)cc12,5.1
CC(=O)NCCNc1ncnc2ccc(-c3ccccc3C#N)cc12,4.6
CC(=O)NCCNc1ncnc2ccc(-c3ccccc3C(F)(F)F)cc12,5.2
CC(=O)NCCNc1ncnc2ccc(-c3ccccc3C)cc12,4.9
CC(=O)NCCNc1ncnc2ccc(-c3ccccc3Cl)cc12,4.8
CC(=O)NCCNc1ncncc1-c1ccc(N(C)C)cc1,5.7
CC(=O)NCCNc1ncncc1-c1ccccc1C,5.6
CC(=O)NCCNc1ncncc1-c1ccccc1C(F)(F)F,6.0
CC(=O)NCCNc1ncncc1-c1ccccc1CN(C)C,4.9
CC(=O)NCC[C@H](NC(=O)N(C)Cc1csc(C(C)C)n1)C(=O)N[C@@H](CC[C@@H](Cc1ccccc1)NC(=O)OCc1cncs1)Cc1ccccc1,6.92
CC(=O)NCC[C@H](NC(=O)N(C)Cc1csc(C(C)C)n1)C(=O)N[C@H](CC[C@H](Cc1ccccc1)NC(=O)OCc1cncs1)Cc1ccccc1,6.82
CC(=O)NCCc1c(Cc2ccccc2)[nH]c2ccccc12,5.1
CC(=O)NCCc1c[nH]c2ccc(O)cc12,5.1
CC(=O)NCCc1cc(F)ccc1-c1onc([C@H]2CNCC[C@]2(O)c2ccc(F)c(F)c2)c1Br,4.35
CC(=O)NCCc1ccc(Cl)c(CN(C(=O)[C@H]2CNCC[C@@H]2c2ccc(OCCOc3c(Cl)cc(C)cc3Cl)cc2)C2CC2)c1,5.42
CC(=O)NCCc1ccccc1-c1cc([C@H]2CNCC[C@]2(O)c2ccc(F)c(F)c2)no1,4.5
CC(=O)NCCc1ccccc1-c1ccc([C@H]2CNCC[C@@H]2c2ccc(F)c(F)c2)c(Cl)c1,4.7
CC(=O)NCCc1ccccc1-c1noc([C@H]2CNCC[C@]2(O)c2ccc(F)c(F)c2)c1Br,4.35
CC(=O)NCCc1ccccc1-c1onc([C@H]2CNCC[C@@H]2c2ccc(F)c(F)c2)c1Br,4.89
CC(=O)NCCc1ccccc1-c1onc([C@H]2CNCC[C@]2(C(N)=O)c2ccc(F)c(F)c2)c1Br,4.44
CC(=O)NCCc1ccccc1-c1onc([C@H]2CNCC[C@]2(O)c2ccc(F)c(F)c2)c1Br,4.48
CC(=O)NCCc1ccccc1-c1onc([C@H]2CNCC[C@]2(O)c2ccc(F)c(F)c2)c1C(C)=O,5.1
CC(=O)NCCn1c(SCC(=O)NCc2ccco2)nc2ccccc2c1=O,4.8
CC(=O)NCCn1c(SCc2ccc(C)cc2)nc2ccccc2c1=O,4.85
CC(=O)NCc1c(Cl)cccc1-n1cccc1,4.4
CC(=O)NCc1ccc(Cl)c(CN(C(=O)[C@H]2CNCC[C@@H]2c2ccc(OCCOc3c(Cl)cc(C)cc3Cl)cc2)C2CC2)c1,5.1850000000000005
CC(=O)NNC(=O)N1Cc2ccccc2Oc2ccc(Cl)cc21,4.9
CC(=O)NNc1ccccc1,4.5
CC(=O)N[C@@H](C)/C=C/c1ccc(Oc2ccc(OCC3CC3)cc2Cl)nc1,4.8
CC(=O)N[C@@H](C)/C=C/c1ccc(Oc2ccc(OCC3CC3)cc2Cl)nn1,4.75
CC(=O)N[C@@H](C)/C=C/c1ccc(Oc2ccc3nc(C(C)C)sc3c2C(F)(F)F)nc1,4.77
CC(=O)N[C@@H](C)/C=C/c1ccc(Oc2ccc3nc(C(C)C)sc3c2Cl)nc1,4.72
CC(=O)N[C@@H](Cc1c[nH]c2ccccc12)C(=O)O,5.1
CC(=O)N[C@@H](Cc1c[nH]c2ccccc12)C(=O)OCc1cc(C(F)(F)F)cc(C(F)(F)F)c1,5.1
CC(=O)N[C@@H](Cc1cc(F)cc(F)c1)[C@H](O)CNC1(c2cccc(C(C)(C)C(F)F)c2)CC1,7.34
CC(=O)N[C@@H](c1ccccc1)[C@]1(C)C[C@H]1[C@@H](C)C(=O)Nc1ccc2ccccc2c1,5.1
CC(=O)N[C@H](c1ccccc1)[C@@]1(C)C[C@@H]1[C@@H](C)C(=O)Nc1ccc2ccccc2c1,5.1
CC(=O)N[C@H]1C[C@@H](C(=O)N[C@H](CC[C@H](Cc2ccccc2)NC(=O)OCc2cncs2)Cc2ccccc2)N(C(=O)N(C)Cc2csc(C(C)C)n2)C1,6.43
CC(=O)Nc1c(C(=O)N2CCOCC2)cnn1-c1ccc(C)c(C)c1,5.4
CC(=O)Nc1c(S(=O)(=O)c2ccccc2)c2nc3ccccc3nc2n1Cc1ccccc1,5.35
CC(=O)Nc1cc(-c2cc(F)c(OC[C@@H](N)CC(C)C)c(C(F)(F)F)c2)ccn1,6.33
CC(=O)Nc1cc(-c2cc(F)c(OC[C@@H](N)CC(C)C)c(Cl)c2)ccn1,6.1
CC(=O)Nc1cc(-c2cc(F)c(OC[C@@H](N)CC(C)C)c(F)c2)ccn1,5.89
CC(=O)Nc1cc(-c2cc(F)c(OC[C@@H](N)CC(C)C)cc2F)ccn1,5.16
CC(=O)Nc1cc(-c2ccc(OC[C@@H](N)CC(C)C)c(C#N)c2)ccn1,5.58
CC(=O)Nc1cc(-c2ccc(OC[C@@H](N)CC(C)C)c(C(F)(F)F)c2)ccn1,6.48
CC(=O)Nc1cc(-c2ccc(OC[C@@H](N)CC(C)C)c(C)c2)ccn1,5.41
CC(=O)Nc1cc(-c2ccc(OC[C@@H](N)CC(C)C)c(Cl)c2)ccn1,5.58
CC(=O)Nc1cc(-c2ccc(OC[C@@H](N)CC(C)C)c(F)c2)ccn1,5.05
CC(=O)Nc1cc(-c2ccc(OC[C@@H](N)CC(C)C)c(OC(F)(F)F)c2)ccn1,6.64
CC(=O)Nc1cc(-c2ccc(OC[C@@](C)(N)CC(C)C)c(C(F)(F)F)c2)ccn1,4.85
CC(=O)Nc1cc(-c2ccc(OC[C@@](C)(N)CC(C)C)c(OC(F)(F)F)c2)ccn1,5.02
CC(=O)Nc1cc(-c2cccc(N(C)C)n2)nc(-n2nc(C)cc2C)n1,4.6
CC(=O)Nc1cc(-c2ccccc2)nc(-n2nc(C)cc2C)n1,4.37
CC(=O)Nc1cc(-c2ccncc2)nc(-n2nc(C)cc2C)n1,5.07
CC(=O)Nc1cc(-c2cncc(O)c2)nc(-n2nc(C)cc2C)n1,4.75
CC(=O)Nc1cc(C(=O)N2CCCC2)ccc1S(=O)(=O)c1ccc(C)cc1,4.75
CC(=O)Nc1cc(C(F)(F)F)ccc1Oc1cccc(Br)c1,4.9
CC(=O)Nc1cc(S(=O)(=O)Nc2ccccc2)c(C)cc1C,4.55
CC(=O)Nc1cc2nc(-c3cc4c(c(C(F)(F)F)c3)C(=O)N([C@@H](C)C3CC3)C4)ccn2n1,5.34
CC(=O)Nc1ccc(-c2ccc(C(CN3CCOCC3)N(C)C(=O)CN3C(=O)COc4cc(C)c(C)cc43)cc2)cc1,5.19
CC(=O)Nc1ccc(-c2ccc(C(O)(c3c[nH]cn3)C(C)C)cc2)cc1,6.0
CC(=O)Nc1ccc(-c2ccc(NCC(=O)Nc3ccc(CN4CCNCC4)c(C(F)(F)F)c3)cc2)cn1,5.62
CC(=O)Nc1ccc(-c2nnc(SCC(=O)c3ccc4c(c3)Cc3ccccc3-4)n2C)cc1,4.9
CC(=O)Nc1ccc(C2C(C)CCC3C(=O)N4C(CCC(C)[C@@H]4c4ccc(NC(C)=O)cc4)C(=O)N32)cc1,5.5
CC(=O)Nc1ccc(N/C=C2\C(=O)N(CCc3ccccc3)C(=O)C(C#N)=C2C)cc1,5.0
CC(=O)Nc1ccc(N2C(=O)CSC2c2c(F)cccc2Cl)cc1,4.65
CC(=O)Nc1ccc(N2CCCCC2)c(C(=O)Nc2cccc(C)c2)c1,4.65
CC(=O)Nc1ccc(N2CCCCC2)cc1,6.6
CC(=O)Nc1ccc(NC(=O)CC2Nc3cccc4cccc(c34)NC2=O)cc1,5.0
CC(=O)Nc1ccc(NC(=O)CSc2ncnn2-c2ccccc2)cc1,4.55
CC(=O)Nc1ccc(NC(=O)CSc2nnc(-c3ccccc3)n2Cc2ccc3c(c2)OCO3)cc1,5.45
CC(=O)Nc1ccc(NC(=O)Cn2c(-c3ccc(F)cc3)cnc2SCC(=O)Nc2c(C)cccc2C)cc1,5.5
CC(=O)Nc1ccc(NC(=O)c2ccccc2CC[N+](=O)[O-])cc1,5.75
CC(=O)Nc1ccc(Nc2ncc([N+](=O)[O-])c(Nc3ccc(NC(C)=O)cc3)n2)cc1,5.2
CC(=O)Nc1ccc(Nc2ncnc(N[C@@H](CC(C)C)C(=O)OC(C)(C)C)n2)cc1,4.65
CC(=O)Nc1ccc(Nc2ncnc(N[C@@H](Cc3ccccc3)C(=O)OC(C)(C)C)n2)cc1,4.82
CC(=O)Nc1ccc(Nc2ncnc3c2cnn3-c2ccccc2)cc1,4.45
CC(=O)Nc1ccc(O)cc1,4.8
CC(=O)Nc1ccc(OCC(O)Cn2c3ccccc3c3ccccc32)c(C)c1,5.4
CC(=O)Nc1ccc(OCC(O)Cn2cnc3ccccc32)cc1,4.85
CC(=O)Nc1ccc(S(=O)(=O)N2CCN(C(=O)c3cccnc3)CC2)cc1,5.05
CC(=O)Nc1ccc(S(=O)(=O)N2CCN(c3cc4c(cc3[N+](=O)[O-])n(C)c(=O)n4C)CC2)cc1,4.85
CC(=O)Nc1ccc(S(=O)(=O)N2CCN(c3nc(NC4CCCC4)c4ccccc4n3)CC2)cc1,5.5
CC(=O)Nc1ccc(S(=O)(=O)NC(CC(=O)NCCC2=CCCCC2)C(C)C)cc1,4.8
CC(=O)Nc1ccc(S(=O)(=O)NC(CC(=O)NCCCN2CCOCC2)C(C)C)cc1,4.5
CC(=O)Nc1ccc(S(=O)(=O)NCC2CCC(C(=O)N3CCN(c4ccccn4)CC3)CC2)cc1,4.9
CC(=O)Nc1ccc(S(=O)(=O)NCC2CCC(C(=O)NCCC(C)C)CC2)cc1,4.75
CC(=O)Nc1ccc(S(=O)(=O)Nc2ccc([N+](=O)[O-])cc2)cc1,4.5
CC(=O)Nc1ccc(Sc2ncccc2C(=O)Nc2ccc(F)cc2)cn1,4.8
CC(=O)Nc1ccc2c(c1)/C(=N/c1ccc(C(=O)O)cc1)c1ccccc1-2,5.4
CC(=O)Nc1cccc(-c2ccc(C(O)(c3c[nH]cn3)C(C)C)cc2)c1,5.15
CC(=O)Nc1cccc(-c2ccc(C(O)(c3c[nH]cn3)C3CC3)cc2)c1,5.26
CC(=O)Nc1cccc(-c2ccc([C@@](O)(c3c[nH]cn3)C(C)C)cc2)c1,5.17
CC(=O)Nc1cccc(NC(=O)c2cc(-c3cccnc3)nc3ccc(Br)cc23)c1,5.45
CC(=O)Nc1cccc(Nc2nc(Nc3ccc(N4CCN(C)CC4)cn3)ncc2Cl)c1,4.5
CC(=O)Nc1ccccc1C=C1c2ccccc2-c2ccccc21,5.4
CC(=O)Nc1nc2ccc(-c3ccc(N)nc3)cc2s1,7.3
CC(=O)Nc1nc2ccc(-c3cnc(N)c(C(F)(F)F)c3)cc2s1,6.1
CC(=O)Nc1nc2ccc(Br)cc2s1,4.5
CC(=O)O.CC[C@H]1CC[C@H]2[C@@H]3CC=C4C[C@H](OC(C)=O)[C@@H](N)C[C@@]4(C)[C@H]3CC[C@@]12C,5.6
CC(=O)O.O=S(=O)(c1cccc(CCCCOCCCCCCNC[C@H](O)c2ccc(O)c(CO)c2)c1)C1CCCC1,5.609999999999999
CC(=O)OC(C(=O)c1ccccc1)c1ccccc1,4.6
CC(=O)OC/C=C(C)/C=C/C=C(C)/C=C/C1=C(C)CCCC1(C)C,4.6
CC(=O)OC1C2C(OC(=O)Cc3ccccc3)C(C)CC2(OC(C)=O)C(=O)/C(C)=C/C2C(CC[C@@]13CO3)C2(C)C,5.4
CC(=O)OC1C=C[C@]2(C)C(CC(OC(C)=O)[C@@]3(C)C4=CC(=O)OC(c5ccoc5)[C@]4(C)CCC23)C1(C)C,4.9
CC(=O)OC1CC(O)C(C)(C)C2CC(OC(C)=O)[C@]3(C)C(CC[C@@]4(C)C(c5ccoc5)OC(=O)C5OC534)[C@]12C,5.6
CC(=O)OC1CC(OC(C)=O)[C@]2(C)C(CC(=O)[C@]3(C)C2CC[C@@]2(C)C(C(=O)O)OC(=O)C4OC423)C1(C)C,4.4
CC(=O)OC1CC(OC(C)=O)[C@]2(C)C(CC(=O)[C@]3(C)C2CC[C@@]2(C)C(c4ccoc4)OC(=O)C4O[C@@]423)C1(C)C,4.7
CC(=O)OC1CC(OC(C)=O)[C@]2(C)C(CC(O)[C@]3(C)C2CC[C@@]2(C)C(c4ccoc4)OC(=O)C4O[C@]432)C1(C)C,5.6
CC(=O)OC1CC(OC(C)=O)[C@]2(C)C(CC(OC(C)=O)[C@@]3(C)C4=CC(=O)OC(c5ccoc5)[C@]4(C)CCC32)C1(C)C,5.0
CC(=O)OC1CC(OC(C)=O)[C@]2(C)C(CC(OC(C)=O)[C@]3(C)C2CC[C@@]2(C)C(c4ccoc4)C(=O)C4O[C@]432)C1(C)C,5.4
CC(=O)OC1CC(OC(C)=O)[C@]2(C)C(CC(OC(C)=O)[C@]3(C)C2CC[C@@]2(C)C(c4ccoc4)OC(=O)C4O[C@]432)C1(C)C,5.9
CC(=O)OC1CC2C(C)(C)C(=O)C=C[C@]2(C)C2CC[C@@]3(C)C(c4ccoc4)OC(=O)C4O[C@@]43[C@]12C,4.9
CC(=O)OC1CC2C(C)(C)C(=O)C=C[C@]2(C)C2CC[C@]3(C)C(=CC(=O)OC3c3ccoc3)[C@]12C,4.8
CC(=O)OC1CC2C(C)(C)C(=O)CC[C@]2(C)C2CC[C@@]3(C)C(c4ccoc4)OC(=O)C4OC43[C@]12C,5.4
CC(=O)OC1CC2C(C)(C)C(=O)CC[C@]2(C)C2CC[C@]3(C)C(=CC(=O)OC3c3ccoc3)[C@]12C,5.2
CC(=O)OC1CC2C(C)(C)C(=O)[C@@H]3OC3[C@@]2(C)C2CC[C@]3(C)C(=CC(=O)OC3c3ccoc3)[C@]12C,4.8
CC(=O)OC1CC2C(C)(C)C(O)C=C[C@@]2(C)C2CC[C@@]3(C)C(c4ccoc4)OC(=O)C4OC43[C@]12C,4.9
CC(=O)OC1CC2C(C)(C)C(O)C=C[C@@]2(C)C2CC[C@]3(C)C(=CC(=O)OC3c3ccoc3)[C@]12C,4.8
CC(=O)OC1CC2C(C)(C)C(O)CC(O)[C@@]2(C)C2CC[C@@]3(C)C(=CC(=O)OC3c3ccoc3)[C@]12C,5.4
CC(=O)OC1CC2C(C)(C)C(O)CCC2(C)C2CC[C@]3(C)C(=CC(=O)OC3c3ccoc3)C12C,4.4
CC(=O)OC1CC2C(C)(C)C(O)CC[C@@]2(C)C2CC[C@@]3(C)C(c4ccoc4)OC(=O)C4OC43[C@]12C,5.6
CC(=O)OC1CC2C(C)(C)C(O)CC[C@@]2(C)C2CC[C@@]3(C)C(c4ccoc4)OC(=O)C4O[C@@]43[C@]12C,5.6
CC(=O)OC1CC2C(C)(C)C=CC(=O)[C@@]2(C)C2CC[C@@]3(C)C(c4ccoc4)OC(=O)C4OC43[C@]12C,4.8
CC(=O)OC1CCC2(C)C(=CCC3C2CCC2(C)C3C[C@@H]3O[C@]32C(C)=O)C1,5.4
CC(=O)OC1CCC2(C)C3=C(CCC2C1(C)C)[C@]1(C)CCC(C(C)CCC=C(C)C)[C@]1(C)CC3,4.5
CC(=O)OC1CCC2(C)C3CCC4(C)C(CC5CCCCC54C(C)=O)C3CC(=O)[C@@]2(O)C1,5.0
CC(=O)OC1CCC23CC1(C)CCC2C(C)(C)CC3OC(C)=O,4.8
CC(=O)OC1CCC2C3CCc4cc(O)ccc4C3CCC12C,4.4
CC(=O)OC1CC[C@@]2(C)C3CC(=O)[C@]4(C)C(C(C)=O)=CCC4C3CC[C@H]2C1,5.3
CC(=O)OC1CC[C@]2(C)C(CC(OC(C)=O)[C@@]3(C)C4=CC(=O)OC(c5ccoc5)[C@]4(C)CCC23)C1(C)C,5.2
CC(=O)OC1CC[C@]2(C)C(CC(OC(C)=O)[C@]3(C)C2CC[C@@]2(C)C(c4ccoc4)OC(=O)C4O[C@]432)C1(C)C,5.4
CC(=O)OC1CC[C@]2(C)C(CC[C@@]3(C)C2C(=O)C=C2C4C(C)C(C)CC[C@@]4(C(=O)O)CCC23C)C1(C)C,4.6
CC(=O)OC1COC(N2CCc3cc([N+](=O)[O-])ccc32)C(OC(C)=O)C1OC(C)=O,4.6
CC(=O)OC1C[C@@]2(C)C(c3ccoc3)C[C@H]3O[C@@]32[C@@]2(C)C(=O)C(O)=C3C(C)(C)C(=O)C=C[C@]3(C)C12,6.4
CC(=O)OC1C[C@@]2(C)C(c3ccoc3)OC(=O)C3O[C@@]32[C@]2(C)C(OC(C)=O)CC3C(C)(C)C(OC(C)=O)CC(OC(C)=O)[C@@]3(C)C12,5.3
CC(=O)OC1C[C@]2(C)C(C(C)=O)CCC2C2CCC3=CC(=O)CC[C@@]3(C)C12,5.1
CC(=O)OC1c2c(ccc3ccc(=O)oc23)OC(C)(C)C1OC(=O)CC(C)C,4.7
CC(=O)OCC(=O)C1CCC2C3CCC4=CC(=O)CC[C@@]4(C)C3CC[C@]12C,5.5
CC(=O)OCC(=O)[C@@]1(O)CCC2C3CC(C)C4=CC(=O)C=CC4(C)C3C(O)CC21C,4.9
CC(=O)OCC(=O)[C@@]1(O)CCC2C3CC[C@H]4CC(O)CC[C@@]4(C)C3C(=O)C[C@]21C,4.9
CC(=O)OCC(=O)[C@@]1(O)CC[C@@H]2[C@H]3CCC4=CC(=O)C=C[C@]4(C)[C@]3(F)[C@@H](O)C[C@@]21C,4.9
CC(=O)OCC(=O)[C@@]1(OC(C)=O)[C@H](C)C[C@H]2[C@@H]3C[C@H](F)C4=CC(=O)C=C[C@@]4(C)[C@]3(F)[C@H](O)C[C@@]21C,5.2
CC(=O)OCC(=O)[C@@]12OC3(CCCC3)OC1CC1C3CCC4=CC(=O)C=C[C@@]4(C)[C@]3(F)C(O)C[C@]12C,5.5
CC(=O)OCC(=O)[C@]1(O)C(C)CC2C3CCC4=CC(=O)C=C[C@@]4(C)[C@]3(F)C(O)C[C@@]21C,4.4
CC(=O)OCC(=O)[C@]12OC(C)(C)O[C@@H]1C[C@H]1[C@H]3CC=C4C[C@@H](O)CC[C@]4(C)[C@H]3CC[C@]12C,5.5
CC(=O)OCC1=C(C(=O)[O-])N2C(=O)C(NC(=O)CSc3ccncc3)[C@@H]2SC1.[Na+],4.5
CC(=O)OCC1=C(C(=O)[O-])N2C(=O)C(NC(=O)Cc3cccs3)C2SC1.[Na+],4.5
CC(=O)OCC1=C(C(=O)[O-])N2C(=O)[C@@H](NC(=O)CSc3ccncc3)[C@@H]2SC1.[Na+],4.95
CC(=O)OCC1=C(C(=O)[O-])N2C(=O)[C@@H](NC(=O)Cc3cccs3)[C@@H]2SC1.[Na+],4.9
CC(=O)OCC1C2CC[C@H]3C(OCc4ccc(F)cc4C(F)(F)F)OC[C@]4(C)[C@H]3C2=C(CN4C(=O)OC(C)(C)C)[C@H](C)C1COC(C)=O,4.9
CC(=O)OCC1OC(C#CCC2CCCCC2)C=CC1OC(C)=O,5.5
CC(=O)OCC1OC(C#CCCCc2ccccc2)C=CC1OC(C)=O,5.4
CC(=O)OCC1OC(C#CCCc2ccccc2)C=CC1OC(C)=O,5.5
CC(=O)OCC1OC(C#Cc2ccc(Br)cc2)C=CC1OC(C)=O,5.5
CC(=O)OCC1OC(C#Cc2ccc(C)cc2C)C=CC1OC(C)=O,5.5
CC(=O)OCC1OC(C#Cc2ccc(F)cc2F)C=CC1OC(C)=O,5.5
CC(=O)OCC1OC(C#Cc2ccccc2)C=CC1OC(C)=O,5.4
CC(=O)OCC1OC(C#Cc2ccccc2Cl)C=CC1OC(C)=O,5.4
CC(=O)OCC1OC(Oc2cc(OC(C)=O)c3c(=O)cc(-c4ccc(OC(C)=O)c(OC(C)=O)c4)oc3c2)C(OC(C)=O)C(OC(C)=O)C1OC(C)=O,5.4
CC(=O)OCC1OC(Oc2cc(OC(C)=O)c3c(=O)cc(-c4ccc(OC(C)=O)cc4)oc3c2)[C@@H](OC(C)=O)C(OC(C)=O)C1OC(C)=O,5.0
CC(=O)OCC1OC(c2cc(C)cc(C)c2)C=CC1OC(C)=O,5.5
CC(=O)OCC1OC(c2ccc3c(c2)OCO3)C=CC1OC(C)=O,5.4
CC(=O)OCCCN1c2ccccc2Nc2nnc(-c3ccccc3)cc21,4.9
CC(=O)OCCNC(=O)c1cccnc1,4.7
CC(=O)OC[C@@H]1O[C@@H](O/N=C2/C[C@@H](O)[C@@H](O)[C@@H]3[C@@H]4C(=O)N(Cc5ccc6c(c5)OCO6)C(=O)[C@H]4CC[C@@H]23)[C@H](OC(C)=O)[C@H](OC(C)=O)[C@@H]1OC(C)=O,6.1
CC(=O)OC[C@@H]1O[C@@H](O/N=C2/C[C@@H](O)[C@@H](O)[C@@H]3[C@@H]4C(=O)N(Cc5ccc6c(c5)OCO6)C(=O)[C@H]4CC[C@H]23)[C@H](OC(C)=O)[C@H](OC(C)=O)[C@@H]1OC(C)=O,5.3
CC(=O)OC[C@@H]1O[C@@H](O/N=C2/C[C@@H](O)[C@@H](O)[C@@H]3[C@@H]4C(=O)N(c5cccc(Oc6ccccc6)c5)C(=O)[C@H]4CC[C@H]23)[C@H](OC(C)=O)[C@H](OC(C)=O)[C@@H]1OC(C)=O,5.5
CC(=O)OC[C@@H]1O[C@H](C/C=N\OCC[C@H]2C=C[C@H](OC(C)=O)[C@@H](COC(C)=O)O2)C=C[C@@H]1OC(C)=O,5.5
CC(=O)OC[C@@H]1O[C@H](C/C=N\O[C@@H](C)CN2CCCCc3nc(C)c(C)cc32)C=C[C@@H]1OC(C)=O,5.5
CC(=O)OC[C@@H]1O[C@H](C/C=N\O[C@@H](C)CN2CCCc3nc(C)c(C)cc32)C=C[C@@H]1OC(C)=O,5.4
CC(=O)OC[C@@H]1O[C@H](C/C=N\O[C@@H](C)c2cc(-c3c(C)cc(C)cc3C)no2)C=C[C@@H]1OC(C)=O,5.5
CC(=O)OC[C@@H]1O[C@H](C/C=N\O[C@@H](C)c2cn([C@H](CO)Cc3ccccc3)nn2)C=C[C@@H]1OC(C)=O,5.35
CC(=O)OC[C@@H]1O[C@H](CCO/N=C(\C)CCC(=O)OC[C@@H]2O[C@H](C#Cc3ccccc3)C=C[C@@H]2Oc2ccc(C)cc2)C=C[C@@H]1OC(C)=O,5.5
CC(=O)OC[C@@H]1O[C@H](CCO/N=C(\C)CCN2CCCCc3nc(C)c(C)cc32)C=C[C@@H]1OC(C)=O,5.5
CC(=O)OC[C@@H]1O[C@H](CCO/N=C(\C)CCN2CCCc3nc(C)c(C)cc32)C=C[C@@H]1OC(C)=O,5.4
CC(=O)OC[C@@H]1O[C@H](CCO/N=C(\C)CCN2CCc3nc(-c4ccccc4)c(-c4ccccc4)cc3C2)C=C[C@@H]1OC(C)=O,5.4
CC(=O)OC[C@@]1(O)C[C@]23CCC4c5ccoc5CC[C@@]4(C)C2CCC1C3,4.5
CC(=O)OC[C@H]1O[C@@H](O/N=C(\C)CCC(=O)OC[C@@H]2O[C@H](C#Cc3ccccc3)C=C[C@@H]2Oc2ccc(C)cc2)[C@H](OC(C)=O)[C@@H](OC(C)=O)[C@H]1OC(C)=O,5.5
CC(=O)OC[C@H]1O[C@@H](O/N=C(\C)CCN2CCCCc3nc(C)c(C)cc32)[C@H](OC(C)=O)[C@@H](OC(C)=O)[C@H]1OC(C)=O,5.4
CC(=O)OC[C@H]1O[C@@H](O/N=C(\C)CCN2CCCc3nc(C)c(C)cc32)[C@H](OC(C)=O)[C@@H](OC(C)=O)[C@H]1OC(C)=O,5.4
CC(=O)OC[C@H]1O[C@@H](O/N=C(\C)CCN2CCc3nc(-c4ccccc4)c(-c4ccccc4)cc3C2)[C@H](OC(C)=O)[C@@H](OC(C)=O)[C@H]1OC(C)=O,5.3
CC(=O)OCc1ccc2c(c1)OCO2,5.0
CC(=O)O[C@@H]1[C@@H](O)[C@@H](O)[C@H](Oc2c(-c3ccc(O)cc3)oc3cc(O)cc(O)c3c2=O)O[C@H]1C,4.05
CC(=O)O[C@@H]1[C@@H](O)[C@@H](OC(C)=O)[C@H](Oc2c(-c3ccc(O)cc3)oc3cc(O)cc(O)c3c2=O)O[C@H]1C,4.5
CC(=O)O[C@@H]1[C@@H](O)[C@H](C)O[C@@H](Oc2c(-c3ccc(O)cc3)oc3cc(O)cc(O)c3c2=O)[C@@H]1O,4.01
CC(=O)O[C@@H]1[C@@H](O)[C@H](C)O[C@@H](Oc2c(-c3ccc(O)cc3)oc3cc(O)cc(O)c3c2=O)[C@@H]1OC(C)=O,4.25
CC(=O)O[C@@H]1[C@@H](OC(C)=O)[C@@H](O)[C@H](Oc2c(-c3ccc(O)cc3)oc3cc(O)cc(O)c3c2=O)O[C@H]1C,4.69
CC(=O)O[C@@H]1[C@@H](OC(C)=O)[C@H](C)O[C@@H](Oc2c(-c3ccc(O)cc3)oc3cc(O)cc(O)c3c2=O)[C@@H]1OC(C)=O,4.84
CC(=O)O[C@@H]1[C@H]([N+]2(C)CCCCC2)C[C@@H]2[C@@H]3CC[C@@H]4C[C@@H](OC(C)=O)[C@H]([N+]5(C)CCCCC5)C[C@@]4(C)[C@H]3CC[C@]21C,6.0
CC(=O)O[C@@]1(C(C)=O)CCC2C3C=C(Cl)C4=CC(=O)CC[C@]4(C)C3CC[C@]21C,5.5
CC(=O)O[C@@]1(C(C)=O)CCC2C3CC(C)C4=CC(=O)CC[C@@]4(C)C3CC[C@]21C,4.4
CC(=O)O[C@@]12CO[C@@H]1C[C@H](O)[C@@]1(C)C(=O)[C@H](O)C3=C(C)[C@@H](OC(=O)[C@H](O)[C@@H](NC(=O)OC(C)(C)C)c4ccccc4)C[C@@](O)([C@@H](OC(=O)c4ccccc4)[C@H]21)C3(C)C.O.O.O,5.7
CC(=O)O[C@H]1C(=O)[C@@]2(C)[C@H]([C@H](OC(=O)c3ccccc3)[C@]3(O)C[C@H](OC(=O)[C@H](O)[C@@H](NC(=O)c4ccccc4)c4ccccc4)C(C)=C1C3(C)C)[C@]1(OC(C)=O)CO[C@@H]1C[C@@H]2O,5.9
CC(=O)O[C@H]1C2=CO[C@H](C)[C@H]3C4C5=C([C@@H](O[C@H]4C)[C@@]23C(=O)[C@H]2O[C@@H]21)[C@H](O)[C@H]1O[C@@H]1C5=O,5.4
CC(=O)O[C@H]1CC[C@@]2(C)C(=CC[C@@H]3[C@@H]4CC[C@H](c5cc(C(F)(F)F)n(C(C)=O)n5)[C@]4(C)CC[C@@H]32)C1,6.2
CC(=O)O[C@H]1CC[C@@]2(C)C(=CC[C@@H]3[C@H]2CC[C@]2(C)C(=O)CC[C@H]32)C1,4.9
CC(=O)O[C@H]1CC[C@@]2(C)[C@@H](CC[C@H]3[C@H]2CC(=O)[C@@]2(C)[C@@H]3C[C@H]3CC(C)=CC(=O)[C@H]32)C1,5.7
CC(=O)O[C@H]1CC[C@@]2(C)[C@@H](CC[C@H]3[C@H]2CC(=O)[C@]2(C)[C@@H]3C[C@@H](N3CC3)[C@H]2C(C)=O)C1,5.4
CC(=O)O[C@H]1C[C@H]2[C@@H]([C@H](OC(C)=O)C[C@@H]3C[C@H](N)CC[C@@]32C)[C@@H]2CC[C@H]([C@H](C)CCCNCCCCNc3ccnc4cc(Cl)ccc34)[C@@]12C,5.92
CC(=O)O[C@H]1[C@H](Oc2c(-c3ccc(O)cc3)oc3cc(O)cc(O)c3c2=O)O[C@@H](C)[C@H](O)[C@H]1O,4.23
CC(=O)O[C@H]1[C@H]2c3cc4c(cc3CN3CCC(=C[C@@H]1O)[C@H]23)OCO4,5.109999999999999
CC(=O)O[C@H]1[C@H]2c3cc4c(cc3CN3CCC(=C[C@@H]1OC(C)=O)[C@H]23)OCO4,4.98
CC(=O)O[C@H]1[C@H]2c3cc4c(cc3CN3CCC(=C[C@@H]1O[Si](C)(C)C(C)(C)C)[C@H]23)OCO4,6.74
CC(=O)O[C@](C)(CCC=C(C)C)C1CC=C(C)CC1,4.5
CC(=O)O[C@]1(C(C)=O)CC[C@@H]2[C@@H]3C=C(C)C4=CC(=O)CC[C@@]4(C)[C@H]3CC[C@]21C,5.5
CC(=O)O[C@]1(C(C)=O)CC[C@@H]2[C@@H]3C=C(Cl)C4=CC(=O)[C@H]5C[C@@H]5[C@]4(C)[C@H]3CC[C@]21C,5.25
CC(=O)O[C@]1(C(C)=O)CC[C@H]2[C@@H]3C=C(Cl)C4=CC(=O)[C@@H]5C[C@@H]5[C@]4(C)[C@H]3CC[C@@]21C,5.6
CC(=O)O[C@]1(C(C)=O)CC[C@H]2[C@@H]3C[C@H](C)C4=CC(=O)CC[C@]4(C)[C@H]3CC[C@@]21C,4.8
CC(=O)Oc1c(-c2ccccc2)oc2c(CC=C(C)C)c3c(c(OC(C)=O)c2c1=O)C=CC(C)(C)O3,5.0
CC(=O)Oc1c(S(=O)(=O)c2ccc(C)cc2)c(C)nn1C(C)(C)C,5.35
CC(=O)Oc1c2c(c(CC=C(C)C)c3c1C(=O)C1=CC4CC5C(C)(C)OC(C/C=C(\C)C(=O)O)(C4=O)[C@]15O3)OC(C)(CCC=C(C)C)C=C2,4.9
CC(=O)Oc1c2c(c3c(c1CC=C(C)C)O[C@@]14C(=CC5CC1C(C)(C)OC4(C/C=C(\C)C(=O)O)C5=O)C3=O)OC(C)(CCC=C(C)C)C=C2,4.4
CC(=O)Oc1cc(OC(C)=O)c2c(=O)cc(-c3ccc(OC(C)=O)c(OC(C)=O)c3)oc2c1,6.1
CC(=O)Oc1cc(OC(C)=O)c2c(c1)OC(c1ccc(OC(C)=O)c(OC(C)=O)c1)C(OC(C)=O)C2,4.65
CC(=O)Oc1cc2c(c(C)c1OC(C)=O)CC=C1[C@]3(C)CC[C@]4(C)CC[C@@](C)(C(=O)O)CC4[C@]3(C)CC[C@]12C,4.5
CC(=O)Oc1ccc(/C=C/c2cc(OC(C)=O)cc(OC(C)=O)c2)cc1,5.0
CC(=O)Oc1ccc(C(c2ccc(OC(C)=O)cc2)c2ccccn2)cc1,4.9
CC(=O)Oc1ccc(Cl)c2cccnc12,5.3
CC(=O)Oc1ccc2c(c1)CCC1C2CC[C@]2(C)C(OC(C)=O)CCC12,4.5
CC(=O)Oc1ccc2c(c1C(C)C)CCC1C(C)(C)CCC[C@@]21C,4.4
CC(=O)Oc1ccc2ccccc2c1C(NC(=O)Cc1ccccc1)c1ccc(Cl)cc1,5.05
CC(=O)Oc1cccc(O)c1,4.5
CC(=O)Oc1ccccc1C(=O)Nc1ncc([N+](=O)[O-])s1,5.1
CC(=O)SC[C@@H](Cc1ccccc1)C(=O)NCC(=O)OCc1ccccc1,5.1
CC(=O)SCc1ccc(-c2cccnc2)o1,5.68
CC(=O)S[C@@H]1CC2=CC(=O)CC[C@@]2(C)[C@H]2CC[C@]3(C)[C@H](CC[C@@]34CCC(=O)O4)[C@H]12,4.8
CC(=O)[C@@H]1CC[C@@H]2[C@@H]3CC=C4C[C@H](OS(=O)(=O)[O-])CC[C@@]4(C)[C@H]3CC[C@]21C.[Na+],4.9
CC(=O)[C@@H]1CC[C@@H]2[C@@H]3CCC4=CC(=O)CC[C@@]4(C)[C@H]3CC[C@]21C,5.4
CC(=O)[C@@H]1CC[C@@H]2[C@@H]3C[C@H](C)C4=CC(=O)CC[C@@]4(C)[C@H]3[C@H](O)C[C@]21C,5.1
CC(=O)[C@@H]1CC[C@H]2[C@H]3CC[C@H]4C[C@@H](O)CC[C@]4(C)[C@@H]3C(=O)C[C@@]12C,5.2
CC(=O)[C@@H]1CC[C@H]2[C@H]3CC[C@H]4C[C@@H](O)CC[C@]4(C)[C@@H]3CC[C@]12C,4.8
CC(=O)[C@@H]1[C@@H]2C(=O)N(C3CCCCC3)C(=O)[C@@H]2C2c3ccccc3C=CN21,4.8
CC(=O)[C@@H]1[C@H]2[C@H](C(=O)[C@H]3OC[C@@H]2O3)[C@H]2C=Cc3ccccc3N21,4.6
CC(=O)[C@@]1(O)CC[C@H]2[C@H]3C[C@@H](C)C4=CC(=O)C=C[C@]4(C)[C@@]3(F)[C@@H](O)C[C@]21C,5.3
CC(=O)[C@@]1(O)Cc2c(O)c3c(c(O)c2[C@H](O[C@H]2C[C@H](N)[C@H](O)[C@H](C)O2)C1)C(=O)c1ccccc1C3=O,4.8
CC(=O)[C@H](CC(C)C)NC(=O)[C@@H](CC(C)C)NC(=O)[C@H](CC(C)C)NC(=O)OCc1ccccc1,4.9
CC(=O)[C@H]1CC[C@H]2[C@@H]3C=CC4=CC(=O)CC[C@@]4(C)[C@H]3CC[C@]12C,5.1
CC(=O)[C@H]1CC[C@H]2[C@@H]3CCC4=CC(=O)CC[C@]4(C)[C@H]3CC[C@]12C,5.4
CC(=O)[C@H]1CC[C@H]2[C@@H]3CC[C@H]4C[C@H](O)CC[C@]4(C)[C@H]3C(=O)C[C@]12C,5.3
CC(=O)[C@]1(O)CCC2C3C=C(Cl)C4=CC(=O)C5CC5[C@@]4(C)C3CC[C@]21C,4.7
CC(=O)[C@]1(O)CCC2C3CC(C)C4=CC(=O)C=CC4(C)[C@@]3(F)C(O)C[C@]21C,4.4
CC(=O)[C@]1(O)CC[C@@H]2[C@H]3C[C@@H](C)C4=CC(=O)CC[C@@]4(C)[C@H]3[C@@H](O)C[C@]21C,5.4
CC(=O)[C@]12CCC(C)(C)C[C@H]1[C@H]1C(=O)C=C3[C@@]4(C)C=C(C#N)C(=O)C(C)(C)[C@@H]4CC[C@@]3(C)[C@]1(C)CC2,5.4399999999999995
CC(=O)c1[nH]c(C)c(C(C)=O)c1C,4.7
CC(=O)c1c(C)[nH]c(C(=O)COc2cc(C)cc(C)c2)c1C,5.5
CC(=O)c1c(C)[nH]c(C(=O)COc2ccc(C#N)cc2)c1C,5.5
CC(=O)c1c(C)[nH]c(C(=O)N2CCc3ccccc3C2)c1C,5.4
CC(=O)c1c(O)c(C)c(O)c(Cc2c(O)c3c(c(C(=O)/C=C\c4ccccc4)c2O)OC(C)(C)C=C3)c1O,5.2
CC(=O)c1c(O)c(C)c(O)c2c1OC1=CC(=O)C(C(C)=O)C(=O)C12C,6.8
CC(=O)c1c(O)c(C)c(O)c2c1OC1=CC(=O)C(C(C)=O)C(=O)[C@@]12C,4.9
CC(=O)c1c(O)cc(O)cc1O,5.5
CC(=O)c1c(S)nc(-c2ccccc2)nc1N1CCN(C)CC1,4.8
CC(=O)c1cc(C)ccc1OC(=O)CCN1C(=O)C2C3c4ccccc4C(c4ccccc43)C2C1=O,4.5
CC(=O)c1cc(CC=C(C)C)c(O)cc1O,5.85
CC(=O)c1cc(NC(=O)c2cccc(C(F)(F)F)c2)c(=O)oc1/C=C/N(C)C,5.2
CC(=O)c1cc(NC(=O)c2ccccc2)c(=O)oc1/C=C/N(C)C,4.6
CC(=O)c1cc(NS(=O)(=O)c2ccc(Cl)cc2Cl)ccc1Oc1cnc2ccccc2c1,5.52
CC(=O)c1cc2c(cc1N/C=C\c1nnnn1-c1ccc(Br)cc1)OCO2,5.55
CC(=O)c1cc2c(cc1N/C=C\c1nnnn1-c1ccc(Cl)cc1)OCO2,5.45
CC(=O)c1cc2c(cc1NC(=O)c1c(-c3ccccc3)noc1C)OCO2,5.8
CC(=O)c1cc2c(cc1O)OC(C)(C)C=C2,4.5
CC(=O)c1ccc(-c2cccnc2)s1,4.57
CC(=O)c1ccc(-n2ccnc2)cc1,6.1
CC(=O)c1ccc(-n2nnnc2SCC(=O)Nc2cccc(NC(=O)c3ccco3)c2)cc1,5.4
CC(=O)c1ccc(C2C=CC(Oc3ccc(F)cc3C)C(CO)O2)cc1,5.5
CC(=O)c1ccc(N2CCC(c3cc(-c4ccc(Cl)cc4)[nH]n3)CC2)c([N+](=O)[O-])c1,4.4
CC(=O)c1ccc(N2CCC(c3cc(-c4ccc(Cl)cc4Cl)[nH]n3)CC2)c([N+](=O)[O-])c1,4.9
CC(=O)c1ccc(NC(=O)C(Cc2ccccc2)NC(=O)c2ccco2)cc1,4.55
CC(=O)c1ccc(OC2C(O)COC2/C=C/c2ccc(Cl)cc2)cc1,5.4
CC(=O)c1ccc(OC2C=CC(C#Cc3ccc(Br)cc3)OC2CO)cc1,5.5
CC(=O)c1ccc2cc(C(O)(c3c[nH]cn3)C(C)C)ccc2c1,5.85
CC(=O)c1cccc(/N=C/C2=C(O)OC3(CCCCC3)OC2=O)c1,4.45
CC(=O)c1cccc(NC(=O)/C(=C\c2ccco2)NC(=O)c2cccs2)c1,4.7
CC(=O)c1cccc(NC(=O)CCC2CCCC2)c1,4.55
CC(=O)c1cccc(NC(=O)CSCc2ccccc2)c1,4.55
CC(=O)c1cccc(NC(=O)c2csc(-n3nc(C)cc3C(F)(F)F)n2)c1,5.0
CC(=O)c1cccc(NC(=S)NC(=O)CC(C)(C)C)c1,4.55
CC(=O)c1cccc(NS(=O)(=O)c2ccc(N/C=C\C(=O)c3ccc(F)cc3)cc2)c1,6.15
CC(=O)c1cn(CC(=O)Nc2c(C)cccc2C)c2ccccc12,4.95
CC(=O)c1cn(CC(=O)Nc2ccccc2C)c2ccccc12,5.2
CC(=O)c1cncc(Oc2c(Cl)cc(NS(=O)(=O)c3ccc(Cl)cc3Cl)cc2Cl)c1,6.44
CC(=O)n1c(COS(C)(=O)=O)nc2ccccc21,5.5
CC(=O)n1cc(/C=N/NC(=O)c2sc(C)nc2C)c2ccccc21,4.85
CC(C(=O)N1CCC(Nc2ccc(F)cc2)CC1)c1ccc(CN2C[C@@H](C)N[C@@H](C)C2)cc1,5.06
CC(C(=O)NC1CCCC1)N(C(=O)c1ccc(-c2ccccc2)[nH]1)c1ccccc1F,5.4
CC(C(=O)NC1CCCC1)N(C(=O)c1snc(C(N)=O)c1N)c1ccc2c(c1)OCCO2,5.45
CC(C(=O)NCc1ccc2c(c1)OCO2)N1c2cccc3cccc(c23)S1(=O)=O,6.5
CC(C(=O)Nc1ccccc1Sc1ccccc1)N(c1ccccc1)S(C)(=O)=O,5.3
CC(C(=O)Nc1cccnc1)N1C(=O)C2C3C=CC(C3)C2C1=O,4.9
CC(C(=O)O)c1ccc(-c2ccc(-c3ccc(O)cc3)cc2)c(F)c1,4.13
CC(C(=O)O)c1ccc(N2Cc3ccccc3C2=O)cc1,4.4
CC(C(=O)O)c1cccc(C(=O)c2ccccc2)c1,4.4
CC(C(c1ccc(Nc2nc3ccccc3s2)cc1)n1ccnc1)N(C)C,6.92
CC(C(c1ccc2cc(OCC(=O)O)ccc2c1)n1ccnc1)N(C)C,5.66
CC(C(c1ccc2cc(OCC(C)(C)C(=O)N(C)C)ccc2c1)n1ccnc1)N(C)C,5.69
CC(C(c1ccc2cc(OCC(C)(C)C(=O)O)ccc2c1)n1ccnc1)N(C)C,5.515000000000001
CC(C(c1ccc2cc(OCC(C)(C)C(N)=O)ccc2c1)n1ccnc1)N(C)C,5.74
CC(C(c1ccc2cc(OCC(C)(C)C)ccc2c1)n1ccnc1)N(C)C,6.41
CC(C(c1ccc2cc(OCc3ccc(C#N)cc3)ccc2c1)n1ccnc1)N(C)C,6.54
CC(C(c1ccc2cc(OCc3ccc(C(=O)O)cc3)ccc2c1)n1ccnc1)N(C)C,6.0600000000000005
CC(C(c1ccc2cc(OCc3ccc(CC(=O)O)cc3)ccc2c1)n1ccnc1)N(C)C,8.4
CC(C(c1ccc2cc(OCc3ccc(OC(C)(C)C)cc3)ccc2c1)n1ccnc1)N(C)C,6.82
CC(C(c1ccc2cc(OCc3ccc(OCC(=O)O)cc3)ccc2c1)n1ccnc1)N(C)C,6.12
CC(C(c1ccc2cc(OCc3ccc([N+](=O)[O-])cc3)ccc2c1)n1ccnc1)N(C)C,6.46
CC(C(c1ccc2cc(OCc3cccc(C(=O)N(C)C)c3)ccc2c1)n1ccnc1)N(C)C,6.45
CC(C(c1ccc2cc(OCc3cccc(C(=O)O)c3)ccc2c1)n1ccnc1)N(C)C,5.609999999999999
CC(C(c1ccc2cc(OCc3cccc(C(N)=O)c3)ccc2c1)n1ccnc1)N(C)C,6.32
CC(C(c1ccc2cc(OCc3ccccc3)ccc2c1)n1ccnc1)N(C)C,6.7
CC(C)(/N=N/C(C)(C)C(=N)N)C(=N)N.Cl.Cl,4.4
CC(C)(C#N)c1cnc(N2CCN(C(=O)[C@@H]3CCCC[C@H]3C(=O)NC3(C#N)CC3)CC2)s1,5.4
CC(C)(C(=O)Nc1nncs1)[C@@H]1c2ccc(-c3ccc(C(=O)N4CCOCC4)cc3)nc2Oc2c(F)cccc21,6.52
CC(C)(C(=O)O)c1ccc(-c2ccc(C3CCCCC3)cc2)c(F)c1,4.23
CC(C)(C(=O)c1cccnc1)c1cccnc1,5.9
CC(C)(C(N)=O)N1CCN(Cc2cc3nc(-c4c(F)cc(F)c5[nH]ccc45)nc(N4CCOCC4)c3s2)CC1,6.22
CC(C)(C(N)=O)N1CCN(Cc2cc3nc(-c4c(F)ccc5[nH]ccc45)nc(N4CCOCC4)c3s2)CC1,5.5
CC(C)(C(N)=O)N1CCN(Cc2cc3nc(-c4cc(C#N)cc5[nH]ccc45)nc(N4CCOCC4)c3s2)CC1,5.92
CC(C)(C(N)=O)N1CCN(Cc2cc3nc(-c4cc(F)cc5[nH]ccc45)nc(N4CCOCC4)c3s2)CC1,6.29
CC(C)(C(N)=O)N1CCN(Cc2cc3nc(-c4cncc5[nH]ccc45)nc(N4CCOCC4)c3s2)CC1,5.5
CC(C)(C)C(=O)C(Oc1ccc(Cl)cc1)n1ccnc1,5.66
CC(C)(C)C(=O)C(Oc1ccc(Cl)cc1)n1cncn1,6.1
CC(C)(C)C(=O)N(CCN(C(=O)C(C)(C)C)c1ccccc1)c1ccccc1,5.15
CC(C)(C)C(=O)N1CCC(N(c2ccc(C(F)(F)F)cc2)c2cccnc2)CC1,5.72
CC(C)(C)C(=O)N1CCC(O)(CS(=O)(=O)Cc2ccc(Cl)cc2)CC1,4.7
CC(C)(C)C(=O)N1CCC(c2ccc(C(=O)NC(=N)N)cc2C(F)(F)F)CC1,4.89
CC(C)(C)C(=O)N1CCc2cc(-c3csc(N)n3)ccc21,5.05
CC(C)(C)C(=O)NC(=S)NCCc1ccccc1,4.6
CC(C)(C)C(=O)NC(Nc1cccc2cccnc12)C(Cl)(Cl)Cl,5.15
CC(C)(C)C(=O)NC(c1ccc(Cl)cc1)[C@]1(C)C[C@H]1C1CCCCC1,4.9
CC(C)(C)C(=O)Nc1cccc(-c2nc3ccccc3c(=O)o2)c1,4.6
CC(C)(C)C(=O)Nc1ccnc(-c2cccnc2)n1,5.6
CC(C)(C)C(=O)Nc1nnc(SCC(=O)NCc2cccs2)s1,4.6
CC(C)(C)C(=O)OCOC(=O)[C@@H]1N2C(=O)[C@@H](NC(=O)[C@H](N)c3ccccc3)[C@H]2SC1(C)C,5.3
CC(C)(C)C(=O)[C@H]([C@@H](c1ccccc1)N1CCOCC1)N1CCOCC1,5.6
CC(C)(C)C(O)(CCc1ccc(Cl)cc1)Cn1cncn1,6.3
CC(C)(C)CC(=O)N1CCC(N(c2ccc(Cl)cc2)c2cccnc2)CC1,6.1
CC(C)(C)CC(=O)NC(=S)N1CCCCCC1,4.9
CC(C)(C)CC(=O)NC(=S)Nc1ccccc1C(F)(F)F,4.65
CC(C)(C)CC(C)(C)c1cc(O)c(O)c(CN2CCCCC2)c1,5.4
CC(C)(C)CC(C)(C)c1ccc(O)c(C[N+](C)(C)[O-])c1,5.3
CC(C)(C)CC(C)(C)c1ccc(O)c(Cc2ccc(Cl)cc2Cl)c1,4.6
CC(C)(C)CC(C)(C)c1ccc(OCCO)cc1,4.5
CC(C)(C)CC(C)(C)c1ccc(OCCOCC[N+](C)(C)Cc2ccccc2)cc1.[Cl-],4.6
CC(C)(C)CC(C)(C)c1ccc(OCOCCOCCO)c(Cc2cc(C(C)(C)CC(C)(C)C)cc(Cc3cc(C(C)(C)CC(C)(C)C)ccc3OCOCCOCCO)c2OCOCCOCCO)c1,4.9
CC(C)(C)CN(CC(Cc1ccccc1)NC(=O)OCc1cncs1)CC(Cc1ccccc1)NC(=O)OCc1nccs1,6.96
CC(C)(C)CN(C[C@@H](Cc1ccccc1)NC(=O)OCc1nccs1)C[C@H](Cc1ccccc1)NC(=O)OCc1cncs1,7.0
CC(C)(C)CN(C[C@@H](O)[C@H](Cc1ccccc1)NC(=O)OCc1cncs1)C(=O)c1ccc2nc(N3CCCC3)oc2c1,7.57
CC(C)(C)Cc1cc(CN[C@H]2CS(=O)(=O)C[C@@H](Cc3cc(F)c(N)c(OC(C(F)(F)F)C(F)(F)F)c3)[C@@H]2O)no1,6.4
CC(C)(C)Cn1cc(CN[C@H]2CS(=O)(=O)C[C@@H](Cc3cc(F)c(N)c(OC(C(F)(F)F)C(F)(F)F)c3)[C@@H]2O)cn1,5.17
CC(C)(C)Cn1ncn(-c2ccc(C(F)(F)C(O)(Cn3cnnn3)c3ccc(F)cc3F)nc2)c1=O,4.3
CC(C)(C)N(NC(=O)Nc1ccc(Cl)c(Cl)c1)C(=O)c1ccccc1,4.85
CC(C)(C)N(NC(=O)Nc1ccccc1)C(=O)c1ccccc1Cl,4.85
CC(C)(C)N(NC(=O)c1ccccc1)C(=O)c1cccc(C(=O)N(NC(=O)c2ccccc2)C(C)(C)C)c1,5.4
CC(C)(C)N1C(=O)[C@H]2[C@H]3[C@H](O)[C@H](O)C/C(=N/OC[C@@H](O)COCc4ccco4)[C@@H]3CC[C@@H]2C1=O,5.3
CC(C)(C)N1C(=O)[C@H]2[C@H]3[C@H](O)[C@H](O)C/C(=N/OC[C@@H](O)COCc4ccco4)[C@H]3CC[C@@H]2C1=O,5.4
CC(C)(C)N=C(S)Nc1ccc(Nc2ccccc2)cc1,4.95
CC(C)(C)NC(=O)C(Cc1ccccc1)NS(=O)(=O)c1ccc2c(c1)CCC(=O)N2,5.5
CC(C)(C)NC(=O)C(c1ccc(I)cc1)N(CCN1CCOCC1)C(=O)CCCNC(=O)c1ccccc1,5.4
CC(C)(C)NC(=O)C(c1ccccn1)N(C(=O)C1CSC(=O)C1)c1ccc(F)cc1,6.1
CC(C)(C)NC(=O)C(c1cccnc1)N(C(=O)c1ccco1)c1ccc(C(C)(C)C)cc1,5.77
CC(C)(C)NC(=O)C1(C2CCCCC2)CCN(C(=O)[C@@H](Cc2ccc(Cl)cc2)NC(=O)[C@H]2CCc3ccccc3[C@H]2N)CC1,4.64
CC(C)(C)NC(=O)C1Cc2ccccc2CN1C(=O)Nc1ccccc1Cl,4.6
CC(C)(C)NC(=O)CN(Cc1cccs1)C(=O)C1COc2ccccc2O1,5.6
CC(C)(C)NC(=O)CN(Cc1cccs1)C(=O)CCC(=O)Nc1nccs1,5.35
CC(C)(C)NC(=O)COC(=O)c1cncc(Br)c1,4.8
CC(C)(C)NC(=O)CSc1nnc(Cc2ccc3c(c2)OCO3)n1C1CCCCC1,6.35
CC(C)(C)NC(=O)Cn1nnc(-c2ccccc2NC(=O)c2cnccn2)n1,5.4
CC(C)(C)NC(=O)[C@@H]1CC[C@@H]2[C@@H]3CC[C@@H]4NC(=O)C=C[C@@]4(C)[C@H]3CC[C@]21C,4.9
CC(C)(C)NC(=O)[C@@H]1CN(C(C)(C)c2cc3cnccc3o2)CCN1C[C@@H](O)C[C@@H](Cc1ccccc1)C(=O)N[C@H]1c2ccccc2OC[C@H]1O,6.51
CC(C)(C)NC(=O)[C@@H]1CN(Cc2cccnc2)CCN1C[C@@H](O)C[C@@H](Cc1ccccc1)C(=O)N[C@H]1c2ccccc2C[C@H]1O.O,6.82
CC(C)(C)NC(=O)[C@@H]1CN(Cc2cnc3occc3c2)CCN1C[C@@H](O)C[C@@H](Cc1ccccc1)C(=O)N[C@H]1c2ccccc2C[C@H]1O,5.12
CC(C)(C)NC(=O)[C@@H]1C[C@@H]2CCCC[C@@H]2CN1C[C@@H](O)[C@H](Cc1ccccc1)NC(=O)[C@H](CC(N)=O)NC(=O)c1ccc2ccccc2n1,6.19
CC(C)(C)NC(=O)[C@@H]1C[C@@H]2CCCC[C@@H]2CN1C[C@@H](O)[C@H](Cc1ccccc1)NC(=O)[C@H](CC(N)=O)NC(=O)c1ccc2ccccc2n1.CS(=O)(=O)O,5.4
CC(C)(C)NC(=O)[C@@H]1C[C@H]2CCCC[C@@H]2CN1C[C@H](O)[C@H](Cc1ccccc1)NC(=O)[C@@H](CC(N)=O)NC(=O)c1ccc2ccccc2n1.CS(=O)(=O)O,4.9
CC(C)(C)NC(=O)[C@H]1CC[C@H]2[C@@H]3CC[C@H]4NC(=O)C=C[C@]4(C)[C@H]3CC[C@]12C,5.7
CC(C)(C)NCC(O)c1cc(Cl)c(N)c(Cl)c1.Cl,4.8
CC(C)(C)NC[C@@H](O)COc1cccc2[nH]c(C#N)cc12,4.6
CC(C)(C)NC[C@H](O)COc1nsnc1N1CCOCC1,4.7
CC(C)(C)NC[C@H](O)c1cc(O)cc(O)c1,6.3
CC(C)(C)NS(=O)(=O)c1ccc(NC(=O)C(Sc2ccccc2)c2ccccc2)cc1,4.85
CC(C)(C)NS(=O)(=O)c1ccc(NC(=O)NC2CCCCC2)cc1,4.7
CC(C)(C)NS(=O)(=O)c1ccc(NS(=O)(=O)c2ccc(F)cc2)cc1,4.8
CC(C)(C)OC(=O)N1CCC(n2ncc3c(Nc4ccc(S(C)(=O)=O)cc4F)ncnc32)CC1,5.51
CC(C)(C)OC(=O)N1CCC(n2ncc3c(Oc4ccc(S(C)(=O)=O)cc4)ncnc32)CC1,5.51
CC(C)(C)OC(=O)N1CCCC1C(=O)NCCc1ccccc1,4.6
CC(C)(C)OC(=O)NC(CSC(Cc1cccc2ccccc12)C(=O)NCCc1cccnc1)Cc1cccc2ccccc12,6.66
CC(C)(C)OC(=O)NC(CSC(Cc1cccc2ccccc12)C(=O)NCc1cccnc1)Cc1cccc2ccccc12,6.61
CC(C)(C)OC(=O)NC(CSCC(Nc1ccccc1)C(=O)NCc1cccnc1)Cc1cccc2ccccc12,7.26
CC(C)(C)OC(=O)NCCCCCC(=O)NCc1cccnc1,4.12
CC(C)(C)OC(=O)NCCc1nnc(SCC(=O)Nc2cccc(Cl)c2)o1,4.95
CC(C)(C)OC(=O)NC[C@H]1CC[C@H](CNC(=O)c2cc(-c3cccc(CN)c3)nc3ccccc23)CC1,5.62
CC(C)(C)OC(=O)N[C@@H](CSCC(Nc1ccccc1)C(=O)NCc1cccnc1)Cc1c[nH]c2ccccc12,7.07
CC(C)(C)OC(=O)N[C@@H](CS[C@@H](Cc1ccccc1)C(=O)NCCc1cccnc1)Cc1c[nH]c2ccccc12,6.76
CC(C)(C)OC(=O)N[C@@H](CS[C@@H](Cc1ccccc1)C(=O)NCCc1cccnc1)Cc1cccc2ccccc12,6.45
CC(C)(C)OC(=O)N[C@@H](CS[C@@H](Cc1ccccc1)C(=O)NCCc1cccnc1)Cc1ccccc1,6.51
CC(C)(C)OC(=O)N[C@@H](CS[C@H](Cc1ccccc1)C(=O)NCCc1cccnc1)Cc1ccccc1,6.51
CC(C)(C)OC(=O)N[C@H](CSCC(Nc1ccccc1)C(=O)NCc1cccnc1)Cc1c[nH]c2ccccc12,6.4350000000000005
CC(C)(C)OC(=O)N[C@H](CSCCC(=O)NCc1cccnc1)CC1CCCCC1,4.76
CC(C)(C)OC(=O)N[C@H](CSCCC(=O)NCc1cccnc1)Cc1c[nH]c2ccccc12,6.49
CC(C)(C)OC(=O)N[C@H](CSCCC(=O)NCc1cccnc1)Cc1ccccc1,6.165
CC(C)(C)OC(=O)N[C@H](CS[C@@H](Cc1ccccc1)C(=O)NCCc1cccnc1)Cc1ccccc1,6.51
CC(C)(C)OC(=O)N[C@H](CS[C@H](Cc1ccccc1)C(=O)NCCc1cccnc1)Cc1c[nH]c2ccccc12,6.99
CC(C)(C)OC(=O)N[C@H](CS[C@H](Cc1ccccc1)C(=O)NCCc1cccnc1)Cc1cccc2ccccc12,7.12
CC(C)(C)OC(=O)N[C@H](CS[C@H](Cc1ccccc1)C(=O)NCCc1cccnc1)Cc1ccccc1,6.51
CC(C)(C)OC(=O)N[C@H](Cc1c(F)ccc(F)c1F)C(=O)NCc1nc2cccnc2n1C1(c2ccccc2)CC1,5.41
CC(C)(C)OC(=O)N[C@H](Cc1c(F)cccc1C(F)(F)F)C(=O)NCc1nc2cccnc2n1C1(c2ccccc2)CC1,5.47
CC(C)(C)OC(=O)N[C@H](Cc1c(F)cccc1Cl)C(=O)NCc1nc2cccnc2n1C1(c2ccccc2)CC1,5.28
CC(C)(C)OC(=O)N[C@H](Cc1c(F)cccc1F)C(=O)NCc1nc2cccnc2n1C1(c2ccccc2)CC1,5.21
CC(C)(C)OC(=O)N[C@H](Cc1cc(F)ccc1Cl)C(=O)NCc1nc2cccnc2n1C1(c2ccccc2)CC1,5.7
CC(C)(C)OC(=O)N[C@H](Cc1cccc(Cl)c1)C(=O)NCc1nc2cccnc2n1C1(c2ccccc2)CC1,5.62
CC(C)(C)OC(=O)N[C@H](Cc1cccc(F)c1C(F)(F)F)C(=O)NCc1nc2cccnc2n1C1(c2ccccc2)CC1,6.09
CC(C)(C)OC(=O)N[C@H](Cc1cccc(F)c1F)C(=O)NCc1nc2cccnc2n1C1(c2ccccc2)CC1,5.34
CC(C)(C)OC(=O)N[C@H](Cc1ccccc1)C(=O)NCc1nc2cccnc2n1C1(c2ccccc2)CC1,5.22
CC(C)(C)OC(=O)N[C@H](Cc1ccccc1C(F)(F)F)C(=O)NCc1nc2cccnc2n1C1(c2ccccc2)CC1,6.09
CC(C)(C)OC(=O)N[C@H](Cc1ccccc1C(F)(F)F)C(=O)NCc1nc2cccnc2n1CC(F)(F)C(F)(F)F,6.01
CC(C)(C)OC(=O)N[C@H](Cc1ccccc1C(F)(F)F)C(=O)NCc1nc2cccnc2n1CC1CC1,5.61
CC(C)(C)OC(=O)N[C@H](Cc1ccccc1C(F)(F)F)C(=O)NCc1nc2cccnc2n1Cc1ccccc1,6.01
CC(C)(C)OC(=O)N[C@H](Cc1ccccc1OC(F)(F)F)C(=O)NCc1nc2cccnc2n1C1(c2ccccc2)CC1,5.89
CC(C)(C)OC(=O)Nc1cccc(CCNC(=O)CC2(C)CC3(CCCCC3)OO2)c1,6.0
CC(C)(C)S(=O)(=O)C[C@H](C1CC1)N1C(=O)[C@@](C)(CC(=O)O)C[C@H](c2cccc(Cl)c2)[C@H]1c1ccc(Cl)c(F)c1,9.99
CC(C)(C)S(=O)(=O)C[C@H](C1CC1)N1C(=O)[C@@](C)(CC(=O)O)C[C@H](c2cccc(Cl)c2)[C@H]1c1ccc(Cl)cc1,10.02
CC(C)(C)S(=O)(=O)C[C@H](C1CC1)N1C(=O)[C@@](C)(CC(N)=O)C[C@H](c2cccc(Cl)c2)[C@H]1c1ccc(Cl)cc1,7.33
CC(C)(C)S(=O)(=O)C[C@H](C1CC1)N1C(=O)[C@@](C)(CS(N)(=O)=O)C[C@H](c2cccc(Cl)c2)[C@H]1c1ccc(Cl)cc1,6.3
CC(C)(C)S(=O)(=O)C[C@H](C1CC1)N1C(=O)[C@@](C)(Cc2ccccc2)C[C@H](c2cccc(Cl)c2)[C@H]1c1ccc(Cl)cc1,5.77
CC(C)(C)S(=O)(=O)C[C@H](C1CC1)N1C(=O)[C@@](C)(Cc2ccccn2)C[C@H](c2cccc(Cl)c2)[C@H]1c1ccc(Cl)cc1,6.16
CC(C)(C)S(=O)(=O)C[C@H](C1CC1)N1C(=O)[C@@](C)(Cc2ncc(C(=O)CO)s2)C[C@H](c2cccc(Cl)c2)[C@H]1c1ccc(Cl)cc1,6.1
CC(C)(C)S(=O)(=O)c1cnc2c(-c3ccc(F)cc3)cnn2c1N,5.1
CC(C)(C)Sc1c(CC(C)(C)C(=O)O)n(Cc2ccc(-c3cccnc3)cc2)c2ccc(OCc3ccccn3)cc12,8.33
CC(C)(C)Sc1c(CC(C)(C)C(=O)O)n(Cc2ccc(-c3nccs3)cc2)c2ccc(OCc3ccccn3)cc12,8.85
CC(C)(C)Sc1c(CC(C)(C)C(=O)O)n(Cc2ccc(Cl)cc2)c2ccc(OCc3ccc4ccccc4n3)cc12,6.76
CC(C)(C)Sc1c(CC(C)(C)C(=O)O)n(Cc2ccc(Cl)cc2)c2ccc(OCc3ccccn3)cc12,7.94
CC(C)(C)[C@@H](O)C(=O)N1C[C@@H]2C[C@@H]2[C@H]1C(=O)NCc1cc(Cl)ccc1-n1cnnn1,4.33
CC(C)(C)[C@@H]1COC[C@H](COC(=O)N2CCC(CO)CC2)N1S(=O)(=O)c1ccc(Cl)cc1,8.15
CC(C)(C)[C@@H]1COC[C@H](COC(=O)N2CCN(C(C)(C)CO)CC2)N1S(=O)(=O)c1ccc(Cl)cc1,7.62
CC(C)(C)[C@@H]1OCCC[C@@H]1CNc1cc(F)c(S(=O)(=O)Nc2nccs2)cc1Cl,5.26
CC(C)(C)[C@@]1(O)CCN2C[C@@H]3c4ccccc4CCc4cccc(c43)[C@@H]2C1,4.75
CC(C)(C)[C@H](NC(=O)C(F)(F)F)C(=O)N1C[C@H]2[C@@H]([C@H]1C(=O)N[C@H](C#N)C[C@@H]1CCNC1=O)C2(C)C,4.33
CC(C)(C)[C@H]1OCCC[C@@H]1CNc1cc(F)c(S(=O)(=O)Nc2nccs2)cc1Cl,5.31
CC(C)(C)[Si](C)(C)O[C@H]1C=C2CCN3Cc4cc5c(cc4[C@H]([C@@H]1O)[C@@H]23)OCO5,6.59
CC(C)(C)[Si](C)(C)c1c2c(nc3ccc(OCc4ccccc4)cc13)-c1cccc(=O)n1C2,4.8
CC(C)(C)[Si](OCC[C@@H]1C[C@@]1(C)[C@@H](NP(=O)(c1ccccc1)c1ccccc1)c1ccccc1)(c1ccccc1)c1ccccc1,4.9
CC(C)(C)c1[nH]nc2c1C(c1ccc(OC(=O)c3ccco3)cc1)C(C#N)=C(N)O2,5.65
CC(C)(C)c1cc(/C=C(\C#N)C(N)=S)cc(C(C)(C)C)c1O,5.4
CC(C)(C)c1cc(/C=N/n2cnnc2)cc(C(C)(C)C)c1O,5.6
CC(C)(C)c1cc(C(=O)/C=C/c2ccc(C(=O)O)cc2)cc(C(C)(C)C)c1,4.7
CC(C)(C)c1cc(C=C(C#N)C#N)cc(C(C)(C)C)c1O,5.5
CC(C)(C)c1cc(NC(=O)Nc2ccc(Nc3ncnc4ccccc34)cc2)n(-c2cccc(N)c2)n1,4.83
CC(C)(C)c1cc(Nc2ccc(Cl)cc2Cl)ncc1C(=O)NCC1CCOCC1,4.19
CC(C)(C)c1cc2cccnc2n1Cc1cccc(F)c1,4.8
CC(C)(C)c1cc2cccnc2n1Cc1ccccc1,4.8
CC(C)(C)c1ccc(-c2nnc(SCC(=O)c3ccc4c(c3)OCCO4)o2)cc1,4.4
CC(C)(C)c1ccc(-c2nnc(SCc3ccc(Cl)cc3)n2-c2cccc(C(F)(F)F)c2)cc1,5.5
CC(C)(C)c1ccc(C(=O)NCCC(=O)NCc2ccco2)cc1,4.85
CC(C)(C)c1ccc(C(=O)c2c[nH]c(C(=O)NCCCn3ccnc3)c2)cc1,6.55
CC(C)(C)c1ccc(C(O)CCCN2CCC(C(O)(c3ccccc3)c3ccccc3)CC2)cc1,6.5
CC(C)(C)c1ccc(C2CC2C(=O)N/N=C\c2cc3ccccc3nc2Cl)cc1,4.8
CC(C)(C)c1ccc(CN(Cc2ccco2)Cc2nnnn2C2CCCC2)cc1,5.85
CC(C)(C)c1ccc(COC(=O)CNC(=O)CNC(=O)Cc2ccccc2)cc1,4.9
CC(C)(C)c1ccc(NS(=O)(=O)c2ccc(N)cc2)cc1,6.0
CC(C)(C)c1ccc(OC2C(O)COC2/C=C/C#Cc2ccccc2)cc1,5.45
CC(C)(C)c1ccc(OC2C=CC(C#Cc3ccccc3)OC2CO)cc1,5.5
CC(C)(C)c1ccc(OCC(=O)NNC(=O)Cc2cccs2)cc1,5.4
CC(C)(C)c1ccc(S(=O)(=O)/C=C\C#N)cc1,4.6
CC(C)(C)c1ccc(S(=O)(=O)N2CC3CC(C2)c2cccc(=O)n2C3)cc1,4.85
CC(C)(C)c1ccc(SCC(c2c[nH]cn2)C2CCNCC2)cc1,5.19
CC(C)(C)c1ccc(SCC(c2ccccn2)c2c[nH]cn2)cc1,6.57
CC(C)(C)c1ccc(SCCc2c[nH]cn2)cc1,6.33
CC(C)(C)c1cccc(CN[C@H]2CS(=O)(=O)C[C@@H](Cc3cc(F)c(N)c(OC(C(F)(F)F)C(F)(F)F)c3)[C@@H]2O)c1,6.52
CC(C)(C)c1cccc(CN[C@H]2C[S@+]([O-])C[C@@H](Cc3cc(F)c(N)c(OCC(F)(F)F)c3)[C@@H]2O)c1,6.52
CC(C)(C)c1cccc(CN[C@H]2C[S@+]([O-])C[C@@H](Cc3cc(F)c(N)c(O[C@H](CO)C(F)(F)F)c3)[C@@H]2O)c1,6.05
CC(C)(C)c1cccc(Oc2nn[nH]n2)c1,4.65
CC(C)(C)c1ccnc(CN[C@H]2CS(=O)(=O)C[C@@H](Cc3cc(F)c(N)c(OC(C(F)(F)F)C(F)(F)F)c3)[C@@H]2O)c1,6.4
CC(C)(C)c1nc(SCC(=O)Nc2ccc(N3CCOCC3)cc2)c2ccccc2n1,6.0
CC(C)(C)c1nc(SCC(=O)Nc2ccc3c(c2)OCCO3)c2ccccc2n1,5.15
CC(C)(C)c1nc2ccccc2c2nnc(SCC(=O)Nc3nc4ccccc4s3)n12,5.2
CC(C)(C)n1nc(C2CC2)cc1NC(=O)Nc1ccc(Cl)cc1,5.4
CC(C)(C)n1nc2c(c1NC(=O)c1ccc(S(=O)(=O)N3CCCCC3)cc1)C[S+]([O-])C2,4.85
CC(C)(C)n1ncc2c(=O)n(Cc3ccc(Cl)cc3Cl)cnc21,4.75
CC(C)(C)n1nnnc1C(NCCNc1ccnc2cc(Cl)ccc12)c1ccc(Cl)cc1,7.1
CC(C)(C)n1nnnc1C(c1cccc(Nc2ccnc3cc(Cl)ccc23)c1)N1CCCC1,5.84
CC(C)(C)n1nnnc1C(c1cccnc1)N(Cc1ccccc1)Cc1ccco1,6.1
CC(C)(C1CCN(C(=O)c2cc(F)ccc2S(C)(=O)=O)CC1)S(=O)(=O)c1cccc(C(F)(F)F)c1,5.0
CC(C)(C1CCN(C(=O)c2ccc(S(C)(=O)=O)cc2OC(F)(F)F)CC1)S(=O)(=O)c1cccc(C(F)(F)F)c1,5.0
CC(C)(C=O)Cc1cc(C(C)(C)C)c(O)c(C(C)(C)C)c1,4.9
CC(C)(CC(=O)N1CCN(c2ccc(Cl)cc2)CC1)CC1=NS(=O)(=O)c2ccccc2N1,5.6
CC(C)(CC(O)(Cc1cc2cc(N3CCOCC3)ncc2[nH]1)C(F)(F)F)c1ccc(F)cc1,7.0
CC(C)(CC(O)(Cc1cc2cc(N3CCOCC3)ncc2[nH]1)C(F)(F)F)c1cccc(C(N)=O)c1,5.7
CC(C)(CC(O)(Cc1cc2cc(N3CCOCC3)ncc2[nH]1)C(F)(F)F)c1cccc(F)c1,7.0
CC(C)(CC(O)(Cc1cc2cc(N3CCOCC3)ncc2[nH]1)C(F)(F)F)c1cccc(O)c1,5.4
CC(C)(CC(O)(Cc1cc2cc(N3CCOCC3)ncc2[nH]1)C(F)(F)F)c1cccc(S(C)(=O)=O)c1,6.16
CC(C)(CC(O)(Cc1cc2cc(N3CCOCC3)ncc2[nH]1)C(F)(F)F)c1cccc(S(N)(=O)=O)c1,5.7
CC(C)(CC(O)(Cc1cc2cc(N3CCOCC3)ncc2[nH]1)C(F)(F)F)c1ccccc1,7.0
CC(C)(CC(O)(Cc1cc2cc(N3CCOCC3)ncc2[nH]1)C(F)(F)F)c1ccccc1C(N)=O,5.52
CC(C)(CC(O)(Cc1cc2cc(N3CCOCC3)ncc2[nH]1)C(F)(F)F)c1ccccc1S(C)(=O)=O,8.0
CC(C)(CC(O)(Cc1cc2cc(N3CCOCC3)ncc2[nH]1)C(F)(F)F)c1ccccc1S(N)(=O)=O,6.3
CC(C)(CC(O)(Cc1cc2cc(S(C)(=O)=O)ncc2[nH]1)C(F)(F)F)c1ccc(Cl)cc1C(N)=O,4.82
CC(C)(CC(O)(Cc1cc2cc(S(C)(=O)=O)ncc2[nH]1)C(F)(F)F)c1ccc(F)cc1C(N)=O,5.52
CC(C)(CC(O)(Cc1cc2cc(S(C)(=O)=O)ncc2[nH]1)C(F)(F)F)c1cccc2c1S(=O)(=O)CC2,5.7
CC(C)(CC(O)(Cc1cc2cc(S(C)(=O)=O)ncc2[nH]1)C(F)(F)F)c1ccccc1S(N)(=O)=O,4.82
CC(C)(CCN(C[C@H]1Cc2ccccc2CN1)[C@H]1CCCc2cccnc21)CNC1CCC(F)(F)CC1,5.25
CC(C)(CCN(C[C@H]1Cc2ccccc2CN1)[C@H]1CCCc2cccnc21)CNC1CCOCC1,4.75
CC(C)(CCN)CN(C[C@H]1Cc2ccccc2CN1)[C@H]1CCCc2cccnc21,4.97
CC(C)(CN)SCc1ccccc1,5.3
CC(C)(CNC(=O)c1ccc([N+](=O)[O-])c(Cl)c1)CNC(=O)c1ccc([N+](=O)[O-])c(Cl)c1,5.05
CC(C)(CO)Cc1cc(C(C)(C)C)c(O)c(C(C)(C)C)c1,5.6
CC(C)(CO)N1CCN(C(=O)CC2([C@H]3CCC[C@@H](C4CC4)N3S(=O)(=O)c3ccc(Cl)cc3)CC2)CC1,5.82
CC(C)(CO)N1CCN(C(=O)CC2([C@H]3COC[C@@H](C4CC4)N3S(=O)(=O)c3ccc(Cl)cc3)CC2)CC1,5.72
CC(C)(CO)N1CCN(C(=O)CC2([C@H]3C[C@@H](O)C[C@@H](C4CC4)N3S(=O)(=O)c3ccc(Cl)cc3)CC2)CC1,4.96
CC(C)(CO)N1CCN(C(=O)OC2([C@H]3CCC[C@@H](C4CC4)N3S(=O)(=O)c3ccc(Cl)cc3)CC2)CC1,6.4
CC(C)(CO)N1CCN(C(=O)OC2([C@H]3CCC[C@@H](c4cc(F)cc(F)c4)N3S(=O)(=O)c3ccc(Cl)cc3)CC2)CC1,6.4
CC(C)(CO)N1CCN(C(=O)OC2([C@H]3C[C@@H](O)C[C@@H](C4CC4)N3S(=O)(=O)c3ccc(Cl)cc3)CC2)CC1,4.71
CC(C)(CO)c1cccc(CN[C@H]2CS(=O)(=O)C[C@@H](Cc3cc(F)c(N)c(OC(C(F)(F)F)C(F)(F)F)c3)[C@@H]2O)c1,6.1
CC(C)(Cc1c[nH]c2ccc(Cl)cc12)NCCOc1ccccc1OCC1CC1,4.8
CC(C)(F)CN1CCC(N(c2ccc(C(F)(F)F)cc2)c2cccnc2)CC1,4.8
CC(C)(N)C(=O)N[C@H](COCc1ccccc1)c1nnnn1[C@H](CC#N)COc1ccccc1O,5.135
CC(C)(N)C(=O)N[C@H](COCc1ccccc1)c1nnnn1[C@H](CC#N)COc1ccccn1,4.595000000000001
CC(C)(NCCCc1cc(-c2cccc(C(F)(F)F)c2)nc(C#N)n1)C(N)=O,4.46
CC(C)(O)/C=C\C(=O)[C@](C)(O)[C@H]1[C@H](O)C[C@]2(C)[C@@H]3CC=C4[C@@H](C=C(O)C(=O)C4(C)C)[C@]3(C)C(=O)C[C@@]12C,6.4
CC(C)(O)C#Cc1ccc(C(=O)NCc2cccs2)s1,4.55
CC(C)(O)C(=O)N[C@@H]1CC[C@@]2(S(=O)(=O)c3ccc(F)cc3)c3ccc(C(F)(C(F)(F)F)C(F)(F)F)cc3CC[C@@H]12,4.96
CC(C)(O)C(=O)Nc1ccc([N+](=O)[O-])c(C(F)(F)F)c1,4.6
CC(C)(O)CC(=O)N1CCC(c2ccc(NC(=O)N3Cc4ccccc4C3)cc2)CC1,4.8
CC(C)(O)CC(=O)N[C@@H]1CC[C@@]2(S(=O)(=O)c3ccc(F)cc3)c3ccc(C(F)(C(F)(F)F)C(F)(F)F)cc3CC[C@@H]12,4.96
CC(C)(O)CC(=O)N[C@@H]1CC[C@@]2(S(=O)(=O)c3ccc(F)cc3)c3ccc(C(F)(C(F)(F)F)C(F)(F)F)nc3CC[C@@H]12,5.04
CC(C)(O)CN1CCC(N(c2ccc(C(F)(F)F)cc2)c2cccnc2)CC1,5.28
CC(C)(O)CN1C[C@H](C(=O)Nc2ccc(Cl)cc2)[C@@H](c2ccc(/C=C/C(=O)Nc3ccccc3N)cc2)C1,5.52
CC(C)(O)Cn1cc(-c2cnc3nc2N[C@H](CO)c2ccccc2OCCCCc2cc(ccc2C#N)N3)cn1,4.46
CC(C)(O)[C@@H]1C2OC(=O)[C@@H]1[C@]1(O)C[C@H]3O[C@]34C(=O)O[C@H]2[C@]14C,4.5
CC(C)(O)[C@H]1O[C@@H]2CC[C@]3(C)[C@@]4(C)c5[nH]c6ccccc6c5C[C@@H]4CC[C@]3(O)C2=CC1=O,4.8
CC(C)(O)c1cccc(CN[C@H]2CS(=O)(=O)C[C@@H](Cc3cc(F)c(N)c(OC(C(F)(F)F)C(F)(F)F)c3)[C@@H]2O)c1,5.68
CC(C)(O)c1cncc(-n2ncc3c(C(F)(F)F)cccc32)c1,4.37
CC(C)(Oc1ccc(Cl)cc1)C(=O)Nc1cccnc1,4.75
CC(C)(Oc1ccc(Cl)cc1)C(=O)Nc1ccncc1,6.1
CC(C)(Oc1ccc(Cl)cc1)C(=O)O,4.6
CC(C)(Sc1ccc(CCN(CCCCC2CCCCC2)C(=O)NC2CCCCC2)cc1)C(=O)O,5.4
CC(C)(c1cc(Br)c(O)c(Br)c1)c1cc(Br)c(O)c(Br)c1,4.8
CC(C)(c1ccc(-c2ccncc2)o1)N1CCN(C[C@@H](O)C[C@@H](Cc2ccccc2)C(=O)N[C@H]2c3ccccc3OC[C@H]2O)[C@H](C(=O)NCC(F)(F)F)C1,8.0
CC(C)(c1ccc(O)cc1)c1ccc(O)cc1,4.9
CC(C)(c1ccccc1)c1ccc(O)cc1,4.7
CC(C)(c1ncc(-c2ccccn2)o1)N1CCN(C[C@@H](O)C[C@@H](Cc2ccccc2)C(=O)N[C@H]2c3ccccc3OC[C@H]2O)[C@H](C(=O)NCC(F)(F)F)C1,5.3
CC(C)(c1ncc(-c2cccnc2)o1)N1CCN(C[C@@H](O)C[C@@H](Cc2ccccc2)C(=O)N[C@H]2c3ccccc3OC[C@H]2O)[C@H](C(=O)NCC(F)(F)F)C1,6.96
CC(C)(c1ncc(-c2cnccc2Cl)o1)N1CCN(C[C@@H](O)C[C@@H](Cc2ccccc2)C(=O)N[C@H]2c3ccccc3OC[C@H]2O)[C@H](C(=O)NCC(F)(F)F)C1,7.4
CC(C)/C(O)=C1/C(=O)OC(c2ccoc2)[C@@]2(C)C(O)C(O)[C@@]34OC5(C)OC67CC(C)(C(O)[C@@]6(O)C(O)[C@@]3(O5)C12)C(CC(=O)O)[C@@]74C,4.9
CC(C)/N=c1\scc(-c2ccco2)n1/N=C/c1ccc(O)c(O)c1,4.9
CC(C)=C(c1ccncc1)c1ccc(-c2ccc(N)c(N)c2)cc1,5.75
CC(C)=C(c1ccncc1)c1ccc(-c2ccc(O)c(F)c2)cc1,4.75
CC(C)=C(c1ccncc1)c1ccc(-c2ccc(O)c(O)c2)cc1,6.33
CC(C)=C(c1ccncc1)c1ccc(-c2cccc(N)c2)cc1,5.88
CC(C)=C(c1ccncc1)c1ccc(-c2cccc(O)c2)cc1,6.14
CC(C)=C1C(=O)C(c2ccccc2)=C2CN3C(=O)N(CCc4ccccc4)C(=O)[C@]3(C)[C@H]21,5.3
CC(C)=C1C(=O)C(c2ccccc2)=C2CN3C(=O)N(CCc4ccccc4)C(=O)[C@]3(Cc3ccc(C(F)(F)F)cc3)[C@H]21,5.0
CC(C)=C1C(=O)C(c2ccccc2)=C2CN3C(=O)N(CCc4ccccc4)C(=O)[C@]3(Cc3ccccc3)[C@H]21,5.3
CC(C)=CCC/C(C)=C/C=C/C1=CC2(C)CC1(C)C(/C=C(\C)CCC=C(C)C)CC2=O,5.4
CC(C)=CCC/C(C)=C/CC/C(C)=C/CC/C(C)=C/C[C@@H]1C(=O)c2ccccc2C(=O)[C@@H]1C,4.9
CC(C)=CCC/C(C)=C/CC/C(C)=C/CO,4.9
CC(C)=CCC/C(C)=C/CC/C(C)=C/CSc1ccccc1C(=O)O,4.5
CC(C)=CCC/C(C)=C/CO,4.8
CC(C)=CCC/C(C)=C/CO/N=C1/C[C@@H](O)[C@@H](O)[C@@H]2[C@@H]3C(=O)N(C[C@@H]4CCCO4)C(=O)[C@H]3CC[C@H]12,5.3
CC(C)=CCC/C(C)=C/CO/N=C1/C[C@@H](O)[C@@H](O)[C@@H]2[C@@H]3C(=O)N(Cc4ccc5c(c4)OCO5)C(=O)[C@H]3CC[C@@H]12,5.8
CC(C)=CCC/C(C)=C/CO/N=C1/C[C@@H](O)[C@@H](O)[C@@H]2[C@@H]3C(=O)N(Cc4ccc5c(c4)OCO5)C(=O)[C@H]3CC[C@H]12,5.8
CC(C)=CCC/C(C)=C/CO/N=C1/C[C@@H](O)[C@@H](O)[C@@H]2[C@@H]3C(=O)N(Cc4ccccc4)C(=O)[C@H]3CC[C@H]12,5.5
CC(C)=CCC/C(C)=C/CO/N=C1/C[C@@H](O)[C@@H](O)[C@@H]2[C@@H]3C(=O)N([C@@H](C)c4ccccc4)C(=O)[C@H]3CC[C@@H]12,5.4
CC(C)=CCC/C(C)=C/CO/N=C1/C[C@@H](O)[C@@H](O)[C@@H]2[C@@H]3C(=O)N([C@@H](C)c4ccccc4)C(=O)[C@H]3CC[C@H]12,5.4
CC(C)=CCC/C(C)=C/CO/N=C1/C[C@@H](O)[C@@H](O)[C@@H]2[C@@H]3C(=O)N(c4cccc(Oc5ccccc5)c4)C(=O)[C@H]3CC[C@H]12,5.4
CC(C)=CCC/C(C)=C/CO/N=C1/C[C@@H](O)[C@@H](O)[C@@H]2[C@H]3C(=O)N(c4ccc(F)cc4F)C(=O)[C@@H]3CC[C@@H]12,5.4
CC(C)=CCC/C(C)=C/CO/N=C1/C[C@@H](O)[C@@H](O)[C@@H]2[C@H]3C(=O)N(c4ccc(F)cc4F)C(=O)[C@@H]3CC[C@H]12,5.4
CC(C)=CCC/C(C)=C/CO/N=C1/[C@H]2O[C@@H]2[C@@H](O)[C@H]2[C@H]1CCn1c(=O)n(Cc3cc4c(cc3Cl)OCO4)c(=O)n12,5.4
CC(C)=CCC/C(C)=C/COc1c2ccoc2cc2oc(=O)ccc12,5.365
CC(C)=CCC/C(C)=C/COc1c2occc2cc2ccc(=O)oc12,5.9
CC(C)=CCC/C(C)=C/COc1ccc2ccc(=O)oc2c1,4.4
CC(C)=CCC/C(C)=C\COc1c2ccoc2cc2oc(=O)ccc12,6.1
CC(C)=CCC1(CC=C(C)C)C(=O)C(C(=O)c2ccccc2)=C2OC(C)(C)CCC2(CC=C(C)C)C1=O,5.4
CC(C)=CCC1=C(O)C(=O)c2ccccc2C1=O,4.6
CC(C)=CCCC(C)C1CC[C@@]2(C)C3=C(CC[C@@]12C)C1(C)CCC(O)C(C)(C)C1CC3,4.8
CC(C)=CCCC1(C)C=Cc2c(O)c3c(c(CC=C(C)C)c2O1)OC12C(=CC4CC1C(C)(C)OC2(C/C=C(/C)C(=O)O)C4=O)C3=O,4.4
CC(C)=CCCC1(C)C=Cc2c(O)c3c(c(CC=C(C)C)c2O1)OC12C(=CC4CC1C(C)(C)OC2(C/C=C(/C)C(=O)O)C4O)C3=O,4.7
CC(C)=CCC[C@](C)(O)C1CC=C(C)CC1,4.4
CC(C)=CCC[C@]1(C)[C@@H](CC=C(C)C)C[C@]2(CC=C(C)C)C(=O)C(CC=C(C)C)=C(O)[C@@]1(C(=O)C(C)C)C2=O,5.64
CC(C)=CCOc1c2occc2cc2ccc(=O)oc12,5.3
CC(C)=CCOc1cc2oc(=O)ccc2cc1O,4.4
CC(C)=CCc1c(O)cc(O)c2c1O[C@H](c1ccccc1)CC2=O,4.9
CC(C)=CCc1c(O)cc2occ(-c3ccc4c(c3)OCO4)c(=O)c2c1O,5.4
CC(C)=CCc1c2c(c(O)c3c(=O)c(O)c(-c4ccccc4)oc13)C=CC(C)(C)O2,4.8
CC(C)=CCc1c2c(c3occ(-c4ccc(O)c(O)c4)c(=O)c3c1O)C=CC(C)(C)O2,4.5
CC(C)=CCc1c2c(c3occ(-c4ccc(O)cc4)c(=O)c3c1O)C=CC(C)(C)O2,4.6
CC(C)=CCn1c(N2CCC[C@H](N)C2)c(C#N)c2ncn(Cc3nccc4ccccc34)c(=O)c21,5.77
CC(C)=C[C@H]1[C@@H](C(=O)OCc2cc3c(cc2Cl)OCO3)C1(C)C,6.5
CC(C)=C[C@H]1[C@@H](COC(=O)c2cc3c(cc2Cl)OCO3)C1(C)C,5.5
CC(C)=NOCc1cccc(-c2cc(-c3ccccc3)no2)c1,5.2
CC(C)=NO[C@@H](C)CN1CCCCc2nc(C)c(C)cc21,5.4
CC(C)=NO[C@@H](C)c1cc(-c2c(C)cc(C)cc2C)no1,5.5
CC(C)C(=O)N(Cc1cc(=O)[nH]c2c(F)cccc12)c1cccc(Cl)c1,5.12
CC(C)C(=O)N(Cc1cccc(Cl)c1Cl)[C@H]1CCNC1,4.75
CC(C)C(=O)N1C2CCC1CC(O)(c1ccc(F)cc1)C2,4.65
CC(C)C(=O)N1CCC(c2ccc(C(=O)NC(=N)N)cc2C(F)(F)F)CC1,6.4
CC(C)C(=O)N1CCN(c2ccccc2NC(=O)c2cccc(Cl)c2)CC1,4.9
CC(C)C(=O)NCCc1nc2ccccc2n1CCCOc1ccc(Cl)cc1,4.95
CC(C)C(=O)NCCn1ccc2ccccc21,4.9
CC(C)C(=O)N[C@@H]1CCCN1C(=O)/C=C\c1ccccc1,5.6
CC(C)C(=O)Nc1cc2c(cc1C(=O)c1ccccc1)OCCO2,4.65
CC(C)C(=O)Nc1ccc(C(=O)NNC(=O)C(c2ccccc2)c2ccccc2)cc1,5.35
CC(C)C(=O)Nc1ccc([N+](=O)[O-])c(C(F)(F)F)c1,5.3
CC(C)C(=O)Nc1sc2c(c1-c1nc3ccccc3[nH]1)CCCC2,4.95
CC(C)C(=O)c1c(C(C)C)nn2ccccc12,5.1
CC(C)C(C(=O)NCC1CCCO1)N(Cc1ccco1)C(=O)CNS(=O)(=O)c1ccc(F)cc1,5.3
CC(C)C(C(=O)O)N1C(=O)/C(=C/C=C/c2ccco2)SC1=S,4.5
CC(C)C(C)/C=C/C(C)C1CCC2C3=CCC4CC(=O)CC[C@@]4(C)C3CC[C@]21C,4.6
CC(C)C(CCNC(=O)CC(Cc1ccccc1)c1ccco1)c1ccco1,4.4
CC(C)C(NC(=O)C12CC3CC(CC(C3)C1)C2)C(=O)NC1=NCCS1,4.8
CC(C)C(NC(=O)C1CCCCC1)C(=O)NCc1ccccn1,4.8
CC(C)C(NC(=O)OC(C)(C)C)C(=O)N1CCCC1C(=O)NC(Cc1ccccc1)C(N)=O,4.8
CC(C)C(NC(=O)c1ccc2c(c1)OCO2)C(=O)N/N=C\c1ccco1,4.85
CC(C)C(NS(=O)(=O)c1cccc2nsnc12)C(=O)N1CCc2ccccc2C1,5.15
CC(C)C(NS(=O)(=O)c1cccs1)C(=O)NCCN1CCN(c2ccccc2)CC1,5.3
CC(C)C(NS(=O)(=O)c1cccs1)C(=O)Nc1nc(C(C)(C)C)cs1,5.0
CC(C)C(O)(C#CCN1CCCC1)c1ccccc1.Cl,4.85
CC(C)C(O)(c1ccc(-c2ccc(Cl)cc2)cc1)c1c[nH]cn1,5.12
CC(C)C(O)(c1ccc(-c2ccc(F)cc2)cc1)c1c[nH]cn1,5.28
CC(C)C(O)(c1ccc(-c2ccccc2)cc1)c1c[nH]cn1,5.43
CC(C)C(O)(c1ccc(-c2ccccn2)cc1)c1c[nH]cn1,5.28
CC(C)C(O)(c1ccc2c3c(ccc2c1)C(=O)NC3)c1c[nH]cn1,5.15
CC(C)C(O)(c1ccc2cc(-c3cccs3)ccc2c1)c1c[nH]nn1,4.09
CC(C)C(O)(c1ccc2cc(C(N)=O)ccc2c1)c1c[nH]cn1,5.43
CC(C)C(O)(c1ccc2cc(OC(F)F)c(OC(F)F)cc2c1)c1cnn[nH]1,4.64
CC(C)C(O)(c1ccc2cc(OC(F)F)ccc2c1)c1c[nH]nn1,4.85
CC(C)C(O)(c1ccc2cc(OCC(F)(F)F)c(OCC(F)(F)F)cc2c1)c1c[nH]nn1,4.6
CC(C)C(O)(c1ccc2cc3c(cc2c1)CN(C)C3=O)c1c[nH]cn1,5.27
CC(C)C(O)(c1cccc(-c2ccc(Cl)cc2)c1)c1c[nH]cn1,5.62
CC(C)C(O)(c1cccc(-c2ccc(F)cc2)c1)c1c[nH]cn1,5.68
CC(C)C(O)(c1cccc(-c2ccccc2)c1)c1c[nH]cn1,5.92
CC(C)C12CN3CC(C(C)C)(CN(C1)C3c1cccnc1)C2=O,5.65
CC(C)C1=CC2=CCC3[C@@](C)(CCC[C@@]3(C)C(=O)O)C2CC1,4.4
CC(C)C1=Nc2cccc3cccc(c23)N1.Cl,4.95
CC(C)C1C(=O)N2CCC[C@H]2[C@]2(O)O[C@@](NC(=O)[C@@H]3C=C4c5cccc6[nH]cc(c56)C[C@H]4N(C)C3)(C(C)C)C(=O)N12,5.9
CC(C)C1NC(=S)N(Cc2ccccc2)C1=O,4.85
CC(C)CC(=O)N1CCC(O)(CS(=O)(=O)Cc2ccc(Cl)cc2)CC1,5.05
CC(C)CC(=O)NC(Sc1ccc(Cl)cc1)C(Cl)(Cl)Cl,4.6
CC(C)CC(=O)NC1(C(F)(F)F)C(=O)N(Cc2ccccc2)C2=C1C(=O)CC(C)(C)C2,4.9
CC(C)CC(=O)Nc1sc2c(c1C#N)CC(C)(C)NC2(C)C,4.85
CC(C)CC(C(=O)NCC1CCCO1)N(C(=O)Cn1nnc(-c2ccc(F)cc2)n1)c1cccc(C(F)(F)F)c1,5.0
CC(C)CC(C(=O)NCC1CCCO1)N(C(=O)Cn1nnc(-c2ccc(F)cc2)n1)c1ccccc1F,4.85
CC(C)CC(C(=O)OCC(=O)Nc1ncc(Cl)cc1Cl)N1C(=O)c2ccccc2C1=O,4.5
CC(C)CC(C)Nc1ccc(Nc2ccccc2)cc1,4.6
CC(C)CC(N(C)C)C1(c2ccc(Cl)cc2)CCC1.Cl,5.25
CC(C)CC(N)C1(c2ccc(Cl)cc2)CCC1.Cl,5.8
CC(C)CC(NC(=O)c1ccc2[nH]nc(-c3ccc(O[C@H]4C[C@H]5CC[C@@H](C4)N5C=O)cc3)c2c1)c1ccccn1,6.39
CC(C)CC(c1nnnn1C(C)C)N1CCN(c2ccccc2)CC1,5.4
CC(C)CC1(C(=O)NCC2CC2)C=CCN1C(=O)c1ccccc1,4.8
CC(C)CC1(C(=O)NCCN2CCOCC2)C=CCN1C(=O)c1ccccc1,4.9
CC(C)CC1(C(=O)NCCc2c[nH]c3ccccc23)C=CCN1C(=O)c1ccccc1,5.5
CC(C)CC1(C(=O)NCc2ccccn2)C=CCN1C(=O)c1ccccc1,4.8
CC(C)CC1C(=O)N2CCCC2C2(O)O[C@@](NC(=O)C3C=C4c5cccc6[nH]c(Br)c(c56)CC4N(C)C3)(C(C)C)C(=O)N12.CS(=O)(=O)O,6.3
CC(C)CC1NC(=S)N(C2CCCCC2)C1=O,4.7
CC(C)CC1n2cncc2CN(Cc2ccc(C(F)(F)F)cc2)S1(=O)=O,6.55
CC(C)CC1n2cncc2CN(Cc2ccc(Cl)cc2)S1(=O)=O,7.06
CC(C)CC1n2cncc2CN(Cc2ccc(OC(F)(F)F)cc2)S1(=O)=O,6.31
CC(C)CC1n2cncc2CN(Cc2ccccc2)S1(=O)=O,6.425
CC(C)CC1n2cncc2CN(Cc2cccs2)S1(=O)=O,5.94
CC(C)CCN(C[C@@H](Cc1ccccc1)NC(=O)OCc1cncs1)C[C@@H](Cc1ccccc1)NC(=O)OCc1nccs1,7.3
CC(C)CCN1CCc2nc(-c3ccccc3)c3c(c2C1)COC(C)C3,5.5
CC(C)CCN1CCc2nc(COc3ccccc3)c3c(c2C1)COC(C)C3,5.5
CC(C)CCN=C(S)NC1CCCC1,4.65
CC(C)CCNC(=O)C12CN(Cc3ccccc3)CC1C(c1cccc([N+](=O)[O-])c1)=NO2,4.9
CC(C)CCNC(=O)CN(C(=O)Cn1nnc(-c2ccccc2F)n1)c1cccc2c1CCCC2,4.85
CC(C)CCn1c(Oc2ccccc2Cl)nc2c1c(=O)n(C)c(=O)n2C,4.85
CC(C)CCn1nnnc1C(c1ccc(F)cc1)N1CCN(C(=O)c2ccco2)CC1,5.1
CC(C)CN(CC(=O)[C@@H](Cc1ccccc1)NC(=O)CNC(=O)CNCc1cccc(F)c1)S(=O)(=O)c1cccc(N)c1,6.62
CC(C)CN(CC(C)C)S(=O)(=O)N1CCC(C(=O)NCc2ccc(F)cc2)CC1,4.8
CC(C)CN(CC[C@H](Cc1ccccc1)NC(=O)OCc1cncs1)C(=O)[C@H](CCN1CCOCC1)NC(=O)N(C)Cc1csc(C(C)C)n1,6.57
CC(C)CN(CC[C@H](Cc1ccccc1)NC(=O)[C@H](CCN1CCOCC1)NC(=O)N(C)Cc1csc(C(C)C)n1)C(=O)OCc1cncs1,6.46
CC(C)CN(C[C@@H](Cc1ccccc1)NC(=O)OCc1cncs1)C[C@@H](Cc1ccccc1)NC(=O)OCc1nccs1,7.17
CC(C)CN(C[C@@H](Cc1ccccc1)NC(=O)OCc1nccs1)C[C@H](Cc1ccccc1)NC(=O)OCc1cncs1,7.05
CC(C)CN(C[C@@H](O)[C@H](Cc1ccccc1)NC(=O)OCc1cncs1)C(=O)c1ccc2nc(-c3ccccc3)oc2c1,7.62
CC(C)CN(C[C@@H](O)[C@H](Cc1ccccc1)NC(=O)OCc1cncs1)C(=O)c1ccc2nc(-c3ccncc3)oc2c1,7.62
CC(C)CN(C[C@@H](O)[C@H](Cc1ccccc1)NC(=O)OCc1cncs1)C(=O)c1ccc2nc(C(C)C)oc2c1,7.43
CC(C)CN(C[C@@H](O)[C@H](Cc1ccccc1)NC(=O)OCc1cncs1)C(=O)c1ccc2nc(N(C)C)oc2c1,7.28
CC(C)CN(C[C@@H](O)[C@H](Cc1ccccc1)NC(=O)OCc1cncs1)C(=O)c1ccc2nc(N(C)CCN(C)C)oc2c1,6.75
CC(C)CN(C[C@@H](O)[C@H](Cc1ccccc1)NC(=O)OCc1cncs1)C(=O)c1ccc2nc(N)oc2c1,7.38
CC(C)CN(C[C@@H](O)[C@H](Cc1ccccc1)NC(=O)OCc1cncs1)C(=O)c1ccc2nc(N)sc2c1,7.72
CC(C)CN(C[C@@H](O)[C@H](Cc1ccccc1)NC(=O)OCc1cncs1)C(=O)c1ccc2nc(N3CCCC3)oc2c1,7.48
CC(C)CN(C[C@@H](O)[C@H](Cc1ccccc1)NC(=O)OCc1cncs1)C(=O)c1ccc2nc(N3CCN(C)CC3)oc2c1,7.04
CC(C)CN(C[C@@H](O)[C@H](Cc1ccccc1)NC(=O)OCc1cncs1)C(=O)c1ccc2nc(N3CCOCC3)oc2c1,7.42
CC(C)CN(C[C@@H](O)[C@H](Cc1ccccc1)NC(=O)OCc1cncs1)C(=O)c1ccc2nc(NC3CCN(C)CC3)oc2c1,5.57
CC(C)CN(C[C@@H](O)[C@H](Cc1ccccc1)NC(=O)OCc1cncs1)C(=O)c1ccc2nc(NCCCN(C)C)oc2c1,6.7
CC(C)CN(C[C@@H](O)[C@H](Cc1ccccc1)NC(=O)OCc1cncs1)C(=O)c1ccc2nc(NCCCn3ccnc3)oc2c1,7.51
CC(C)CN(C[C@@H](O)[C@H](Cc1ccccc1)NC(=O)OCc1cncs1)C(=O)c1ccc2nc(NCCN(C)C)oc2c1,6.7
CC(C)CN(C[C@@H](O)[C@H](Cc1ccccc1)NC(=O)OCc1cncs1)C(=O)c1ccc2ncoc2c1,7.26
CC(C)CN(C[C@@H](O)[C@H](Cc1ccccc1)NC(=O)OCc1cncs1)C(=O)c1ccc2ncsc2c1,7.64
CC(C)CN(C[C@@H](O)[C@H](Cc1ccccc1)NC(=O)O[C@H]1CCOC1)S(=O)(=O)c1ccc(N)cc1,6.43
CC(C)CN(C[C@@H](O)[C@H](Cc1cccnc1)NC(=O)OCc1cncs1)C(=O)c1ccc2ncsc2c1,7.05
CC(C)CN(C[C@H](Cc1ccccc1)NC(=O)OCc1cncs1)C[C@H](Cc1ccccc1)NC(=O)OCc1nccs1,6.96
CC(C)CN(Cc1c(O)ccc2c3c(c(=O)oc12)CCC3)CC(C)C,4.75
CC(C)CN1CCC(c2nc(-c3ccc4nc(N)n(S(=O)(=O)C(C)C)c4c3)c(-c3ccccc3)[nH]2)CC1,5.28
CC(C)CN1CCC2(CC1)CCN(C(=O)c1ccncc1)CC2,4.8
CC(C)CN1CCCC2(CCN(C(=O)Oc3ccccc3)CC2)C1,4.6
CC(C)CN1CCCC2(CCN(C(=O)c3cc(C(F)(F)F)cc(C(F)(F)F)c3)CC2)C1,4.8
CC(C)CN1CCCC2(CCN(C(=O)c3cccc(F)c3)CC2)C1,4.6
CC(C)CN1CCCC2(CCN(C(=O)c3cccn3C)CC2)C1,4.9
CC(C)CN1CCCC2(CCN(C(=O)c3ccco3)CC2)C1,4.5
CC(C)CN1CCCC2(CCN(C(=O)c3ccncc3)CC2)C1,4.9
CC(C)CN1CCCC2(CCN(C(=O)c3cnccn3)CC2)C1,4.6
CC(C)CN1CCCC2(CCN(C(=O)c3csnn3)CC2)C1,4.5
CC(C)CN1CCCC2(CCN(S(=O)(=O)c3ccccc3)CC2)C1,4.8
CC(C)CN1CC[C@@]2(CCCN(C(=O)Oc3ccccc3)C2)C1,4.9
CC(C)CN1CC[C@@]2(CCCN(C(=O)c3cc(C(F)(F)F)cc(C(F)(F)F)c3)C2)C1,4.9
CC(C)CN1CC[C@@]2(CCCN(C(=O)c3cccc(F)c3)C2)C1,5.2
CC(C)CN1CC[C@@]2(CCCN(C(=O)c3ccco3)C2)C1,4.9
CC(C)CN1CC[C@@]2(CCCN(C(=O)c3ccncc3)C2)C1,4.8
CC(C)CN1CC[C@@]2(CCCN(C(=O)c3cnccn3)C2)C1,4.8
CC(C)CN1CC[C@@]2(CCCN(C(=O)c3csnn3)C2)C1,4.7
CC(C)CN1CC[C@@]2(CCCN(S(=O)(=O)c3ccccc3)C2)C1,5.3
CC(C)CN1CCc2nc(-c3ccccc3)c3c(c2C1)COC(C)C3,5.5
CC(C)CNC(=O)c1ccc(COc2ccc(Cl)cc2Cl)o1,4.7
CC(C)CNCC(=O)N1c2ccccc2Sc2ccccc21.O=C(O)C(=O)O,4.95
CC(C)CNS(=O)(=O)c1cc(C(=O)N2CC(C)OC(C)C2)c(Cl)cc1Cl,5.5
CC(C)CO/N=C1/C[C@@H](O)[C@@H](O)[C@@H]2[C@@H]3C(=O)N(Cc4ccc5c(c4)OCO5)C(=O)[C@H]3CC[C@@H]12,6.1
CC(C)CO/N=C1/C[C@@H](O)[C@@H](O)[C@@H]2[C@@H]3C(=O)N(Cc4ccc5c(c4)OCO5)C(=O)[C@H]3CC[C@H]12,6.0
CC(C)CO/N=C1/C[C@@H](O)[C@@H](O)[C@@H]2[C@@H]3C(=O)N(Cc4ccccc4)C(=O)[C@H]3CC[C@H]12,5.3
CC(C)CO/N=C1/C[C@@H](O)[C@@H](O)[C@@H]2[C@@H]3C(=O)N([C@@H](C)c4ccccc4)C(=O)[C@H]3CC[C@H]12,5.5
CC(C)CO/N=C1/C[C@@H](O)[C@@H](O)[C@@H]2[C@@H]3C(=O)N(c4cccc(Oc5ccccc5)c4)C(=O)[C@H]3CC[C@H]12,5.3
CC(C)CO/N=C1/[C@H]2O[C@@H]2[C@@H](O)[C@H]2[C@H]1CCn1c(=O)n(Cc3cc4c(cc3Cl)OCO4)c(=O)n12,5.3
CC(C)COC(=O)OCN1C(=O)CN(CCN2CC(=O)N(COC(=O)OCC(C)C)C(=O)C2)CC1=O,4.6
CC(C)COC(=O)[C@@H](Cn1cncn1)NC(=O)c1ccc(-c2ccccc2F)cc1,6.64
CC(C)COC(=O)[C@H](Cn1ccnc1)NC(=O)c1cc(-c2ccccc2F)on1,5.08
CC(C)COC(=O)[C@H](Cn1ccnc1)NC(=O)c1ccc(-c2ccccc2F)cc1,6.81
CC(C)COCC(CN(Cc1ccccc1)c1ccccc1)N1CCCC1,4.63
CC(C)COCC(CN(Cc1ccccc1)c1ccccc1)N1CCCC1.Cl,4.6
CC(C)COCC1CC2(CC(C)(c3csc(N)n3)OC2=O)C(=O)O1,4.85
CC(C)COC[C@H](CN(Cc1ccccc1)c1ccccc1)N1CCCC1,4.9
CC(C)COP(=O)(OCC(C)C)C(O)c1ccccc1F,5.4
CC(C)COP(=O)(c1ccc(N(C)C)cc1)C(O)c1ccccc1F,5.4
CC(C)CO[C@H](c1ccc2c(c1)OCO2)[C@H](C)Br,5.5
CC(C)COc1ccc(-c2cn(C)c3cc(C(=O)NS(C)(=O)=O)c(F)cc23)cn1,4.82
CC(C)COc1ccc(C2(C#N)CC[N+](C)(C)CC2)cc1.[Br-],4.4
CC(C)COc1ncc(-c2cc(F)c(C(=O)NS(C)(=O)=O)cc2F)cc1Cl,4.31
CC(C)COc1ncc(Oc2nccc3cc(C(=O)NS(C)(=O)=O)ccc23)cc1Cl,4.625
CC(C)CS(=O)(=O)n1ccc2c(-c3ccc(C(F)(F)F)cc3)cc(N3CCN(C)CC3)nc21,5.96
CC(C)C[C@@H](N)C(=O)Nc1ccc2ccccc2c1,5.6
CC(C)C[C@@H](NC(=O)C1(C(F)(F)F)CCCCC1)C(=O)Nc1nnc(Cc2ccc(C#N)cc2)s1,6.4
CC(C)C[C@@H](NC(=O)N1CCC(n2c(=O)[nH]c3ccccc32)CC1)C(=O)N1CCC(N2CCCCC2)CC1,4.8
CC(C)C[C@@H](NC(=O)c1ccc2[nH]nc(-c3ccc(N4[C@H]5CC[C@H]4CC(O)C5)cc3)c2c1)c1ccccn1,6.54
CC(C)C[C@@H](c1cccc(F)c1N1CCN(C(=O)[C@@H](Cc2ccc(Cl)cc2Cl)N2CCCC2=O)CC1)N(C)CCN,6.19
CC(C)C[C@@H]1C(=O)N[C@H](C2Cc3ccccc3C2)C(=O)N1[C@@H](C(=O)N(C)C)c1ccc(F)cc1F,4.359999999999999
CC(C)C[C@@H]1C(=O)N[C@H](C2Cc3ccccc3C2)C(=O)N1[C@@H](C(=O)NC(C)C)c1ccc(Br)s1,6.0
CC(C)C[C@@H]1C(=O)N[C@H](C2Cc3ccccc3C2)C(=O)N1[C@@H](C(=O)NC(C)C)c1ccc(C(F)(F)F)o1,5.52
CC(C)C[C@@H]1C(=O)N[C@H](C2Cc3ccccc3C2)C(=O)N1[C@@H](C(=O)NC(C)C)c1ccc(F)cc1F,5.4
CC(C)C[C@@H]1C(=O)N[C@H](C2Cc3ccccc3C2)C(=O)N1[C@@H](C(=O)NC(C)C)c1ccc2occc2c1,5.484999999999999
CC(C)C[C@H](C=O)NC(=O)[C@@H](NS(=O)(=O)c1ccc(F)cc1)C(C)C,4.09
CC(C)C[C@H](N)COc1ccc(-c2ccnc(C(F)(F)F)c2)cc1C#N,5.89
CC(C)C[C@H](N)COc1ccc(-c2ccncc2)cc1,5.06
CC(C)C[C@H](N)CSSC[C@@H](N)CC(C)C,4.8
CC(C)C[C@H](N)c1cc(C(F)(F)F)ccc1N1CCN(C(=O)[C@@H](Cc2ccc(Cl)cc2Cl)N2CCCC2=O)CC1,4.31
CC(C)C[C@H](N)c1cc(F)ccc1N1CCN(C(=O)[C@@H](Cc2ccc(Cl)cc2Cl)N2CCCC2=O)CC1,6.66
CC(C)C[C@H](N)c1cccc(F)c1N1CCN(C(=O)[C@@H](Cc2ccc(Cl)cc2Cl)N2CCCC2=O)CC1,6.77
CC(C)C[C@H](N)c1ccccc1N1CCN(C(=O)[C@@H](Cc2ccc(Cl)cc2Cl)N2CCCC2=O)CC1,6.92
CC(C)C[C@H](NC(=O)C(C)(C)N)c1cc(F)ccc1N1CCN(C(=O)[C@@H](Cc2ccc(Cl)cc2Cl)N2CCCC2=O)CC1,4.55
CC(C)C[C@H](NC(=O)CCCN)c1cc(F)ccc1N1CCN(C(=O)[C@@H](Cc2ccc(Cl)cc2Cl)N2CCCC2=O)CC1,4.82
CC(C)C[C@H](NC(=O)CCN(C)C)c1ccccc1N1CCN(C(=O)[C@@H](Cc2ccc(Cl)cc2Cl)N2CCCC2=O)CC1,5.16
CC(C)C[C@H](NC(=O)CCN)c1cc(C(F)(F)F)ccc1N1CCN(C(=O)[C@@H](Cc2ccc(Cl)cc2Cl)N2CCCC2=O)CC1,5.27
CC(C)C[C@H](NC(=O)CCN)c1cc(F)ccc1N1CCN(C(=O)[C@@H](Cc2ccc(Cl)cc2Cl)N2CCCC2=O)CC1,5.19
CC(C)C[C@H](NC(=O)CCN)c1cccc(F)c1N1CCN(C(=O)[C@@H](Cc2ccc(Cl)cc2Cl)N2CCCC2=O)CC1,5.17
CC(C)C[C@H](NC(=O)CCN)c1ccccc1N1CCN(C(=O)[C@@H](Cc2ccc(Cl)cc2Cl)N2CCCC2=O)CC1,5.54
CC(C)C[C@H](NC(=O)CN(C)C)c1cc(F)ccc1N1CCN(C(=O)[C@@H](Cc2ccc(Cl)cc2Cl)N2CCCC2=O)CC1,4.82
CC(C)C[C@H](NC(=O)CN)c1cc(F)ccc1N1CCN(C(=O)[C@@H](Cc2ccc(Cl)cc2Cl)N2CCCC2=O)CC1,5.44
CC(C)C[C@H](NC(=O)N1CCCCCC1)C(=O)N[C@H](Cc1cn(C)c2ccccc12)C(=O)N[C@H](Cc1ccccn1)C(=O)O,4.8
CC(C)C[C@H](NC(=O)[C@@H](C)N)c1cc(F)ccc1N1CCN(C(=O)[C@@H](Cc2ccc(Cl)cc2Cl)N2CCCC2=O)CC1,5.28
CC(C)C[C@H](NC(=O)[C@@H](NC(=O)c1cccc(-c2ccccc2)n1)[C@@H](C)O)B(O)O,5.46
CC(C)C[C@H](NC(=O)[C@@H]1O[C@H]1C(=O)O)C(=O)NCCCCN=C(N)N,6.8
CC(C)C[C@H](NC(=O)[C@H](C)N)c1cc(F)ccc1N1CCN(C(=O)[C@@H](Cc2ccc(Cl)cc2Cl)N2CCCC2=O)CC1,5.07
CC(C)C[C@H](NC(=O)c1ccc2[nH]nc(-c3ccc(N4[C@H]5CC[C@H]4CC(O)C5)cc3)c2c1)c1ccccn1,6.5
CC(C)C[C@H](NCC(N)=O)c1cc(F)ccc1N1CCN(C(=O)[C@@H](Cc2ccc(Cl)cc2Cl)N2CCCC2=O)CC1,6.14
CC(C)C[C@H](NCCCC(=O)O)c1cc(C(F)(F)F)ccc1N1CCN(C(=O)[C@@H](Cc2ccc(Cl)cc2Cl)N2CCCC2=O)CC1,4.6
CC(C)C[C@H](NCCCC(=O)O)c1cc(F)ccc1N1CCN(C(=O)[C@@H](Cc2ccc(Cl)cc2Cl)N2CCCC2=O)CC1,4.68
CC(C)C[C@H](NCCCN)c1cc(C(F)(F)F)ccc1N1CCN(C(=O)[C@@H](Cc2ccc(Cl)cc2Cl)N2CCCC2=O)CC1,4.82
CC(C)C[C@H](NCCCN)c1cccc(F)c1N1CCN(C(=O)[C@@H](Cc2ccc(Cl)cc2Cl)N2CCCC2=O)CC1,4.8
CC(C)C[C@H](NCCCN)c1ccccc1N1CCN(C(=O)[C@@H](Cc2ccc(Cl)cc2Cl)N2CCCC2=O)CC1,5.47
CC(C)C[C@H](NCCN(C)C)c1cc(F)ccc1N1CCN(C(=O)[C@@H](Cc2ccc(Cl)cc2Cl)N2CCCC2=O)CC1,4.5
CC(C)C[C@H](NCCN)c1cc(C(F)(F)F)ccc1N1CCN(C(=O)[C@@H](Cc2ccc(Cl)cc2Cl)N2CCCC2=O)CC1,5.2
CC(C)C[C@H](NCCN)c1cc(F)ccc1N1CCN(C(=O)[C@@H](Cc2ccc(Cl)cc2Cl)N2CCCC2=O)CC1,5.05
CC(C)C[C@H](NCCN)c1cccc(F)c1N1CCN(C(=O)[C@@H](Cc2ccc(Cl)cc2Cl)N2CCCC2=O)CC1,5.31
CC(C)C[C@H](NCCO)c1cc(C(F)(F)F)ccc1N1CCN(C(=O)[C@@H](Cc2ccc(Cl)cc2Cl)N2CCCC2=O)CC1,4.46
CC(C)C[C@H](NCCO)c1cccc(F)c1N1CCN(C(=O)[C@@H](Cc2ccc(Cl)cc2Cl)N2CCCC2=O)CC1,6.32
CC(C)C[C@H]1C(=O)N2CCC[C@@H]2[C@@]2(O)O[C@](NC(=O)[C@@H]3C=C4c5cccc6[nH]cc(c56)C[C@@H]4N(C)C3)(C(C)C)C(=O)N12,5.7
CC(C)C[C@H]1C(=O)N2CCC[C@@H]2[C@]2(O)O[C@](NC(=O)[C@@H]3C=C4c5cccc6[nH]c(Br)c(c56)C[C@H]4N(C)C3)(C(C)C)C(=O)N12,6.2
CC(C)C[C@H]1C(=O)N2CCC[C@@H]2[C@]2(O)O[C@](NC(=O)[C@H]3C=C4c5cccc6[nH]c(Br)c(c56)C[C@H]4N(C)C3)(C(C)C)C(=O)N12.CS(=O)(=O)O,6.05
CC(C)C[C@H]1C(=O)N2CCC[C@H]2[C@]2(O)O[C@](NC(=O)[C@@H]3C=C4c5cccc6[nH]c(Br)c(c56)C[C@H]4N(C)C3)(C(C)C)C(=O)N12,5.609999999999999
CC(C)C[C@H]1C(=O)N2CCC[C@H]2[C@]2(O)O[C@](NC(=O)[C@@H]3C=C4c5cccc6[nH]cc(c56)C[C@H]4N(C)C3)(C(C)C)C(=O)N12,6.0
CC(C)C[C@](C)(N)COc1ccc(-c2ccnc(C(F)F)c2)cc1C(F)(F)F,4.75
CC(C)C[C@](C)(N)COc1ccc(-c2ccnc(C(F)F)c2)cc1C(F)F,4.8
CC(C)C[C@](C)(N)COc1ccc(-c2ccncc2)cc1C(F)(F)F,6.2
CC(C)Cc1ncnc2[nH]cc(C(=O)c3c(F)ccc(NS(=O)(=O)c4ccc(C(F)(F)F)cc4)c3F)c12,5.12
CC(C)Cn1c(=O)n(C)c(=O)c2c(C(=O)N3CC[C@@H](O)C3)c(Cc3c[nH]c4ccccc34)sc21,6.0
CC(C)Cn1c(=O)n(C)c(=O)c2c(C(=O)N3CC[C@@H](O)C3)c(Cc3c[nH]c4ncccc34)sc21,5.17
CC(C)Cn1c(=O)n(C)c(=O)c2c(C(=O)N3CC[C@@H](O)C3)c(Cc3cccc4ncccc34)sc21,4.7
CC(C)Cn1c(=O)n(C)c(=O)c2c(C(=O)N3CC[C@@H](O)C3)c(Cc3ccnc4ccccc34)sc21,4.8
CC(C)Cn1c(=O)n(C)c(=O)c2c(C(=O)N3CC[C@@H](O)C3)c(Oc3cccc4ccccc34)sc21,5.14
CC(C)Cn1c(=O)n(C)c(=O)c2c(C(=O)N3C[C@H](O)CO3)c(Cc3c[nH]c4ncccc34)sc21,4.82
CC(C)Cn1c(=O)n(C)c(=O)c2c(C(=O)N3C[C@H](O)CO3)c(Cc3ccccc3C(F)(F)F)sc21,5.08
CC(C)Cn1c(=O)n(C)c(=O)c2c(C(=O)N3C[C@H](O)CO3)c(Cc3ccnc4ccccc34)sc21,4.34
CC(C)Cn1c(=O)n(C)c(=O)c2nc[nH]c21,4.9
CC(C)Cn1c(=O)n(C2CCN(C(=O)C3CCN(Cc4ccncc4)CC3)CC2)c2ccccc21,5.82
CC(C)Cn1c(C(C)C)nc([N+](=O)[O-])c1S(=O)(=O)c1ccc(F)cc1,5.35
CC(C)Cn1c(N)c(C(=O)COC(=O)c2cc(-c3ccco3)nc3ccccc23)c(=O)n(C)c1=O,4.8
CC(C)Cn1c(N)c(C(=O)COC(=O)c2cc(C(F)(F)F)nc3c(C(F)(F)F)cccc23)c(=O)n(C)c1=O,5.5
CC(C)Cn1c(N)c(C(=O)CSc2ccc3c(c2)OCCO3)c(=O)n(C)c1=O,5.4
CC(C)Cn1c(S)nnc1-c1csc2c1CCCC2,5.0
CC(C)Cn1c(SCC(=O)c2c(N)n(C)c(=O)n(C)c2=O)nc2ccccc21,5.6
CC(C)Cn1c(SCc2nc(O)c3ccccc3n2)nc2ccccc2c1=O,5.7
CC(C)Cn1cnc2c(SCc3ccc(Cl)cc3Cl)nc(N)nc21,5.4
CC(C)N(C(=O)CSc1nc2ccccc2n1-c1ccccc1)C(C)C,5.1
CC(C)N(C(=O)c1cccc(NC(=O)Nc2ccc(-c3ccnc4[nH]cnc34)cc2)c1)C(C)C,7.22
CC(C)N(C)Cc1cccc(F)c1CNc1cc(F)c(S(=O)(=O)Nc2cscn2)c(F)c1,4.42
CC(C)N(C)[C@H](C)[C@@H](c1ccc2cc(OCC(C)(C)C(=O)O)ccc2c1)n1ccnc1,6.4
CC(C)N(C)[C@H](C)[C@@H](c1ccc2cc(OCC3(C(=O)O)CCCC3)ccc2c1)n1ccnc1,6.1
CC(C)N(C)c1ccc([C@H]2C[C@@]3(C)[C@@H](CC[C@@]3(O)C#CC(C)(C)C)[C@@H]3CCC4=CC(=O)CC[C@@H]4[C@H]32)cc1,5.8
CC(C)N(CCC(=O)c1ccc2ccccc2c1)Cc1ccccc1,5.050000000000001
CC(C)N(CCCNC(=O)C1CCN(S(=O)(=O)N2CCOCC2)CC1)Cc1ccccc1,4.9
CC(C)N(CC[C@@](C(N)=O)(c1ccccc1)c1ccccn1)C(C)C,4.55
CC(C)N(Cc1ccc(Cl)c(Cl)c1)CC1CNC1.Cl,5.96
CC(C)N/N=C/c1ccc(-c2ccc(N3C[C@H](CO)OC3=O)cc2F)cn1,4.78
CC(C)N1C(=O)/C(=C\c2c[nH]c3ccccc23)S/C1=N\c1ccccc1,4.65
CC(C)N1CCC(=NNC(=O)c2ccc(Br)o2)CC1,4.8
CC(C)N1CCC(Oc2ccc(/C=C/c3n[nH]c4cc([C@@H]5C[C@@]56C(=O)Nc5ccccc56)ccc34)cc2)CC1,5.8
CC(C)N1CCC(Oc2ccc3c(c2)cc2n3CCN(Cc3ccncc3)C2=O)CC1,5.22
CC(C)N1CCC(Oc2ccc3c(c2)cc2n3[C@@H](C)CNC2=O)CC1,4.58
CC(C)N1CCC[C@H]1CNC(=O)c1cn(C2CCCC2)c(=O)c2c1c1ccccc1n2C,5.0
CC(C)N1CCN(c2ccc(OCC3COC(Cn4cncn4)(c4ccc(Cl)cc4Cl)O3)cc2)CC1,5.8
CC(C)N1CCN(c2ccncc2S(=O)(=O)N2CCCCC2)CC1,5.5
CC(C)NC(=Nc1ccc(Cl)cc1)c1cccnc1,4.65
CC(C)NC(=O)C(C)n1cccc1C(=O)c1ccccc1,4.8
CC(C)NC(=O)CSc1nnc(C2CC2)n1-c1ccccc1,4.6
CC(C)NC(=O)N1CC2(CCN(C(=O)c3ccncc3)CC2)C1,7.1
CC(C)NC(=O)N1CCC2(CC1)CCN(C(=O)Oc1ccccc1)CC2,4.6
CC(C)NC(=O)N1CCC2(CC1)CCN(C(=O)c1cc(C(F)(F)F)cc(C(F)(F)F)c1)CC2,5.0
CC(C)NC(=O)N1CCC2(CC1)CCN(C(=O)c1cccc(F)c1)CC2,4.7
CC(C)NC(=O)N1CCC2(CC1)CCN(C(=O)c1ccncc1)CC2,4.6
CC(C)NC(=O)N1CCCC2(CCN(C(=O)Oc3ccccc3)CC2)C1,4.6
CC(C)NC(=O)N1CCCC2(CCN(C(=O)c3cc(C(F)(F)F)cc(C(F)(F)F)c3)CC2)C1,4.6
CC(C)NC(=O)N1CCCC2(CCN(C(=O)c3cccc(F)c3)CC2)C1,4.6
CC(C)NC(=O)N1CCCC2(CCN(C(=O)c3cccn3C)CC2)C1,4.6
CC(C)NC(=O)N1CCCC2(CCN(C(=O)c3ccco3)CC2)C1,4.6
CC(C)NC(=O)N1CCCC2(CCN(C(=O)c3ccncc3)CC2)C1,4.8
CC(C)NC(=O)N1CCCC2(CCN(C(=O)c3csnn3)CC2)C1,4.6
CC(C)NC(=O)N1CCCC2(CCN(S(=O)(=O)c3ccccc3)CC2)C1,5.1
CC(C)NC(=O)N1CC[C@@]2(CCCN(C(=O)c3cc(C(F)(F)F)cc(C(F)(F)F)c3)C2)C1,4.8
CC(C)NC(=O)N1CC[C@@]2(CCCN(C(=O)c3csnn3)C2)C1,4.8
CC(C)NC(=O)N1CC[C@@]2(CCCN(S(=O)(=O)c3ccccc3)C2)C1,4.7
CC(C)NC(=O)[C@@H]1C[C@@]1(C)[C@@H](NC(=O)OCc1ccccc1)c1ccccc1,5.0
CC(C)NC(=O)[C@@H]1C[C@H]1[C@@H](NC(=O)OCc1ccccc1)c1ccccc1,5.4
CC(C)NC(=O)[C@H]1C[C@@H]1[C@H](NC(=O)OCc1ccccc1)c1ccccc1,5.1
CC(C)NC(=O)c1c(-c2ccccc2)c([C@H](C)Nc2ncnc(N)c2C#N)nc2ccc(F)cc12,4.89
CC(C)NC(=O)c1ccc2cc(C(O)(c3c[nH]cn3)C(C)C)ccc2c1,5.03
CC(C)NC(=O)c1cccc(NC(=O)Nc2ccc(-c3ccnc4[nH]cnc34)cc2)c1,7.05
CC(C)NC(=O)c1cccc(NC(=O)Nc2ccc(-c3ccncc3)cc2)c1,6.89
CC(C)NC(=O)c1cccc(NC(=O)Nc2ccc(-c3ncnc4[nH]cc(Cl)c34)cc2)c1,4.85
CC(C)NC(=O)c1cccc(NC(=O)Nc2ccc(-c3ncnc4[nH]ccc34)cc2)c1,6.25
CC(C)NC(=O)c1cccc(NC(=O)Nc2ccc(-c3ncnc4c3ccn4C)cc2)c1,5.54
CC(C)NC(=O)c1ccccc1NC(=O)/C=C/c1ccc([N+](=O)[O-])cc1,4.45
CC(C)NCC(O)COc1cccc2[nH]ccc12,6.5
CC(C)NC[C@@H](C(=O)N1CCN(c2ncnc3c2[C@H](C)CC(=O)N3)CC1)c1ccc(Cl)cc1,4.41
CC(C)NC[C@@H](C(=O)N1CCN(c2ncnc3c2[C@H](C)CC(=O)N3)[C@H]2C[C@H]21)c1ccc(Cl)cc1,4.82
CC(C)NC[C@@H](O)COc1cccc2[nH]ccc12,5.1
CC(C)NC[C@H](O)COc1ccc(CC(N)=O)cc1,4.4
CC(C)NC[C@H](O)c1ccc(N)c(C#N)c1,4.6
CC(C)NC[C@H](O)c1ccc(O)c(O)c1,4.85
CC(C)NC[C@H](O)c1ccc(O)c(O)c1.O=C(O)C(O)C(O)C(=O)O,5.0
CC(C)NS(=O)(=O)c1cccc(CC(=O)Nc2nc(-c3c[nH]c4ncccc34)cs2)c1,5.58
CC(C)Nc1cc(N2CCCC2)ccc1[N+](=O)[O-],4.85
CC(C)Nc1cc(Nc2ccc3ncsc3c2)ncc1C(=O)NCCc1ccc(S(N)(=O)=O)cc1,9.05
CC(C)Nc1cc2c(cc1NS(=O)(=O)c1ccc(-c3ccc(Cl)cc3)cc1)CCN(C)CC2,5.12
CC(C)Nc1ccc(Nc2ccccc2)cc1,4.6
CC(C)Nc1nc(NC(C)(C)C)nc(Oc2ccc(=O)n(-c3ccccc3)n2)n1,4.9
CC(C)Nc1ncnc2[nH]cc(C(=O)c3c(F)ccc(NS(=O)(=O)c4ccc(C(F)(F)F)cc4)c3F)c12,5.12
CC(C)Nc1nnc(-c2cn3ncnc(Nc4cc(C(=O)NC5CC5)c(F)cc4F)c3c2C(C)C)o1,6.4
CC(C)Nc1noc2c(-c3ccc4c(N5CCOC[C@@H]5C)nncc4c3)c(Cl)ccc12,5.35
CC(C)OC(=O)/C(=C\c1ccc2c(c1)c1ccccc1n2C)NC(=O)c1ccccc1,5.95
CC(C)OC(=O)C(C)(C)Oc1ccc(C(=O)c2ccc(Cl)cc2)cc1,5.15
CC(C)OC(=O)CN1CCN(C2c3ccccc3-c3ccccc32)CC1,4.6
CC(C)OC(=O)[C@H](C)NP(=O)(OC[C@H]1O[C@@H](n2ccc(=O)[nH]c2=O)[C@@](F)(Cl)[C@@H]1O)Oc1ccccc1,5.17
CC(C)OC(=O)[C@H](C)N[P@](=O)(OC[C@H]1O[C@@H](n2ccc(=O)[nH]c2=O)[C@](C)(F)[C@@H]1O)Oc1ccccc1,5.08
CC(C)OC(=O)[C@H](Cn1ccnc1)NC(=O)c1cc(-c2ccccc2F)on1,5.24
CC(C)OC(=O)[C@H](Cn1ccnc1)NC(=O)c1ccc(-c2ccccc2)c(F)c1,5.39
CC(C)OC(=O)[C@H](Cn1ccnc1)NC(=O)c1ccc(-c2ccccc2)cc1F,7.37
CC(C)OC(=O)[C@H](Cn1ccnc1)NC(=O)c1noc2c1CCc1ccccc1-2,5.14
CC(C)OC(=O)[C@H](Cn1ccnc1)NC(=O)c1noc2c1ccc1ccccc12,4.84
CC(C)OC(=O)c1cc2c(ccn2C)n1CC(=O)N1CCC(Cc2ccccc2)CC1,5.15
CC(C)OC(=O)c1ccc(NC(=O)N[C@@H](Cc2ccc(O)cc2)C(=O)N[C@H]2CCC[N+](C)(Cc3cccc(O)c3)C2)cc1.[I-],5.0
CC(C)OC(=O)c1nnn(-c2nonc2N)c1CSc1ccccn1,6.4
CC(C)OC/C=C/c1ccc(C(F)(F)C(O)(Cn2cnnn2)c2ccc(F)cc2F)nc1,4.89
CC(C)OCC1n2cncc2CN([C@@H](C)c2ccc(Cl)cc2)S1(=O)=O,6.92
CC(C)OCCCN1C(=O)c2ccccc2C1C(=O)NC1CCCCC1,4.9
CC(C)OCCCN1CN(S(=O)(=O)c2cccc(Cl)c2)c2nc3ccccc3nc21,5.1
CC(C)OCCCNC(=O)C1CC(=O)N(C2CCCCCCC2)C1,4.6
CC(C)OCCn1c(=O)n(C2CCN(C(=O)C3CCN(Cc4ccncc4)CC3)CC2)c2ccccc21,5.22
CC(C)OP(=O)(OC(C)C)C(NC(=O)c1ccc(Br)cc1)c1ccccc1,4.95
CC(C)O[C@H]1CC[C@H](C(=O)N2Cc3cccnc3Nc3ccc(N4CC5CCC4CO5)cc32)OC1,9.0
CC(C)Oc1cc(-n2c(=S)[nH]c3ccccc3c2=O)c(Cl)cc1Cl,5.5
CC(C)Oc1cc(O)c2c(c1)OCC=C2CCC(=O)O,5.5
CC(C)Oc1ccc(-c2nsc(Nc3ncccc3N(C)C)n2)nc1,4.66
CC(C)Oc1ccc(C(=O)C2=C(O)C(=O)N(Cc3cccnc3)C2c2ccco2)cc1,4.85
CC(C)Oc1ccc(CNC(=O)CC(c2ccccc2)c2cc(Cl)ccc2O)cc1,5.0
CC(C)Oc1ccc2c(=O)cc(-c3ccccc3)oc2c1,4.9
CC(C)Oc1cccc(-n2c(CCc3c[nH]c4ccc(Br)cc34)nc3ccccc3c2=O)c1,5.4
CC(C)Oc1cccc(C(=O)NC(=S)N2CCN(c3ccc(C(F)(F)F)cc3[N+](=O)[O-])CC2)c1,4.85
CC(C)Oc1cccnc1N(C)C1CCN(Cc2ccccc2)CC1,4.8
CC(C)S(=O)(=O)N1CCN(c2ccc(OC[C@@H]3CO[C@@](Cn4ccnc4)(c4ccc(Cl)cc4Cl)O3)cc2)CC1,6.7
CC(C)S(=O)(=O)NC[C@H]1CC[C@H](NC(=O)CN2CCc3cc(Cl)ccc32)CC1,6.16
CC(C)S(=O)(=O)Nc1cccc(CC(=O)Nc2nc(-c3c[nH]c4ncccc34)cs2)c1,5.31
CC(C)S(=O)(=O)c1cc(-c2ccn3nc(N)c(C(=O)NC4CC4)c3n2)cc2c1C(=O)N([C@@H](C)C1CC1)C2,5.43
CC(C)S(=O)(=O)c1cc2cc(CC(O)(CC(C)(C)c3ccc(F)cc3C(N)=O)C(F)(F)F)[nH]c2cn1,5.4
CC(C)S(=O)(=O)n1c(N)nc2ccc(-c3[nH]c(-c4c(F)cccc4F)nc3-c3ccccc3)cc21,8.2
CC(C)S(=O)(=O)n1c(N)nc2ccc(-c3[nH]c(C(C)(C)C)nc3-c3ccc(F)cc3)cc21.CS(=O)(=O)O.CS(=O)(=O)O,4.5
CC(C)S(=O)(=O)n1c(N)nc2ccc(-c3[nH]cnc3-c3ccc(F)cc3)cc21.CS(=O)(=O)O.CS(=O)(=O)O,6.1
CC(C)S(=O)(=O)n1c(N)nc2ccc(-c3[nH]cnc3-c3ccccc3)cc21,5.8
CC(C)Sc1cc(N2CCCC2)nc(-c2ccc(F)cc2)n1,4.75
CC(C)Sc1cc(N2CCOCC2)nc(-c2ccc(Cl)cc2)n1,4.75
CC(C)[C@@H](Nc1ncnc2[nH]c(-c3cnn(C)c3C#N)cc12)c1ccc2c(n1)OCCO2,5.68
CC(C)[C@@H](O)C(=O)N1CCN(c2ccc3[nH]ncc3c2)CC1,5.0
CC(C)[C@@H](OCc1ccccc1)[C@H](C)/C=N\O[C@@H](C)c1cn([C@H](CO)Cc2ccccc2)nn1,5.45
CC(C)[C@@H]1CCC[C@H](C2(OC(=O)N3CCN(C(C)(C)CO)CC3)CC2)N1S(=O)(=O)c1ccc(Cl)cc1,6.3
CC(C)[C@@H]1CCC[C@H](COC(=O)N2CCC(N3CCCCC3)CC2)N1S(=O)(=O)c1ccc(Cl)cc1,5.89
CC(C)[C@@H]1CCC[C@H](COC(=O)N2CCN(CCO)CC2)N1S(=O)(=O)c1ccc(Cl)cc1,6.52
CC(C)[C@@H]1CN(c2ccc(CO)c(S(C)(=O)=O)c2)CCN1c1ncc(CO)c(C(F)(F)F)n1,4.53
CC(C)[C@@H]1COC[C@H](C2(OC(=O)N3CC4CCC(C3)N4)CC2)N1S(=O)(=O)c1ccc(Cl)cc1,9.3
CC(C)[C@@H]1COC[C@H](C2(OC(=O)N3CC4CNCC4C3)CC2)N1S(=O)(=O)c1ccc(Cl)cc1,8.19
CC(C)[C@@H]1COC[C@H](C2(OC(=O)N3CCC(CO)CC3)CC2)N1S(=O)(=O)c1ccc(Cl)cc1,7.86
CC(C)[C@@H]1COC[C@H](C2(OC(=O)N3CCNCC3)CC2)N1S(=O)(=O)c1ccc(Cl)cc1,9.52
CC(C)[C@@H]1COC[C@H](C2(OC(=O)N3CC[C@@H](O)C3)CC2)N1S(=O)(=O)c1ccc(Cl)cc1,7.87
CC(C)[C@@H]1COC[C@H](C2(OC(=O)N3CC[C@H](O)C3)CC2)N1S(=O)(=O)c1ccc(Cl)cc1,7.52
CC(C)[C@@H]1NC(=O)[C@H](CCCCN)NC(=O)[C@H](Cc2c[nH]c3ccccc23)NC(=O)[C@H](Cc2ccc(O)cc2)NC(=O)[C@H](C)N(C)C(=O)[C@H](Cc2ccccc2)NC1=O,5.4
CC(C)[C@@H]1O[C@H](/C=C\c2ccccc2)OCC1(C)C,5.3
CC(C)[C@@H]1[C@H]2CC[C@H](C2)[C@H]1N,4.8
CC(C)[C@@H]1c2nn(-c3ccc(CO)c(S(C)(=O)=O)c3)cc2CN1c1ncc(CO)c(C(F)(F)F)n1,5.11
CC(C)[C@@H]1c2nn(-c3cccc(S(C)(=O)=O)c3)cc2CN1c1ccnc(C(F)(F)F)n1,4.89
CC(C)[C@@H]1c2nn(-c3cccc(S(C)(=O)=O)c3)cc2CN1c1ncc(CO)c(C(F)(F)F)n1,5.52
CC(C)[C@@]1(NC(=O)[C@@H]2C[C@@H]3c4cccc5[nH]cc(c45)C[C@H]3N(C)C2)O[C@@]2(O)[C@@H]3CCCN3C(=O)[C@H](Cc3ccccc3)N2C1=O.CS(=O)(=O)O,5.52
CC(C)[C@@]1(NC(=O)[C@@H]2C[C@H]3c4cccc5[nH]cc(c45)C[C@@H]3N(C)C2)O[C@@]2(O)[C@H]3CCCN3C(=O)[C@H](Cc3ccccc3)N2C1=O,6.4
CC(C)[C@@]1(NC(=O)[C@@H]2C[C@H]3c4cccc5[nH]cc(c45)C[C@@H]3N(C)C2)O[C@@]2(O)[C@H]3CCCN3C(=O)[C@H](Cc3ccccc3)N2C1=O.CS(=O)(=O)O,5.7
CC(C)[C@@]1(NC(=O)[C@@H]2C[C@H]3c4cccc5[nH]cc(c45)C[C@@H]3N(C)C2)O[C@]2(O)[C@H]3CCCN3C(=O)[C@H](Cc3ccccc3)N2C1=O.CS(=O)(=O)O,5.8
CC(C)[C@H](CO)Nc1nc(Nc2cc(N)cc(Cl)c2)c2ncn(C(C)C)c2n1,6.5
CC(C)[C@H](CO)Nc1nc(Nc2cccc(Cl)c2)c2ncn(C(C)C)c2n1,4.9
CC(C)[C@H](N)c1nnc(SC/C=C/c2ccccc2)o1.Cl,5.9
CC(C)[C@H](N)c1nnc(SCc2ccc(Cl)cc2)o1.Cl,5.8
CC(C)[C@H](NC(=O)N(C)Cc1cncs1)C(=O)N[C@H](CC[C@H](Cc1ccccc1)NC(=O)OCc1cncs1)Cc1ccccc1,7.1
CC(C)[C@H](NC(=O)N(C)Cc1cscn1)C(=O)N[C@@H](CC[C@@H](Cc1ccccc1)NC(=O)OCc1cncs1)Cc1ccccc1,6.92
CC(C)[C@H](NC(=O)N(C)Cc1cscn1)C(=O)N[C@H](CC[C@H](Cc1ccccc1)NC(=O)OCc1cncs1)Cc1ccccc1,6.85
CC(C)[C@H](NC(=O)OCc1ccccc1)C(=O)N[C@H](C=O)Cc1ccccc1,5.2
CC(C)[C@H](NC(=O)c1ccc2[nH]nc(-c3ccc(N4C5CCC4COC5)cc3)c2c1)c1ccccc1Cl,7.22
CC(C)[C@H](Nc1ncnc2[nH]c(-c3cnn(C)c3C#N)cc12)c1ccc2c(n1)OCCO2,5.43
CC(C)[C@H](Nc1ncnc2[nH]ccc12)c1ccc2c(c1)S(=O)(=O)CCC2,5.5
CC(C)[C@H]1C(=O)N2CCC[C@H]2[C@]2(O)O[C@](NC(=O)[C@@H]3C=C4c5cccc6[nH]cc(c56)C[C@H]4N(C)C3)(C(C)C)C(=O)N12,6.3
CC(C)[C@H]1c2ccc(F)cc2CC[C@@]1(CCN(C)CCC(C)(C)c1nc2ccccc2[nH]1)OC(=O)N1CCOCC1,4.58
CC(C)[C@H]1c2ccc(F)cc2CC[C@]1(O)CCN(C)CCCc1nc2ccccc2[nH]1,6.09
CC(C)[C@](C)(NCc1ccc2ncccc2c1)c1cn(C(CCS(C)(=O)=O)C(=O)COc2c(F)c(F)cc(F)c2F)nn1,5.92
CC(C)[C@]1(NC(=O)[C@@H]2C=C3c4cccc5[nH]cc(c45)C[C@H]3N(C)C2)O[C@@]2(O)[C@H]3CCCN3C(=O)[C@H](Cc3ccccc3)N2C1=O,6.0
CC(C)[N+](C)(CCOC(=O)C1c2ccccc2Oc2ccccc21)C(C)C,4.8
CC(C)c1c(-c2nnc(N(C)C)o2)cn2ncnc(Nc3cc(C(=O)NC4CC4)c(F)cc3F)c12,6.1
CC(C)c1c(-c2nnc(N3CCC(N)CC3)o2)cn2ncnc(Nc3cc(C(=O)NC4CC4)c(F)cc3F)c12,6.52
CC(C)c1c(-c2nnc(N3CCN(C)CC3)o2)cn2ncnc(Nc3cc(C(=O)NC4CC4)c(F)cc3F)c12,6.7
CC(C)c1c(-c2nnc(NCC(C)(C)CN)o2)cn2ncnc(Nc3cc(C(=O)NC4CC4)c(F)cc3F)c12,5.85
CC(C)c1c(-c2nnc(NCCCCN)o2)cn2ncnc(Nc3cc(C(=O)NC4CC4)c(F)cc3F)c12,4.6
CC(C)c1c(-c2nnc(NCCCN(C)C)o2)cn2ncnc(Nc3cc(C(=O)NC4CC4)c(F)cc3F)c12,4.54
CC(C)c1c(-c2nnc(NCCO)o2)cn2ncnc(Nc3cc(C(=O)NC4CC4)c(F)cc3F)c12,5.28
CC(C)c1c(-c2nnc(OC3CCNCC3)o2)cn2ncnc(Nc3cc(C(=O)NC4CC4)c(F)cc3F)c12,5.3
CC(C)c1c(-c2nnc(OCC3CCNCC3)o2)cn2ncnc(Nc3cc(C(=O)NC4CC4)c(F)cc3F)c12,5.12
CC(C)c1c(-c2nnc(O[C@H]3CCNC3)o2)cn2ncnc(Nc3cc(C(=O)NC4CC4)c(F)cc3F)c12,5.32
CC(C)c1c(C(=O)Nc2ccccc2)c(-c2ccccc2)c(-c2ccc(F)cc2)n1CC[C@@H](O)C[C@@H](O)CC(=O)O,5.29
CC(C)c1c(CN(C)C(C)Cc2ccccc2)n(C)n(-c2ccccc2)c1=O,5.4
CC(C)c1c(O)ccc2c1CCC1C(C)(C)CCC[C@@]21C,4.6
CC(C)c1c(O)ccc2c1CCC1[C@@](C)(C=O)CCC[C@@]21C,4.5
CC(C)c1c(O)ccc2c1CCC1[C@@](C)(CO)CCC[C@@]21C,4.4
CC(C)c1cc(/C=C2\CC/C(=C\c3cc(C(C)C)c(O)c(C(C)C)c3)C2=O)cc(C(C)C)c1O,4.11
CC(C)c1cc(C(F)(F)F)nc(NNc2nc(C(C)C)cc(C(F)(F)F)n2)n1,5.5
CC(C)c1cc(CC(NC(=O)N2CCC(N3Cc4ccccc4NC3=O)CC2)C(=O)N2CCC(N3CCCCC3)CC2)cc2cn[nH]c12,6.43
CC(C)c1cc(F)cc2c1C[C@](CCN(C)CCCc1nc3ccccc3[nH]1)(OC(=O)C1CC1)CC2,5.7
CC(C)c1cc(Nc2ccc(Cl)cc2Cl)ncc1C(=O)NCC1CCOCC1,4.24
CC(C)c1cc(Nc2cccc(O)c2)cc(C(C)C)c1O,4.6
CC(C)c1cc2c(c(O)c1O)[C@@]1(C(=O)O)CCCC(C)(C)[C@@H]1CC2,5.37
CC(C)c1cc2c(c(O)c1O)[C@]1(C(=O)O)CCCC(C)(C)C1CC2,6.5
CC(C)c1ccc(-c2nn(-c3ccccc3)cc2C2C(C#N)=C(N)OC3=C2C(=O)CC(C)(C)C3)cc1,5.4
CC(C)c1ccc(/C=N/NC(=O)CN(c2cccc(Cl)c2Cl)S(C)(=O)=O)cc1,4.55
CC(C)c1ccc(C(=O)CC2(O)C(=O)N(CN3CCOCC3)c3ccccc32)cc1,5.05
CC(C)c1ccc(CN(C(=O)C2COc3ccccc3O2)C2CCS(=O)(=O)C2)cc1,4.55
CC(C)c1ccc(COc2ccc(N(CCN)C(=O)c3ccc(Cl)cc3Cl)cc2)cc1.Cl,7.82
CC(C)c1ccc(COc2ccc(N(CCN)C(=O)c3cccnc3C(F)(F)F)cc2)cc1.Cl,6.84
CC(C)c1ccc(Cn2ccc3c4c(N)nc(NC5CC5)nc4ccc32)cc1,5.2
CC(C)c1ccc(N2C(=O)CC(Sc3nc4ccccc4o3)C2=O)cc1,4.4
CC(C)c1ccc(NC(=O)C(c2ccccc2)N2CCN(C=O)CC2)cc1,4.95
CC(C)c1ccc(O)c(NC(=O)c2nc[nH]n2)c1,5.0
CC(C)c1ccc(S(=O)(=O)n2cc(CN3CCN(C)CC3)c3cc(F)ccc32)cc1.Cl.Cl,5.85
CC(C)c1ccc(S(=O)(=O)n2cc(N3CCN(C)CC3)c3ccccc32)cc1,5.26
CC(C)c1ccc2c(c1)CCC1C(C)(C(N)=O)CCCC21C,4.7
CC(C)c1ccc2c(c1)CC[C@@H]1[C@@](C)(CN)CCC[C@]21C,5.2
CC(C)c1ccc2c(c1)CC[C@H]1[C@@](C)(CN)CCC[C@@]21C.O=C(O)c1ccccc1,5.4
CC(C)c1ccc2c(c1)CC[C@H]1[C@](C)(CN)CCC[C@]21C.Cl,5.0
CC(C)c1ccc2c(c1)c(SC(C)(C)C)c(CC(C)(C)C(=O)O)n2Cc1ccc(Cl)cc1,4.8
CC(C)c1ccc2c(c1)c(SC(C)(C)C)c(CC(C)(C)C(=O)[O-])n2Cc1ccc(Cl)cc1.[Na+],4.7
CC(C)c1ccc2c(c1O)CCC1C3=C(CC[C@]21C)C(=O)OC3,4.8
CC(C)c1cccc(=O)c(O)c1,6.2
CC(C)c1cccc(C(C)C)c1O,4.4
CC(C)c1cccc2c([Si](C)(C)C)c3c(nc12)-c1cccc(=O)n1C3,4.6
CC(C)c1cccc2cc3c(nc12)-c1cccc(=O)n1C3,4.8
CC(C)c1cccc2nc3c(c(C(C)(C)C)c12)Cn1c-3cccc1=O,5.3
CC(C)c1cccc2nc3c(c([Si](C)(C)C(C)(C)C)c12)Cn1c-3cccc1=O,4.9
CC(C)c1cccc2nc3c(c([Si](C)(C)C)c12)Cn1c-3cccc1=O,5.0
CC(C)c1ccccc1-n1c(SCC(=O)N2CCN(c3ccccc3)CC2)nnc1-c1cccnc1,6.3
CC(C)c1ccccc1S(=O)(=O)c1cc(N)c2ncccc2c1[N+](=O)[O-],6.0
CC(C)c1ccccc1[C@@H]1CCCN1C1CC2(CCN(c3ccc(C(=O)NS(=O)(=O)c4ccc(NCC5CCOCC5)c([N+](=O)[O-])c4)c(Oc4cnc5[nH]ccc5c4)c3)CC2)C1,4.68
CC(C)c1ccccc1[S+]([O-])c1ccccc1C(C)(C)O,5.4
CC(C)c1nc(-c2ccc(F)cc2)c(-c2ccc3nc(N)n(S(=O)(=O)C(C)C)c3c2)[nH]1.CS(=O)(=O)O,5.21
CC(C)c1nc(-c2nnc3n2CCN(C(=O)c2ccc(-c4cccs4)cc2)[C@@H]3C)co1,4.37
CC(C)c1nc(-c2nnc3n2CCN(C(=O)c2ccc(-c4cccs4)cc2)[C@@H]3C)cs1,4.46
CC(C)c1nc(C(=O)NC2CCN(C(C)C)CC2)c2ccccn12,6.7
CC(C)c1nc(C(=O)NC2CCN(CC3CC3)CC2)c2ccccn12,4.7
CC(C)c1nc(C(=O)NC2CCN(CCF)CC2)c2ccccn12,4.56
CC(C)c1nc(C(=O)NCC2CCN(CC3CCOCC3)CC2)c2ccccn12,4.59
CC(C)c1nc(C(=O)NC[C@@H]2[C@H]3CN(CC(C)(C)F)C[C@@H]23)c2ccccn12,4.35
CC(C)c1nc(C(=O)NC[C@@H]2[C@H]3CN(CC(C)(C)O)C[C@@H]23)c2ccccn12,4.72
CC(C)c1nc(C(=O)NC[C@@H]2[C@H]3CN(CC4CCOCC4)C[C@@H]23)c2ccccn12,4.38
CC(C)c1nc(CN(C(=O)N[C@@H](CO)C(=O)N[C@H](CC[C@H](Cc2ccccc2)NC(=O)OCc2cncs2)Cc2ccccc2)C2CC2)cs1,6.96
CC(C)c1nc(CN(C(=O)N[C@H](C(=O)N[C@H](CC[C@H](Cc2ccccc2)NC(=O)OCc2cncs2)Cc2ccccc2)C(C)C)C2CC2)cs1,6.68
CC(C)c1nc(CN(C)C(=O)N2CCC[C@@H]2C(=O)N[C@H](CC[C@H](Cc2ccccc2)NC(=O)OCc2cncs2)Cc2ccccc2)cs1,6.779999999999999
CC(C)c1nc(CN(C)C(=O)N2CCC[C@H]2C(=O)N[C@H](CC[C@H](Cc2ccccc2)NC(=O)OCc2cncs2)Cc2ccccc2)cs1,6.734999999999999
CC(C)c1nc(CN(C)C(=O)N2CCN(C)C[C@H]2C(=O)N[C@H](CC[C@H](Cc2ccccc2)NC(=O)OCc2cncs2)Cc2ccccc2)cs1,6.685
CC(C)c1nc(CN(C)C(=O)N2CS(=O)(=O)C[C@H]2C(=O)N[C@H](CC[C@H](Cc2ccccc2)NC(=O)OCc2cncs2)Cc2ccccc2)cs1,6.6899999999999995
CC(C)c1nc(CN(C)C(=O)N2CSC[C@H]2C(=O)N[C@H](CC[C@H](Cc2ccccc2)NC(=O)OCc2cncs2)Cc2ccccc2)cs1,6.609999999999999
CC(C)c1nc(CN(C)C(=O)N2C[C@@H](N(C)C)C[C@H]2C(=O)N[C@H](CC[C@H](Cc2ccccc2)NC(=O)OCc2cncs2)Cc2ccccc2)cs1,6.65
CC(C)c1nc(CN(C)C(=O)N2C[C@@H](N)C[C@H]2C(=O)N[C@H](CC[C@H](Cc2ccccc2)NC(=O)OCc2cncs2)Cc2ccccc2)cs1,6.615
CC(C)c1nc(CN(C)C(=O)N2C[C@@H](N3CCOCC3)C[C@H]2C(=O)N[C@H](CC[C@H](Cc2ccccc2)NC(=O)OCc2cncs2)Cc2ccccc2)cs1,6.6899999999999995
CC(C)c1nc(CN(C)C(=O)N2C[C@@H](O)C[C@H]2C(=O)N[C@H](CC[C@H](Cc2ccccc2)NC(=O)OCc2cncs2)Cc2ccccc2)cs1,6.695
CC(C)c1nc(CN(C)C(=O)N2C[C@H](N3CCOCC3)C[C@H]2C(=O)N[C@@H](CC[C@@H](Cc2ccccc2)NC(=O)OCc2cncs2)Cc2ccccc2)cs1,6.82
CC(C)c1nc(CN(C)C(=O)N2C[C@H](O)C[C@H]2C(=O)N[C@@H](CC[C@@H](Cc2ccccc2)NC(=O)OCc2cncs2)Cc2ccccc2)cs1,6.72
CC(C)c1nc(CN(C)C(=O)N2C[C@H](O)C[C@H]2C(=O)N[C@H](CC[C@H](Cc2ccccc2)NC(=O)OCc2cncs2)Cc2ccccc2)cs1,6.72
CC(C)c1nc(CN(C)C(=O)N2Cc3nc[nH]c3C[C@H]2C(=O)N[C@H](CC[C@H](Cc2ccccc2)NC(=O)OCc2cncs2)Cc2ccccc2)cs1,6.574999999999999
CC(C)c1nc(CN(C)C(=O)NC(CN(C)C)C(=O)N[C@H](CC[C@H](Cc2ccccc2)NC(=O)OCc2cncs2)Cc2ccccc2)cs1,6.85
CC(C)c1nc(CN(C)C(=O)NC2(C(=O)N[C@H](CC[C@H](Cc3ccccc3)NC(=O)OCc3cncs3)Cc3ccccc3)CCN(C)CC2)cs1,6.595
CC(C)c1nc(CN(C)C(=O)NC2(C(=O)N[C@H](CC[C@H](Cc3ccccc3)NC(=O)OCc3cncs3)Cc3ccccc3)CCNCC2)cs1,6.645
CC(C)c1nc(CN(C)C(=O)N[C@@H](CC(=O)O)C(=O)N[C@H](CC[C@H](Cc2ccccc2)NC(=O)OCc2cncs2)Cc2ccccc2)cs1,6.3
CC(C)c1nc(CN(C)C(=O)N[C@@H](CC(N)=O)C(=O)N[C@H](CC[C@H](Cc2ccccc2)NC(=O)OCc2cncs2)Cc2ccccc2)cs1,6.89
CC(C)c1nc(CN(C)C(=O)N[C@@H](CCCCN)C(=O)N[C@H](CC[C@H](Cc2ccccc2)NC(=O)OCc2cncs2)Cc2ccccc2)cs1,6.92
CC(C)c1nc(CN(C)C(=O)N[C@@H](CCN(C)C)C(=O)N[C@H](CC[C@H](Cc2ccccc2)NC(=O)OCc2cncs2)Cc2ccccc2)cs1,6.85
CC(C)c1nc(CN(C)C(=O)N[C@@H](CCN)C(=O)N[C@H](CC[C@H](Cc2ccccc2)NC(=O)OCc2cncs2)Cc2ccccc2)cs1,6.68
CC(C)c1nc(CN(C)C(=O)N[C@@H](CCN2CCOCC2)C(=O)NC(Cc2ccccc2)CN(Cc2ccccc2)C(=O)OCc2cncs2)cs1,6.32
CC(C)c1nc(CN(C)C(=O)N[C@@H](CCN2CCOCC2)C(=O)N[C@H](CCN(Cc2ccc(Cl)cc2)C(=O)OCc2cncs2)Cc2ccccc2)cs1,6.36
CC(C)c1nc(CN(C)C(=O)N[C@@H](CCN2CCOCC2)C(=O)N[C@H](CCN(Cc2ccccc2)C(=O)OCc2cncs2)Cc2ccccc2)cs1,6.47
CC(C)c1nc(CN(C)C(=O)N[C@@H](CCN2CCOCC2)C(=O)N[C@H](CCN(Cc2ccccc2Cl)C(=O)OCc2cncs2)Cc2ccccc2)cs1,6.47
CC(C)c1nc(CN(C)C(=O)N[C@@H](CCN2CCOCC2)C(=O)N[C@H](CC[C@H](Cc2ccccc2)NC(=O)OCc2cncs2)Cc2ccccc2)cs1,6.82
CC(C)c1nc(CN(C)C(=O)N[C@@H](CCNS(C)(=O)=O)C(=O)N[C@H](CC[C@H](Cc2ccccc2)NC(=O)OCc2cncs2)Cc2ccccc2)cs1,6.92
CC(C)c1nc(CN(C)C(=O)N[C@@H](CCO)C(=O)N[C@H](CC[C@H](Cc2ccccc2)NC(=O)OCc2cncs2)Cc2ccccc2)cs1,6.85
CC(C)c1nc(CN(C)C(=O)N[C@@H](CO)C(=O)N[C@@H](CC[C@@H](Cc2ccccc2)NC(=O)OCc2cncs2)Cc2ccccc2)cs1,6.85
CC(C)c1nc(CN(C)C(=O)N[C@@H](CO)C(=O)N[C@H](CC[C@H](Cc2ccccc2)NC(=O)OCc2cncs2)Cc2ccccc2)cs1,6.82
CC(C)c1nc(CN(C)C(=O)N[C@@H](COCc2ccccc2)C(=O)N[C@H](CC[C@H](Cc2ccccc2)NC(=O)OCc2cncs2)Cc2ccccc2)cs1,6.77
CC(C)c1nc(CN(C)C(=O)N[C@@H](Cc2c[nH]cn2)C(=O)N[C@@H](CC[C@@H](Cc2ccccc2)NC(=O)OCc2cncs2)Cc2ccccc2)cs1,7.05
CC(C)c1nc(CN(C)C(=O)N[C@@H](Cc2c[nH]cn2)C(=O)N[C@H](CC[C@H](Cc2ccccc2)NC(=O)OCc2cncs2)Cc2ccccc2)cs1,6.92
CC(C)c1nc(CN(C)C(=O)N[C@@H](Cc2cn(C)cn2)C(=O)N[C@H](CC[C@H](Cc2ccccc2)NC(=O)OCc2cncs2)Cc2ccccc2)cs1,6.96
CC(C)c1nc(CN(C)C(=O)N[C@@H](Cn2cccn2)C(=O)N[C@H](CC[C@H](Cc2ccccc2)NC(=O)OCc2cncs2)Cc2ccccc2)cs1,7.0
CC(C)c1nc(CN(C)C(=O)N[C@H](C(=O)N(C)[C@H](CC[C@H](Cc2ccccc2)NC(=O)OCc2cncs2)Cc2ccccc2)C(C)C)cs1,6.39
CC(C)c1nc(CN(C)C(=O)N[C@H](C(=O)N(CCCCN(Cc2ccccc2)C(=O)OCc2cncs2)Cc2ccccc2)C(C)C)cs1,6.62
CC(C)c1nc(CN(C)C(=O)N[C@H](C(=O)N(CCCN(Cc2ccccc2)C(=O)OCc2cncs2)Cc2ccccc2)C(C)C)cs1,6.52
CC(C)c1nc(CN(C)C(=O)N[C@H](C(=O)N2CCC(NC(=O)OCc3cncs3)CC2)C(C)C)cs1,5.74
CC(C)c1nc(CN(C)C(=O)N[C@H](C(=O)N2CCN(C(=O)OCc3cncs3)CC2)C(C)C)cs1,5.85
CC(C)c1nc(CN(C)C(=O)N[C@H](C(=O)NC2CCN(C(=O)OCc3cncs3)CC2)C(C)C)cs1,5.78
CC(C)c1nc(CN(C)C(=O)N[C@H](C(=O)NCCCCNC(=O)OCc2cncs2)C(C)C)cs1,6.06
CC(C)c1nc(CN(C)C(=O)N[C@H](C(=O)NCCCNC(=O)OCc2cncs2)C(C)C)cs1,5.9
CC(C)c1nc(CN(C)C(=O)N[C@H](C(=O)NCCNC(=O)OCc2cncs2)C(C)C)cs1,5.96
CC(C)c1nc(CN(C)C(=O)N[C@H](C(=O)N[C@@H](C)CC[C@H](C)NC(=O)OCc2cncs2)C(C)C)cs1,6.29
CC(C)c1nc(CN(C)C(=O)N[C@H](C(=O)N[C@@H](CC[C@@H](Cc2ccccc2)NC(=O)OCc2cncs2)Cc2ccccc2)C(C)C)cs1,6.85
CC(C)c1nc(CN(C)C(=O)N[C@H](C(=O)N[C@@H](Cc2ccccc2)C[C@H](O)[C@H](Cc2ccccc2)NC(=O)OCc2cncs2)C(C)C)cs1,7.0
CC(C)c1nc(CN(C)C(=O)N[C@H](C(=O)N[C@@H](Cc2ccccc2)[C@H](Cc2ccccc2)NC(=O)OCc2cncs2)C(C)C)cs1,6.66
CC(C)c1nc(CN(C)C(=O)N[C@H](C(=O)N[C@@H](Cc2ccccc2)[C@H]2OC(C)(C)O[C@@H]2[C@H](Cc2ccccc2)NC(=O)OCc2cncs2)C(C)C)cs1,6.51
CC(C)c1nc(CN(C)C(=O)N[C@H](C(=O)N[C@H](/C=C/[C@H](Cc2ccccc2)NC(=O)OCc2cncs2)Cc2ccccc2)C(C)C)cs1,6.82
CC(C)c1nc(CN(C)C(=O)N[C@H](C(=O)N[C@H](CC(=O)[C@H](Cc2ccccc2)NC(=O)OCc2cncs2)Cc2ccccc2)C(C)C)cs1,6.55
CC(C)c1nc(CN(C)C(=O)N[C@H](C(=O)N[C@H](CCN(Cc2ccccc2)C(=O)OCc2cncs2)Cc2ccccc2)C(C)C)cs1,6.5
CC(C)c1nc(CN(C)C(=O)N[C@H](C(=O)N[C@H](CCN(Cc2ccccc2)NC(=O)OCc2cncs2)Cc2ccccc2)C(C)C)cs1,6.52
CC(C)c1nc(CN(C)C(=O)N[C@H](C(=O)N[C@H](CCNNC(=O)OCc2cncs2)Cc2ccccc2)C(C)C)cs1,6.2
CC(C)c1nc(CN(C)C(=O)N[C@H](C(=O)N[C@H](CC[C@H](Cc2ccccc2)N(C)C(=O)OCc2cncs2)Cc2ccccc2)C(C)C)cs1,6.15
CC(C)c1nc(CN(C)C(=O)N[C@H](C(=O)N[C@H](CC[C@H](Cc2ccccc2)NC(=O)OCc2cccnc2)Cc2ccccc2)C(C)C)cs1,6.89
CC(C)c1nc(CN(C)C(=O)N[C@H](C(=O)N[C@H](CC[C@H](Cc2ccccc2)NC(=O)OCc2cnc[nH]2)Cc2ccccc2)C(C)C)cs1,6.55
CC(C)c1nc(CN(C)C(=O)N[C@H](C(=O)N[C@H](CC[C@H](Cc2ccccc2)NC(=O)OCc2cnco2)Cc2ccccc2)C(C)C)cs1,5.47
CC(C)c1nc(CN(C)C(=O)N[C@H](C(=O)N[C@H](CC[C@H](Cc2ccccc2)NC(=O)OCc2cncs2)Cc2ccccc2)C(C)C)cs1,6.89
CC(C)c1nc(CN(C)C(=O)N[C@H](CCN2CCOCC2)C(=O)N[C@H](CC[C@H](Cc2ccccc2)NC(=O)OCc2cncs2)Cc2ccccc2)cs1,6.82
CC(C)c1nc(COC(=O)N[C@H](C(=O)N[C@@H](Cc2ccccc2)[C@H](O)CN2CCN(Cc3ccc4c(c3)OCO4)C[C@H]2C(=O)NC(C)(C)C)C(C)C)cs1,5.02
CC(C)c1nc(COC(=O)N[C@H](C(=O)N[C@@H](Cc2ccccc2)[C@H](O)CN2CCN(Cc3cccc4c3COC4)C[C@H]2C(=O)NC(C)(C)C)C(C)C)cs1,4.92
CC(C)c1nc(COC(=O)N[C@H](C(=O)N[C@@H](Cc2ccccc2)[C@H](O)CN2CCN(Cc3cccnc3)C[C@H]2C(=O)NC(C)(C)C)C(C)C)cs1,5.64
CC(C)c1nc(COC(=O)N[C@H](C(=O)N[C@@H](Cc2ccccc2)[C@H](O)CN2CCN(Cc3cncs3)C[C@H]2C(=O)NC(C)(C)C)C(C)C)cs1,4.82
CC(C)c1nc(N(C)S(C)(=O)=O)nc(-c2ccc(F)cc2)c1/C=C/C(O)CC(O)CC(=O)O,4.4
CC(C)c1nc2ccccn2c1NC1CCCCC1,4.85
CC(C)c1nc2cccnc2n1-c1ccc(C[C@H](NC2=C(Br)C(=O)C23CCCCC3)C(=O)O)cc1,4.1
CC(C)c1noc(C2CCN(c3ncnc4c(-c5ccc(S(C)(=O)=O)cc5)csc34)CC2)n1,4.92
CC(C)c1noc(N2CCC(Oc3ncnc4c(-c5ccc(S(C)(=O)=O)cc5F)csc34)CC2)n1,5.42
CC(C)c1onc(-c2c(Cl)cccc2Cl)c1COc1ccc(-c2ccc3c(C(=O)O)cccc3c2)cc1,5.14
CC(C)n1c(=O)c2c(=O)cc(O)oc2c2ccccc21,5.6
CC(C)n1c(=O)cc(N[C@@H](C)c2ccccc2)[nH]c1=O,5.66
CC(C)n1cc(/C=C2/SC(=O)N(CC(=O)Nc3ccc4c(c3)OCO4)C2=O)c2ccccc21,6.5
CC(C)n1cc(S(=O)(=O)c2ccc(NC(=O)[C@@H]3C[C@H]3c3cccnc3)cc2)cn1,6.27
CC(C)n1cc(S(=O)(=O)c2ccc(NC(=O)[C@H]3C[C@@H]3c3cccnc3)cc2)cn1,6.21
CC(C)n1ccc(-c2ccc([C@H](C)N3CC[C@](CC(C)(C)O)(c4ccccc4)OC3=O)cc2)cc1=O,4.37
CC(C)n1cnc2c(C(=O)N[C@H]3CN4CCC3CC4)cc(Cl)cc21,4.5
CC(C)n1nc(-c2nnc(C3CCN(CCc4ccccc4)CC3)o2)c2ccccc21.O=C(O)C(=O)O,4.95
CC(C)n1nc(C(=O)NC2C3CN(CC4CCOCC4)CC32)c2ccccc21.O=C(O)C(=O)O,5.04
CC(C)n1nc(C(=O)NC2CC3CCC(C2)N3CC2(O)CCOCC2)c2ccccc21.O=C(O)C(O)C(O)C(=O)O,4.57
CC(C)n1nc(C(=O)NCC2C3CN(C4CCOCC4)CC23)c2ccccc21.O=C(O)C(=O)O,4.69
CC(C)n1nccc1-c1ncccc1COc1cccc(O)c1C=O,4.495
CC(C)n1nnnc1SCC(=O)NCCc1ccccc1,4.85
CC(C)n1nnnc1SCC(=O)NCc1ccc2c(c1)OCO2,6.05
CC(C/C=N/NC(=O)COc1cc(Cl)ccc1Cl)c1ccccc1,4.85
CC(C1CC1)n1c(CNC(=O)[C@@H](Cc2ccccc2C(F)(F)F)NC(=O)OC(C)(C)C)nc2cccnc21,6.07
CC(CC(=O)NC1CCCC1)c1ccccc1,4.7
CC(CC(=O)Nc1ccc(Cl)c([N+](=O)[O-])c1)c1ccccc1,5.0
CC(CCC(=O)O)(c1ccc(O)cc1)c1ccc(O)cc1,4.4
CC(CCC(=O)O)C1CCC2C3C(O)C[C@@H]4CC(O)CC[C@@]4(C)C3CC[C@@]12C,4.4
CC(CCc1ccccc1)NC(=O)/C=C/c1ccccc1,4.6
CC(CCc1nc2ccccc2s1)(c1ccc(O)cc1)c1ccc(O)cc1,5.4
CC(CN(C)C)CN1c2ccccc2CCc2ccccc21.O=C(O)/C=C\C(=O)O,4.7
CC(CN1C(=O)/C(=C/c2ccc(C#N)cc2)NC1=S)Cn1ccnc1,5.95
CC(CO)Nc1nc(SCc2ccccc2)nc2sc3c(c12)CCC3,4.85
CC(COc1ccccc1)N(CCCl)Cc1ccccc1.Cl,5.9
CC(CS(=O)(=O)N1CCN(c2ccc(F)cc2)CC1)N(O)C=O,6.0
CC(Cc1ccc(O)c(O)c1)C(C)Cc1ccc(O)c(O)c1,4.9
CC(Cc1cccc(C(F)(F)F)c1)NCCOC(=O)c1ccccc1.Cl,6.2
CC(Cc1ccccc1)C(=O)NCCO,4.8
CC(Cc1ccccc1)C(=O)NCCc1c[nH]c2ccccc12,5.6
CC(Cc1ccccc1)C(=O)NCc1ccncc1,5.6
CC(Cc1ccccc1)C(=O)N[C@@H](CO)Cc1ccccc1,4.8
CC(Cc1ccccc1)N/C=C1\CC(=O)NC1=O,5.4
CC(Cc1ccccc1)NC(=O)CSc1nc2nc3c(cc2c(=O)n1-c1ccccc1)COC(C)(C)C3,5.1
CC(Cn1ccnc1)NC(=O)NC1CCN(Cc2ccn(-c3ccc(C(F)(F)F)cc3)c2)CC1,6.5
CC(F)(F)CNC(=O)N1Cc2nc(N)nc(-c3c(Cl)cc(Cl)cc3OCCn3cc(F)cn3)c2C1,6.22
CC(F)(F)CNC(=O)N1Cc2nc(N)nc(-c3c(Cl)cc(Cl)cc3OCCn3cccn3)c2C1,5.48
CC(F)CN1C[C@H]2C[C@@H](N(Cc3cccc(OC(F)(F)F)c3)C(=O)c3cn(C)cn3)C[C@H]2C1,5.1
CC(N)C(=O)OC(C)(C)Cc1ccc(Cl)cc1,4.8
CC(N/C(=N\C#N)Nc1ccncc1)C(C)(C)C,5.5
CC(NC(=O)C(=O)NN=C1CCCCCC1)c1ccccc1,4.6
CC(NC(=O)C1(C)CC1(Br)Br)C(C)(C)C,4.85
CC(NC(=O)CCSc1nc(-c2ccc3c(c2)OCO3)cc(C(F)(F)F)n1)c1ccccc1,7.4
CC(NC(=O)CCSc1nc(-c2ccco2)cc(C(F)(F)F)n1)c1ccccc1,4.7
CC(NC(=O)CN1CCCC1)C12CC3CC(CC(C3)C1)C2.Cl,4.85
CC(NC(=O)CSc1nc(=O)cc(N)n1CCc1ccccc1)c1ccccc1,6.75
CC(NC(=O)Cc1ccc(F)cc1)c1ccccc1,4.6
CC(NC(=O)OC1CCCCC1)N1C(=O)C2C3C=CC(C3)C2C1=O,5.0
CC(NC(=O)c1ccc(Cl)cc1)c1nnc(SCc2ccc([N+](=O)[O-])cc2)n1C,5.05
CC(NC(=O)c1ccc(Cn2cc([N+](=O)[O-])cn2)o1)c1ccccc1,4.6
CC(NC(=O)c1cccc(F)c1)C(c1cccs1)N1CCN(C)CC1,4.8
CC(NC(=O)c1ccccc1)c1nc2ccccc2n1Cc1ccccc1F,4.85
CC(NC(=O)c1ccccc1Br)c1ccc2c(c1)CCCC2,4.6
CC(NC1CCCC1)C(=O)Nc1ccccc1-c1ccccc1,5.6
CC(NCCC(c1ccccc1)c1ccccc1)c1ccccc1.Cl,4.6
CC(NCc1ccc(Cl)cc1Cl)C(O)c1ccccc1.Cl,4.95
CC(O)(CS(=O)(=O)Cc1ccc(Cl)cc1)C(=O)Nc1cccc(C(F)(F)F)c1,5.7
CC(O)(CS(=O)(=O)Cc1ccccc1Cl)C(=O)Nc1cccc(C(F)(F)F)c1,5.6
CC(O)(CS(=O)(=O)c1cccc(C(F)(F)F)c1)C(=O)Nc1ccc(C(F)(F)F)cc1,5.85
CC(O)(CS(=O)(=O)c1cccc(C(F)(F)F)c1)C(=O)Nc1cccc(C(F)(F)F)c1,5.85
CC(O)(CS(=O)(=O)c1ccccc1)C(=O)Nc1cccc(C(F)(F)F)c1,5.35
CC(O)CCC(=O)c1ccoc1,4.7
CC(Oc1ccc(-c2ccccc2)c(F)c1)c1ccn(S(=O)(=O)c2ccc(Cl)cc2)n1,4.8
CC(Oc1ccc(Cl)cc1)c1ccnn1S(=O)(=O)c1ccccc1,4.8
CC(Oc1ccc(Cl)cc1Cl)C(=O)/C=C/N(C)C,4.6
CC(Oc1ccc2nc(N)n(CC(O)c3ccc(C(F)(F)F)cc3Cl)c2n1)C(F)(F)F,4.69
CC(Oc1ccccc1)C(=O)NC1C(=O)N2C(C(=O)[O-])C(C)(C)S[C@@H]12.[K+],6.6
CC(Sc1ccc2c(c1)OCCO2)C(=O)Nc1ncc(Cl)cc1Cl,4.85
CC(Sc1nc(-c2ccccc2)cc(C(F)(F)F)n1)C(=O)N1CCCCC1,5.15
CC(Sc1nc2cnccc2n1-c1ccc(C2CC2)c2ccccc12)C(=O)O,4.44
CC(Sc1ncnc2ccccc12)C(=O)Nc1ccc2c(c1)OCO2,6.1
CC(Sc1nnc(C(C)N(C)C)n1-c1ccc(Cl)cc1)C(=O)Nc1ccc2c(c1)OCO2,6.05
CC(Sc1nnc(Cc2cccs2)n1C1CCCCC1)C(N)=O,5.4
CC(c1c(CCN(C)C)sc2ccccc12)n1ccnc1,5.28
CC(c1ccc(C(=O)N2CCc3cc(C(C)(C)C)ccc32)cc1)N1CCCCC1,4.62
CC(c1ccc(Cl)cc1)n1c(S)nnc1-c1ccc2ccccc2n1,5.1
CC(c1ccc(F)cc1)n1c(S)nnc1-c1ccc2ccccc2n1,5.25
CC(c1ccncc1)c1c(CCN(C)C)sc2ccccc12,5.55
CC/C(=C(/CC)c1ccc(O)cc1)c1ccc(O)cc1,4.9
CC/C(=C(/c1ccc(/C=C/C(=O)O)cc1)c1[nH]c2ccccc2c1Cl)c1ccc(F)cc1Cl,5.16
CC/C(=C(/c1ccc(O)cc1)c1ccc(OCCN)cc1)c1ccc(O)cc1,5.76
CC/C(=C(/c1ccc(O)cc1)c1ccc(OCCN)cc1)c1ccccc1,6.484999999999999
CC/C(=C(\c1ccc(O)cc1)c1ccc(OCCN(C)C)cc1)c1ccccc1,4.6
CC/C(=C(\c1ccccc1)c1ccc(OCCN(C)C)cc1)c1ccccc1,4.5
CC/C(=C(\c1ccccc1)c1ccc(OCCN(C)C)cc1)c1ccccc1.O=C(O)CC(O)(CC(=O)O)C(=O)O,4.9
CC/C(=C(\c1ccccc1)c1ccc(OCCN)cc1)c1ccccc1,5.25
CC/C(=N/Nc1ccccc1)c1cnnc(SC)n1,4.6
CC/C=C/C/C=C/C/C=C/CCCCCCCC(=O)OCC,5.0
CC/C=C\C/C=C\C/C=C\CCCCCCCC(=O)O,4.8
CC/C=C\CC[C@H](OC(=O)c1ccc(Br)cc1)C1=CCCCC1=O,5.4
CC/N=C1\O[C@H]2[C@H](O[C@@H]3[C@@H](C)[C@H](O[C@H]4C[C@@](C)(OC)[C@@H](O)[C@H](C)O4)[C@@H](C)C(=O)O[C@H](CC)[C@@](C)(O)[C@H](O)[C@@H](C)C(=O)[C@H](C)C[C@@]3(C)O)O[C@H](C)C[C@@H]2N1C,5.77
CC/N=C1\O[C@H]2[C@H](O[C@@H]3[C@@H](C)[C@H](O[C@H]4C[C@@](C)(OC)[C@@H](O)[C@H](C)O4)[C@@H](C)C(=O)O[C@H](CC)[C@@](C)(O)[C@H](O)[C@@H](C)C(=O)[C@H](C)C[C@@]3(C)OC)O[C@H](C)C[C@@H]2N1C,5.54
CC/N=C1\O[C@H]2[C@H](O[C@@H]3[C@@H](C)[C@H](O[C@H]4C[C@@](C)(OC)[C@@H](O)[C@H](C)O4)[C@@H](C)C(=O)O[C@H](CC)[C@@](C)(O)[C@H](O)[C@@H](C)N(C)C[C@H](C)C[C@@]3(C)O)O[C@H](C)C[C@@H]2N1C,5.1
CC/N=C1\S/C(=C\c2ccc(Sc3ccc(Cl)cc3)o2)C(=O)N1CC,4.9
CC1(C(=O)NCC2CC2)C=CC2(CCCCC2)N1C(=O)c1ccccc1,5.1
CC1(C(=O)NCCCNC(=O)C2(C)CC2(Br)Br)CC1(Br)Br,5.0
CC1(C(=O)NCCCNc2ncc(C(F)(F)F)cc2Cl)C=CC2(CCCCC2)N1C(=O)c1ccccc1,5.1
CC1(C(=O)NCCN2CCOCC2)C=CC2(CCCCC2)N1C(=O)c1ccccc1,5.1
CC1(C(=O)NCCN2CCOCC2)C=CCN1C(=O)c1ccccc1,4.6
CC1(C(=O)NCCc2c[nH]c3ccccc23)C=CCN1C(=O)c1ccccc1,5.0
CC1(C(=O)NCc2cc(F)cc(C(F)(F)F)c2)C=CC2(CCCCC2)N1C(=O)c1ccccc1,5.2
CC1(C(=O)NS(=O)(=O)c2ccc(Cl)s2)CCN(c2nc3c(cc2C#N)C(=O)OC3)CC1,4.3
CC1(C)C(=O)C(C)(C)c2cc(C(=O)Nc3ccc(C(=O)O)cc3)ccc21,4.54
CC1(C)C(=O)C(c2ccccc2)=C2CN3C(=O)N(CCc4ccccc4)C(=O)C3(Cc3ccc(C(F)(F)F)cc3)C=C21,5.7
CC1(C)C(=O)C(c2ccccc2)=C2CN3C(=O)N(CCc4ccccc4)C(=O)C3(Cc3ccc(F)cc3)C=C21,5.5
CC1(C)C(=O)C(c2ccccc2)=C2CN3C(=O)N(CCc4ccccc4)C(=O)C3(Cc3ccccc3)C=C21,5.7
CC1(C)C(=O)C2C[C@]3(O)C4=CC(=O)OC(c5ccoc5)[C@]4(C)CCC3[C@](C)(C2=O)C1CC(=O)O,4.6
CC1(C)C(=O)C=C[C@@]2(C)C1=C(O)C(=O)[C@@]1(C)C2CC[C@@]2(C)C(c3ccoc3)C[C@H]3O[C@@]321,6.3
CC1(C)C(=O)C=C[C@@]2(C)C1C=C[C@@]1(C)C2CC[C@@]2(C)C(c3ccoc3)OC(=O)C3OC312,5.1
CC1(C)C(=O)C=C[C@@]2(C)C1CC(O)[C@]1(C)C2CC[C@@]2(C)C(c3ccoc3)OC(=O)C3O[C@]312,5.4
CC1(C)C(=O)C=C[C@]2(C)C1CC(=O)[C@]1(C)C2CC[C@@]2(C)C(c3ccoc3)OC(=O)C3O[C@@]321,5.6
CC1(C)C(=O)CC[C@@]2(C)C1CC(O)[C@@]1(C)C3=CC(=O)OC(c4ccoc4)[C@]3(C)CCC21,4.8
CC1(C)C(=O)N(CCN2CCC(C(=O)c3ccc(F)cc3)CC2)c2ccccc21,4.8
CC1(C)C(=O)N=C2C1=C(O)C(=O)c1ccccc12,4.5
CC1(C)C(=O)[C@@H]2OC2[C@@]2(C)C1CC(O)[C@]1(C)C2CC[C@@]2(C)C(c3ccoc3)OC(=O)C3OC312,6.0
CC1(C)C(C(Cl)Cl)C2(Cl)C(Cl)C(Cl)C1(Cl)C2(Cl)Cl,5.1
CC1(C)C(O)C=C[C@@]2(C)C1CC(=O)O[C@@]1(C)C3=CC(=O)OC(c4ccoc4)[C@]3(C)CCC21,5.7
CC1(C)C(O)CC(=O)[C@]2(C)C1CC(=O)[C@]1(C)C2CC[C@@]2(C)C(c3ccoc3)OC(=O)C3O[C@@]321,5.0
CC1(C)C(O)CC(O)[C@]2(C)C1CC(=O)[C@]1(C)C2CC[C@@]2(C)C(c3ccoc3)OC(=O)C3OC321,5.2
CC1(C)C(O)CC(O)[C@]2(C)C1CC(O)[C@]1(C)C2CC[C@@]2(C)C(c3ccoc3)CC3OC312,5.5
CC1(C)C(O)CC(O)[C@]2(C)C1CC(O)[C@]1(C)C2CC[C@@]2(C)C(c3ccoc3)OC(=O)C3O[C@]312,4.9
CC1(C)C(O)CC[C@]2(C)C1CC[C@@]1(C)C2C(=O)C=C2[C@@H]3C[C@@](C)(C(=O)O)CC[C@@]3(C)CCC21C,4.4
CC1(C)C2(Cl)C(Cl)C(Cl)C(Cl)(C(Cl)Cl)C1(Cl)C2Cl,4.8
CC1(C)C=CC(=O)[C@]2(C)C1CC(=O)[C@]1(C)C2CC[C@@]2(C)C(c3ccoc3)OC(=O)C3OC321,5.7
CC1(C)C=Cc2c(cc3occ(-c4ccc5c(c4)OCO5)c(=O)c3c2O)O1,4.6
CC1(C)C=Cc2c(ccc3c2OC[C@@H](c2ccc(O)cc2O)C3)O1,5.16
CC1(C)CC(=O)C(/C=N/CCN2CCN(C(=S)Nc3ccc(F)cc3)CC2)=C(O)C1,4.6
CC1(C)CC(=O)C(C(C#Cc2ccccc2)C2=C(O)CC(C)(C)CC2=O)=C(O)C1,4.5
CC1(C)CC(=O)C(C(c2ccccc2F)C2C(=O)CC(C)(C)CC2=O)C(=O)C1,4.55
CC1(C)CC(=O)C(CCC(=O)c2ccccc2)C(C)(C)N1,4.9
CC1(C)CC(=O)C([C@H]2C3=C(CC(C)(C)CC3=O)Oc3ccccc32)C(=O)C1,4.8
CC1(C)CC(=O)C2=C(C1)N(Cc1ccccc1)C(=O)C2(NC(=O)C(C)(C)C)C(F)(F)F,4.5
CC1(C)CC(=O)C2=C(C1)N(Cc1ccccc1)C(=O)C2(O)C(F)(F)F,4.7
CC1(C)CC(=O)C2=C(C1)N(Cc1cccnc1)C(=O)C2(NC(=O)c1cccnc1)C(F)(F)F,4.9
CC1(C)CC(=O)C2=C(C1)N(c1ccc(F)cc1)C(N)=C(C#N)C2c1cccs1,6.0
CC1(C)CC(=O)C2=C(C1)NC(=O)C21C(C(=O)OC(C)(C)C)=C(N)Oc2ccc(Br)cc21,5.5
CC1(C)CC(=O)C2=C(C1)Oc1nc3ccccc3cc1C2C(C#N)C#N,4.85
CC1(C)CC(=O)C=C(NCc2ccc(Cl)c(Cl)c2)C1,5.1
CC1(C)CC(=O)c2c(n[nH]c2Cc2ccccc2)C1,4.85
CC1(C)CC(=O)c2c(oc3cc(O)c(O)cc23)C1,4.5
CC1(C)CC(=O)c2c(oc3cc4c(cc23)OCO4)C1,5.4
CC1(C)CC(N=C=O)CC(C)(CN=C=O)C1,4.6
CC1(C)CC(NCc2ccc3c(c2)OCO3)CCO1,4.75
CC1(C)CC(Oc2ccc(-c3ccc(C4(C(=O)O)CC4)cc3F)cc2)CC(C)(C)C1,4.57
CC1(C)CC2(CC(C)(C(=O)CSc3nc4ccccc4s3)OC2=O)C(=O)O1,5.0
CC1(C)CC2(CCO1)OC(=O)CC2C(=O)NCCc1ccccc1,4.55
CC1(C)CC2/C(CO)=C/C=C/[C@](C)(O)CC[C@]21O,4.8
CC1(C)CC23C(=O)CCC(O)C2(C)CCC13,4.8
CC1(C)CC2=Nc3cc4c(cc3C(c3ccc(F)cc3)C2=C(O)C1)OCO4,6.0
CC1(C)CC2C1CCC1(C)OC1CCC2(C)O,4.6
CC1(C)CC2C1CCC1(C)OC2(C)CCC1O,4.6
CC1(C)CCC(C)(C)c2c1cc(C(=O)Nc1cc(F)c(C(=O)O)c(F)c1)c(O)c2Cl,4.6
CC1(C)CCC(C)(C)c2cc(/C(COc3ccc(C(=O)O)cc3)=N\O)ccc21,5.58
CC1(C)CCC(C)(C)c2cc(C#Cc3ccc(C(=O)O)cc3)ccc21,5.91
CC1(C)CCC(C)(C)c2cc(C(=O)COc3ccc(C(=O)O)cc3)ccc21,6.0
CC1(C)CCC(C)(C)c2cc(C(=O)Nc3ccc(C(=O)O)cc3)ccc21,5.64
CC1(C)CCC(C)(C)c2cc(C(O)C(=O)Nc3ccc(C(=O)O)cc3F)ccc21,4.41
CC1(C)CCC(C)(C)c2cc(C(O)COc3ccc(C(=O)O)cc3)ccc21,5.77
CC1(C)CCC(C)(C)c2cc(C3(c4ccc(/C=C/C(=O)O)cc4)OCCO3)ccc21,4.52
CC1(C)CCC(C)(C)c2cc(C3(c4ccc(CCC(=O)O)cc4)SCCS3)ccc21,5.12
CC1(C)CCC(C)(C)c2cc(NC(=O)c3ccc(C(=O)O)cc3)ccc21,4.97
CC1(C)CCC(NC/C=C/CN(C[C@H]2Cc3ccccc3CN2)[C@H]2CCCc3cccnc32)CC1,6.0
CC1(C)CCC(NCC(C)(C)CCN(C[C@H]2Cc3ccccc3CN2)[C@H]2CCCc3cccnc32)CC1,5.11
CC1(C)CCC(NCCCCN(C[C@H]2Cc3ccccc3CN2)[C@H]2CCCc3cccnc32)CC1,4.89
CC1(C)CCC(NCc2ccc(CN(C[C@H]3Cc4ccccc4CN3)[C@H]3CCCc4cccnc43)cc2)CC1,6.48
CC1(C)CCC(c2ccc(-c3ccc(C4(C(=O)O)CC4)cc3F)cc2)CC1,4.08
CC1(C)CCC(n2c3cnccc3c3cnc(Nc4ccc(N5CCNCC5)cn4)nc32)CC1,5.02
CC1(C)CCC2(C(=O)O)CC[C@]3(C)C(=CCC4[C@]5(C)CCC(O)C(C)(C)C5C(O)C[C@]43C)C2C1,5.6
CC1(C)CCC2=C(O1)c1ccccc1C(=O)C2=O,4.8
CC1(C)CCCC2(C)C3C(O)CC2(C)C(O)C31,4.5
CC1(C)CCC[C@@]2(C)[C@@H]1CC[C@]1(C)OC(=O)C[C@@H]21,4.7
CC1(C)CCN1Cc1cccc(F)c1CNc1cc(F)c(S(=O)(=O)Nc2cscn2)c(F)c1,4.3
CC1(C)CCSc2ccc(C#Cc3ccc(C(=O)O)cn3)cc21,6.85
CC1(C)CC[C@]2(C(=O)O)C(O)C[C@@]3(C)C(=CCC4[C@@]5(C)CCC(O)C(C)(C)C5CC[C@@]43C)C2C1,4.8
CC1(C)CC[C@]2(C(=O)O)CC[C@@]3(C)C(=CCC4[C@@]5(C)CCC(O)[C@@](C)(CO)C5CC[C@@]43C)C2C1,4.9
CC1(C)CC[C@]2(C(=O)O)CC[C@]3(C)C(=CCC4[C@@]5(C)CC[C@H](O)C(C)(C)C5[C@H](O)C[C@]43C)C2C1,4.6
CC1(C)CC[C@]23CC[C@@]4(C)[C@]5(C)CC[C@H]6C(C)(C)C(=O)C(C#N)=C[C@]6(C)C5=CC(=O)[C@@]4([C@@H]2C1)N(C1CCCCC1)C3=O,5.8149999999999995
CC1(C)CCc2cc(S(=O)(=O)N(CC(=O)O)C3(c4cccc(-c5cc(Cl)cc(Cl)c5)c4)CCC3)ccc2O1,5.05
CC1(C)CCc2cc(S(=O)(=O)N(CC(=O)O)Cc3cccc(-c4ccccc4)c3)ccc2O1,4.4
CC1(C)CN(C(=O)Cc2nc(N3CCOCC3)cc(=O)[nH]2)c2ccccc21,4.4
CC1(C)CN(c2ccccc2)N(C(=O)c2ccc(F)cc2)C1=O,4.9
CC1(C)C[C@@H](NC(=O)Nc2cccc3cnccc23)c2cc(F)ccc2O1,6.0
CC1(C)C[C@@H](NC(=O)Nc2cccc3cnccc23)c2ccc(F)cc2O1,6.18
CC1(C)C[C@@H](NC(=O)Nc2cccc3cnccc23)c2ccc(OC(F)(F)F)cc2O1,5.66
CC1(C)C[C@@H]2C(=O)CCC3O[C@@]3(C)CCC21,4.9
CC1(C)Cc2c(C#N)c(SCc3ccccc3)nc(N3CCOCC3)c2CO1,4.6
CC1(C)Cc2c(sc3nc(SCC(=O)NCc4ccccc4)n(-c4ccccc4)c(=O)c23)CS1,5.45
CC1(C)Cc2ccccc2C(NNC(=O)c2ccncc2)=N1,5.05
CC1(C)NC(=O)N(c2ccc([N+](=O)[O-])c(C(F)(F)F)c2)C1=O,5.15
CC1(C)OC(=O)C(/C=N/c2cccc(O)c2)=C(O)O1,4.5
CC1(C)OC(=O)N([C@H]2CC[C@H](n3c(=O)[nH]c4c(F)c(C#N)ccc43)CC2)[C@H]1c1ccccc1,5.27
CC1(C)OC(=O)N([C@H]2CC[C@H](n3c(=O)[nH]c4cc(C#N)c(F)cc43)CC2)[C@H]1c1ccccc1,5.12
CC1(C)OC(=O)c2ccc(Nc3ncc(-c4nnco4)c(N[C@H](CO)c4ccccc4)n3)cc21,4.52
CC1(C)OC(=S)Nc2ccc(S(=O)(=O)N3c4ccccc4COc4cc(F)ccc43)cc21,6.44
CC1(C)OC(C(O)(c2ccccc2)c2ccccc2)C(C(O)(c2ccccc2)c2ccccc2)O1,5.6
CC1(C)OC2CC(=O)OC[C@@]23C1CC(=O)[C@]1(C)C3CC[C@@]2(C)C(c3ccoc3)OC(=O)C3O[C@@]321,5.4
CC1(C)OC2CC3C4CC(F)C5=CC(=O)C=CC5(C)C4C(O)CC3(C)[C@]2(C(=O)CO)O1,4.4
CC1(C)OC2CC3C4CC(F)C5=CC(=O)C=C[C@@]5(C)[C@@]4(F)C(O)C[C@@]3(C)[C@]2(C(=O)CO)O1,4.4
CC1(C)OC2CC3C4CCC5=CC(=O)C=C[C@@]5(C)[C@]4(F)C(O)C[C@@]3(C)[C@]2(C(=O)CO)O1,4.8
CC1(C)OC2CC3C4CCC5=CC(=O)CCC5(C)C4(F)C(O)CC3(C)[C@]2(C(=O)CCl)O1,4.6
CC1(C)OCC(CSC2=C(SCC3COC(C)(C)O3)C(=O)c3ncccc3C2=O)O1,4.8
CC1(C)OCc2ccc(CN[C@H]3CS(=O)(=O)C[C@@H](Cc4cc(F)c(N)c(OC(C(F)(F)F)C(F)(F)F)c4)[C@@H]3O)cc21,6.16
CC1(C)O[C@@H]([C@H](O)[C@@H](CNC(=O)c2ccccc2)c2ccc3c(c2)OCO3)[C@H](CO[Si](C)(C)C(C)(C)C)O1,6.775
CC1(C)O[C@@H]2C[C@H]3[C@H]4C[C@H](F)C5=CC(=O)C=C[C@@]5(C)[C@@H]4[C@H](O)C[C@]3(C)[C@]2(C(=O)CO)O1,4.9
CC1(C)O[C@@H]2C[C@H]3[C@H]4C[C@H](F)C5=CC(=O)CC[C@]5(C)[C@@H]4[C@H](O)C[C@]3(C)[C@]2(C(=O)CO)O1,4.9
CC1(C)O[C@H]2CC(=O)OC[C@]23[C@H]2CC[C@@]4(C)[C@H](c5ccoc5)OC(=O)[C@H]5O[C@]54[C@]2(C)C(=O)C[C@@H]13,4.63
CC1(C)O[C@H]2C[C@@H]3[C@H]4CCC5=CC(=O)CC[C@@]5(C)[C@]4(F)[C@@H](O)C[C@@]3(C)[C@@]2(C(=O)CCl)O1,4.9
CC1(C)Oc2ccc3ccc(=O)oc3c2CC1O,4.6
CC1(C)SC(=S)N(Cc2ccc3c(c2)OCO3)C1N(O)C(=O)NC1CCCCC1,5.95
CC1(C)SC(=S)N(NC(=O)Nc2ccccc2)C1N(O)C(=O)Nc1ccccc1,5.6
CC1(C)SC2C(NC(=O)Cc3ccccc3)C(=O)N2C1C(=O)[O-].[K+],4.5
CC1(C)S[C@@H]2[C@H](NC(=O)C3(N)CCCCC3)C(=O)N2[C@H]1C(=O)O,4.8
CC1(C)S[C@@H]2[C@H](NC(=O)[C@@H](N)c3ccccc3)C(=O)N2[C@H]1C(=O)O[C@H]1OC(=O)c2ccccc21,5.8
CC1(C)S[C@@H]2[C@H](NC(=O)[C@H](N)c3ccccc3)C(=O)N2[C@H]1C(=O)[O-].[Na+],4.4
CC1(C)[C@@H](O)CC[C@]2(C)[C@H]3C(=O)C=C4[C@@H]5C[C@@](C)(C(=O)O)CC[C@]5(C)CC[C@@]4(C)[C@]3(C)CC[C@@H]12,4.8
CC1(C)[C@@H]2CC[C@@](C)(C2)[C@H]1OC(=O)c1ccccc1C(=O)O,5.4
CC1(C)[C@@H]2CC[C@@]1(C)[C@@H](NC(=O)[C@H](CC1CCCCC1)NS(=O)(=O)N[C@@H](CCCCN)C(=O)O)C2.Cl,4.92
CC1(C)[C@@H]2CC[C@@]1(C)c1c2c(=O)n(-c2ccc(F)cc2F)n1Cc1ccccc1,5.21
CC1(C)[C@@H]2CC[C@@]1(C)c1c2c(=O)n(-c2ccccc2)n1Cc1ccccc1,5.11
CC1(C)[C@H](Nc2c(C(N)=O)cnn3cc(-c4ccccc4)cc23)CC[C@]1(C)N,5.52
CC1(C)c2nc(-c3ccc(F)cc3)c(Nc3ccc(F)cc3)n2CCN1C(=O)CN,6.81
CC1(C)c2ssc(=S)c2-c2ccccc2N1C(=O)CSC1=NCCS1,5.75
CC1(CC(=O)NCCNc2ccnc3cc(Cl)ccc23)CC2(CCCCC2)OO1,6.0
CC1(CC(=O)NCc2ccc(Br)cc2F)CC2(CCCCC2)OO1,5.36
CC1(CC(=O)NCc2ccc(OC(F)(F)F)cc2)CC2(CCCCC2)OO1,5.54
CC1(CC(=O)NCc2ccc3c(c2)OCC3)CC2(CCCCC2)OO1,5.58
CC1(CC(=O)NCc2cccc(C(F)(F)F)c2)CC2(CCCCC2)OO1,5.5
CC1(CC(=O)NCc2cccc(Cl)c2)CC2(CCCCC2)OO1,5.31
CC1(CC(=O)NCc2ccccc2N)CC2(CCCCC2)OO1,5.72
CC1(CC(=O)NCc2ccccc2N2CCCCC2)CC2(CCCCC2)OO1,5.8
CC1(CC(=O)NCc2ccccc2OC(F)(F)F)CC2(CCCCC2)OO1,5.38
CC1(CC(=O)NCc2ccccc2Sc2ccccc2CO)CC2(CCCCC2)OO1,5.92
CC1(COc2ccc(C[C@H]3SC(=O)NC3=O)cc2)CCCCC1,4.8
CC1([C@@H]2COC[C@H](COC(=O)N3CCC(CO)CC3)N2S(=O)(=O)c2ccc(Cl)cc2)CC1,8.26
CC1([C@@H]2COC[C@H](COC(=O)N3CCC(N4CCCCC4)CC3)N2S(=O)(=O)c2ccc(Cl)cc2)CC1,8.82
CC1([C@@H]2COC[C@H](COC(=O)N3CCN(C(C)(C)CO)CC3)N2S(=O)(=O)c2ccc(Cl)cc2)CC1,9.3
CC1(c2ccccc2)NC(=O)N(CC(=O)NCCC2=CCCCC2)C1=O,4.7
CC1(n2cnc3cnc4cc(F)c(-c5ccc(Oc6ncccn6)cc5Cl)cc4c32)CCN(CC#N)CC1,5.82
CC12C(=O)OC(=O)C1(C)C1CCC2O1,5.5
CC12C=C(/C=C/C=C/c3ccccc3)C(C)(C1)C(/C=C/c1ccccc1)CC2=O,5.4
CC12C=C(/C=C/c3ccc(Br)cc3)C(C)(C1)C(c1ccc(Br)cc1)CC2=O,5.4
CC12C=C(/C=C/c3ccc(C(F)(F)F)cc3)C(C)(C1)C(c1ccc(C(F)(F)F)cc1)CC2=O,5.4
CC12C=C(/C=C/c3ccccc3)C(C)(C1)C(c1ccccc1)CC2=O,5.5
CC12CCC(C(=O)Nc3cccc4ccccc34)(C1Br)C2(C)C,4.95
CC12CCC(C(=O)Nc3ccccc3Br)(C/C1=N\O)C2(C)C,4.7
CC12CCC(C(=O)Nc3ncc([N+](=O)[O-])s3)(OC1=O)C2(C)C,4.8
CC12CCC(C(NC(=O)[C@@H](CC3CCCCC3)NC(=O)N[C@@H](CCCCN)C(=O)O)C1)C2(C)C.Cl,5.005000000000001
CC12COC3(C(=O)Nc4nccs4)CC1CCC32C,4.85
CC12CS(=O)(=O)CC1SC(=S)N2c1ccccn1,4.75
CC12c3ccccc3C(c3ccccc31)C1C(=O)N(Cc3cccnc3)C(=O)C12,5.8
CC1=C(/C=C/C(C)=C/C=C/C(C)=C/C(=O)Nc2ccc(O)cc2)C(C)(C)CCC1,4.8
CC1=C(/C=C/C(C)=C/C=C/C(C)=C/C(=O)O)C(C)(C)CCC1,4.4
CC1=C(/C=C/C(C)=C/C=C/C(C)=C/C=O)C(C)(C)CCC1,4.9
CC1=C(/C=C/C(C)=C/C=C/C(C)=C/CO)C(C)(C)CCC1,4.8
CC1=C(/C=C/C(C)=C/C=C/C(C)=C\C=O)C(C)(C)CCC1,4.5
CC1=C(Br)C(=O)C(C)=C(Br)C1=O.Cc1c(O)c(Br)c(C)c(O)c1Br,5.3
CC1=C(C#N)C(Nc2ccc(Cl)cn2)(C(F)(F)F)C(=O)N1,4.8
CC1=C(C#N)C(c2ccc(C#N)cc2)CC(=O)N1c1cccc(C(F)(F)F)c1,4.82
CC1=C(C#N)[C@@H](c2ccc(C#N)cc2)N(C)C(=O)N1c1cccc(C(F)(F)F)c1,4.4
CC1=C(C(=O)N(Cc2cc(=O)[nH]c3c(F)c(F)ccc23)c2cccc(Cl)c2)CNCC1,5.47
CC1=C(C(=O)N2CCCCCC2)C2(CCC(C)CC2)OC1=O,4.95
CC1=C(C(=O)Nc2cc3cn[nH]c3cc2F)C(c2ccc(Cl)cc2F)N=C(c2ccnc(Cl)c2)N1,5.6
CC1=C(C(=O)Nc2ccc3[nH]ncc3c2)C(c2ccc(Cl)cc2F)N=C(c2ccnc(Cl)c2)N1,5.26
CC1=C(C(=O)Nc2ccc3[nH]ncc3c2)C(c2ccc(F)cc2)N=C(c2ccccc2)N1,6.46
CC1=C(C(=O)Nc2ccccc2F)C(c2ccsc2)C2=C(O)CC(c3ccccc3)CC2=N1,5.45
CC1=C(C(=O)Nc2cccnc2)C(c2cccnc2)n2nc(-c3cccs3)nc2N1,4.85
CC1=C(C(=O)O)N2C(=O)[C@@H](NC(=O)[C@@H](N)C3=CCC=CC3)[C@@H]2SC1,4.7
CC1=C(C(=O)O)N2C(=O)[C@@H](NC(=O)[C@@H](N)c3ccccc3)[C@@H]2SC1,7.4
CC1=C(C(=O)OC(C)C)C(c2ccco2)n2c(nc3cc(Br)ccc32)N1,5.65
CC1=C(C(=O)OC(C)C)C(c2ccco2)n2c(nc3cc(Cl)ccc32)N1,5.43
CC1=C(C(=O)OC(C)C)C(c2ccco2)n2c(nc3ccccc32)N1,5.54
CC1=C(C(=O)OC(C)C)C(c2ccoc2)n2c(nc3cc(Cl)ccc32)N1,5.2
CC1=C(C(=O)OC(C)C)C(c2ccoc2)n2c(nc3ccccc32)N1,5.57
CC1=C(C(=O)OC(C)C)C(c2cocn2)n2c(nc3ccccc32)N1,5.23
CC1=C(C(=O)OCc2ccccc2)C(C2CCCCC2)NC(=O)N1CCCCCC(=O)O,4.8
CC1=C(C(=O)OCc2ccccc2)C(c2ccc(C(F)(F)F)cc2)NC(=O)N1CCCCCC(=O)O,4.8
CC1=C(C(=O)OCc2ccccc2)C(c2ccc(C3CCCCC3)cc2)NC(=O)N1CCCCCC(=O)O,5.1
CC1=C(C(=O)OCc2ccccc2)C(c2ccc(Cl)cc2)NC(=O)N1CCCCCC(=O)O,5.0
CC1=C(C(=O)OCc2ccccc2)C(c2ccc([N+](=O)[O-])cc2)NC(=O)N1CCCCCC(=O)O,5.0
CC1=C(C(=O)OCc2ccccc2)C(c2ccc3ccccc3c2)NC(=O)N1CCCCCC(=O)O,5.0
CC1=C(C(=O)OCc2ccccc2)C(c2ccccc2-c2ccccc2)NC(=O)N1CCCCCC(=O)O,5.0
CC1=C(C(N)=O)C(c2ccccc2)n2nc(-c3ccncc3)nc2N1,4.95
CC1=C(C(N)=O)C(c2ccccn2)n2nc(SCc3ccccc3Cl)nc2N1,5.2
CC1=C(C(N)=O)C(c2cccs2)n2nc(-c3cccc(Cl)c3)nc2N1,4.9
CC1=C(C)C(=O)C(CCCCC#CCCCC#CCO)=C(C)C1=O,6.1
CC1=C(CC(=O)NCc2cc(Cl)ccc2CN)C(=O)N(NCc2ccccc2)CC1,4.89
CC1=C(CC(=O)O)c2cc(F)ccc2/C1=C\c1ccc(S(C)(=O)=O)cc1,4.7
CC1=C(CC(=O)O)c2cc(F)ccc2/C1=C\c1ccc([S+](C)[O-])cc1,4.8
CC1=C(CC[C@H](C)CO)O[C@@H]2C[C@@H]3[C@H]4CC[C@H]5C[C@@H](O)CC[C@]5(C)[C@@H]4CC(=O)[C@@]3(C)[C@@H]12,5.4
CC1=C(O)C(=O)C=C2C1=CC=C1[C@]2(C)CC[C@@]2(C)[C@@H]3C[C@](C)(C(=O)O)CC[C@@]3(C)CC[C@@]12C,4.6
CC1=C(\C=C/C(C)=C/C=C\C(C)=C\C(=O)O)C(C)(C)CCC1,4.8
CC1=C/C(=C(/c2ccc(O)c(C)c2)c2ccccc2C(=O)O)C=CC1=O,5.8
CC1=C2C(=COC(C)C2C)C(O)=C(C(=O)O)C1=O,4.8
CC1=C2C3OC(=O)C(C)C3CC[C@@]2(C)C=CC1=O,4.6
CC1=C2CCC3C4CCC(=O)[C@@]4(C)CCC3[C@]2(C)CCC1=O,5.3
CC1=C2[C@@H]3OC(=O)[C@@H](C)[C@@H]3CC[C@]2(C)C=CC1=O,5.0
CC1=C2[C@@H]3OC(=O)[C@H](C)[C@H]3CC[C@@]2(C)C=CC1=O,4.5
CC1=CC(=C2C(=O)c3ccccc3C2=O)C=C(C)N1Cc1ccco1,4.85
CC1=CC(=C2C(=O)c3ccccc3C2=O)C=C(C)O1,4.85
CC1=CC(=O)C2=C(C)C[C@@H]3OC(=O)C(C)=C3C[C@@H]12,5.06
CC1=CC(=O)C2C(C)(C)CCC[C@@]2(C)[C@@]1(O)CCc1ccoc1,4.8
CC1=CC(=O)N(c2cccc(C(F)(F)F)c2)C1c1ccc(Cl)cc1,5.0
CC1=CC(=O)c2c(O)cccc2C1=O,4.5
CC1=CC(=O)c2ccccc2C1=O,4.4
CC1=CC(C)(C)N(C(=O)c2ccccc2)c2ccc(C)cc21,5.35
CC1=CC(C)(C)N=C(S)N1c1cccc(C)c1,4.6
CC1=CC(C)(C)Nc2ccc(CSc3ccccc3)cc21,5.4
CC1=CC(C)(C)Nc2ccccc21,5.0
CC1=CCCC2C1(C)CCC(C)C2(C)CC/C(C)=C/Cn1c[n+](C)c2c(N)ncnc21.[Cl-],4.5
CC1=CC[C@@H]2[C@@H](C1)c1c(O)cc(CC#CCCCNS(C)(=O)=O)cc1OC2(C)C,5.6
CC1=CCc2c(cc3oc(C)cc(=O)c3c2O)OC1,4.6
CC1=C[C@@H](O)[C@@]23O[C@]2(C)C[C@@H]2OC(=O)C(C)=C2C[C@@H]13,4.01
CC1=C[C@H]([C@@H]2/C(=N\O)C=C(C)CC2(C)C)[C@@H](O)C(C)(C)C1,5.3
CC1=N/C(=C\c2ccc([N+](=O)[O-])cc2)C(=O)N1c1ccc(Br)c(C)c1,5.55
CC1=NCCc2c1[nH]c1cc(O)ccc21,4.7
CC1=NN(C(=O)c2ccncc2)C(=O)[C@@H]1/N=N\c1ccc2ccccc2c1,5.4
CC1=NN(c2ccc(Br)cc2)C(=O)/C1=C/c1cccs1,4.65
CC1=NN(c2ccc(C)cc2C)C(=O)C1C(c1ccccc1)C1C(=O)N(c2ccc(C)cc2C)N=C1C,4.95
CC1=NN(c2ccccc2)C(=O)C1,4.7
CC1=NN=C(c2ccc(N)cc2)c2cc3c(cc2C1)OCO3,5.1
CC1=NNC(=O)C1CCC(=O)N/N=C\c1ccccc1[N+](=O)[O-],4.75
CC1=NOC(=O)/C1=C\c1ccc(-c2ccc(Cl)cc2Cl)o1,4.75
CC1=Nc2c(c(=O)n(C)c(=O)n2C)C(c2cccnc2)/C1=C(/O)OCc1ccccc1,4.95
CC1=Nc2ccc(Cl)cc2S(=O)(=O)N1,4.7
CC1=Nc2ccccc2/C1=C\c1nc(-c2ccc(C(F)(F)F)cc2)oc1O,4.55
CC1C(=NO)C(C)C(c2ccc(N(C)C)cc2)NC1c1ccc(N(C)C)cc1,5.0
CC1C(=O)OC2C1CC[C@@]1(C)C=CC(=O)[C@@]3(C)O[C@@]213,4.4
CC1CC(C)CN(C(=O)CNS(=O)(=O)c2ccc(Br)s2)C1,4.95
CC1CC(C)CN(C/C=C/c2ccccc2[N+](=O)[O-])C1,4.6
CC1CC(C)CN(CCCNC(=O)C2CCCN(c3nnc(N4CCCC4=O)s3)C2)C1,4.55
CC1CC(C)CN(Cc2nc(N)nc(Nc3ccccc3)n2)C1,4.6
CC1CC(O)[C@]2(O)[C@]13CC(=O)OC[C@@]2(C)[C@@](C)(O)C(=O)C3,4.5
CC1CC(OC(=O)c2ccccc2O)CC(C)(C)C1,4.4
CC1CC(OCC(O)CN2CCN(Cc3ccccc3)CC2)CC(C)(C)C1.Cl,5.05
CC1CC/C(=C\c2ccc3c(c2)OCO3)C(=O)/C1=C/c1ccc2c(c1)OCO2,5.8
CC1CC2(C)Oc3ccccc3C3OCC1(COC(=O)Nc1ccccc1)C(C)C32,5.0
CC1CC2(CCCCC2)N2C(=O)C(=O)c3cccc1c32,4.6
CC1CC2=C(N=C(S)NC2c2ccc(F)cc2)/C(=C/c2ccc(F)cc2)C1,5.3
CC1CC2C(C(O)CC3(C)C2CCC3(O)C(=O)CO)C2(C)C=CC(=O)C=C12,5.0
CC1CC2C(C(O)C[C@]3(C)C2CC[C@]3(O)C(=O)CO)[C@]2(C)C=CC(=O)C=C12,4.6
CC1CC2C3CC(F)C4=CC(=O)C=C[C@@]4(C)[C@@]3(F)C(O)C[C@]2(C)[C@]1(O)C(=O)COC(=O)C(C)(C)C,4.8
CC1CC2C3CCC4=CC(=O)C=CC4(C)C3(F)C(O)CC2(C)C1(O)C(=O)CO,4.4
CC1CC2C3CCC4=CC(=O)C=C[C@@]4(C)[C@]3(F)C(O)C[C@]2(C)[C@]1(O)C(=O)CO,4.4
CC1CC2C3CCC4=CC(=O)C=C[C@@]4(C)[C@]3(F)C(O)C[C@]2(C)[C@]1(O)C(=O)COP(=O)([O-])[O-].[Na+].[Na+],4.4
CC1CC2C3CCC4=CC(=O)C=C[C@]4(C)[C@@]3(Cl)C(O)C[C@]2(C)C1(OC(=O)c1ccco1)C(=O)CCl,5.2
CC1CCC(=C(C#N)C(=O)Nc2cccc(Cl)c2)CC1,5.1
CC1CCC(C(=O)NC(C(=O)N2CCC(N3CCCCC3)CC2)C(C)C)CC1,4.85
CC1CCC(NC(=O)c2ccc(CS(=O)(=O)Cc3ccccc3F)o2)CC1,4.85
CC1CCC2C(=O)N3C(CCC(C)C3c3ccccc3Br)C(=O)N2C1c1ccc(C#CCN(C)C)cc1,5.5
CC1CCC2C(=O)N3C(CCC(C)[C@@H]3c3ccc(Br)cc3)C(=O)N2C1c1ccc(Br)cc1,5.3
CC1CCC2C(=O)N3C(CCC(C)[C@@H]3c3cccc(N4CCOCC4)c3)C(=O)N2C1c1cccc(Br)c1,7.6
CC1CCC2C(=O)N3C(CCC(C)[C@@H]3c3cccc(N4CCOCC4)c3)C(=O)N2C1c1cccc(N2CCOCC2)c1,5.4
CC1CCC2C(=O)N3C(CCC(C)[C@H]3c3cccc(N4CCCC4=O)c3)C(=O)N2C1c1cccc(N2CCCC2=O)c1,5.6
CC1CCC2C(=O)N3C(CCC(C)[C@H]3c3ccccc3Br)C(=O)N2C1c1ccccc1Br,5.9
CC1CCC2C(=O)OC(CN3C(=O)c4ccccc4C3=O)CN2C1c1ccc(Br)cc1,5.4
CC1CCC2C(=O)OC(CN=[N+]=[N-])CN2C1c1ccc(Br)cc1,5.4
CC1CCC2C(=O)OC(CO)CN2C1c1ccc(Br)cc1,5.5
CC1CCC2C(=O)OC(COc3ccc(C(C)(C)C)cc3)CN2C1c1ccc(Br)cc1,5.4
CC1CCC2C(=O)OC(Cc3ccccc3)CN2C1c1ccc(Br)cc1,5.35
CC1CCC2C(C)C(O)OC3OC4(C)CCC1C32OO4,4.9
CC1CCCC(=O)CCC/C=C/c2cc(O)cc(O)c2C(=O)O1,5.7
CC1CCCC(C)N1C(=O)C1CC(c2ccc(F)cc2)=NO1,4.95
CC1CCCC(C)N1C(=O)c1cc(-c2ccc(Cl)c(Cl)c2)on1,4.9
CC1CCCC(C)N1C(=O)c1ccccc1Nc1ccc(SC(F)F)cc1,5.0
CC1CCCC(NC(=O)C2CCN(S(=O)(=O)N3CCC4(CC3)OCCO4)CC2)C1C,4.85
CC1CCCC(NC(=O)C2CCN(S(=O)(=O)N3CCOCC3)CC2)C1C,4.95
CC1CCCC(NC(=O)CCn2c(=O)oc3ccccc32)C1C,4.85
CC1CCCC(NC(=O)c2nnc(O)c3ccccc23)C1C,4.9
CC1CCCC(n2c(=S)[nH]c3ccccc3c2=O)C1C,5.1
CC1CCCCN1c1cc(C#N)c(C#N)cc1[N+](=O)[O-],4.8
CC1CCCCN1c1nc(-c2ccncc2)nc2ccccc12,6.2
CC1CCCN(C(=O)c2sc3cc([N+](=O)[O-])ccc3c2Cl)C1,4.75
CC1CCCN(C(C(=O)Nc2ccc3c(c2)OCCO3)c2ccccc2)C1,4.85
CC1CCN(C(=O)C(NS(=O)(=O)c2cccc3nsnc23)c2ccccc2)CC1,5.0
CC1CCN(C(=O)CN(C)S(=O)(=O)c2cccc3nsnc23)CC1,5.45
CC1CCN(C(=O)Oc2c(Cl)cc(Cl)c3cccnc23)CC1,4.8
CC1CCN(C(=O)c2ccc(COc3ccccc3Cl)o2)CC1,4.5
CC1CCN(CC(=O)N2c3ccccc3Sc3cc4ccccc4cc32)CC1,5.4
CC1CCN(CC[C@@H]2CCCN2S(=O)(=O)c2cccc(O)c2)CC1,6.0
CC1CCN(c2cc(N3CCC(C)CC3)c([N+](=O)[O-])cc2/C=C(\C#N)c2nn(-c3ccccc3)c(N)c2C#N)CC1,5.4
CC1CCN(c2ccc(NC(=S)NC(=O)c3ccco3)cc2)CC1,4.75
CC1CCN(c2ccc(S(=O)(=O)Nc3cc(C(=O)O)cc(C(=O)O)c3)cc2[N+](=O)[O-])CC1,5.25
CC1CCN(c2ccccc2NC(=S)NC(=O)c2cccs2)CC1,4.8
CC1CC[C@@]2(OC1)OC1CC3C4CC=C5CC(O)CC[C@@]5(C)C4CC[C@]3(C)C1C2C,5.3
CC1CC[C@@]23CCC4(C)[C@@]5(C)CCC6C(C)(C)C(O)CC[C@@]6(C)C5C=C[C@@]4(OC2=O)C3C1C,5.3
CC1CCc2cc(F)ccc2N1C(=O)CSc1n[nH]c2c3cc(F)ccc3nc-2n1,5.7
CC1CN(C(=O)Cc2nc(N3CCOCC3)cc(=O)[nH]2)c2ccccc21,4.4
CC1CN2C(CCC(C)C2c2ccc(Br)cc2)C(=O)O1,5.3
CC1CN=C(Nc2cccc3ccccc23)S1,4.8
CC1COC2=C1C(=O)C(=O)c1c2ccc2c1CCCC2(C)C,4.8
CC1CSc2nc3sc4c(c3c(=O)n21)CCCC4,4.9
CC1Cc2c(-c3ccccc3)nc3c(c2CO1)CN(CCOc1ccccc1)CC3,5.4
CC1Cc2c(Br)cccc2N1C(=O)Cc1nc(N2CCOCC2)sc1C(=O)O,4.4
CC1Cc2c(Br)cccc2N1C(=O)Cc1nc(N2CCOCC2)sc1C(N)=O,4.5
CC1Cc2c(COc3ccccc3)nc3c(c2CO1)CN(CCOc1ccccc1)CC3,5.4
CC1Cc2c(Cl)cccc2N1C(=O)Cc1nc(N2CCOCC2)sc1C(=O)O,4.4
CC1Cc2c(Cl)cccc2N1C(=O)Cc1nc(N2CCOCC2)sc1C(N)=O,4.4
CC1Cc2cc(F)ccc2N1C(=O)Cc1nc(N2CCOCC2)sc1C(=O)O,4.4
CC1Cc2cc(F)ccc2N1C(=O)Cc1nc(N2CCOCC2)sc1C(N)=O,7.4
CC1Cc2ccccc2N1C(=O)C1CCCCN1S(=O)(=O)c1ccccc1,5.1
CC1Cc2ccccc2N1C(=O)C1CCCN(S(=O)(=O)c2cccc3nsnc23)C1,5.3
CC1Cc2ccccc2N1C(=O)CCN1C(=O)C2C3C=CC(C3)C2C1=O,5.85
CC1Cc2ccccc2N1C(=O)CSc1nnnn1C(C)C,4.8
CC1Cc2ccccc2N1C(=O)Cn1c(=O)cc(O)c2ccccc21,4.6
CC1Cc2ccccc2N1Cc1nc(O)c2ccc(C(F)(F)F)cc2n1,4.6
CC1N(P(=O)(c2ccccc2)c2ccccc2)CC(O)(c2ccccc2)CC12CC2,6.3
CC1N=C(SC(C(=O)c2c[nH]c3ccccc23)c2ccccc2)SC1CC(N)=O,5.57
CC1OC(=O)C(C(C)C)NC(=O)C(C(C)C)OC(=O)C(C(C)C)NC(=O)C(C)OC(=O)C(C(C)C)NC(=O)C(C(C)C)OC(=O)C(C(C)C)NC(=O)C(C)OC(=O)C(C(C)C)NC(=O)C(C(C)C)OC(=O)C(C(C)C)NC1=O,4.9
CC1OC(Cc2ccc(Cl)c(Oc3cc(Cl)cc(C#N)c3)c2F)=NNC1=O,6.57
CC1OC(OCC2OC(Oc3c(-c4ccc(O)c(O)c4)oc4cc(O)cc(O)c4c3=O)C(O)C(O)C2O)C(O)C(O)C1O,5.5
CC1c2ccc(C#N)c(c2)Oc2cccc(c2)CN2CCC(NCc3cncn31)C2=O,5.21
CC=CC(=O)N(CC)c1ccccc1C,4.9
CCC#CCOc1ccc2cc(C(c3ccc(F)cc3)n3cncn3)oc2c1,4.68
CCC(=O)/C=C/C1C(C)=CCCC1(C)C,4.5
CCC(=O)CC(NC(=O)OC)c1ccccc1,5.2
CCC(=O)N(C)/C=C1\Sc2ccccc2C1=O,4.85
CCC(=O)N(Cc1ccco1)c1nc(-c2ccccc2)cs1,4.4
CCC(=O)N(c1ccccc1)C1CCN(CCc2ccc(N=C=S)cc2)CC1,4.6
CCC(=O)N1CCC(c2ccc(C(=O)NC(=N)N)cc2C(F)(F)F)CC1,4.58
CCC(=O)N1CCc2cc(S(=O)(=O)NC(C(=O)NCc3ccc(F)cc3)C(C)C)ccc21,5.15
CCC(=O)N1CCc2nc(Nc3ccc(C#N)cc3)nc(Oc3c(C)cc(C#N)cc3C)c2C1,4.78
CCC(=O)NC(=S)N1CCN(c2ccc([N+](=O)[O-])cc2Cl)CC1,4.55
CCC(=O)NC(=S)Nc1ccc(NC(=O)COc2ccc(Cl)cc2Cl)cc1,4.9
CCC(=O)NCc1c(Cl)cccc1-n1cccc1,4.6
CCC(=O)N[C@@H]1Cc2ccccc2[C@@H](c2ccccc2)C1,4.8
CCC(=O)Nc1cc(-c2cncc(OC)c2)nc(-n2nc(C)cc2C)n1,4.77
CCC(=O)Nc1ccc(/C(C)=N\NC(=O)c2ccc(C)s2)cc1,5.1
CCC(=O)Nc1ccc(C(=O)CSc2nnc(-c3ccc(O)cc3)n2CC2CCCO2)cc1OC,4.85
CCC(=O)Nc1ccc(C(=O)Nc2ccc3c(c2)OCO3)cc1,5.0
CCC(=O)Nc1ccc(C(=O)OCC(=O)c2ccc(C)c([N+](=O)[O-])c2)cc1,5.1
CCC(=O)Nc1ccc(Cl)c(Cl)c1,4.8
CCC(=O)Nc1ccc(NC(=O)CSc2nnnn2-c2cccnc2)cc1C,5.45
CCC(=O)Nc1ccc(S(=O)(=O)N2CCN(c3ccc(F)cc3)CC2)cc1,4.8
CCC(=O)Nc1ccc2c(c1)C(=O)c1ccccc1C2=O,5.15
CCC(=O)Nc1cccc(-c2nc3ccccc3c(=O)o2)c1,4.55
CCC(=O)Nc1cccc(-c2nnc(-c3cccc(NC(=O)CC)c3)o2)c1,4.85
CCC(=O)Nc1cccc(NC(=O)CSc2nnnn2Cc2ccccc2)c1,5.45
CCC(=O)Nc1cccc(NC(=O)c2cccc([N+](=O)[O-])c2)c1,4.65
CCC(=O)Nc1ccccc1C(=O)OCC(=O)c1cccc2ccccc12,4.95
CCC(=O)Nc1nnc(SCC(=O)c2ccc3c(c2)Cc2ccccc2-3)s1,5.3
CCC(=O)Nc1nonc1-c1nc2ccccc2n1N(C(=O)CC)C(=O)CC,4.65
CCC(=O)OC1CCC2C3CCC4=CC(=O)CCC4(C)C3CCC12C,5.0
CCC(=O)OC1CCC2C3CCc4cc(O)ccc4C3CC[C@]12C,4.4
CCC(=O)OCC(=O)C1(OC(=O)CC)C(C)CC2C3CCC4=CC(=O)C=CC4(C)C3(Cl)C(O)CC21C,4.9
CCC(=O)OCC(=O)[C@@]1(OC(=O)CC)[C@H](C)C[C@@H]2[C@@H]3[C@H]([C@@H](O)C[C@@]21C)[C@]1(C)C=CC(=O)C=C1C[C@@H]3Cl,5.2
CCC(=O)OCc1c(C(F)(F)F)nn(C)c1Sc1ccc(F)cc1,4.6
CCC(=O)O[C@@H](C(=O)N1N=CC[C@H]1C(=O)NCc1cc(Cl)ccc1-n1cnnn1)c1ccc(F)cc1,5.1
CCC(=O)O[C@@](Cc1ccccc1)(c1ccccc1)[C@@H](C)CN(C)C.O=S(=O)(O)c1ccc2ccccc2c1,5.3
CCC(=O)O[C@@]1(C(=O)CCl)C(C)CC2C3CCC4=CC(=O)C=C[C@@]4(C)[C@]3(F)C(O)C[C@]21C,5.0
CCC(=O)O[C@@]1(C(=O)CCl)[C@@H](C)C[C@@H]2[C@H]3CCC4=CC(=O)C=C[C@@]4(C)[C@]3(F)[C@@H](O)C[C@@]21C,5.3
CCC(=O)O[C@@]1(C(=O)SCF)[C@@H](C)C[C@H]2[C@@H]3C[C@@H](F)C4=CC(=O)C=C[C@@]4(C)[C@]3(F)[C@@H](O)C[C@]21C,5.3
CCC(=O)O[C@H]1C(O[C@@H]2C(C)[C@H](O[C@H]3C[C@@](C)(OC)C(O)C(C)O3)C(C)C(=O)OC(CC)[C@@](C)(O)C(O)[C@H](C)C(=O)C(C)C[C@]2(C)O)OC(C)CC1N(C)C.CCCCCCCCCCCCOS(=O)(=O)O,6.2
CCC(=O)O[C@H]1CC[C@H]2[C@@H]3CCC4=CC(=O)CC[C@]4(C)[C@H]3CC[C@]12C,5.9
CCC(=O)O[C@]1(C(=O)CCl)[C@@H](C)C[C@H]2[C@@H]3CCC4=CC(=O)C=C[C@]4(C)[C@@]3(F)[C@@H](O)C[C@@]21C,6.69
CCC(=O)[C@]12O[C@@]3(C4C(=O)OCCC41)N(CC)C(C)=C(C(=O)OC)C(c1ccccc1)N3C2=O,5.3
CCC(=O)[C@]12O[C@@]3(C4C(=O)OCCC41)N(Cc1ccccc1)C(C)=C(C(=O)OC)C(c1ccccc1)N3C2=O,5.9
CCC(=O)c1c(O)cc(O)cc1O,4.9
CCC(=O)c1ccc(OCc2ccc(C(=O)OC)cc2)c(OC)c1,5.35
CCC(C(=O)C(C)C(O)C(C)CCc1ccc(C)c(O)c1C(=O)[O-])C1OC(CC)(C2CC[C@@](O)(CC)C(C)O2)CC1C.[Na+],4.7
CCC(C(=O)N1CCOCC1)n1c(C(=O)OC)cc2occc21,4.85
CCC(C(=O)NC(C)(C)C)N(C(=O)Cn1nnc(-c2ccccc2F)n1)c1cccc2c1CCCC2,6.35
CCC(C(=O)NC(C)(C)C)N(C(=O)Cn1nnc(-c2cccs2)n1)c1cnc2ccccc2c1,5.7
CCC(C(=O)Nc1cccc(C(F)(F)F)c1)c1ccccc1,4.85
CCC(C(=O)[O-])C1CCC(C)C(C(C)C(O)C(C)C(=O)C(CC)C2OC3(C=CC(O)[C@@]4(CC[C@](C)(C5CC[C@@](O)(CC)C(C)O5)O4)O3)C(C)CC2C)O1.[Na+],4.4
CCC(C(=O)c1ccccc1)N(C(=O)c1ccccc1Cl)N1C(=O)C2C3C=CC(C3)C2C1=O,6.05
CCC(C(C)=O)N1CCC(N(c2ccc(C(F)(F)F)cc2)c2cccnc2)CC1,5.0
CCC(C(C)O)N1CCC(N(c2ccc(C(F)(F)F)cc2)c2cccnc2)CC1,4.77
CCC(C)(/N=C/c1ccccc1)c1nnnn1-c1c(C)cccc1C,4.95
CCC(C)(C(=O)NC1CCCC1)N(C(=O)c1ccccn1)c1ccccc1,5.3
CCC(C)(C(=O)NC1CCCC1)N(CC1CCCO1)C(=O)c1ccc2c(c1)OCO2,5.4
CCC(C)(C(=O)NC1CCCC1)N(Cc1ccco1)C(=O)c1ccccn1,5.05
CCC(C)(C(=O)NC1CCCCC1)N(Cc1ccco1)C(=O)Cc1cccs1,5.95
CCC(C)(C)/N=C(\NC#N)Nc1cccnc1,5.3
CCC(C)(C)C(=O)OC1CC(C)C=C2C=CC(C)C(CCC3CC(O)CC(=O)O3)C21,4.5
CCC(C)(C)C(=O)O[C@@H]1C[C@@H](C)C=C2C=C[C@H](C)[C@H](CC[C@@H]3C[C@@H](O)CC(=O)O3)[C@H]21,5.1
CCC(C)(C)C(=O)O[C@@H]1C[C@H](C)C=C2C=C[C@H](C)[C@@H](CC[C@H]3C[C@@H](O)CC(=O)O3)[C@H]21,5.0
CCC(C)(C)n1nnnc1C(C(C)C)N(CCCO)Cc1cc2cc(C)ccc2nc1O,5.7
CCC(C)(C)n1nnnc1C(C(C)C)N(Cc1ccco1)Cc1cc2cc3c(cc2nc1O)OCO3,6.0
CCC(C)(C)n1nnnc1C(c1cc2cc3c(cc2nc1O)OCO3)N1CCCCC1,5.8
CCC(C)C(=O)Nc1nc(-c2ccc3c(c2)NC(=O)CO3)cs1,4.8
CCC(C)C(=O)OC1C2CC3=C4CC(=O)OC(c5ccoc5)[C@]4(C)CCC3[C@@](C)(C2=O)C(CC(=O)OC)C1(C)C,5.2
CCC(C)C(=O)OC1CCC=C2C=CC(C)C(CCC3CC(O)CC(=O)O3)[C@@H]21,4.7
CCC(C)C(=O)OC1C[C@@]2(C)C(c3ccoc3)OC(=O)CC23OC2(C)OC34C(OC(=O)C(C)C)[C@]3(O)C(OC(=O)C5(C)OC5C)[C@]5(C)CC3(O)[C@](C)(C5CC(=O)OC)C14O2,5.6
CCC(C)C(=O)O[C@@H]1C[C@@]2(C)C(c3ccoc3)OC(=O)CC23OC2(C)O[C@@]14[C@@]1(C)C(CC(=O)OC)C5(C)CC1(O)[C@](O)(C5OC(=O)C1(C)OC1C)C(OC(C)=O)[C@@]34O2,6.0
CCC(C)C(=O)O[C@H]1C[C@@H](C)C=C2C=C[C@H](C)[C@H](CC[C@@H]3C[C@@H](O)CC(=O)O3)[C@H]21,4.6
CCC(C)C(NC(=O)OCc1ccccc1)C(=O)OCN1C(=O)c2ccccc2C1=O,5.15
CCC(C)C(NS(=O)(=O)c1ccc(C)cc1)C(=O)Oc1ccc2c3c(c(=O)oc2c1)CCC3,5.1
CCC(C)C1NC(=S)N(C2CCCCC2)C1=O,4.75
CCC(C)C1NC(=S)N(Cc2ccccc2)C1=O,4.8
CCC(C)N1C(=O)C2C(C(=O)Nc3cccc(OC)c3)C3C=CC2(O3)C1C(=O)NC1CCCCC1C,4.8
CCC(C)N1C(=O)S/C(=C/c2ccc(Sc3nc4ccccc4[nH]3)o2)C1=O,5.95
CCC(C)NC(=O)C(NS(=O)(=O)c1cccc2nsnc12)c1ccccc1,4.9
CCC(C)NC(=O)C1c2cc(OC)c(OC)cc2C(=O)N(C)C1c1cccs1,5.25
CCC(C)NC(=O)CCS(=O)(=O)c1ccc(Br)s1,6.05
CCC(C)NS(=O)(=O)c1ccc(OCC(=O)Nc2ccc3c(c2)OCCO3)cc1,4.8
CCC(C)Nc1c([N+](=O)[O-])cc(C)cc1[N+](=O)[O-],4.6
CCC(C)Nc1ccc(NC(C)CC)cc1,4.8
CCC(C)OC(=O)C1=C(C)NC(=O)CC1c1ccccc1OC,4.4
CCC(C)[C@H](NC(=O)OC(C)(C)C)c1nnc(SCc2c(C)nc(O)nc2O)o1,5.45
CCC(C)n1ncn(-c2ccc(N3CCN(c4ccc(OCC5COC(Cn6cncn6)(c6ccc(Cl)cc6Cl)O5)cc4)CC3)cc2)c1=O,7.3
CCC(C)n1ncn(-c2ccc(N3CCN(c4ccc(OC[C@@H]5CO[C@@](Cn6ccnc6)(c6ccc(Cl)cc6Cl)O5)cn4)CC3)cc2)c1=O,5.58
CCC(C)n1ncn(-c2ccc(N3CCN(c4ccc(OC[C@@H]5CO[C@@](Cn6cncn6)(c6ccc(Cl)cc6Cl)O5)cn4)CC3)cc2)c1=O,5.47
CCC(CC)(CC(=O)Nc1cccc(/C=C/c2nc(C3CCC3)cs2)c1)C(=O)O,5.2
CCC(CC)(COc1ccc2cc([C@H]([C@@H](C)N(C)C)n3ccnc3)ccc2c1)C(=O)O,5.28
CCC(CC)C(=O)NCc1ccc2c(c1)cc(C)n2C,4.85
CCC(CC)C(=O)Nc1c2c(nn1-c1ccc(OC)cc1)CS(=O)(=O)C2,4.6
CCC(CC)C(=O)Nc1ccc(C)c(O)c1,5.35
CCC(CC)C(=O)Nc1cccc(/C(C)=N/NC(=O)c2c(Br)cnn2C)c1,4.85
CCC(CC)C(=O)Nc1cccc(/C(C)=N\NC(=O)c2ccc(C)s2)c1,5.1
CCC(CC)C(=O)c1c[nH]c(C(=O)NCCc2ccccn2)c1,4.7
CCC(CC)C(c1ccc(Nc2nc3ccccc3s2)cc1)n1cncn1,6.33
CCC(CC)O[C@@H]1C=C(C(=O)O)C[C@H](NCc2ccc(-c3cccs3)cc2OC)[C@H]1NC(C)=O,4.06
CCC(CC)O[C@@H]1C=C(C(=O)O)C[C@H](NCc2ccc(-c3ccsc3)cc2Cl)[C@H]1NC(C)=O,4.14
CCC(CC)Oc1ccc2cc(C(=O)NCC(O)(Cn3ccnc3)c3ccc(Cl)cc3Cl)c(=O)oc2c1,6.6
CCC(CC)Oc1ccc2cc(C(=O)NCC(O)(Cn3ccnc3)c3ccc(F)cc3F)c(=O)oc2c1,6.48
CCC(CC)c1nnc(NC(=O)c2cccc(S(=O)(=O)N3CCc4ccccc43)c2)s1,5.1
CCC(COC(=O)c1cc(OC)c(OC)c(OC)c1)(c1ccccc1)N(C)C.O=C(O)/C=C\C(=O)O,4.9
CCC(NC(=O)C1(C)CC1(Br)Br)c1ccc(C)cc1,5.4
CCC(NC(=O)Nc1cc(OC)c(OC)c(OC)c1)(C(F)(F)F)C(F)(F)F,4.8
CCC(NC(=O)c1ccc(Cl)cc1)[C@@H]1[C@@H]2C[C@@H](Oc3ccnc4ccc(F)cc34)C[C@@H]21,5.85
CCC(NC(=O)c1ccc(Cl)cc1)[C@@H]1[C@@H]2C[C@@H](Oc3ccnc4ccccc34)C[C@@H]21,5.48
CCC(NC(=O)c1ccc(Cl)cc1)[C@@H]1[C@@H]2C[C@H](Oc3ccnc4cc(F)ccc34)C[C@@H]21,5.27
CCC(NC(=O)c1ccc(Cl)cc1)[C@@H]1[C@@H]2C[C@H](Oc3ccnc4cccnc34)C[C@@H]21,4.89
CCC(NC(=O)c1ccc(Cl)cc1)[C@@H]1[C@@H]2C[C@H](Oc3ccnc4ccncc34)C[C@@H]21,4.75
CCC(NC(=O)c1ccc(Cl)cc1)[C@H]1[C@@H]2C[C@@H](n3cnc(C4CC4)n3)C[C@@H]21,4.51
CCC(NC(=O)c1ccc(Cl)cc1)[C@H]1[C@@H]2C[C@@H](n3cnc4cc(F)ccc43)C[C@@H]21,5.89
CCC(NC(=O)c1ccc(Cl)cc1)[C@H]1[C@@H]2C[C@H](Oc3ccnc4ccccc34)C[C@@H]21,5.96
CCC(NC(=O)c1ccccc1NC(=O)c1ccco1)C(=O)NC1CCCCC1,5.2
CCC(Nc1cc(OC)ccc1OC)=C1C(=O)NC(=O)NC1=O,4.4
CCC(O)CNc1nc(-n2nc(C)cc2C)nc2sc3c(c12)CC(C)(C)OC3,5.15
CCC(Sc1nc(=O)cc(N)n1CCc1ccccc1)C(=O)Nc1ccccc1C#N,7.0
CCC(Sc1nc(C)cc(O)n1)C(=O)Nc1nc2c(s1)CCCC2,4.85
CCC(Sc1nc2cc3c(cc2c(=O)n1Cc1ccco1)OCO3)C(=O)Nc1cccc(OC)c1,5.9
CCC(Sc1nc2cc3c(cc2c(=O)n1Cc1ccco1)OCO3)C(=O)Nc1ccccc1OC,5.8
CCC(Sc1nc2nnc(C)c-2c(N)n1-c1cccc(Cl)c1)C(=O)NCCOC,5.55
CCC(c1ccc(-c2ccc(O)c(Cl)c2)cc1)n1ccnc1,7.04
CCC(c1nc2ncc(Cl)cc2[nH]1)[C@H]1CC[C@@H](c2ccnc3ccc(C(F)(F)F)cc32)CC1,5.71
CCC(c1nnnn1CC1CCCO1)N(CCN1CCOCC1)Cc1cc2cc(C)ccc2nc1O,4.8
CCC(c1nnnn1CCOC)N1CCN(C(=O)c2ccco2)CC1.Cl,4.55
CCC/C=C(\CCC)C(NC(=O)C(C)(C)C)c1ccc(C(=O)OC)cc1,5.0
CCC/C=C(\CCC)C(NC(=O)CCc1ccccc1)c1ccc(C(F)(F)F)cc1,5.5
CCC/C=C(\CCC)C(NC(=O)Cc1ccccc1)c1ccc(C(=O)OC)cc1,5.4
CCC/C=C(\CCC)C(NC(=O)OCC(C)C)c1ccc(C(=O)OC)cc1,4.9
CCC/C=C(\CCC)C(NC(=O)c1ccc(-c2ccccc2)cc1)c1ccc(C(=O)OC)cc1,5.2
CCC/C=C(\CCC)C(NC(=O)c1ccc(C(=O)OC)cc1)c1ccc(C(=O)OC)cc1,4.8
CCC/C=C(\CCC)C(NC(=O)c1ccc(C(F)(F)F)cc1)c1ccc(C(F)(F)F)cc1,5.0
CCC/C=C(\CCC)C(NC(=O)c1ccc(C(F)(F)F)cc1)c1ccccc1,4.8
CCC/C=C(\CCC)C(NC(=O)c1ccccc1)c1ccc(C(=O)OC)cc1,4.9
CCC/C=C(\CCC)C(NC(=O)c1ccccc1)c1ccccc1,5.0
CCC/C=C(\CCC)C(NC(=O)c1ccco1)c1ccc(C(=O)OC)cc1,5.2
CCC/C=C(\CCC)C(NC(=O)c1cccs1)c1ccc(C(=O)OC)cc1,5.9
CCC/C=C(\CCC)C(NC(=O)c1cccs1)c1ccc(C(F)(F)F)cc1,5.6
CCC/C=C(\CCC)C(NP(=O)(c1ccccc1)c1ccccc1)c1ccc(-c2ccccc2)cc1,5.4
CCC/C=C(\CCC)C(NP(=O)(c1ccccc1)c1ccccc1)c1ccc(C(F)(F)F)cc1,5.5
CCC/C=C(\CCC)C(NP(=O)(c1ccccc1)c1ccccc1)c1ccccc1,5.2
CCC/C=C(\CCC)C(NS(=O)(=O)CC12CCC(CC1=O)C2(C)C)c1ccc(C(=O)OC)cc1,5.4
CCC/C=C(\CCC)C(NS(=O)(=O)c1ccc(C(F)(F)F)cc1)c1ccc(-c2ccccc2)cc1,5.4
CCC/C=C(\CCC)C(NS(=O)(=O)c1ccc(C(F)(F)F)cc1)c1ccc(C(=O)OC)cc1,6.0
CCC/C=C(\CCC)C(NS(=O)(=O)c1ccc(C(F)(F)F)cc1)c1ccccc1,5.0
CCC/C=C(\CCC)C(NS(=O)(=O)c1ccc(Cl)cc1)c1ccc(C(=O)OC)cc1,5.4
CCC/C=C(\CCC)C(NS(=O)(=O)c1ccc(Cl)cc1)c1ccccc1,5.1
CCC/C=C(\CCC)C(NS(=O)(=O)c1cccc2cccnc12)c1ccc(-c2ccccc2)cc1,5.5
CCC/C=C(\CCC)C(NS(=O)(=O)c1cccc2cccnc12)c1ccc(C(=O)OC)cc1,5.3
CCC/C=C(\CCC)C(NS(=O)(=O)c1ccccc1)c1ccc(C(F)(F)F)cc1,5.2
CCC/C=C(\CCC)C(NS(=O)(=O)c1cccs1)c1ccc(C(=O)OC)cc1,5.5
CCC/C=C(\CCC)C(NS(C)(=O)=O)c1ccccc1,4.5
CCC/C=C/C1C(=O)C2OC2C2(OCC(CC)(CC)CO2)C1CO,5.4
CCC1(C)CC(CCNS(=O)(=O)c2ccc(C)cc2)(c2ccc(C)cc2)CCO1,5.45
CCC1(C)Cc2c(sc3nnn(CC(=O)Nc4ccc(C)cc4)c(=O)c23)CO1,4.85
CCC1(C)Cc2c(sc3nnn(CC(=O)Nc4cccc5ccccc45)c(=O)c23)CO1,5.0
CCC1(CC)C[C@@H](NC(=O)Nc2cccc3cnccc23)c2cc(F)ccc2O1,5.55
CCC1(c2ccc(N)cc2)CCC(=O)NC1=O,4.5
CCC1/C=C/C=C\CC(C)C(O)[C@@](C)(O)C(=O)C(C)C(O)C(C)C(=O)C(C)C(O)C(C)/C=C\C(=O)O[C@H]2C(C)C(CC1)O[C@]1(CCC(C)C(CC(C)O)O1)C2C,5.1
CCC12C=C(/C=C/c3ccccc3)C(CC)(C1)C(c1ccccc1)CC2=O,5.2
CCC12C=CCN3CCC4(c5cc(Br)c(OC)cc5N(C)C4C(O)(C(=O)OC)C1OC(C)=O)C32,4.4
CCC12C=CCN3CCC4(c5ccc(OC)cc5N(C)C4[C@@](O)(C(=O)OC)C1OC(C)=O)C32,5.4
CCC12CCCN3CCC4(c5ccc(OC)c(O)c5N(C(C)=O)C4CC1)C32,4.8
CCC12CN3CC(CC)(CN(C1)C3c1cccnc1)C2=O,5.35
CCC1=C(C[C@H]2NCCc3cc(OC)c(OC)cc32)C[C@H]2c3ccccc3CCN2C1,5.5
CCC1=C(OC(=O)N(CC)CC)N2C(=O)O/C(=N/CC(=O)OC)[C@]2(Cc2ccccc2)[C@H]2C1=CC[C@H]1C(=O)N(C)C(=O)[C@H]12,5.0
CCC1=C(OC(=O)N(CC)CC)N2C(=O)O/C(=N/CC(=O)OC)[C@]2(Cc2ccccc2)[C@H]2C1=CC[C@H]1C(=O)N(c3ccccc3)C(=O)[C@H]12,5.5
CCC1=C(OC(=O)N(CC)CC)N2C(=O)O/C(=N/CC3CC3)[C@]2(Cc2ccccc2)[C@H]2C1=CC[C@H]1C(=O)N(c3ccccc3)C(=O)[C@H]12,5.6
CCC1=C(OC(=O)N(CC)CC)N2C(=O)O/C(=N/CCOC)[C@]2(Cc2ccccc2)[C@H]2C1=CC[C@H]1C(=O)N(C)C(=O)[C@H]12,5.1
CCC1=C(OC(=O)N(CC)CC)N2C(=O)O/C(=N/CCOC)[C@]2(Cc2ccccc2)[C@H]2C1=CC[C@H]1C(=O)NC(=O)[C@H]12,5.2
CCC1=C(OC(=O)N(CC)CC)N2C(=O)O/C(=N/CCc3c[nH]c4ccccc34)[C@]2(Cc2ccccc2)[C@H]2C1=CC[C@H]1C(=O)N(C)C(=O)[C@H]12,5.9
CCC1=C(OC(=O)N(CC)CC)N2C(=O)O/C(=N/CCc3c[nH]c4ccccc34)[C@]2(Cc2ccccc2)[C@H]2C1=CC[C@H]1C(=O)N(CC)C(=O)[C@H]12,5.7
CCC1=C(OC(=O)N(CC)CC)N2C(=O)O/C(=N/CCc3c[nH]c4ccccc34)[C@]2(Cc2ccccc2)[C@H]2C1=CC[C@H]1C(=O)NC(=O)[C@H]12,5.7
CCC1=C(OC(=O)N(CC)CC)N2C(=O)O/C(=N\CC(=O)OC)[C@]2(C)[C@H]2C1=CC[C@H]1C(=O)N(C)C(=O)[C@H]12,4.9
CCC1=C(OC(=O)N(CC)CC)N2C(=O)O/C(=N\CC(=O)OC)[C@]2(C)[C@H]2C1=CC[C@H]1C(=O)N(CC(=O)OC)C(=O)[C@H]12,5.0
CCC1=C(OC(=O)N(CC)CC)N2C(=O)O/C(=N\CC(=O)OC)[C@]2(C)[C@H]2C1=CC[C@H]1C(=O)N(CC)C(=O)[C@H]12,5.2
CCC1=C(OC(=O)N(CC)CC)N2C(=O)O/C(=N\CC(=O)OC)[C@]2(C)[C@H]2C1=CC[C@H]1C(=O)NC(=O)[C@H]12,4.9
CCC1=C(OC(=O)N(CC)CC)N2C(=O)O/C(=N\CC(=O)OC)[C@]2(Cc2ccccc2)[C@H]2C1=CC[C@H]1C(=O)N(CC(=O)OC)C(=O)[C@H]12,5.3
CCC1=C(OC(=O)N(CC)CC)N2C(=O)O/C(=N\CC(=O)OC)[C@]2(Cc2ccccc2)[C@H]2C1=CC[C@H]1C(=O)NC(=O)[C@H]12,5.2
CCC1=C(OC(=O)N(CC)CC)N2C(=O)O/C(=N\CC3CC3)[C@]2(C)[C@H]2C1=CC[C@H]1C(=O)N(C)C(=O)[C@H]12,5.0
CCC1=C(OC(=O)N(CC)CC)N2C(=O)O/C(=N\CC3CC3)[C@]2(C)[C@H]2C1=CC[C@H]1C(=O)N(CC(=O)OC)C(=O)[C@H]12,5.1
CCC1=C(OC(=O)N(CC)CC)N2C(=O)O/C(=N\CC3CC3)[C@]2(C)[C@H]2C1=CC[C@H]1C(=O)N(CC)C(=O)[C@H]12,5.4
CCC1=C(OC(=O)N(CC)CC)N2C(=O)O/C(=N\CC3CC3)[C@]2(C)[C@H]2C1=CC[C@H]1C(=O)N(c3ccccc3)C(=O)[C@H]12,5.5
CCC1=C(OC(=O)N(CC)CC)N2C(=O)O/C(=N\CC3CC3)[C@]2(C)[C@H]2C1=CC[C@H]1C(=O)NC(=O)[C@H]12,5.0
CCC1=C(OC(=O)N(CC)CC)N2C(=O)O/C(=N\CC3CC3)[C@]2(Cc2ccccc2)[C@H]2C1=CC[C@H]1C(=O)N(C)C(=O)[C@H]12,5.4
CCC1=C(OC(=O)N(CC)CC)N2C(=O)O/C(=N\CC3CC3)[C@]2(Cc2ccccc2)[C@H]2C1=CC[C@H]1C(=O)N(CC(=O)OC)C(=O)[C@H]12,5.7
CCC1=C(OC(=O)N(CC)CC)N2C(=O)O/C(=N\CC3CC3)[C@]2(Cc2ccccc2)[C@H]2C1=CC[C@H]1C(=O)N(CC)C(=O)[C@H]12,5.3
CCC1=C(OC(=O)N(CC)CC)N2C(=O)O/C(=N\CC3CC3)[C@]2(Cc2ccccc2)[C@H]2C1=CC[C@H]1C(=O)NC(=O)[C@H]12,5.7
CCC1=C(OC(=O)N(CC)CC)N2C(=O)O/C(=N\CCOC)[C@]2(C)[C@H]2C1=CC[C@H]1C(=O)N(C)C(=O)[C@H]12,5.0
CCC1=C(OC(=O)N(CC)CC)N2C(=O)O/C(=N\CCOC)[C@]2(C)[C@H]2C1=CC[C@H]1C(=O)N(CC(=O)OC)C(=O)[C@H]12,5.0
CCC1=C(OC(=O)N(CC)CC)N2C(=O)O/C(=N\CCOC)[C@]2(C)[C@H]2C1=CC[C@H]1C(=O)N(CC)C(=O)[C@H]12,5.1
CCC1=C(OC(=O)N(CC)CC)N2C(=O)O/C(=N\CCOC)[C@]2(C)[C@H]2C1=CC[C@H]1C(=O)NC(=O)[C@H]12,5.0
CCC1=C(OC(=O)N(CC)CC)N2C(=O)O/C(=N\CCOC)[C@]2(Cc2ccccc2)[C@H]2C1=CC[C@H]1C(=O)N(CC(=O)OC)C(=O)[C@H]12,5.2
CCC1=C(OC(=O)N(CC)CC)N2C(=O)O/C(=N\CCOC)[C@]2(Cc2ccccc2)[C@H]2C1=CC[C@H]1C(=O)N(CC)C(=O)[C@H]12,5.3
CCC1=C(OC(=O)N(CC)CC)N2C(=O)O/C(=N\CCc3c[nH]c4ccccc34)[C@]2(C)[C@H]2C1=CC[C@H]1C(=O)N(C)C(=O)[C@H]12,5.9
CCC1=C(OC(=O)N(CC)CC)N2C(=O)O/C(=N\CCc3c[nH]c4ccccc34)[C@]2(C)[C@H]2C1=CC[C@H]1C(=O)N(CC(=O)OC)C(=O)[C@H]12,5.7
CCC1=C(OC(=O)N(CC)CC)N2C(=O)O/C(=N\CCc3c[nH]c4ccccc34)[C@]2(C)[C@H]2C1=CC[C@H]1C(=O)N(CC)C(=O)[C@H]12,5.9
CCC1=C(OC(=O)N(CC)CC)N2C(=O)O/C(=N\CCc3c[nH]c4ccccc34)[C@]2(C)[C@H]2C1=CC[C@H]1C(=O)NC(=O)[C@H]12,5.6
CCC1=C(OC(=O)N(CC)CC)N2C(=O)O/C(=N\CCc3c[nH]c4ccccc34)[C@]2(Cc2ccccc2)[C@H]2C1=CC[C@H]1C(=O)N(CC(=O)OC)C(=O)[C@H]12,5.6
CCC1=C(OC(=O)N(CC)CC)N2C(=O)O/C(=N\CCc3c[nH]c4ccccc34)[C@]2(Cc2ccccc2)[C@H]2C1=CC[C@H]1C(=O)N(c3ccccc3)C(=O)[C@H]12,5.2
CCC1=C(OC(=O)N(CC)CC)N2C(=O)O/C(=N\Cc3ccccc3)[C@]2(C)[C@H]2C1=CC[C@H]1C(=O)N(CC(=O)OC)C(=O)[C@H]12,5.3
CCC1=C(OC(=O)N(CC)CC)N2C(=O)O/C(=N\Cc3ccccc3)[C@]2(C)[C@H]2C1=CC[C@H]1C(=O)N(CC)C(=O)[C@H]12,5.5
CCC1=C(OC(=O)N(CC)CC)N2C(=O)O/C(=N\Cc3ccccc3)[C@]2(C)[C@H]2C1=CC[C@H]1C(=O)N(c3ccccc3)C(=O)[C@H]12,5.6
CCC1=C(OC(=O)N(CC)CC)N2C(=O)O/C(=N\Cc3ccccc3)[C@]2(C)[C@H]2C1=CC[C@H]1C(=O)NC(=O)[C@H]12,5.3
CCC1=C2CC[C@H]3C(=O)N(C)C(=O)[C@H]3[C@H]2[C@@]2(C)/C(=N/Cc3ccccc3)OC(=O)N2C1=O,4.9
CCC1=C2CC[C@H]3C(=O)N(C)C(=O)[C@H]3[C@H]2[C@@]2(C)C(=O)N(CC(=O)OC)C(=O)N2C1=O,4.6
CCC1=C2CC[C@H]3C(=O)N(C)C(=O)[C@H]3[C@H]2[C@@]2(Cc3ccccc3)/C(=N/CC(=O)OC)OC(=O)N2C1=O,5.0
CCC1=C2CC[C@H]3C(=O)N(C)C(=O)[C@H]3[C@H]2[C@@]2(Cc3ccccc3)/C(=N/CC3CC3)OC(=O)N2C1=O,5.3
CCC1=C2CC[C@H]3C(=O)N(C)C(=O)[C@H]3[C@H]2[C@@]2(Cc3ccccc3)/C(=N/CCOC)OC(=O)N2C1=O,5.0
CCC1=C2CC[C@H]3C(=O)N(C)C(=O)[C@H]3[C@H]2[C@@]2(Cc3ccccc3)/C(=N/CCc3c[nH]c4ccccc34)OC(=O)N2C1=O,5.9
CCC1=C2CC[C@H]3C(=O)N(CC(=O)OC)C(=O)[C@H]3[C@H]2[C@@]2(C)/C(=N/CC(=O)OC)OC(=O)N2C1=O,4.6
CCC1=C2CC[C@H]3C(=O)N(CC(=O)OC)C(=O)[C@H]3[C@H]2[C@@]2(C)/C(=N/CCc3c[nH]c4ccccc34)OC(=O)N2C1=O,5.2
CCC1=C2CC[C@H]3C(=O)N(CC(=O)OC)C(=O)[C@H]3[C@H]2[C@@]2(C)C(=O)N(CC3CC3)C(=O)N2C1=O,5.1
CCC1=C2CC[C@H]3C(=O)N(CC(=O)OC)C(=O)[C@H]3[C@H]2[C@@]2(C)C(=O)N(Cc3ccccc3)C(=O)N2C1=O,4.8
CCC1=C2CC[C@H]3C(=O)N(CC(=O)OC)C(=O)[C@H]3[C@H]2[C@@]2(Cc3ccccc3)/C(=N/CCOC)OC(=O)N2C1=O,4.9
CCC1=C2CC[C@H]3C(=O)N(CC(=O)OC)C(=O)[C@H]3[C@H]2[C@@]2(Cc3ccccc3)/C(=N/CCc3c[nH]c4ccccc34)OC(=O)N2C1=O,5.9
CCC1=C2CC[C@H]3C(=O)N(CC)C(=O)[C@H]3[C@H]2[C@@]2(C)/C(=N/CC(=O)OC)OC(=O)N2C1=O,4.8
CCC1=C2CC[C@H]3C(=O)N(CC)C(=O)[C@H]3[C@H]2[C@@]2(C)/C(=N/CCc3c[nH]c4ccccc34)OC(=O)N2C1=O,5.4
CCC1=C2CC[C@H]3C(=O)N(CC)C(=O)[C@H]3[C@H]2[C@@]2(C)C(=O)N(CC(=O)OC)C(=O)N2C1=O,5.1
CCC1=C2CC[C@H]3C(=O)N(CC)C(=O)[C@H]3[C@H]2[C@@]2(Cc3ccccc3)/C(=N/CC3CC3)OC(=O)N2C1=O,5.6
CCC1=C2CC[C@H]3C(=O)N(CC)C(=O)[C@H]3[C@H]2[C@@]2(Cc3ccccc3)/C(=N/CCOC)OC(=O)N2C1=O,5.0
CCC1=C2CC[C@H]3C(=O)N(CC)C(=O)[C@H]3[C@H]2[C@@]2(Cc3ccccc3)/C(=N/Cc3ccccc3)OC(=O)N2C1=O,5.5
CCC1=C2CC[C@H]3C(=O)N(CC)C(=O)[C@H]3[C@H]2[C@@]2(Cc3ccccc3)C(=O)N(CC3CC3)C(=O)N2C1=O,5.6
CCC1=C2CC[C@H]3C(=O)N(CC)C(=O)[C@H]3[C@H]2[C@@]2(Cc3ccccc3)C(=O)N(CCOC)C(=O)N2C1=O,4.8
CCC1=C2CC[C@H]3C(=O)N(CC)C(=O)[C@H]3[C@H]2[C@@]2(Cc3ccccc3)C(=O)N(Cc3ccccc3)C(=O)N2C1=O,5.4
CCC1=C2CC[C@H]3C(=O)N(c4ccccc4)C(=O)[C@H]3[C@H]2[C@@]2(C)/C(=N/CC(=O)OC)OC(=O)N2C1=O,4.8
CCC1=C2CC[C@H]3C(=O)N(c4ccccc4)C(=O)[C@H]3[C@H]2[C@@]2(C)/C(=N/CC3CC3)OC(=O)N2C1=O,5.0
CCC1=C2CC[C@H]3C(=O)N(c4ccccc4)C(=O)[C@H]3[C@H]2[C@@]2(C)/C(=N/Cc3ccccc3)OC(=O)N2C1=O,5.4
CCC1=C2CC[C@H]3C(=O)N(c4ccccc4)C(=O)[C@H]3[C@H]2[C@@]2(C)C(=O)N(CC(=O)OC)C(=O)N2C1=O,4.8
CCC1=C2CC[C@H]3C(=O)N(c4ccccc4)C(=O)[C@H]3[C@H]2[C@@]2(Cc3ccccc3)/C(=N\CC3CC3)OC(=O)N2C1=O,5.3
CCC1=C2CC[C@H]3C(=O)N(c4ccccc4)C(=O)[C@H]3[C@H]2[C@@]2(Cc3ccccc3)/C(=N\CCOC)OC(=O)N2C1=O,5.1
CCC1=C2CC[C@H]3C(=O)N(c4ccccc4)C(=O)[C@H]3[C@H]2[C@@]2(Cc3ccccc3)/C(=N\CCc3c[nH]c4ccccc34)OC(=O)N2C1=O,5.9
CCC1=C2CC[C@H]3C(=O)N(c4ccccc4)C(=O)[C@H]3[C@H]2[C@@]2(Cc3ccccc3)/C(=N\Cc3ccccc3)OC(=O)N2C1=O,5.3
CCC1=C2CC[C@H]3C(=O)N(c4ccccc4)C(=O)[C@H]3[C@H]2[C@@]2(Cc3ccccc3)C(=O)N(CC(=O)OC)C(=O)N2C1=O,5.4
CCC1=C2CC[C@H]3C(=O)NC(=O)[C@H]3[C@H]2[C@@]2(C)/C(=N/CC3CC3)OC(=O)N2C1=O,4.6
CCC1=C2CC[C@H]3C(=O)NC(=O)[C@H]3[C@H]2[C@@]2(C)/C(=N/CCc3c[nH]c4ccccc34)OC(=O)N2C1=O,4.9
CCC1=C2CC[C@H]3C(=O)NC(=O)[C@H]3[C@H]2[C@@]2(C)C(=O)N(CC3CC3)C(=O)N2C1=O,4.5
CCC1=C2CC[C@H]3C(=O)NC(=O)[C@H]3[C@H]2[C@@]2(Cc3ccccc3)/C(=N/CC(=O)OC)OC(=O)N2C1=O,4.8
CCC1=C2CC[C@H]3C(=O)NC(=O)[C@H]3[C@H]2[C@@]2(Cc3ccccc3)/C(=N/CC3CC3)OC(=O)N2C1=O,4.8
CCC1=C2CC[C@H]3C(=O)NC(=O)[C@H]3[C@H]2[C@@]2(Cc3ccccc3)/C(=N/Cc3ccccc3)OC(=O)N2C1=O,5.2
CCC1=C[C@@H]2CN(C1)Cc1c([nH]c3ccccc13)[C@@](C(=O)OC)(c1cc3c(cc1OC)N(C)[C@H]1[C@@](O)(C(=O)OC)[C@H](OC(C)=O)[C@]4(CC)C=CCN5CC[C@]31[C@@H]54)C2,6.0
CCC1=NN(C(=O)CCc2ccccc2)C(O)(C(F)(F)F)C1,4.8
CCC1C(=O)OC[C@H]1Cc1cncn1C.O=[N+]([O-])O,4.7
CCC1CCCCN1CCCNC(=O)Cn1nc(-c2ccc(C)cc2)ccc1=O,4.7
CCC1CCCCN1CCn1c(=S)[nH]c2cc(OC)c(OC)cc2c1=O,4.85
CCC1CCCN(c2nc3ccc(Br)cc3c(C(=O)NCC(CCC(=O)O)c3ccccc3Cl)c2C)C1,5.3
CCC1CN2CCc3cc(OC)c(OC)cc3C2CC1CC1NCCc2cc(OC)c(OC)cc21.Cl.Cl,4.6
CCC1COC(Cn2cncn2)(c2ccc(Cl)cc2Cl)O1,6.68
CCC1OC(=O)C(C)C(=O)C(C)[C@@H](OC2OC(C)CC(N(C)C)C2O)C(C)(OC)C2(CCCn3cnc(-c4cccnc4)c3)CC(C)C(=O)C(C)C3N(C2)C(=O)O[C@]13C,4.5
CCC1OC(=O)C(C)C(OC2CC(C)(OC)C(O)C(C)O2)C(C)C(OC2OC(C)CC(N(C)C)C2O)C(C)(OC)CC(C)C(=O)C(C)C(O)C1(C)O,4.6
CCC1OC(=O)C(C)[C@@H](O[C@H]2C[C@@](C)(OC)C(O)C(C)O2)C(C)[C@@H](O[C@@H]2OC(C)CC(N(C)C)C2O)[C@@](C)(O)CC(C)C(=O)[C@@H](C)C(O)[C@]1(C)O,4.5
CCC1OC23CCCCC2C(C#N)(C(=N)O3)C1(C#N)C#N,4.6
CCC1Oc2ccccc2N(CC(=O)NCCCN2CCCCC2C)C1=O,4.7
CCCC#Cc1cc([C@@]2(c3ccc(OC(F)F)c(C)c3)N=C(N)N(C)C2=O)ccc1F,5.47
CCCC(=O)/N=C1\SC2CS(=O)(=O)CC2N1c1ccc(CC)cc1,4.9
CCCC(=O)N1CCN(S(=O)(=O)c2cc(Cl)ccc2OC)CC1,4.7
CCCC(=O)N1c2ccccc2C(N(C(C)=O)c2ccccc2)CC1C,6.05
CCCC(=O)NC(Nc1cccc(C(F)(F)F)c1)C(Cl)(Cl)Cl,4.8
CCCC(=O)NC(Nc1ccccc1F)C(Cl)(Cl)Cl,4.85
CCCC(=O)NC(Nc1ccccc1OC)C(Cl)(Cl)Cl,4.85
CCCC(=O)NCCc1c2n(c3ccc(OC)cc13)CCCc1ccccc1-2,5.9
CCCC(=O)NCCc1c2n(c3ccc(OC)cc13)Cc1ccccc1-2,5.6
CCCC(=O)NNC(=O)CCC(=O)NCc1ccccc1,7.25
CCCC(=O)Nc1c(-c2cccs2)c(=O)c2ccccc2n1CC,4.6
CCCC(=O)Nc1c2c(nn1-c1ccc(C)cc1C)CSC2,5.15
CCCC(=O)Nc1ccc(C(=O)/C=C/c2ccc(SC)cc2)cc1,5.5
CCCC(=O)Nc1ccc(C(=O)Nc2cc(C(F)(F)F)ccc2Cl)cc1,4.8
CCCC(=O)Nc1ccc2nc(SCC(=O)Nc3ccc(N4CCOCC4)c(Cl)c3)sc2c1,5.85
CCCC(=O)Nc1cccc(Oc2nc(C)cc(C)c2C#N)c1,4.85
CCCC(=O)Nc1nc(-c2ccc3c(c2)CCN3S(C)(=O)=O)cs1,5.1
CCCC(=O)Nc1nnc(Cc2ccccc2)s1,4.8
CCCC(=O)O[C@@H](C(=O)N1N=CC[C@H]1C(=O)NCc1cc(Cl)ccc1-n1cnnn1)c1ccc(F)cc1,5.75
CCCC(C(=O)Nc1nccs1)c1ccccc1,4.9
CCCC(C(=O)OCCN(CC)CC)(c1ccccc1)c1ccccc1,5.85
CCCC(C(=O)OCCN(CC)CC)(c1ccccc1)c1ccccc1.Cl,5.7
CCCC(C)(COC(N)=O)COC(=O)NC(C)C,4.9
CCCC(C)C1(CC)C(=O)NC(=O)NC1=O,4.5
CCCC(C)C1(CC)C(=O)[N-]C(=S)NC1=O.[Na+],5.2
CCCC(CCC)C(=O)[O-].[Na+],5.8
CCCC(CCC)c1nc2c(Nc3ccc(I)cc3)nc3ccccc3c2[nH]1,4.21
CCCC(O)(CCC)C(=O)NN(C(=O)Nc1csc2c1CCCC2)c1ccccc1,6.1
CCCC/C=C/C(NC(=O)C(C)(C)C)c1ccccc1,4.6
CCCC/C=C/C(NC(=O)CCc1ccccc1)c1ccccc1,5.2
CCCC/C=C/C(NC(=O)OCc1ccccc1Cl)c1ccccc1,5.0
CCCC/C=C/C(NC(=O)Oc1cccc(C(F)(F)F)c1)c1ccccc1,4.8
CCCC/C=C/C(NC(=O)c1ccc(C(F)(F)F)cc1)c1ccccc1,5.0
CCCC/C=C/C(NC(=O)c1ccccc1)c1ccccc1,4.8
CCCC/C=C/C(NC(=O)c1ccco1)c1ccccc1,5.3
CCCC/C=C/C(NC(=O)c1cccs1)c1ccccc1,4.9
CCCC/C=C/[C@@H](NP(=O)(c1ccccc1)c1ccccc1)c1ccccc1OC,5.2
CCCC1(C(=O)OC)C=C2C(=C(C(C)C)C(=O)C2C)CN1,4.9
CCCC1(C(=O)OC)C=C2C(=C(C)C(=O)C2C)CN1,4.4
CCCC1(C(=O)OC)C=C2C(=C(c3ccccc3)C(=O)C2C)CN1,5.0
CCCC1(C)Nc2ccccc2-c2nc3ccccc3n21,4.9
CCCC1(O)CCN(C(=O)CC2([C@H]3CCC[C@@H](CC)N3S(=O)(=O)c3ccc(Cl)cc3)CC2)CC1,5.3
CCCC1COC(Cn2cncn2)(c2ccc(Cl)cc2Cl)O1,5.98
CCCC1N(C(=O)c2cnccc2C(F)(F)F)CCCC1(Oc1csc(C(F)(F)F)c1)C(=O)N1CCN(c2ccccc2OCCO)CC1,5.85
CCCC1OC2CC3C4CCC5=CC(=O)C=CC5(C)C4C(O)CC3(C)[C@]2(C(=O)CO)O1,4.8
CCCC1O[C@@H]2C[C@H]3[C@@H]4CCC5=CC(=O)C=C[C@]5(C)[C@H]4[C@@H](O)C[C@]3(C)[C@]2(C(=O)CO)O1,5.1
CCCC1S/C(=N/N=C/c2ccc(OC)cc2)N(Cc2ccc(OC)cc2)C1=O,6.0
CCCCC#C/C=C1/Cn2c(nc3ccccc32)S1,4.4
CCCCC#CC1C=CC(OC(C)=O)C(COC(C)=O)O1,5.6
CCCCC#CC1C=CC(Oc2cc(OC)c(OC)c(OC)c2)C(CO)O1,5.3
CCCCC#CC1C=CC(Oc2cc(OC)c(OC)c(OC)c2)C(COC(=O)OCC)O1,5.6
CCCCC#CC1C=CC(Oc2ccc(C(=O)OC)cc2)C(COC(=O)OCC)O1,5.4
CCCCC#CC1C=CC(Oc2ccc(OC)cc2)C(CO)O1,5.5
CCCCC#Cc1ccccc1CC(=O)Nc1ccccc1,6.0
CCCCC#Cc1nc(N)c2ncn([C@@H]3O[C@@H](C(=O)NCC)[C@H](O)[C@@H]3O)c2n1,4.8
CCCCC(=O)N/N=C(\C)CC(=O)Nc1cc(Cl)ccc1OC,5.35
CCCCC(=O)NC(=S)Nc1cccc(NC(=O)CC)c1,4.7
CCCCC(=O)NC(Nc1cc(C)ccn1)(C(=O)OCC)C(F)(F)F,5.15
CCCCC(=O)NCCc1c(Cc2ccccc2)[nH]c2ccccc12,6.1
CCCCC(=O)Nc1cc(OCC)c(NC(=O)c2ccccc2[N+](=O)[O-])cc1OCC,5.15
CCCCC(=O)Nc1sc2c(c1C(=O)OCC)CCC(C=O)=C2Cl,4.8
CCCCC(=O)OC1CCC2C3CCc4cc(O)ccc4C3CC[C@]12C,4.9
CCCCC(=O)OCc1cn(-c2ccc(Cl)cc2)nn1,4.4
CCCCC(=O)O[C@@H](C(=O)N1N=CC[C@H]1C(=O)NCc1cc(Cl)ccc1-n1cnnn1)c1ccc(F)cc1,5.92
CCCCC(=O)O[C@@]1(C(=O)CO)C(C)CC2C3CCC4=CC(=O)C=C[C@@]4(C)[C@]3(F)C(O)C[C@]21C,4.7
CCCCC(=O)c1nc(N)c2cnn(Cc3ccc(CN4CCCC4)cc3)c2n1,4.8
CCCCC(C(=O)COc1c(F)c(F)cc(F)c1F)n1cc([C@@](C)(NCc2ccc3ncccc3c2)C(C)C)nn1,5.42
CCCCC(C(=O)COc1c(F)c(F)cc(F)c1F)n1cc([C@@](C)(NCc2ccc3ncccc3c2)C2CCCC2)nn1,6.58
CCCCC(C(=O)COc1c(F)c(F)cc(F)c1F)n1cc([C@@](C)(NCc2ccc3ncsc3c2)C(C)C)nn1,6.52
CCCCC(C(=O)COc1c(F)c(F)cc(F)c1F)n1cc([C@@](C)(NCc2ccn3nccc3n2)C(C)C)nn1,6.5
CCCCC(C(=O)COc1c(F)c(F)cc(F)c1F)n1cc([C@@](C)(NCc2ccn3nccc3n2)C2CCCC2)nn1,6.58
CCCCC(C)=C[C@@H](NP(=O)(c1ccccc1)c1ccccc1)c1ccccc1,5.6
CCCCC(C=O)NC(=O)C(CC(C)C)NC(=O)OCc1ccccc1,4.8
CCCCC(CC)CNC(=N)NC(=N)NCCCCCCNC(=N)NC(=N)NCC(CC)CCCC.Cl.Cl,4.6
CCCCC(CC)CNCC(CC)CCCC,6.8
CCCCC(CC)COC(=O)CCCCC(=O)OCC(CC)CCCC,4.7
CCCCC(CC)COC(=O)c1ccc(N(C)C)cc1,4.6
CCCCC(CC)COC(=O)c1ccccc1C(=O)OCC(CC)CCCC,4.8
CCCCC(CC)COCCCN,4.5
CCCCC(CC)COP(=O)(OCC(CC)CCCC)OCC(CC)CCCC,4.8
CCCCC/C=C/C(=O)CCc1ccc(O)c(OC)c1,4.635
CCCCC/C=C\C/C=C\C/C=C\C/C=C\CCCC(=O)NCC(=O)O,4.6
CCCCC/C=C\C/C=C\C/C=C\C/C=C\CCCC(=O)Nc1ccc(O)cc1,5.3
CCCCC/C=C\C/C=C\C/C=C\C/C=C\CCCC(=O)O,4.75
CCCCC/C=C\C/C=C\CCCCCCCC(=O)O,4.5
CCCCC/C=C\C[C@H](O)/C=C\c1cccc(C[C@H](O)CCCCO)n1,5.2
CCCCC/N=c1\ccn(Cc2ccccc2)c2ccccc12,4.8
CCCCC1(C)NC(=O)c2c(C)sc(C(=O)OCC)c2N1,4.75
CCCCC1(C)Nc2ccccc2-c2nc3ccccc3n21,5.15
CCCCC1(C)OC(=O)C(=Cc2ccc(N(C)C)cc2)C(=O)O1,6.0
CCCCC1(C)OC(=O)C(=Cc2ccc(N(CC)CC)cc2)C(=O)O1,6.9
CCCCC1(CCCC)C(=O)N=C(Nc2cccc(C)c2)NC1=O,4.9
CCCCC1=NC2(CCCC2)C(=O)N1Cc1ccc(-c2ccccc2-c2nnn[nH]2)cc1,4.8
CCCCC1C(=O)N(c2ccccc2)N(c2ccc(O)cc2)C1=O,4.5
CCCCC1C(=O)N(c2ccccc2)N(c2ccccc2)C1=O,4.9
CCCCC1CN2C(CCC(C)C2c2ccc(Br)cc2)C(=O)O1,5.4
CCCCC1S/C(=N/N=C/c2ccc(OC)cc2)N(Cc2ccc(OC)cc2)C1=O,5.5
CCCCCC(=O)Cc1cc(O)cc(O)c1C(=O)Oc1cc(CC(=O)CCCCC)c(C(=O)O)c(OC)c1,4.8
CCCCCC(=O)N1CC2(CC(c3cccc(NC(=O)c4ccccc4)c3)=NO2)C[C@@H]1C(N)=O,4.8
CCCCCC(=O)N1CCCC(c2nc(-c3ccc(OC)cc3)no2)C1,5.15
CCCCCC(=O)Nc1cccc(-c2nc3ncccc3o2)c1,4.8
CCCCCC(=O)O[C@@]1(C(C)=O)CCC2C3CCC4=CC(=O)CC[C@@]4(C)C3CC[C@]21C,5.0
CCCCCC(=O)c1cc(CC(C(=O)OC)C(=O)OC)cc2cc(OC)c(OC)cc12,5.4
CCCCCC1=C2CNC(C)(C(=O)OC)C=C2C(C)C1=O,4.9
CCCCCC1=C2CNC(CC(C)C)(C(=O)OC)C=C2C(C)C1=O,4.8
CCCCCC1=C2CNC(CCC)(C(=O)OC)C=C2C(C)C1=O,4.7
CCCCCC1=C2CNC(Cc3ccccc3)(C(=O)OC)C=C2C(C)C1=O,4.8
CCCCCC1C(=O)O[C@H](C)[C@@H](NC(=O)c2cccc(NC=O)c2O)C(=O)OC(C)C1OC(=O)CC(C)C,5.1
CCCCCC1CC1C(=O)N/N=C/c1ccc(N(C)C)cc1,5.45
CCCCCCC#CC1C=CC(OC(=O)OCC)C(COC(=O)OCC)O1,5.4
CCCCCCC#CC1C=CC(OC(C)=O)C(COC(C)=O)O1,5.4
CCCCCCC#CC1C=CC(Oc2ccc(C=O)cc2)C(CO)O1,5.4
CCCCCCC#Cc1cc(OC)c(OC)cc1C(N1CC(C)c2ccccc21)N1CC(C)c2ccccc21,5.5
CCCCCCC(=O)Cc1cc(OC)c(OC)cc1/C=C(/C(C)=O)C(=O)OC,5.4
CCCCCCC(=O)Cc1cc(OC)c(OC)cc1C=C(C(=O)OCC)C(=O)OCC,5.5
CCCCCCC(C)(C)c1ccc([C@@H]2C[C@H](O)CC[C@@H]2CCCO)c(O)c1,5.3
CCCCCCC1=Cc2cc(OC)c(OC)cc2C(C(C(C)=O)C(=O)OC)O1,5.5
CCCCCCC1=Cc2cc(OC)c(OC)cc2C(C(C(C)=O)C(=O)OCC)O1,5.5
CCCCCCC1=Cc2cc(OC)c(OC)cc2C(C2(C(=O)OCC)CCCC2=O)O1,5.5
CCCCCCC1=Cc2cc(OC)c(OC)cc2C(CC(=O)/C=C/OC)O1,5.3
CCCCCCC1CC(C)(/C(C)=N/NC(N)=O)OC1=O,4.75
CCCCCCC1Cc2cc(OC)c(OC)cc2C(C(C(=O)OCC)C(=O)OCC)O1,5.65
CCCCCCCC#Cc1ccccc1/C=N/[S+]([O-])C(C)(C)C,5.5
CCCCCCCC#Cc1ccccc1/C=N/[S+]([O-])c1ccc(C)cc1,5.4
CCCCCCCC#Cc1ccccc1C(NC(=O)OC)C(C(=O)OC)C(=O)OC,5.5
CCCCCCCC(=O)CCc1ccc(O)c(OC)c1,4.52
CCCCCCCC(F)(F)CCCCCC/C=C/[C@H](C(O)N[C@@H](Cc1ccc(OCCCC)cc1)C(=O)O)[C@@](O)(CCOC)C(=O)O,4.859999999999999
CCCCCCCC(F)(F)CCCCCC/C=C/[C@H](C(O)N[C@@H](Cc1ccc(OCCCC)cc1)C(=O)OC)[C@@](O)(CCOC)C(=O)O,4.77
CCCCCCCC/C=C\CCCCCCCC(=O)N(CCO)CCO,4.9
CCCCCCCC/C=C\CCCCCCCC(=O)NCCO,4.5
CCCCCCCC/C=C\CCCCCCCC(=O)NCCc1ccc(O)c(O)c1,5.5
CCCCCCCC/C=C\CCCCCCCC(=O)NCc1ccc(O)c(OC)c1,5.0
CCCCCCCC/C=C\CCCCCCCC(=O)N[C@@H](CO)Cc1ccc(O)cc1,5.0
CCCCCCCC/C=C\CCCCCCCC(N)=O,4.3
CCCCCCCC1=CC2=CC(=O)C(C)(OC(C)=O)C(=O)C2=CN1CCc1ccccc1,5.4
CCCCCCCC1=Cc2ccccc2C(CC(C)=O)N1C(=O)OC,5.5
CCCCCCCC1O[C@H](CC/C(C)=C/COc2c3ccoc3cc3oc(=O)ccc23)C(C)(C)O1,6.89
CCCCCCCCC(=O)NCc1cc(OC)c(O)cc1I,5.5
CCCCCCCCC(=O)NCc1ccc(O)c(OC)c1,5.4
CCCCCCCCC1CCc2cc(CCC(N)(CO)CO)ccc2C1,4.98
CCCCCCCCCC(=O)N[C@@H](CN1CCOCC1)[C@@H](O)c1ccccc1,4.9
CCCCCCCCCC1O[C@H](CC/C(C)=C/COc2c3ccoc3cc3oc(=O)ccc23)C(C)(C)O1,6.57
CCCCCCCCCCC(C)(C)C(=O)Nc1c(OC)cc(OC)cc1OC,5.1
CCCCCCCCCCC/C=C\C(C)(C)/C=C\CCCC(=O)O,4.4
CCCCCCCCCCCC(=O)NC(C(=O)OCC)C(O)c1cccc([N+](=O)[O-])c1,4.85
CCCCCCCCCCCC(=O)OCC(CCP(=O)(O)OCCNC(=O)c1ccc(Cn2c(=O)[nH]c3c(N)nc(OCCOC)nc32)cc1)OC(=O)CCCCCCCCCCC,4.87
CCCCCCCCCCCC(=O)OCC(COP(=O)(O)OCCNC(=O)c1ccc(Cn2c(=O)[nH]c3c(N)nc(OCCOC)nc32)cc1)OC(=O)CCCCCCCCCCC,4.87
CCCCCCCCCCCC(CC1OC(=O)C1CCCCCC)OC(=O)C(CC(C)C)NC=O,6.3
CCCCCCCCCCCCCC(=O)O[C@H]1[C@@H](C)[C@@]2(O)[C@@H](C=C(CO)C[C@]3(O)C(=O)C(C)=C[C@@H]23)[C@@H]2C(C)(C)[C@]21OC(C)=O,4.6
CCCCCCCCCCCCCCCC(=O)NC[C@@H](COP(=O)([O-])OCC[N+](C)(C)C)OCC,4.6
CCCCCCCCCCCCCCCC(=O)O[C@H](CC(=O)[O-])C[N+](C)(C)C,4.4
CCCCCCCCCCCCCCCCCC(=O)NC[C@@H](COP(=O)([O-])OCC[N+](C)(C)C)OCC,4.5
CCCCCCCCCCCCCCCCCCCCOP(=O)(O)CO[C@H](C)Cn1cnc2c(N)ncnc21.N,4.3
CCCCCCCCCCCCCCCCCCOP(=O)(O)CO[C@H](C)Cn1cnc2c(N)ncnc21.N,4.28
CCCCCCCCCCCCCCCCOCCCOP(=O)(O)CO[C@H](C)Cn1cnc2c(N)ncnc21.N,4.27
CCCCCCCCCCCCCCCCSCCCOP(=O)(O)CO[C@H](C)Cn1cnc2c(N)ncnc21.N,4.24
CCCCCCCCCCCCCCCOP(=O)(O)CO[C@H](C)Cn1cnc2c(N)ncnc21.N,4.26
CCCCCCCCCCCCCCC[C@@H](O)[C@@H](N)CO,4.5
CCCCCCCCCCCC[N+](C)(C)CCOc1ccccc1.[Br-],4.5
CCCCCCCCCOc1ccc2[nH]cc(CCN)c2c1,4.4
CCCCCCCCC[C@H](O)CC(=O)CCc1ccc(O)c(OC)c1,4.67
CCCCCCCCCc1ccc(O)cc1,4.5
CCCCCCCCCc1ccc(OCCOCCOCCOCCOCCOCCOCCOCCOCCO)cc1,4.5
CCCCCCCCN1C(=O)N(C)C(N(O)C(=O)NC)C1(C)C,5.2
CCCCCCCCNC(C)C(O)c1ccc(SC(C)C)cc1,5.0
CCCCCCCCSc1nnc(CSc2nc3nc(C)cc(C)n3n2)o1,4.45
CCCCCCCC[N+](CCCCCCCC)(CCCCCCCC)CCCCCCCC.[Br-],4.9
CCCCCCCCn1sccc1=O,4.9
CCCCCCCNS(=O)(=O)c1cccc2c(Cl)cccc12,5.1
CCCCCCCSc1nc2cc(OC)ccc2[nH]1,4.8
CCCCCCC[C@H](O)CC(=O)CCc1ccc(O)c(OC)c1,5.02
CCCCCCN(C(=O)CCCCCN1C(=O)NC(C2CC2)C(C(=O)OCc2ccccc2)=C1C)C(C(=O)NCCCC)c1ccc(OCC(=O)OC)c(C(=O)OC)c1,5.4
CCCCCCN(C(=O)CCCCCN1C(=O)NC(C2CCCCC2)C(C(=O)OCc2ccccc2)=C1C)C(C(=O)NCCCC)c1ccc(OCC(=O)OC)c(C(=O)OC)c1,5.5
CCCCCCN(C(=O)CCCCCN1C(=O)NC(c2ccc(-c3ccccc3)cc2)C(C(=O)OCc2ccccc2)=C1C)C(C(=O)NCCCC)c1ccc(O)c(C(=O)OC)c1,5.0
CCCCCCN(C(=O)CCCCCN1C(=O)NC(c2ccc(-c3ccccc3)cc2)C(C(=O)OCc2ccccc2)=C1C)C(C(=O)NCCCC)c1ccc(O)cc1,5.0
CCCCCCN(C(=O)CCCCCN1C(=O)NC(c2ccc(-c3ccccc3)cc2)C(C(=O)OCc2ccccc2)=C1C)C(C(=O)NCCCC)c1ccc(OCC(=O)O)c(C(=O)O)c1,4.8
CCCCCCN(C(=O)CCCCCN1C(=O)NC(c2ccc(-c3ccccc3)cc2)C(C(=O)OCc2ccccc2)=C1C)C(C(=O)NCCCC)c1ccc(OCC(=O)OC)cc1,5.0
CCCCCCN(C(=O)CCCCCN1C(=O)NC(c2ccc(-c3ccccc3)cc2)C(C(=O)OCc2ccccc2)=C1C)C(C(=O)NCCCC)c1cccc(C(=O)OC)c1,5.6
CCCCCCN(C(=O)CCCCCN1C(=O)NC(c2ccc(-c3ccccc3)cc2)C(C(=O)OCc2ccccc2)=C1C)C(C(=O)NCCCC)c1ccccc1,5.7
CCCCCCN(C(=O)CCCCCN1C(=O)NC(c2ccc(-c3ccccc3)cc2)C(C(=O)OCc2ccccc2)=C1C)C(C(=O)NCCCC)c1ccccn1,6.0
CCCCCCN(C(=O)CCCCCN1C(=O)NC(c2ccc(-c3ccccc3)cc2)C(C(=O)OCc2ccccc2)=C1C)C(C)C(=O)NCCCC,5.5
CCCCCCN(C(=O)CCCCCN1C(=O)NC(c2ccc(C(C)(C)C)cc2)C(C(=O)OCc2ccccc2)=C1C)C(C(=O)NCCCC)c1ccc(OCC(=O)OC)c(C(=O)OC)c1,5.9
CCCCCCN(C(=O)CCCCCN1C(=O)NC(c2ccc(C(F)(F)F)cc2)C(C(=O)OCc2ccccc2)=C1C)C(C(=O)NCCCC)c1ccc(OCC(=O)OC)c(C(=O)OC)c1,5.4
CCCCCCN(C(=O)CCCCCN1C(=O)NC(c2ccc(C3CCCCC3)cc2)C(C(=O)OCc2ccccc2)=C1C)C(C(=O)NCCCC)c1ccc(OCC(=O)OC)c(C(=O)OC)c1,5.7
CCCCCCN(C(=O)CCCCCN1C(=O)NC(c2ccc(Cl)cc2)C(C(=O)OCc2ccccc2)=C1C)C(C(=O)NCCCC)c1ccc(OCC(=O)OC)c(C(=O)OC)c1,5.5
CCCCCCN(C(=O)CCCCCN1C(=O)NC(c2ccc([N+](=O)[O-])cc2)C(C(=O)OCc2ccccc2)=C1C)C(C(=O)NCCCC)c1ccc(OCC(=O)OC)c(C(=O)OC)c1,5.7
CCCCCCN(C(=O)CCCCCN1C(=O)NC(c2ccc3ccccc3c2)C(C(=O)OCc2ccccc2)=C1C)C(C(=O)NCCCC)c1ccc(OCC(=O)OC)c(C(=O)OC)c1,5.6
CCCCCCN(C(=O)CCCCCN1C(=O)NC(c2cccc([N+](=O)[O-])c2)C(C(=O)OCc2ccccc2)=C1C)C(C(=O)NCCCC)c1ccc(OCC(=O)OC)c(C(=O)OC)c1,5.5
CCCCCCN(C(=O)CCCCCN1C(=O)NC(c2ccccc2-c2ccccc2)C(C(=O)OCc2ccccc2)=C1C)C(C(=O)NCCCC)c1ccc(OCC(=O)OC)c(C(=O)OC)c1,5.2
CCCCCCN(CCCCCC)C(=O)Cc1c(-c2ccc(Cl)cc2)[nH]c2ccc(Cl)cc12,4.9
CCCCCCN(CCCCCC)C(=O)Cc1c(-c2ccc(F)cc2)[nH]c2ccccc12,5.6
CCCCCCN1C=CC(=C/C=C(\C#N)C(=O)OCC)C=C1,4.8
CCCCCCNC(=O)Nc1ccc(S(=O)(=O)Nc2ccc(CCNC[C@H](O)COc3ccc(O)cc3)cc2)cc1,5.1
CCCCCCNC(=O)n1cc(F)c(=O)[nH]c1=O,4.7
CCCCCCOC(=O)C(C#N)c1nc2ccccc2nc1N1CCN(CC)CC1,4.55
CCCCCCOc1ccc(-n2ccnc2)cn1,4.11
CCCCCCOc1ccccc1C(N)=O,4.6
CCCCCCSc1nc2cc(OC)ccc2[nH]1,5.27
CCCCCC[C@@H]([C@@H](C)O)n1cnc2c(N)ncnc21,4.4
CCCCCC[C@@H]([C@H](C)O)n1cnc2c(N)ncnc21,4.8
CCCCCC[C@@H]1CCc2cc([C@H]3CC[C@](N)(CO)C3)ccc2C1,4.72
CCCCCC[C@H]1C(=O)O[C@H](C)[C@H](NC(=O)c2cccc(NC=O)c2O)C(=O)O[C@@H](C)[C@@H]1OC(=O)CC(C)C,5.2
CCCCCC[C@H]1C(=O)O[C@H](C)[C@H](NC(=O)c2cccc(NC=O)c2O)C(=O)O[C@@H](C)[C@H]1OC(=O)CC(C)C,5.3
CCCCCCc1ccc(N/C=N/O)cc1,4.3
CCCCCCc1ccc(O)cc1O,5.9
CCCCCCc1ccc(O)cc1O.Nc1c2ccccc2nc2ccccc12,5.3
CCCCCCc1nc2cc(/C=C/C(=O)NO)ccc2n1CCN(C)C,6.48
CCCCCN(CCCCC)C(=O)[C@H](CCC(=O)[O-])NC(=O)c1ccc(Cl)c(Cl)c1.[Na+],4.8
CCCCCOC(=O)CSc1nnc(-c2ccccc2)c(O)n1,4.65
CCCCCOC(=O)c1c(N)n(CCOC)c2nc3ccccc3nc12,5.05
CCCCCOC(=O)c1ccccc1C(=O)OCCCCC,4.9
CCCCCOCC(O)CCC(=O)NN,4.85
CCCCCOc1ccc(C(=O)NCC2(c3ccccc3)CCOCC2)cc1,4.5
CCCCCOc1ccc(OC(=O)c2ccncc2)cc1,4.6
CCCCCS(=O)(=O)CCCCCCCCCCn1c(-c2ccc(O)cc2)c(C)c2cc(O)ccc21,6.2
CCCCCSc1nc2cc(OC)ccc2[nH]1,4.58
CCCCC[C@H](CC(=O)NO)C(=O)N[C@@H](C(=O)N1CCC[C@H]1CO)C(C)C,5.3
CCCCC[C@H](O)C=C[C@H]1[C@H](O)CC(=O)[C@H]1CCCCCCC(=O)O,4.5
CCCCC[C@H](O)CC(=O)CCc1ccc(O)c(OC)c1,4.43
CCCCC[C@H](O)CC(=O)CCc1ccc(OC)c(O)c1,4.44
CCCCC[C@H](O)c1cccc(OCc2ccc3ccccc3n2)c1,4.9
CCCCCc1c2c(cc(O)c1C(=O)O)OC(=O)c1c(cc(OC)cc1C(=O)CCCC)O2,4.6
CCCCCc1cc(O)cc(O)c1,4.9
CCCCCc1nc2c(C#N)c(-c3ccc(Cl)cc3)ccn2n1,4.6
CCCCCn1c(CN2CCCCC2C)nc2c1c(=O)n(C)c(=O)n2C,5.3
CCCCCn1c(CN2CCN(c3cc(Cl)ccc3C)CC2)nc2c1c(=O)[nH]c(=O)n2C,5.65
CCCCCn1c(N)c(C(=O)NCc2cccs2)c2nc3ccccc3nc21,5.2
CCCCCn1c(SCc2ccncc2)nc2cc(C(=O)NCc3ccco3)ccc2c1=O,6.1
CCCCCn1cc[n+](-c2nc3ccccc3nc2[N-]S(=O)(=O)c2ccc(C)cc2)c1,5.1
CCCCN(C(=O)c1c(C)[nH]c(C(=O)OCC)c1C)c1ccccc1,5.35
CCCCN(C(S)=Nc1ccccc1)C1CCS(=O)(=O)C1,4.65
CCCCN(C)C(=O)N1CCC(=CC#Cc2cccc(C)n2)CC1,4.87
CCCCN(C)CCCNC(=O)C[S+]([O-])Cc1nc(-c2ccc(OC)c(OC)c2)oc1C,4.85
CCCCN(C)[C@H](C)[C@@H](c1ccc2cc(OCC(C)(C)C(=O)O)ccc2c1)n1ccnc1,5.64
CCCCN(CC)C(=O)Cc1ccccc1OC,4.8
CCCCN(CC)Cc1ccc(CNC(=O)Nc2ccc(OC)cc2OC)o1,4.65
CCCCN(CC)S(=O)(=O)N1CCC(C(=O)NCCCN2CCOCC2)CC1,4.95
CCCCN(CC)c1c([N+](=O)[O-])cc(C(F)(F)F)cc1[N+](=O)[O-],4.8
CCCCN(CCCC)CCC(O)c1cc2c(Cl)cc(Cl)cc2c2cc(C(F)(F)F)ccc12.Cl,5.0
CCCCN(CCCC)CCCOC(=O)c1ccc(N)cc1,4.4
CCCCN(CCCC)c1nc(OC)nc(-n2nnc(C(C)=O)c2C)n1,4.6
CCCCN1C(=O)/C(=C\c2ccco2)C(=O)N(CCc2ccccc2)C1=O,4.9
CCCCN1C(=O)/C(=c2\sc3nc(=O)c(-c4ccccc4)nn3c2=O)c2ccccc21,5.35
CCCCN1C(=O)C(C(C)C)NC(=O)C12CCN(Cc1ccc(Oc3ccccc3)cc1)CC2.Cl,5.03
CCCCN1C(=O)C(C2c3ccccc3C(=O)N2Cc2ccccc2)C(=O)NC1=S,5.6
CCCCN1C(=O)C(CC(C)C)NC(=O)C12CCN(Cc1ccc(Oc3ccccc3)cc1)CC2.Cl,4.71
CCCCN1C(=O)C(CC2CCCCC2)NC(=O)C12CCN(Cc1ccc(Oc3ccccc3)cc1)CC2.Cl,5.03
CCCCN1C(=O)C(NC(=O)c2cccnc2)(C(F)(F)F)C2=C1CC(C)(C)CC2=O,5.1
CCCCN1C(=O)CN(CCc2ccccc2)C(=O)C1c1ccc(OC)cc1,5.1
CCCCN1C(=O)NC(=O)/C(=C(/CC)NCc2ccc(F)cc2)C1=O,4.55
CCCCN1C(=O)NC(=O)/C(=C(/CC)Nc2ccc(OC)cc2OC)C1=O,5.1
CCCCN1C(=O)NC(=O)/C(=C\NCCN2CCCCC2)C1=O,4.7
CCCCN1C(=O)[C@H](CC2CCCCC2)NC(=O)C12CCN(Cc1ccc(Oc3ccc(C(=O)O)cc3)cc1)CC2.Cl,4.6
CCCCN1C2=C(C(=O)CCC2)C(c2ccc(Cl)c(Cl)c2)C2=C1c1ccccc1C2=O,5.8
CCCCN1CCC(COC(=O)c2cc(Cl)c(N)c3c2OCCO3)CC1,5.5
CCCCN1CCCCC1C(=O)Nc1c(C)cccc1C.Cl,4.5
CCCCN1CCCC[C@H]1C(=O)Nc1c(C)cccc1C,5.0
CCCCN1CCC[C@@H]1CNC(=O)c1cc(C#N)c2ccccc2c1OC,5.1
CCCCN1CSC(=S)N(Cc2ccccc2)C1,5.5
CCCCN=C(S)NNC(=O)CCn1nc(C)c(Br)c1C,5.35
CCCCN=C(S)NNC(=O)c1csc2c1CCC(C)C2,4.8
CCCCNC(=O)C(CC)Sc1nc2sc(C(=O)OC)c(C)c2c(=O)n1N,5.35
CCCCNC(=O)C(c1ccc(-c2ccccc2)cc1)N(CCN1CCOCC1)C(=O)CCCCCN1C(=O)NC(c2ccc([N+](=O)[O-])cc2)C(C(=O)OCc2ccccc2)=C1C,5.6
CCCCNC(=O)C(c1ccc(OCC(=O)OC)c(C(=O)OC)c1)N(CCC1=CCCCC1)C(=O)CCCCCN1C(=O)NC(c2ccc(-c3ccccc3)cc2)C(C(=O)OCc2ccccc2)=C1C,5.6
CCCCNC(=O)C(c1ccc(OCC(=O)OC)c(C(=O)OC)c1)N(CCOC)C(=O)CCCCCN1C(=O)NC(c2ccc(-c3ccccc3)cc2)C(C(=O)OCc2ccccc2)=C1C,5.5
CCCCNC(=O)C(c1ccc(OCC(=O)OC)c(C(=O)OC)c1)N(CCc1ccccc1)C(=O)CCCCCN1C(=O)NC(c2ccc(-c3ccccc3)cc2)C(C(=O)OCc2ccccc2)=C1C,5.3
CCCCNC(=O)C(c1ccc(OCC(=O)OC)c(C(=O)OC)c1)N(CCc1ccccn1)C(=O)CCCCCN1C(=O)NC(c2ccc(-c3ccccc3)cc2)C(C(=O)OCc2ccccc2)=C1C,5.1
CCCCNC(=O)C(c1ccc(OCC(=O)OC)c(C(=O)OC)c1)N(Cc1ccccc1)C(=O)CCCCCN1C(=O)NC(c2ccc(-c3ccccc3)cc2)C(C(=O)OCc2ccccc2)=C1C,5.3
CCCCNC(=O)C(c1ccc(OCC(=O)OC)c(C(=O)OC)c1)N(Cc1ccccn1)C(=O)CCCCCN1C(=O)NC(c2ccc(-c3ccccc3)cc2)C(C(=O)OCc2ccccc2)=C1C,5.1
CCCCNC(=O)C1C2C=CC3(CN(Cc4ccccc4Cl)C(=O)C13)O2,5.4
CCCCNC(=O)CCC(=O)Nc1ccc2nc(N3CCOCC3)cc(C)c2c1,5.3
CCCCNC(=O)CCn1c(=S)[nH]c2cc3c(cc2c1=O)OCO3,5.4
CCCCNC(=O)CSc1nc2cc(OC)c(OC)cc2c(=O)n1Cc1ccc(OC)cc1,5.55
CCCCNC(=O)CSc1nc2ccccc2c(=O)n1CCNC(C)=O,4.6
CCCCNC(=O)Cc1coc2ccc3ccccc3c12,5.35
CCCCNC(=O)[C@@H]1Cc2ccccc2N1C(=O)[C@H](N)CC,5.5
CCCCNC(=O)c1cc2nc3c(c(C(F)(F)F)n2n1)CCc1ccccc1-3,5.1
CCCCNC(=O)c1ccc(OC)c(CSc2nc3cc(F)ccc3n2CC(=O)O)c1,5.28
CCCCNCCOCCOc1ccc(C)cc1[N+](=O)[O-].O=C(O)C(=O)O,4.85
CCCCNCCOCCSc1ccc(Cl)cc1.O=C(O)C(=O)O,4.85
CCCCNS(=O)(=O)c1ccc(OC)c(Cl)c1Cl,4.95
CCCCNc1c(C(=O)OCC)c(C)nc2c1cnn2CC,4.85
CCCCNc1c(CN)cnc2cc(Cl)ccc12,5.5
CCCCNc1cc(=O)oc2ccccc12,4.75
CCCCNc1ccc(C(=O)OCCOCCOCCOCCOCCOCCOCCOCCOCCOC)cc1,5.2
CCCCNc1nc(-c2ccccc2)c(C(=O)OCC)cc1C#N,4.55
CCCCNc1nc(C)nc2c1nc(-c1ccccc1)n2C(C)CCCN(CC)CC,5.0
CCCCNc1nc(C)nc2c1nc(-c1ccccc1)n2C1CCN(Cc2ccccc2)C1,5.1
CCCCNc1nc(C)nc2c1nc(-c1ccccc1)n2CC(C)(C)CN(C)C,5.0
CCCCNc1nc(C)nc2c1nc(-c1ccccc1)n2CC1CCCN1CC,5.4
CCCCNc1nc(C)nc2c1nc(-c1ccccc1)n2CC1CCN(C)CC1,4.8
CCCCNc1nc(C)nc2c1nc(-c1ccccc1)n2CCCCN(CC)CC,4.9
CCCCNc1nc(C)nc2c1nc(-c1ccccc1)n2CCCN(C)C,4.8
CCCCNc1nc(C)nc2c1nc(-c1ccccc1)n2CCCN(CC)CC,4.6
CCCCNc1nc(C)nc2c1nc(-c1ccccc1)n2CCCN1CCCCC1C,5.2
CCCCNc1nc(C)nc2c1nc(-c1ccccc1)n2CCN(C)C,4.8
CCCCNc1nc(C)nc2c1nc(-c1ccccc1)n2CCN1CCCC1,4.9
CCCCNc1nc(C)nc2c1nc(-c1ccccc1)n2CCN1CCCCC1,5.5
CCCCNc1nc(C)nc2c1nc(C)n2CCC,4.5
CCCCNc1nc(N)nc2c(C)nn(Cc3ncc(C4CCNCC4)cc3OC)c12,6.0
CCCCNc1nc(N)nc2c(C3CC3)nn(Cc3ncc(C4CCNCC4)cc3OC)c12,5.0
CCCCNc1nc(N)nc2cccc(C(=O)N(C)Cc3ccccc3)c12,5.07
CCCCNc1nc(N)nc2cccc(OCc3cccnc3)c12,5.17
CCCCNc1nc(N)nc2cccc(OCc3nccc(OC)c3OC)c12,5.0
CCCCNc1nc(N)nc2cnn(Cc3ccc(CNC4CCC4)cc3OC)c12,5.135
CCCCNc1nc(SC)nc2[nH]cnc12,5.5
CCCCNc1nccc2[nH]c3ccccc3c12,7.0
CCCCO/C(O)=C1\C(C)=Nc2ncnn2C1c1cc(OC)ccc1OC,5.15
CCCCO/C(O)=C1\C(C)=Nc2nnnn2C1c1ccc(OC)c(OC)c1OC,4.75
CCCCOC(=O)CSc1nnc(-c2cc(OC)c(OC)c(OC)c2)o1,4.6
CCCCOC(=O)NS(=O)(=O)c1sc(CC(C)C)cc1-c1ccc(Cn2c(CC)nc3c(C)cc(C)nc32)cc1,5.5
CCCCOC(=O)c1cc2c3ccccc3nc-2c[nH]1,4.6
CCCCOC(=O)c1ccc(N)cc1,5.0
CCCCOC(=O)c1ccccc1C(=O)OCc1ccccc1,5.0
CCCCOC(OCCCC)[C@H](O)CSc1ccc2ccccc2c1,5.3
CCCCOCCOCCOCc1cc2c(cc1CCC)OCO2,5.91
CCCCOCCOP(=O)(OCCOCCCC)OCCOCCCC,4.6
CCCCOP(=O)(OCCCC)OCCCC,4.8
CCCCOc1cc(C[C@@H]2CNC(=O)N2)ccc1OC,4.8
CCCCOc1ccc(-c2[nH]ncc2C)cc1,4.57
CCCCOc1ccc(-c2c[nH]cn2)cc1,6.05
CCCCOc1ccc(-c2cc[nH]c2)cc1,5.12
CCCCOc1ccc(-c2cc[nH]n2)cc1,4.15
CCCCOc1ccc(-c2cccnc2)cc1,4.53
CCCCOc1ccc(-c2ccncc2)cc1,4.29
CCCCOc1ccc(-c2ccnn2C)cc1,4.03
CCCCOc1ccc(-c2ccns2)cc1,4.64
CCCCOc1ccc(-c2cnco2)cc1,4.24
CCCCOc1ccc(-c2ncc[nH]2)cc1,4.35
CCCCOc1ccc(-n2ccnc2)cc1,6.46
CCCCOc1ccc(-n2ccnc2C)cc1,4.29
CCCCOc1ccc(-n2cnc(C)c2)cc1,5.04
CCCCOc1ccc(-n2cncc2C)cc1,6.94
CCCCOc1ccc(/C=C/C(=O)NCCc2nc3ccccc3[nH]2)cc1,4.9
CCCCOc1ccc(C(=O)CCN2CCCCC2)cc1.Cl,4.5
CCCCOc1ccc(C(=O)N/C(=C\c2ccc(OC)cc2)C(=O)OCc2ccco2)cc1,5.4
CCCCOc1ccc(C(=O)N/C(=C\c2cccc([N+](=O)[O-])c2)C(=O)OCCC)cc1,6.0
CCCCOc1ccc(CNn2c(C)nc3ccccc3c2=O)cc1,5.8
CCCCOc1ccc(S(=O)(=O)Nc2cccnc2)cc1,5.6
CCCCOc1ccc2nnc(Sc3ccc4nc(NC(=O)NCCN5CCOCC5)sc4c3)n2n1,5.06
CCCCOc1ccccc1C1CC(=O)NC2=C1C(=O)CCC2,4.8
CCCCOc1nc(N)c2cnn(Cc3ccc(CN4CCC4)cc3)c2n1,4.859999999999999
CCCCOc1nc(N)c2cnn(Cc3ccc(CN4CCCC4)cc3)c2n1,5.125
CCCCOc1nc(N)c2cnn(Cc3ccc(CN4CCCCC4)cc3)c2n1,5.34
CCCCOc1nc(N)c2cnn(Cc3cccc(CN4CCCC4)c3)c2n1,5.09
CCCCOc1nc(N)c2cnn(Cc3cccc(CN4CCCCC4)c3)c2n1,5.26
CCCCS(=N)(=O)CCC(N)C(=O)O,4.7
CCCCS(=O)(=O)Nc1cccc(CC(=O)Nc2nc(-c3c[nH]c4ncccc34)cs2)c1,5.43
CCCCSc1nc(C)cc(C)c1S(=O)(=O)c1ccccc1C,4.55
CCCCSc1nc(C)cc(N=C(S)Nc2ccc(OC)cc2)n1,5.15
CCCCSc1nc2cc(OC)ccc2[nH]1,4.3
CCCC[C@@H]1CN2[C@H](c3ccc(Br)cc3)[C@@H](C)CC[C@H]2C(=O)O1,5.3
CCCC[C@@H]1CN2[C@H](c3ccc(Br)cc3)[C@H](C)CC[C@H]2C(=O)O1,5.4
CCCC[C@@H]1C[C@H]1C(NC(=O)Cc1ccccc1)c1ccc(-c2ccccc2)cc1,4.9
CCCC[C@@H]1C[C@H]1C(NC(=O)Cc1ccccc1)c1ccc(Cl)cc1,5.6
CCCC[C@@H]1C[C@H]1C(NC(=O)c1ccc(C(F)(F)F)cc1)c1ccc(C(=O)OC)cc1,5.3
CCCC[C@@H]1C[C@H]1C(NC(=O)c1ccccc1)c1ccc(-c2ccccc2)cc1,5.1
CCCC[C@@H]1C[C@H]1C(NC(=O)c1ccccc1)c1ccc(C(=O)OC)cc1,5.0
CCCC[C@@H]1C[C@H]1C(NC(=O)c1ccccc1)c1ccc(C(F)(F)F)cc1,5.1
CCCC[C@@H]1C[C@H]1C(NC(=O)c1ccccc1)c1ccc(Cl)cc1,5.4
CCCC[C@@H]1C[C@H]1C(NC(=O)c1ccccc1)c1ccccc1,4.9
CCCC[C@@H]1C[C@H]1C(NC(=O)c1ccccc1)c1ccccc1C(F)(F)F,5.5
CCCC[C@@H]1C[C@H]1C(NC(=O)c1cccnc1)c1ccc(-c2ccccc2)cc1,6.1
CCCC[C@@H]1C[C@H]1C(NC(=O)c1cccnc1)c1ccc(Cl)cc1,7.1
CCCC[C@@H]1C[C@H]1C(NC(=O)c1ccco1)c1ccc(-c2ccccc2)cc1,4.8
CCCC[C@@H]1C[C@H]1C(NC(=O)c1ccco1)c1ccc(C(=O)OC)cc1,4.8
CCCC[C@@H]1C[C@H]1C(NC(=O)c1ccco1)c1ccc(Cl)cc1,5.1
CCCC[C@@H]1C[C@H]1C(NC(=O)c1ccco1)c1ccccc1,4.7
CCCC[C@@H]1C[C@H]1C(NC(=O)c1ccco1)c1ccccc1C(F)(F)F,4.9
CCCC[C@@H]1C[C@H]1C(NC(=O)c1cccs1)c1ccc(-c2ccccc2)cc1,5.2
CCCC[C@@H]1C[C@H]1C(NC(=O)c1cccs1)c1ccc(C(F)(F)F)cc1,5.5
CCCC[C@@H]1C[C@H]1C(NC(=O)c1cccs1)c1ccc(Cl)cc1,5.3
CCCC[C@@H]1C[C@H]1C(NC(=O)c1cccs1)c1ccccc1C(F)(F)F,5.5
CCCC[C@@H]1C[C@H]1C(NS(=O)(=O)c1cccc2cccnc12)c1ccc(-c2ccccc2)cc1,5.0
CCCC[C@@H]1C[C@H]1[C@@H](NP(=O)(c1ccccc1)c1ccccc1)c1ccccc1OC,5.4
CCCC[C@H]1C(=O)N(c2ccccc2)N(c2ccc(O)cc2)C1=O,5.0
CCCC[C@H]1C[C@@H]1[C@@H]1N(C(C)=O)[C@H](c2cccc(OC)c2)CC12CC2,4.9
CCCC[C@H]1C[C@@H]1[C@@H]1N(P(=O)(c2ccccc2)c2ccccc2)C[C@@](O)(c2ccccc2)CC12CC2,5.7
CCCC[C@H]1C[C@@H]1[C@@H]1N(P(=O)(c2ccccc2)c2ccccc2)[C@](CO)(c2ccccc2)CC12CC2,5.7
CCCC[C@]1(C2CCCC2)Cc2cc(OCC(=O)O)c(Cl)c(Cl)c2C1=O,5.0
CCCC[P+](CCCC)(CCCC)Cc1ccc(NC(=O)[C@@H](Cc2ccc3ccccc3c2)N/C(=N\C2CCCCC2)NC2CCCCC2)cc1.Cl.[Cl-],4.6
CCCCc1[nH]nc2c1/C(=N/O)CC(c1ccccc1)C2,4.9
CCCCc1c(O)cc(-c2cccnc2)n(-c2ccc(Cl)cc2)c1=O,5.2
CCCCc1c2ccccc2nc2[nH]c3ccccc3c12,4.8
CCCCc1cc(OC2CCN(CCCCNS(=O)(=O)CC)CC2)c2ncccc2c1.Cl.Cl,5.4
CCCCc1ccc(-c2csc(/C(C#N)=C/c3ccc(C)o3)n2)cc1,4.9
CCCCc1ccc(-c2nc(NC(=O)C3C4CCC(O4)C3C(=O)O)sc2C)cc1,4.85
CCCCc1ccc(/N=C/NO)c(C)c1,4.18
CCCCc1ccc(C(=O)O)nc1,4.6
CCCCc1ccc(C)c(N/C=N/O)c1,4.03
CCCCc1ccc(N/C=N/O)cc1,4.19
CCCCc1ccc(S(=O)(=O)Nc2ccc3c(c2)CCN(C)CC3)cc1,4.92
CCCCc1ccc(S(=O)(=O)Nc2ccc3c(c2)CCN(Cc2cc[nH]n2)CC3)cc1,5.91
CCCCc1cccc([C@]2([C@H](Oc3nc(C)cc(C)n3)C(=O)O)NCC(=O)N(Cc3c(F)cc(F)cc3F)c3ccccc32)c1,5.3
CCCCc1ccccc1/N=C/NO,4.29
CCCCc1nc(Cl)c(CO)n1Cc1ccc(-c2ccccc2-c2nnn[nH]2)cc1,4.7
CCCCc1nc2c(c3c1CC(C)OC3)CN(CCC(C)C)CC2,5.4
CCCCc1nc2c(c3c1CC(C)OC3)CN(CCOc1ccccc1)CC2,5.5
CCCCc1nc2cc(/C=C/C(=O)NO)ccc2n1CCN(CC)CC.Cl.Cl,5.56
CCCCc1nc2ccccc2c(=O)n1-c1ccccc1[N+](=O)[O-],4.8
CCCCc1oc2ccccc2c1C(=O)c1cc(I)c(OCCN(CC)CC)c(I)c1,5.2
CCCCc1oc2ccccc2c1C(=O)c1cc(I)c(OCCN(CC)CC)c(I)c1.Cl,4.5
CCCCn1c(=O)c2c(nc3n2CCCN3CCc2ccc(OCC(=O)NCCCN(CC)CC)cc2)n(CCCC)c1=O,6.64
CCCCn1c(NCc2ccccc2NS(=O)(=O)c2ccc(C)cc2)nc2ccccc21,5.45
CCCCn1c(SC(C)C(=O)c2ccc(OC)cc2)nc2cc(S(N)(=O)=O)ccc21,5.65
CCCCn1c(SCC(=O)N2CCCC2)nc2c1c(=O)n(C)c(=O)n2C,4.75
CCCCn1c(SCC(=O)Nc2nccs2)nc2ccccc2c1=O,5.5
CCCCn1c(SCC(N)=O)nc2ccc(N3CCOCC3)cc2c1=O,5.0
CCCCn1c(SCc2c(C)noc2C)nc2cc(S(N)(=O)=O)ccc21,6.15
CCCCn1ccnc1C(=O)c1ccc(S(=O)(=O)N(CCOC)CCOC)cc1,4.9
CCCCn1nc2cc(C(=O)NC3CCCc4ccccc43)ccc2c1OCC,4.45
CCCCn1nc2cc(C(=O)NCCCCc3ccccc3)ccc2c1OCC,5.2
CCCCn1nc2cc(C(=O)NCc3ccc(C(F)(F)F)cc3C(F)(F)F)ccc2c1OCC,4.9
CCCCn1nc2cc(C(=O)NCc3ccc(OC(F)(F)F)cc3)ccc2c1OCC,4.5
CCCCn1nnnc1SCC(=O)c1cc(Cl)ccc1OC,4.85
CCCN(/C=N/c1sc2c(c1C#N)CCCCC2)CCC,5.1
CCCN(C(=O)Cc1n[nH]c(N)n1)C1(C(=O)Nc2ccccc2C)CCCCC1,5.95
CCCN(C)C(=O)CN1Cc2nc(C)c(CN)c(-c3ccc(Cl)cc3Cl)c2C1=O,5.26
CCCN(C)CCC1=C(Cc2cnccn2)c2ccccc2C1,5.39
CCCN(C/C=C\I)[C@@H]1CCc2cccc(O)c2C1,4.6
CCCN(CC)C(=O)/C=C/C=C/c1ccc2c(c1)OCO2,5.0
CCCN(CC1CC1)c1nc(C)nc(Nc2c(Cl)cc(Cl)cc2Cl)c1Cl,4.9
CCCN(CCC)C(=O)CSc1nc2ccccc2c(=O)n1CC1COc2ccccc2O1,5.15
CCCN(CCC)C(=O)Cc1c(-c2ccc(Cl)cc2)nc2c(Cl)cc(Cl)cn12,6.1
CCCN(CCC)C(=S)NC(=O)c1ccc(Cl)cc1Cl,4.85
CCCN(CCC)CCCNC(=O)C[S+]([O-])Cc1nc(-c2ccc(OC)c(OC)c2)oc1C,5.1
CCCN(CCC)CCCNC(=O)c1cc2cc3ccc(OC)cc3nc2o1,4.8
CCCN(CCC)CCc1ccc(O)c(O)c1,4.4
CCCN(CCC)CCc1cccc2c1CC(=O)N2,6.5
CCCN(CCC)C[C@@H]1CCCCN1CCNC(=O)N1c2ccccc2C(=O)Nc2cccnc21,4.8
CCCN(CCC)c1c([N+](=O)[O-])cc(C(F)(F)F)cc1[N+](=O)[O-],4.8
CCCN(CCc1ccccc1)[C@H]1CCc2c(O)cccc2C1,4.9
CCCN(c1nc(C)cc(OC)n1)S(=O)(=O)c1ccccc1,4.8
CCCN1C(=O)/C(=C/c2ccc(C)o2)S/C1=N/c1ccc(OC)cc1,5.5
CCCN1C(=O)/C(=C/c2ccc(C)s2)S/C1=N/c1ccc(OC)cc1,4.85
CCCN1C(=O)C(Cc2nc3ccccc3c(=O)n2C)c2ccccc21,5.1
CCCN1C(=O)C(NC(C)=O)c2cc(OC)ccc21,4.65
CCCN1C2=NCCCN2c2ccccc21.Cl,4.45
CCCN1CC(CSC)C[C@H]2c3cccc4[nH]cc(c34)C[C@H]21.CS(=O)(=O)O,4.9
CCCN1CC=C2C(C#N)=C(N)C(C#N)(C#N)C(c3cc(OC)ccc3OC)C2C1,5.7
CCCN1CCN(C(=O)CN2C(=O)CC(C)(C)S(=O)(=O)c3ccccc32)CC1,4.9
CCCN1CCOC2c3cc(O)ccc3OCC21,5.0
CCCN1CCO[C@@H]2c3cc(O)ccc3OC[C@H]21,4.9
CCCN1CCc2cccc3c2[C@@H]1Cc1ccc(O)c(O)c1-3,4.9
CCCN1CN=C(S)N(c2cccc(C)c2C)C1,4.8
CCCN1C[C@@H](CSC)C[C@H]2c3cccc4[nH]cc(c34)C[C@@H]21.CS(=O)(=O)O,4.9
CCCN1C[C@H](C)N([C@H](c2ccc(C(=O)N(CC)CC)cc2)c2cccc(OC)c2)C[C@H]1C,5.5
CCCN1C[C@H](CSC)C[C@@H]2c3cccc4[nH]cc(c34)C[C@H]21,4.9
CCCN1C[C@H](CSC)C[C@H]2c3cccc4[nH]cc(c34)C[C@@H]21.CS(=O)(=O)O,5.3
CCCN1[C@@H]2C[C@@H](O)CC[C@@H]2C[C@H]1C(=O)OC,4.6
CCCN1[C@H](C(=O)OC)C[C@@H]2CC[C@@H](O)C[C@@H]21,4.8
CCCNC(=O)CC(NS(=O)(=O)c1ccc(Cl)cc1)c1ccco1,4.65
CCCNC(=O)CSc1nc(-c2cccs2)cc(C(F)(F)F)n1,5.15
CCCNC(=O)Cn1cnc2sc(C(=O)Nc3ccc4c(c3)OCO4)c(C)c2c1=O,5.85
CCCNC(=O)N1N=C(c2ccc(N)cc2)c2cc3c(cc2[C@H]1C)OCO3,5.9
CCCNC(=O)NS(=O)(=O)c1ccc(Cl)cc1,4.8
CCCNC(=O)OC[C@@H]1O[C@H](CCO/N=C(\C)CCC(=O)OC[C@@H]2O[C@H](C#Cc3ccccc3)C=C[C@@H]2Oc2ccc(C)cc2)C=C[C@@H]1Oc1ccc(OC)cc1,5.4
CCCNC(=O)OC[C@@H]1O[C@H](CCO/N=C(\C)CCC(=O)OC[C@@H]2O[C@H](c3ccccc3)C=C[C@@H]2Oc2ccc(OC)cc2)C=C[C@@H]1Oc1ccc(OC)cc1,5.3
CCCNC(=O)OC[C@@H]1O[C@H](CCO/N=C(\C)CCN2CCCCc3nc(C)c(C)cc32)C=C[C@@H]1Oc1ccc(OC)cc1,5.5
CCCNC(=O)OC[C@@H]1O[C@H](CCO/N=C(\C)CCN2CCCc3nc(C)c(C)cc32)C=C[C@@H]1Oc1ccc(OC)cc1,5.4
CCCNC(=O)OC[C@@H]1O[C@H](CCO/N=C(\C)CCN2CCc3nc(-c4ccccc4)c(-c4ccccc4)cc3C2)C=C[C@@H]1Oc1ccc(OC)cc1,5.5
CCCNC(=O)OC[C@@H]1O[C@H](CCO/N=C(\C)CCN2CCc3nc(CC)c(CC)cc3C2)C=C[C@@H]1Oc1ccc(OC)cc1,5.4
CCCNC(=O)OC[C@@H]1O[C@H](CCO/N=C2\c3cc(OC)ccc3O[C@H](c3cccc(OC)c3)[C@H]2O)C=C[C@@H]1Oc1ccc(OC)cc1,5.3
CCCNC(=O)OC[C@@H]1O[C@H](CCO/N=C\C[C@H]2C=C[C@H](OC(C)=O)[C@@H](COC(C)=O)O2)C=C[C@@H]1Oc1ccc(OC)cc1,5.4
CCCNC(=O)OC[C@@H]1O[C@H](CCO/N=C\[C@@H](C)[C@H](OCc2ccccc2)C(C)C)C=C[C@@H]1Oc1ccc(OC)cc1,5.4
CCCNC(=O)OC[C@@H]1O[C@H](CCO/N=C\[C@@H](OC)[C@H](C)/C=C\CC(=O)OC)C=C[C@@H]1Oc1ccc(OC)cc1,5.5
CCCNC(=O)OC[C@@H]1O[C@H](CCO/N=C\c2ccc(C(=O)N3[C@H](c4ccc(C)cc4)[C@@H](C)CC[C@H]3C(=O)OC)cc2)C=C[C@@H]1Oc1ccc(OC)cc1,5.5
CCCNC(=O)OC[C@@H]1O[C@H](CCON=C(C)C)C=C[C@@H]1Oc1ccc(OC)cc1,5.4
CCCNC(=O)OC[C@@H]1O[C@H](c2ccccc2)C=C[C@@H]1Oc1ccc(OC)cc1,5.4
CCCNC(=O)OC[C@H]1O[C@@H](CCO/N=C2/C[C@@H](O)[C@@H](O)[C@@H]3[C@@H]4C(=O)N(CC)C(=O)[C@H]4CC[C@@H]23)C=C[C@@H]1Oc1ccc(OC)cc1,5.5
CCCNC(=O)OC[C@H]1O[C@@H](CCO/N=C2/[C@H]3O[C@@H]3[C@@H](O)[C@H]3[C@H]2CCn2c(=O)n(-c4ccccc4)c(=O)n23)C=C[C@@H]1Oc1ccc(OC)cc1,5.5
CCCNC(=O)OC[C@H]1O[C@@H](CCO/N=C\[C@@H](NS(=O)(=O)c2ccc(C)cc2)[C@H](C)/C=C\CC(=O)OC)C=C[C@@H]1Oc1ccc(OC)cc1,5.5
CCCNC(=O)c1ccc2cc(C(O)(c3c[nH]cn3)C(C)C)ccc2c1,5.47
CCCNC(=O)c1cn2ncnc(Nc3cc(C(=O)NC4CC4)ccc3C)c2c1C,4.75
CCCNCC(O)COc1ccccc1C(=O)CCc1ccccc1.Cl,5.3
CCCNC[C@H](O)COc1ccccc1C(=O)CCc1ccccc1,5.3
CCCNS(=O)(=O)c1cccc(CC(=O)Nc2nc(-c3c[nH]c4ncccc34)cs2)c1,5.24
CCCN[C@@H](C)C(=O)Nc1c(C)csc1C(=O)OC,5.0
CCCNc1c(F)c(F)c2c(C)c3ccccc3nc2c1F,5.2
CCCNc1nnc(-c2cn3ncnc(Nc4cc(C(=O)NC5CC5)c(F)cc4F)c3c2C(C)C)o1,6.4
CCCOC(=O)c1c(-c2ccccc2)nc(CC)c(C(=O)SCC)c1CCC,5.0
CCCOC(=O)c1c(NC(=O)/C=C/c2cnn(C)c2C)sc(C(=O)OCC)c1C,4.8
CCCOc1ccc(-c2nc(C#N)c(NCCCn3ccnc3)o2)cc1,6.35
CCCOc1ccc(/C=C/C(=O)Nc2ccc([N+](=O)[O-])cc2C)cc1OC,5.55
CCCOc1ccc(Br)cc1-c1cc(-c2ccc(Cl)cc2)[nH]c1-c1ccncc1,5.9
CCCOc1ccc(C(=O)NNC(=S)NC(=O)c2cc(-c3ccccc3)nc3ccccc23)cc1,5.05
CCCOc1ccc(C(=O)OCCN(CC)CC)cc1N,5.9
CCCOc1ccc(C2C(=O)N(C3CCCCC3)CC(=O)N2C2CC2)cc1OC,4.75
CCCOc1ccc(Cn2c(C)nc([N+](=O)[O-])c2SCC(O)COC)cc1[N+](=O)[O-],4.85
CCCOc1ccc2[nH]cc(C3=CCNCC3)c2n1,5.6
CCCOc1ccc2oc(=O)c3c(c2c1)CCCN3C(=O)CN1CCCC(C(=O)OCC)C1,5.05
CCCOc1cccc(-c2cc(-c3nnc(S)n3CC)c3ccccc3n2)c1,5.0
CCCOc1cccc(CNC(=O)c2ccc(-c3ccncc3)cc2)c1,7.1
CCCOc1ccccc1C1CC(=O)NC(C)=C1C(=O)OCC(C)C,4.55
CCCOc1nc(N2C[C@H]3C(=O)N(C)C(=N)N[C@@]3(c3cc(-c4cccc(C#N)c4)cs3)C2)ncc1F,5.92
CCCOc1sc(C(=O)N2CCC(c3cccc(CN)c3)CC2)c(C)c1Br,5.33
CCCOc1sc(C(=O)N2[C@H]3CC[C@H]2CC(c2cc(CN)ccc2F)C3)c(C)c1Br,5.28
CCCS(=O)(=O)N1CCCC(C(=O)N2CCN(c3ccccc3)CC2)C1,4.85
CCCS(=O)(=O)NCCOc1ccc2c(c1)C(C1(c3ccc(Cl)cc3)CCC1)NCC2,6.21
CCCS(=O)(=O)Nc1ccc(F)c(C(=O)c2c[nH]c3ncc(-c4ccc(C#CCN(CC)CC)nc4)cc23)c1F,5.3
CCCS(=O)(=O)Nc1ccc(F)c(C(=O)c2c[nH]c3ncc(-c4ccc(NC(C)=O)nc4)cc23)c1F,5.3
CCCS(=O)(=O)Nc1ccc(F)c(C(=O)c2c[nH]c3ncc(-c4ccc(OCCCN5CCOCC5)nc4)cc23)c1F,5.3
CCCS(=O)(=O)Nc1ccc(F)c(C(=O)c2c[nH]c3ncc(-c4ccc(S(=O)(=O)NC)cc4)cc23)c1F,5.3
CCCS(=O)(=O)Nc1ccc(F)c(C(=O)c2c[nH]c3ncc(-c4ccc(S(=O)(=O)NC5CC5)cc4)cc23)c1F,5.3
CCCS(=O)(=O)Nc1ccc(F)c(C(=O)c2c[nH]c3ncc(-c4cnc(N5CCCC5)nc4)cc23)c1F,5.3
CCCS(=O)(=O)Nc1ccc(F)c(C(=O)c2c[nH]c3ncc(-c4cncnc4)cc23)c1F,5.3
CCCS(=O)(=O)Nc1ccc(F)c(C(=O)c2c[nH]c3ncc(C#CCOC)cc23)c1F,5.3
CCCS(=O)(=O)Nc1ccc(F)c(C(=O)c2c[nH]c3ncnc(Nc4cccnc4)c23)c1F,5.12
CCCS(=O)(=O)Nc1ccc(F)c(C=O)c1F,5.12
CCCS(=O)(=O)Nc1cccc(CC(=O)Nc2nc(-c3c[nH]c4ncccc34)cs2)c1,5.44
CCCS(=O)(=O)c1ccc2[nH]c(-c3ccc(-c4ccccc4)cc3)nc2c1,5.54
CCCS(=O)(=O)c1ccc2[nH]c(-c3cccc(-c4ccccc4)c3)nc2c1,5.22
CCCS(=O)(=O)c1ccc2[nH]c(-c3cccc(C(F)(F)F)c3)nc2c1,4.7
CCCS(=O)(=O)c1ccc2[nH]c(-c3cccc(OC(F)(F)F)c3)nc2c1,5.0
CCCS(=O)(=O)c1ccc2[nH]c(-c3ccccc3-c3ccccc3)nc2c1,4.96
CCCSC1=C(C#N)C(c2cccnc2)C(C(=O)OCC)=C(c2ccccc2)N1,4.95
CCCSc1nc(NCc2ccco2)c2c3c(sc2n1)COC(C)(C)C3,4.8
CCCSc1nc(SCC(=O)NCc2ccccc2)c2c3c(sc2n1)COC(C)(C)C3,4.85
CCCSc1nc(SCC(=O)NCc2ccccc2)c2c3c(sc2n1)COC(C)(CC)C3,5.15
CCCSc1nc2cc(OC)ccc2[nH]1,4.57
CCCSc1nnc2n(N)c(=O)c3ccccc3n12,4.55
CCC[C@@H](C(=O)Nc1ccc(C(N)=O)c(F)c1)n1cc(OC)c(-c2cc(Cl)ccc2-n2cc(C(F)(F)F)nn2)cc1=O,5.41
CCC[C@@H](C(=O)Nc1ccc(C(N)=O)c(F)c1)n1cc(OC)c(-c2cc(Cl)ccc2-n2cc(C(F)F)nn2)cc1=O,5.225
CCC[C@@H](C(=O)Nc1ccc(C(N)=O)c(F)c1)n1cc(OC)c(-c2cc(Cl)ccc2-n2cc(Cl)nn2)cc1=O,5.4399999999999995
CCC[C@@H](CC[C@H](Cc1ccccc1)NC(=O)OCc1cncs1)NC(=O)[C@@H](NC(=O)N(C)Cc1csc(C(C)C)n1)C(C)C,6.89
CCC[C@@H](CC[C@H](Cc1ccccc1)NC(=O)[C@@H](NC(=O)N(C)Cc1csc(C(C)C)n1)C(C)C)NC(=O)OCc1cncs1,6.89
CCC[C@@H]1C[C@@]1(CCC)C(NC(=O)OCc1ccccc1)c1ccc(-c2ccccc2)cc1,5.4
CCC[C@@H]1C[C@@]1(CCC)C(NC(=O)c1ccccc1)c1cccc(Cl)c1,5.4
CCC[C@@H]1C[C@@]1(CCC)C(NC(=O)c1ccco1)c1ccc(Cl)cc1,4.9
CCC[C@@H]1C[C@@]1(CCC)C(NC(=O)c1cccs1)c1ccc(Cl)cc1,5.2
CCC[C@@H]1C[C@@]1(CCC)C(NP(=O)(c1ccccc1)c1ccccc1)c1ccc(Cl)cc1,5.5
CCC[C@@H]1C[C@@]1(CCC)C(NS(=O)(=O)c1cccc2cccnc12)c1ccc(Cl)cc1,6.1
CCC[C@@H]1C[C@@]1(CCC)[C@@H](NC(=O)Oc1ccccc1)c1ccc(C(=O)OC)cc1,4.8
CCC[C@@H]1C[C@@]1(CCC)[C@@H](NC(=O)c1ccccc1)c1ccc(C(=O)OC)cc1,5.2
CCC[C@@H]1C[C@@]1(CCC)[C@@H](NP(=O)(c1ccccc1)c1ccccc1)c1ccc(C(=O)OC)cc1,5.5
CCC[C@@H]1O[C@@H]2C[C@@H]3[C@H]4CCC5=CC(=O)C=C[C@@]5(C)[C@H]4[C@H](O)C[C@@]3(C)[C@@]2(C(=O)CO)O1,5.3
CCC[C@H]1N(C(=O)c2c(C(F)(F)F)ccc[n+]2[O-])CCC[C@@]1(Oc1csc(C(F)(F)F)c1)C(=O)N1CCN(c2ccccc2OCCO)CC1,5.01
CCC[C@H]1N(C(=O)c2c(C(F)(F)F)ccnc2O)CCC[C@@]1(Oc1csc(C(F)(F)F)c1)C(=O)N1CCN(c2ccccc2OC)CC1,4.87
CCC[C@H]1N(C(=O)c2c(C(F)(F)F)ccnc2O)CCC[C@@]1(Oc1csc(C(F)(F)F)c1)C(=O)N1CCN(c2ccccc2OCCCC(=O)O)CC1,4.3
CCC[C@H]1N(C(=O)c2c(C(F)(F)F)ccnc2O)CCC[C@@]1(Oc1csc(C(F)(F)F)c1)C(=O)N1CCN(c2ccccc2OCCO)CC1,4.52
CCC[C@H]1N(C(=O)c2c(C(F)(F)F)ccnc2OCC(=O)O)CCC[C@@]1(Oc1csc(C(F)(F)F)c1)C(=O)N1CCN(c2ccccc2OCCO)CC1,5.03
CCC[C@H]1N(C(=O)c2c(C(F)(F)F)ccnc2OCCN(C)C)CCC[C@@]1(Oc1csc(C(F)(F)F)c1)C(=O)N1CCN(c2ccccc2OCCO)CC1,5.2
CCC[C@H]1N(C(=O)c2c(C(F)(F)F)ccnc2OCCO)CCC[C@@]1(Oc1csc(C(F)(F)F)c1)C(=O)N1CCN(c2ccccc2OCCO)CC1,5.0600000000000005
CCC[C@H]1N(C(=O)c2c(F)cccc2C(F)(F)F)CCC[C@@]1(Oc1csc(C(F)(F)F)c1)C(=O)N1CCN(c2ccccc2OCCO)CC1,5.35
CCC[C@H]1N(C(=O)c2cc(F)ccc2C(F)(F)F)CCC[C@@]1(Oc1csc(C(F)(F)F)c1)C(=O)N1CCN(c2ccccc2OCCO)CC1,5.26
CCC[C@H]1N(C(=O)c2cnccc2C(F)(F)F)CCC[C@@]1(Oc1csc(C(F)(F)F)c1)C(=O)N1CCN(c2ccccc2OC)CC1,5.76
CCC[C@H]1N(C(=O)c2cnccc2C(F)(F)F)CCC[C@@]1(Oc1csc(C(F)(F)F)c1)C(=O)N1CCN(c2ccccc2OCCCC(=O)O)CC1,5.375
CCC[C@H]1N(C(=O)c2cnccc2C)CCC[C@@]1(Oc1csc(C(F)(F)F)c1)C(=O)N1CCN(c2ccccc2OCCO)CC1,5.54
CCC[C@H]1N(C(=O)c2ncccc2C(F)(F)F)CCC[C@@]1(Oc1csc(C(F)(F)F)c1)C(=O)N1CCN(c2ccccc2OCCO)CC1,5.58
CCCc1[nH]cnc1CNc1cc(Cl)c2ncc(C#N)c(Nc3ccc(F)c(Cl)c3)c2c1,4.8
CCCc1c(-c2ccc(O)cc2)nn(-c2ccc(O)cc2)c1-c1ccc(O)cc1,5.6
CCCc1c(O)c2ccccc2n(-c2ccccc2)c1=O,4.65
CCCc1c(OCCCCc2nnn[nH]2)ccc(C(C)=O)c1O,5.6
CCCc1cc(=O)oc2cc(OCC(=O)N3CCc4ccccc43)ccc12,5.05
CCCc1cc(=O)oc2cc(OCc3cc(OC)c(OC)c(OC)c3)c(Cl)cc12,5.45
CCCc1cc(C(=O)Cc2nc3ccccc3s2)c(O)cc1O,4.9
CCCc1cc(C(N)=S)ccn1,4.4
CCCc1cc(O)nc(SCc2cc(Cl)ccc2OC(F)F)n1,5.95
CCCc1cc(OC)c2c(c1)OCO2,5.1
CCCc1cc2c(cc1NC(=O)c1ccc(Br)cc1)OCO2,5.95
CCCc1cc2c(cc1NC(=O)c1ccccc1C)OCO2,5.6
CCCc1cc2c(cc1NC(=O)c1ccccc1Cl)OCO2,5.65
CCCc1cc2c(n1CCO)C(C)C1CN(C(=O)c3ccccc3)C(C)(C(=O)OC)C21,5.0
CCCc1cc2c(n1CCc1ccc(Cl)cc1)C(C)C1CN(C(=O)c3ccccc3)C(C)(C(=O)OC)C21,5.3
CCCc1cc2c(n1Cc1cc(F)cc(F)c1)C(C)C1CN(C(=O)c3ccccc3)C(C)(C(=O)OC)C21,5.5
CCCc1cc2c(n1Cc1ccc(C)cc1)C(C)C1CN(C(=O)c3ccccc3)C(C)(C(=O)OC)C21,5.5
CCCc1cc2c(n1Cc1ccc(OC)cc1)C(C)C1CN(C(=O)c3ccccc3)C(C)(C(=O)OC)C21,5.5
CCCc1cc2c(n1Cc1cccc(Cl)c1)C(C)C1CN(C(=O)c3ccccc3)C(C)(C(=O)OC)C21,5.3
CCCc1cc2c(n1Cc1ccco1)C(C)C1CN(C(=O)c3ccccc3)C(C)(C(=O)OC)C21,4.8
CCCc1ccc(-c2cc(C(=O)NN3CCOCC3)c3ccccc3n2)cc1,4.9
CCCc1ccc(C(=O)CCCN2CCC(C(O)(c3ccccc3)c3ccccc3)CC2)cc1,5.1
CCCc1ccc(C2C3=C(CC(C)(C)CC3=O)N=C3C2=C(O)c2ccccc23)cc1,5.55
CCCc1ccc(S(=O)(=O)Nc2ccc(F)c(C(=O)c3c[nH]c4ncnc(C)c34)c2F)cc1,5.12
CCCc1ccc(S(=O)(=O)Nc2ccc(F)c(C(=O)c3c[nH]c4ncnc(Cl)c34)c2F)cc1,5.12
CCCc1ccc(S(=O)(=O)Nc2ccc(F)c(C(=O)c3c[nH]c4ncnc(NC(C)C)c34)c2F)cc1,5.12
CCCc1ccc(S(=O)(=O)Nc2ccc(F)c(C(=O)c3c[nH]c4ncnc(NC5CC5)c34)c2F)cc1,5.12
CCCc1ccc(S(=O)(=O)Nc2ccc(F)c(C(=O)c3c[nH]c4ncnc(OC)c34)c2F)cc1,5.12
CCCc1ccc(S(=O)(=O)Nc2ccc(F)c(C(=O)c3c[nH]c4ncnc(OCC)c34)c2F)cc1,5.12
CCCc1ccncc1-c1ccc(CN)o1.Cl.Cl,5.31
CCCc1ccncc1-c1ccc(CN)s1.Cl.Cl,5.37
CCCc1cn(CC(=O)N(CCN(CC)CC)Cc2ccc(-c3ccc(C(F)(F)F)cc3)cc2)c(SCc2ccc(F)cc2)nc1=O,5.3
CCCc1n[nH]c2c1C(c1ccc(OC)c(CSc3ccccn3)c1)C(C#N)=C(N)O2.CCO,5.8
CCCc1n[nH]c2c1C(c1ccncc1)C(C#N)=C(N)O2,4.4
CCCc1nc(C(C)(C)O)c(C(=O)OCc2oc(=O)oc2C)n1Cc1ccc(-c2ccccc2-c2nnn[nH]2)cc1,4.6
CCCc1nc(SCC(=O)NNC(=O)C2CCCCC2)c2ccccc2n1,5.45
CCCc1nc(SCC(=O)Nc2nc3c(s2)CCCC3)c2ccccc2n1,5.65
CCCc1nc(SCC(=O)Nc2nnc(CC)s2)c2c(C)c(C)sc2n1,5.35
CCCc1nc2c(C)cc(-c3nc4ccccc4n3C)cc2n1Cc1ccc(-c2ccccc2C(=O)O)cc1,4.8
CCCc1nc2ccccc2c(=O)n1-c1ccc(OC)cc1,4.8
CCCc1nc2sc3ccccc3c(=O)c2c(=O)n1CCOC,4.45
CCCc1nn(-c2ccccc2)c2c1C(c1cccs1)C(C#N)=C(N)O2,4.85
CCCc1nn(C)c2c(=O)[nH]c(-c3cc(S(=O)(=O)N4CCN(C)CC4)ccc3OCC)nc12,5.3
CCCc1nnc(NC(=O)C(CC)OC(=O)c2cc(C)nc3ccccc23)s1,4.9
CCCc1nnc(NC(=O)CN2C(=O)C3C4C=CC(C4)C3C2=O)s1,4.9
CCCc1nnc(SCC(=O)N2CCCC(C)C2)n1CC1CCCO1,5.05
CCCc1nnc(SCC(=O)N2CCCCC2)n1CC1CCCO1,4.8
CCCc1nnc(SCC(=O)N2CCCCC2C)n1CC1CCCO1,4.9
CCCc1nnc(SCC(=O)N2CCCCC2C)n1CCCOC,4.8
CCCc1nnc(SCC(=O)O)n1/N=C/c1ccc2c(c1)OCO2,4.8
CCCn1c(-c2ccc(F)cc2)nc2c(N(C)CCN(C)C)nc(C)nc21,4.6
CCCn1c(-c2ccc(F)cc2)nc2c(N3CCC(N(C)C)C3)nc(C)nc21,4.8
CCCn1c(-c2ccc(F)cc2)nc2c(N3CCCN(Cc4ccccc4)CC3)nc(C)nc21,5.5
CCCn1c(-c2ccc(F)cc2)nc2c(N3CCN(C)CC3)nc(C)nc21,4.9
CCCn1c(-c2ccc(F)cc2)nc2c(N3CCN(CCC(=O)OCC)CC3)nc(C)nc21,4.9
CCCn1c(-c2ccc(F)cc2)nc2c(N3CCN(CCn4ccnc4)CC3)nc(C)nc21,6.2
CCCn1c(-c2ccc(F)cc2)nc2c(N3CCN(Cc4nc(OC)cc(OC)n4)CC3)nc(C)nc21,5.4
CCCn1c(-c2ccc(F)cc2)nc2c(NC(C)CCCN(CC)CC)nc(C)nc21,5.0
CCCn1c(-c2ccc(F)cc2)nc2c(NC(C)CN(C)C)nc(C)nc21,4.7
CCCn1c(-c2ccc(F)cc2)nc2c(NC3CC4CCC(C3)N4C)nc(C)nc21,4.8
CCCn1c(-c2ccc(F)cc2)nc2c(NC3CCN(Cc4ccccc4)C3)nc(C)nc21,4.8
CCCn1c(-c2ccc(F)cc2)nc2c(NC3CCN(Cc4ccccc4)CC3)nc(C)nc21,4.8
CCCn1c(-c2ccc(F)cc2)nc2c(NCC(C)(C)CN(C)C)nc(C)nc21,4.8
CCCn1c(-c2ccc(F)cc2)nc2c(NCC3CCCN3CC)nc(C)nc21,4.8
CCCn1c(-c2ccc(F)cc2)nc2c(NCC3CCN(C)CC3)nc(C)nc21,4.8
CCCn1c(-c2ccc(F)cc2)nc2c(NCCCCN(C)C)nc(C)nc21,4.6
CCCn1c(-c2ccc(F)cc2)nc2c(NCCCCN(CC)CC)nc(C)nc21,5.0
CCCn1c(-c2ccc(F)cc2)nc2c(NCCCCN3CCCC3)nc(C)nc21,4.8
CCCn1c(-c2ccc(F)cc2)nc2c(NCCCN(CC)CC)nc(C)nc21,4.7
CCCn1c(-c2ccc(F)cc2)nc2c(NCCCN(CCO)CCO)nc(C)nc21,4.8
CCCn1c(-c2ccc(F)cc2)nc2c(NCCCN3CCCCC3C)nc(C)nc21,5.0
CCCn1c(-c2ccc(F)cc2)nc2c(NCCCN3CCOCC3)nc(C)nc21,5.3
CCCn1c(-c2ccc(F)cc2)nc2c(NCCN(C(C)C)C(C)C)nc(C)nc21,5.0
CCCn1c(-c2ccc(F)cc2)nc2c(NCCN(CC)CC)nc(C)nc21,4.8
CCCn1c(-c2ccc(F)cc2)nc2c(NCCN3CCCCC3)nc(C)nc21,4.8
CCCn1c(-c2ccc(F)cc2)nc2c(NCCN3CCOCC3)nc(C)nc21,5.1
CCCn1c(-c2ccc(F)cc2)nc2c(NCCN3CCSCC3)nc(C)nc21,4.7
CCCn1c(-c2cccs2)nc2nc3ccccc3nc21,5.0
CCCn1c(/C=C/c2ccccc2)nc2ccccc21,4.75
CCCn1c(=O)c2[nH]c(-c3ccc(OCC(=O)NCCN)cc3)nc2n(CCC)c1=O,5.6
CCCn1c(=O)c2[nH]c(-c3ccc(OCC(=O)Nc4ccc(C#N)cc4)cc3)nc2n(CCC)c1=O,6.0
CCCn1c(=O)c2c(ncn2C)n(CCC)c1=O,4.7
CCCn1c(=O)c2nc(-c3ccccc3)[nH]c2n(CCC)c1=O,5.6
CCCn1c(=O)c2nc(C3CCCC3)[nH]c2n(CCCOC(=O)c2ccc(S(=O)(=O)F)cc2)c1=O,5.5
CCCn1c(C)c(C(=O)c2ccc3ccccc3c2)c2ccccc21,5.5
CCCn1c(C)nc2c(N(CCN(C)C)Cc3ccccc3)nc(C)nc21,4.9
CCCn1c(C)nc2c(N(CCOC)CCOC)nc(C)nc21,4.8
CCCn1c(C)nc2c(N3CCCN(Cc4ccccc4)CC3)nc(C)nc21,5.1
CCCn1c(C)nc2c(N3CCOCC3)nc(C)nc21,5.1
CCCn1c(C)nc2c(NC(C)CCCN(CC)CC)nc(C)nc21,4.6
CCCn1c(C)nc2c(NC3CCCCC3)nc(C)nc21,4.9
CCCn1c(C)nc2c(NC3CCN(Cc4ccccc4)C3)nc(C)nc21,4.8
CCCn1c(C)nc2c(NCCCCN(CC)CC)nc(C)nc21,4.7
CCCn1c(C)nc2c(NCCN3CCCC3)nc(C)nc21,4.8
CCCn1c(C)nc2c(NCCN3CCOCC3)nc(C)nc21,4.7
CCCn1c(C)nc2c(NCc3ccccc3)nc(C)nc21,4.8
CCCn1c(C)nc2c(Nc3ccccc3)nc(C)nc21,4.5
CCCn1c(C)nc2c(c1=O)c1nc3ccccc3nc1n2CCC1=CCCCC1,5.5
CCCn1c(CC)nc([N+](=O)[O-])c1S(=O)(=O)c1ccccc1,4.6
CCCn1c(N)c(C(=O)CSc2nc(C)cs2)c(=O)n(C)c1=O,5.2
CCCn1c(NC(=O)C2CCN(S(=O)(=O)c3cccs3)CC2)nc2ccccc21,5.0
CCCn1c2c(c(O)c(C(=O)NCc3ccccc3)c1=O)CCCC2,4.75
CCCn1cc(S(=O)(=O)c2ccc(CNC(=O)c3cc4ccncc4o3)cc2)cn1,5.24
CCCn1cc(S(=O)(=O)c2ccc(NC(=O)[C@@H]3C[C@H]3c3cccnc3)cc2)cn1,6.045
CCCn1cc(S(=O)(=O)c2ccc(NC(=O)[C@H]3C[C@@H]3c3cccnc3)cc2)cn1,6.335
CCCn1cnc2c(SCc3ccc(Cl)cc3)nc(N)nc21,5.2
CCCn1nc(C(=O)NCC(C)(C)N2CCOCC2)c2ccccc2c1=O,5.15
CCCn1nc(NC(=O)CC(C)C)c2cc3ccccc3nc21,5.5
CCCn1nc(Oc2nc(NCC)nc(NC(C)C)n2)ccc1=O,8.25
CCCn1nc2cc(C(=O)NC3CCCc4ccccc43)ccc2c1OCC,4.8
CCCn1nc2cc(C(=O)NCCCCc3ccccc3)ccc2c1OCC,4.8
CCCn1nc2cc(C(=O)NCCc3ccc(C)cc3)ccc2c1OCC,5.2
CCCn1nc2cc(C(=O)NCc3ccc(C)cc3)ccc2c1OC,4.85
CCCn1nnc(NC(=O)c2ccc(-c3cccc(Cl)c3)o2)n1,4.55
CCCn1nnnc1NC(=O)COc1ccc(Cl)cc1C,4.85
CCN(C(=O)C1CC1)c1cc(-c2ccc(N3CCN(CC4CC4)CC3)nc2C)cc(C(=O)NCc2c(C)cc(C)[nH]c2=O)c1C,5.12
CCN(C(=O)COc1cc(=O)n(C)c2ccccc12)c1cccc(Cl)c1,5.45
CCN(C(=O)CSc1nnc(Cc2cccc3ccccc23)n1N)C1CCS(=O)(=O)C1,5.2
CCN(C(=O)Cc1ccc(S(C)(=O)=O)cc1)C1CCN(CC[C@@H](c2cc(F)cc(F)c2)C2CCN(S(C)(=O)=O)CC2)CC1,5.05
CCN(C(=O)Cn1c(=O)oc2ccccc21)c1cccc(C(F)(F)F)c1,5.15
CCN(C(=O)N1CCC(=CC#Cc2cccc(C)n2)CC1)C(C)C,4.81
CCN(C(=O)c1cc(C(C)C)c(O)cc1O)c1cccnc1,5.715
CCN(C(=O)c1ccc(Cl)cc1Cl)c1ccc(Cl)cc1,4.92
CCN(C(=O)c1cnc(N2CCN(c3ncccn3)CC2)c2ccccc12)c1cccc(Cl)c1,5.2
CCN(C(S)=Nc1ccccc1F)C1CCCCC1,4.85
CCN(C)CC(=O)NC12CCC(Cn3nc(C)c4c3CCN(c3cc(C)nc5c3cnn5C)C4)(CC1)CC2,4.55
CCN(C)[C@H](C)[C@@H](c1ccc2cc(OCC(C)(C)C(=O)O)ccc2c1)n1ccnc1,5.77
CCN(C)[C@H](C)[C@@H](c1ccc2cc(OCC3(C(=O)O)CCCC3)ccc2c1)n1ccnc1,5.64
CCN(C)c1nc(=O)n(-c2cccnc2)c2cc(Cl)ccc12,4.62
CCN(C)c1nc2ccc(C(=O)N(C)C[C@@H](O)[C@H](Cc3ccccc3)NC(=O)OCc3cncs3)cc2o1,6.96
CCN(C)c1nc2ccc(C(=O)N(CC(C)C)C[C@@H](O)[C@H](Cc3ccc(F)cc3)NC(=O)OCc3cncs3)cc2o1,7.64
CCN(C)c1nc2ccc(C(=O)N(CC(C)C)C[C@@H](O)[C@H](Cc3ccccc3)NC(=O)OCc3ccc4c(c3)OCO4)cc2o1,7.36
CCN(C)c1nc2ccc(C(=O)N(CC(C)C)C[C@@H](O)[C@H](Cc3ccccc3)NC(=O)OCc3cccnc3)cc2o1,7.66
CCN(C)c1nc2ccc(C(=O)N(CC(C)C)C[C@@H](O)[C@H](Cc3ccccc3)NC(=O)OCc3ccncc3)cc2o1,6.7
CCN(C)c1nc2ccc(C(=O)N(CC(C)C)C[C@@H](O)[C@H](Cc3ccccc3)NC(=O)OCc3cncs3)cc2o1,7.51
CCN(C)c1nc2ccc(C(=O)N(CC(C)C)C[C@H](O)[C@H](Cc3ccccc3)NC(=O)OCc3cncs3)cc2o1,7.66
CCN(C)c1nc2ccc(C(=O)N(CC(C)C)C[C@H](O)[C@H](Cc3cccnc3)NC(=O)OCc3cncs3)cc2o1,7.16
CCN(C)c1nc2ccc(C(=O)N(CC3CCCCC3)C[C@@H](O)[C@H](Cc3ccccc3)NC(=O)OCc3cncs3)cc2o1,7.58
CCN(C)c1nc2ccc(C(=O)N(CCN(C)C)C[C@@H](O)[C@H](Cc3ccccc3)NC(=O)OCc3cncs3)cc2o1,6.39
CCN(C)c1nc2ccc(C(=O)N(CCN3CCCC3)C[C@@H](O)[C@H](Cc3ccccc3)NC(=O)OCc3cncs3)cc2o1,6.85
CCN(C)c1nc2ccc(C(=O)N(CCN3CCOCC3)C[C@@H](O)[C@H](Cc3ccccc3)NC(=O)OCc3cncs3)cc2o1,6.85
CCN(C)c1nc2ccc(C(=O)N(C[C@@H](O)[C@H](Cc3ccccc3)NC(=O)OCc3cncs3)CC(C)(C)C)cc2o1,7.43
CCN(C)c1nc2ccc(C(=O)N(C[C@@H](O)[C@H](Cc3ccccc3)NC(=O)OCc3cncs3)CC(C)(C)O)cc2o1,6.85
CCN(C1CCCCC1)S(=O)(=O)c1ccc(S(=O)(=O)NCc2ccncc2)cc1,5.15
CCN(CC(=O)NCc1cccs1)S(=O)(=O)c1ccc(C(C)C)cc1,5.15
CCN(CC(=O)Nc1ccc([N+](=O)[O-])cc1OC)c1ccccc1,4.9
CCN(CC(CC(=O)OC)NC(=O)OCc1cncs1)CC(CC(=O)OC)NC(=O)OCc1nccs1,7.06
CCN(CC(CC1CCCCC1)NC(=O)OCc1cncs1)CC(CC1CCCCC1)NC(=O)OCc1nccs1,7.18
CCN(CC(COCc1ccccc1)NC(=O)OCc1cncs1)CC(COCc1ccccc1)NC(=O)OCc1nccs1,6.87
CCN(CC(Cc1ccc(O)cc1)NC(=O)OCc1cncs1)CC(Cc1ccc(O)cc1)NC(=O)OCc1nccs1,7.04
CCN(CC(Cc1ccc(OCc2ccccc2)cc1)NC(=O)OCc1cncs1)CC(Cc1ccc(OCc2ccccc2)cc1)NC(=O)OCc1nccs1,6.52
CCN(CC(O)(CNC(=O)c1cnn(-c2ccc(F)cc2)c1N)C(F)(F)F)C(=O)c1c(Cl)cccc1Cl,6.16
CCN(CC(O)(CNC(=O)c1cnn(-c2ccc(F)cc2)c1N)C(F)(F)F)C(=O)c1c(F)cccc1F,5.7
CCN(CC(O)(CNC(=O)c1cnn(-c2ccc(F)cc2)c1N)C(F)(F)F)C(=O)c1ccccc1Cl,5.550000000000001
CCN(CC(O)(CNC(=O)c1cnn(-c2ccc(F)cc2)c1N)C(F)(F)F)C(=O)c1ccccc1S(C)(=O)=O,5.52
CCN(CC(O)(CNC(=O)c1cnn(-c2ccc(F)cc2)c1N)C(F)(F)F)C(=O)c1ncccc1Cl,5.4
CCN(CC)C(=O)C1=C(C)N=C(S)NC1c1cn(-c2ccccc2)nc1-c1ccc(Cl)cc1,5.15
CCN(CC)C(=O)C1CCCN(c2ccc([N+](=O)[O-])cc2/C=N/NC(=O)c2ccc([N+](=O)[O-])cc2)C1,5.55
CCN(CC)C(=O)C1CCN(S(=O)(=O)c2ccc3oc4ccccc4c3c2)CC1,5.4
CCN(CC)C(=O)CCN1Cc2nc(C)c(CN)c(-c3ccc(Cl)cc3Cl)c2C1=O,5.08
CCN(CC)C(=O)CCNS(=O)(=O)c1ccc(C)cc1,4.6
CCN(CC)C(=O)CN1Cc2nc(C)c(CN)c(-c3ccc(Cl)cc3Cl)c2C1=O,5.18
CCN(CC)C(=O)CSc1nc(O)cc(=O)n1CC,4.85
CCN(CC)C(=O)CSc1nnc(-c2cc3ccccc3cc2O)n1CC,5.1
CCN(CC)C(=O)CSc1nnc(CNc2ccc(F)cc2)o1,4.6
CCN(CC)C(=O)Cn1cc(/C=C(\C#N)C(=O)N2CCN(c3ccccc3)CC2)c2ccccc21,6.05
CCN(CC)C(=O)N[C@@H]1C[C@H]2c3cccc4[nH]cc(c34)C[C@@H]2N(C)C1,5.300000000000001
CCN(CC)C(=O)N[C@H]1C=C2c3cccc4[nH]cc(c34)C[C@@H]2N(C)C1,5.3
CCN(CC)C(=O)N[C@H]1C[C@H]2c3cccc4[nH]cc(c34)C[C@@H]2N(C)C1,5.0
CCN(CC)C(=O)[C@@H](C)N1Cc2nc(C)c(CN)c(-c3ccc(Cl)cc3Cl)c2C1=O,5.02
CCN(CC)C(=O)c1cc(-c2cccs2)nc2c1c(C)nn2-c1ccccc1C,5.52
CCN(CC)C(=O)c1cc(-c2ccnn2C)nc2c1c(C(F)F)nn2-c1ccccc1,5.24
CCN(CC)C(=O)c1cc(-c2ccnn2C)nc2c1c(C)nn2-c1ccccc1,5.0
CCN(CC)C(=O)c1cccc(NC(=O)Nc2ccc(-c3ccnc4[nH]cnc34)cc2)c1,7.33
CCN(CC)C(=S)SSC(=S)N(CC)CC,5.1
CCN(CC)C(C)CN1c2ccccc2Sc2ccccc21.Cl,4.6
CCN(CC)C(c1cccc(Nc2ccnc3cc(Cl)ccc23)c1)c1nnnn1C(C)(C)C,8.22
CCN(CC)CC#CCOC(=O)[C@@](O)(c1ccccc1)C1CCCCC1,5.1
CCN(CC)CC(=O)Nc1c(C)cccc1C,5.7
CCN(CC)CCCC(C)Nc1c2ccc(Cl)cc2nc2ccc(OC)cc12.Cl.Cl,4.9
CCN(CC)CCCC(C)n1c(-c2ccccc2)nc2c(N(CCOC)CCOC)nc(C)nc21,5.0
CCN(CC)CCCC(C)n1c(-c2ccccc2)nc2c(N3CCOCC3)nc(C)nc21,4.8
CCN(CC)CCCC(C)n1c(-c2ccccc2)nc2c(NC3CCCCC3)nc(C)nc21,4.9
CCN(CC)CCCC(C)n1c(-c2ccccc2)nc2c(NCCOC)nc(C)nc21,4.7
CCN(CC)CCCC(C)n1c(-c2ccccc2)nc2c(NCc3ccccc3)nc(C)nc21,5.3
CCN(CC)CCCCCCCCOC(=O)c1cc(OC)c(OC)c(OC)c1,5.0
CCN(CC)CCCCn1c(-c2ccccc2)nc2c(N(CCOC)CCOC)nc(C)nc21,4.9
CCN(CC)CCCCn1c(-c2ccccc2)nc2c(N3CCOCC3)nc(C)nc21,5.1
CCN(CC)CCCCn1c(-c2ccccc2)nc2c(NC3CCCCC3)nc(C)nc21,4.6
CCN(CC)CCCCn1c(-c2ccccc2)nc2c(NCc3ccccc3)nc(C)nc21,5.1
CCN(CC)CCCN(Cc1cc2ccc(C)c(C)c2nc1O)C(=O)NC1CCCCC1,5.55
CCN(CC)CCCN(Cc1ccc(-c2ccc(Cl)cc2)cc1)C(=O)Cn1cc(Cc2cnn(C)c2)c(=O)nc1SCc1ccc(F)cc1,5.7
CCN(CC)CCCNC(=O)C1CCC(=O)N(c2ccc(OC)cc2)C1c1ccc(F)cc1,4.8
CCN(CC)CCC[C@H](C)Nc1c2ccc(Cl)cc2nc2ccc(OC)cc12,5.1
CCN(CC)CCC[C@H](C)Nc1c2ccc(Cl)cc2nc2ccc(OC)cc12.Cl.Cl.O.O,5.6
CCN(CC)CCCc1cc(CCCOC)cc(CN(C(=O)[C@H]2CNCC[C@@]23OCc2cc(F)c(F)cc23)C2CC2)c1Cl,5.24
CCN(CC)CCCn1c(-c2ccccc2)nc2c(N(CCOC)CCOC)nc(C)nc21,4.7
CCN(CC)CCCn1c(-c2ccccc2)nc2c(NCc3ccccc3)nc(C)nc21,5.0
CCN(CC)CCN(Cc1ccc(-c2ccc(C(F)(F)F)cc2)cc1)C(=O)Cn1c(C)cc(=O)nc1SCc1ccc(F)cc1,4.66
CCN(CC)CCN(Cc1ccc(-c2ccc(C(F)(F)F)cc2)cc1)C(=O)Cn1c(SCc2ccc(F)cc2)nc(=O)c(C)c1C,4.66
CCN(CC)CCN(Cc1ccc(-c2ccc(C(F)(F)F)cc2)cc1)C(=O)Cn1c(SCc2ccc(F)cc2)nc(=O)c2c1CCC2,4.57
CCN(CC)CCN(Cc1ccc(-c2ccc(C(F)(F)F)cc2)cc1)C(=O)Cn1c(SCc2ccc(F)cc2)nc(=O)c2c1CCCC2,5.0
CCN(CC)CCN(Cc1ccc(-c2ccc(C(F)(F)F)cc2)cc1)C(=O)Cn1cc(Br)c(=O)nc1SCc1ccc(F)cc1,4.41
CCN(CC)CCN(Cc1ccc(-c2ccc(C(F)(F)F)cc2)cc1)C(=O)Cn1cc(C)c(=O)nc1SCc1ccc(F)cc1,4.77
CCN(CC)CCN(Cc1ccc(-c2ccc(C(F)(F)F)cc2)cc1)C(=O)Cn1cc(Cc2cnn(C)c2)c(=O)nc1SCc1ccc(F)cc1,5.0
CCN(CC)CCN(Cc1ccc(-c2ccc(C(F)(F)F)cc2)cc1)C(=O)Cn1cc(Cl)c(=O)nc1SCc1ccc(F)cc1,4.54
CCN(CC)CCN(Cc1ccc(-c2ccc(C(F)(F)F)cc2)cc1)C(=O)Cn1cc(SC)c(=O)nc1SCc1ccc(F)cc1,4.82
CCN(CC)CCN(Cc1ccc(-c2ccc(Cl)cc2)cc1)C(=O)Cn1c(SCc2ccc(F)cc2)nc(=O)c2c1CCC2,4.75
CCN(CC)CCN(Cc1ccc(-c2ccc(Cl)cc2)cc1)C(=O)Cn1c(SCc2ccc(F)cc2)nc(=O)c2c1CCCC2,5.3
CCN(CC)CCN(Cc1ccc(-c2ccc(Cl)cc2)cc1)C(=O)Cn1cc(C)c(=O)nc1SCc1ccc(F)cc1,4.89
CCN(CC)CCN(Cc1ccc(-c2ccc(Cl)cc2)cc1)C(=O)Cn1cc(Cc2cnn(C)c2)c(=O)nc1SCc1ccc(F)cc1,5.3
CCN(CC)CCN1C(=O)C(O)=C(C(=O)c2ccc(OC)cc2)C1c1cccs1,4.75
CCN(CC)CCN1c2ccccc2Sc2ccc3ccccc3c21,5.4
CCN(CC)CCNC(=O)C1CCC(=O)N(c2ccc(OC)cc2)C1c1ccc(F)cc1,4.65
CCN(CC)CCNC(=O)COc1ccc(OC)cc1.Cl,5.9
CCN(CC)CCNC(=O)c1ccc(Cl)c(S(=O)(=O)Nc2ccccc2OC)c1,4.85
CCN(CC)CCNC(=O)c1ccc(NC(C)=O)cc1.Cl,6.9
CCN(CC)CCN[C@@H](CC(C)C)c1cc(F)ccc1N1CCN(C(=O)[C@@H](Cc2ccc(Cl)cc2Cl)N2CCCC2=O)CC1,4.43
CCN(CC)CCNc1ccc(CO)c2sc3ccccc3c(=O)c12,5.0
CCN(CC)CCOC(=O)C(Cc1cccc2ccccc12)CC1CCCO1.O=C(O)C(=O)O,6.0
CCN(CC)CCOC(=O)C(c1ccccc1)C1CCCCC1.Cl,4.8
CCN(CC)CCOC(=O)C(c1ccccc1)c1ccccc1.Cl,5.2
CCN(CC)CCOC(=O)C1(C2CCCCC2)CCCCC1,5.449999999999999
CCN(CC)CCOC(=O)C1(C2CCCCC2)CCCCC1.Cl,5.3
CCN(CC)CCOC(=O)C1(c2ccc([N+](=O)[O-])cc2)CCCC1,4.7
CCN(CC)CCOC(=O)[C@@H](Cc1cccc2ccccc12)C[C@@H]1CCCO1,6.1
CCN(CC)CCOC(=O)[C@@H](c1ccccc1)C1CCCCC1,5.5
CCN(CC)CCOC(=O)c1cc(Cl)c(N)cc1OC,4.5
CCN(CC)CCOCCOC(=O)C1(c2ccccc2)CCCC1,5.4
CCN(CC)CCOCCOC(=O)C1(c2ccccc2)CCCC1.O=C(O)CC(O)(CC(=O)O)C(=O)O,5.0
CCN(CC)CCO[C@H]1CC[C@@]2(C)C(=CC[C@@H]3[C@H]2CC[C@]2(C)C(=O)CC[C@H]32)C1,4.8
CCN(CC)CCOc1ccc2cc1COCC=CCOCc1cccc(c1)-c1ccnc(n1)N2,5.55
CCN(CC)CCn1c(-c2ccccc2)nc2c(NC3CCCCC3)nc(C)nc21,4.8
CCN(CC)CCn1c(-c2ccccc2)nc2c(NCCOC)nc(C)nc21,4.9
CCN(CC)CCn1c(-c2ccccc2)nc2c(NCc3ccccc3)nc(C)nc21,4.9
CCN(CC)CCn1c(=S)[nH]c2cc3c(cc2c1=O)OCO3,4.85
CCN(CC)C[C@@H]1CCCCN1CC(=O)N1c2ccccc2C(=O)Nc2cccnc21,4.9
CCN(CC)Cc1c(O)ccc2c(=O)c(Oc3ccccc3OC)coc12,4.6
CCN(CC)Cc1cc(Nc2ccnc3cc(Cl)ccc23)ccc1O.Cl,4.55
CCN(CC)Cc1ccc(Nc2ccnc3cc(Cl)ccc23)cc1O.Cl.Cl,5.1
CCN(CC)Cc1nc(O)c2c(n1)-c1ccccc1CC21CCCC1,4.85
CCN(CC)N(O)N=O.CCNCC,4.4
CCN(CC)S(=O)(=O)N1CCC(C(=O)NC2CCCC2)CC1,4.8
CCN(CC)S(=O)(=O)N1CCC(C(=O)NCc2ccc(C)cc2)CC1,4.95
CCN(CC)S(=O)(=O)c1cc(-c2nn(C)c(=O)c3ccccc23)ccc1C,4.7
CCN(CC)S(=O)(=O)c1cc(C(=O)Nc2ccccc2C(=O)O)ccc1OC,4.9
CCN(CC)S(=O)(=O)c1cc(C(=O)Nc2ccncc2)ccc1Cl,6.0
CCN(CC)S(=O)(=O)c1ccc(-n2ccnc2)c(NC(=O)c2cnc(-c3ccccc3)nc2)c1,4.7
CCN(CC)S(=O)(=O)c1ccc(OC)c(NC(=O)CSc2ccccc2)c1,4.5
CCN(CC)S(=O)(=O)c1ccc(OC)c(NC(=O)c2cc([N+](=O)[O-])ccc2Cl)c1,4.9
CCN(CC)S(=O)(=O)c1ccc2c(c1)nc(CCC(=O)Nc1cccc(C(F)(F)F)c1)n2CC,4.9
CCN(CC)S(=O)(=O)c1ccc2c(c1)nc(SCC(=O)N1CCOCC1)n2-c1ccccc1OC,5.4
CCN(CC)S(=O)(=O)c1ccc2c3c(cccc13)C(=O)S2,4.75
CCN(CC)S(=O)(=O)c1cccc(C(=O)N[C@H](C(=O)OCC(=O)NC(=O)NC)C(C)C)c1,4.85
CCN(CC)[C@@H](CC(C)C)c1cccc(F)c1N1CCN(C(=O)[C@@H](Cc2ccc(Cl)cc2Cl)N2CCCC2=O)CC1,5.57
CCN(CC)[C@H](C)[C@@H](c1ccc2cc(OCC(C)(C)C(=O)O)ccc2c1)n1ccnc1,6.24
CCN(CC)[C@H](C)[C@@H](c1ccc2cc(OCC3(C(=O)O)CCCC3)ccc2c1)n1ccnc1,6.0
CCN(CC)c1ccc(/C=C/c2nc3ccccc3s2)cc1,4.95
CCN(CC)c1ccc(/C=N/N2CCN(Cc3ccc(C)cc3)CC2)c(O)c1,5.9
CCN(CC)c1ccc(/C=N/NC(=O)c2ccc(O)cc2)cc1,5.2
CCN(CC)c1ccc(/C=N/NC(=S)NCc2ccccc2)cc1,4.95
CCN(CC)c1ccc(/C=N/Nc2nc(C)cc(O)n2)cc1,4.85
CCN(CC)c1ccc(C(=O)OCc2cc(=O)oc3cc(O)ccc23)cc1,5.2
CCN(CC)c1ccc(N)cc1,4.6
CCN(CC)c1ccc(N2C(=O)/C(=C/c3cccnc3)SC2=S)cc1,5.25
CCN(CC)c1ccc(NC(=O)CN2CCN(c3ccccc3F)CC2)cc1,4.8
CCN(CC)c1ccc(NC(=O)CSc2nnc3nc(C)cc(C)n23)cc1,4.4
CCN(CC)c1ccc2c(C)cc(=O)oc2c1,4.7
CCN(CC)c1ccc2c(Cl)c(Br)c(=O)oc2c1,5.1
CCN(CC)c1ccc2c(Cl)cc(=O)oc2c1,4.6
CCN(CC)c1ccc2c(c1)OC(N)=C(C#N)C2c1cccnc1,6.05
CCN(CC)c1ccc2cc(C(=O)NCC(O)(Cn3ccnc3)c3ccc(Cl)cc3Cl)c(=O)oc2c1,6.9
CCN(CC)c1ccc2cc(C(=O)NCC(O)(Cn3ccnc3)c3ccc(F)cc3F)c(=O)oc2c1,5.88
CCN(CC)c1ccc2cc(C(=O)NCC(O)(Cn3cncn3)c3ccc(Cl)cc3Cl)c(=O)oc2c1,6.45
CCN(CC)c1ccc2cc(C(=O)NCC(O)(Cn3cncn3)c3ccc(F)cc3F)c(=O)oc2c1,5.99
CCN(CC)c1cccc(O)c1,4.5
CCN(CC)c1ncnc2c1ncn2[C@@H]1O[C@@H](COP(=O)([O-])OP(=O)([O-])C(Br)(Br)P(=O)([O-])O)[C@H](O)[C@@H]1O.[Na+].[Na+].[Na+],4.4
CCN(CC)c1ncnc2c1sc1nc(C)cc(C)c12,4.9
CCN(CCCCOC(=O)c1ccc(OC)c(OC)c1)C(C)Cc1ccc(OC)cc1,6.1
CCN(CCCCOC(=O)c1ccc(OC)c(OC)c1)C(C)Cc1ccc(OC)cc1.Cl,4.9
CCN(CCCNC(=O)C1CCN(S(=O)(=O)CC)CC1)c1cccc(C)c1,4.95
CCN(CCCNC(=O)CC(C(=O)N1CCc2ccccc21)n1ccnc1)c1ccccc1,6.1
CCN(CCc1ccccc1)C(=O)c1ccccc1-c1ccc(CN2C[C@@H](C)N[C@@H](C)C2)cc1,5.9350000000000005
CCN(C[C@@H](C)NC(=O)OCc1cncs1)C[C@@H](C)NC(=O)OCc1nccs1,5.88
CCN(C[C@@H](C)NC(=O)OCc1nccs1)C[C@H](C)NC(=O)OCc1cncs1,5.75
CCN(C[C@@H](Cc1ccccc1)NC(=O)OCc1cncs1)C[C@@H](Cc1ccccc1)NC(=O)OCc1nccs1,6.96
CCN(C[C@@H](Cc1ccccc1)NC(=O)OCc1nccs1)C[C@H](Cc1ccccc1)NC(=O)OCc1cncs1,6.96
CCN(C[C@@H](O)[C@H](Cc1ccccc1)NC(=O)OCc1cncs1)C(=O)c1ccc2nc(N(C)CC)oc2c1,7.1
CCN(C[C@@H](O)[C@H](Cc1ccccc1)NC(=O)OCc1cncs1)C(=O)c1ccc2nc(N3CCCC3)oc2c1,7.22
CCN(C[C@H](CC(C)C)NC(=O)OCc1cncs1)C[C@H](CC(C)C)NC(=O)OCc1nccs1,6.87
CCN(C[C@H](Cc1ccccc1)NC(=O)OCc1cccnc1)C[C@H](Cc1ccccc1)NC(=O)OCc1cccnc1,5.52
CCN(C[C@H](Cc1ccccc1)NC(=O)OCc1cccs1)C[C@H](Cc1ccccc1)NC(=O)OCc1cccs1,6.13
CCN(C[C@H](Cc1ccccc1)NC(=O)OCc1cnc[nH]1)C[C@H](Cc1ccccc1)NC(=O)OCc1ncc[nH]1,6.46
CCN(C[C@H](Cc1ccccc1)NC(=O)OCc1cnco1)C[C@H](Cc1ccccc1)NC(=O)OCc1ncco1,6.56
CCN(C[C@H](Cc1ccccc1)NC(=O)OCc1cncs1)C[C@H](Cc1ccccc1)NC(=O)OCc1nccs1,6.82
CCN(Cc1c[nH]cn1)c1ccc(-c2ccc(F)cc2)cc1F,5.4
CCN(Cc1c[nH]cn1)c1ccc(-c2nc3ccccc3s2)cc1,5.4
CCN(Cc1cc(C(F)(F)F)ccc1-c1cc(CC(=O)O)ccc1OC)C(=O)OCc1ccc(Cl)cc1,4.68
CCN(Cc1cc(C(F)(F)F)ccc1-c1cc(CC(=O)O)ccc1OC)C(=O)OCc1ccccc1,4.75
CCN(Cc1cccnc1)c1cc(F)cc(-c2nc3ccccc3s2)c1,6.11
CCN(Cc1cccnc1)c1ccc(-c2ccc(F)cc2)cc1F,6.0
CCN(Cc1cccnc1)c1cccc(-c2nc3ccccc3s2)c1,6.0
CCN(Cc1cccnc1)c1cncc(-c2nc3ccccc3s2)c1,6.1
CCN(Cc1ccncc1)C(=O)[C@@H](CO)c1ccccc1,5.4
CCN(Cc1cnc[nH]1)c1cc(F)cc(-c2nc3ccccc3s2)c1,6.24
CCN(c1ccc(NC(=O)COC(=O)c2ccc3ccccc3n2)cc1)C(C)C,4.4
CCN(c1ccccc1)S(=O)(=O)c1ccc(Cl)c(NC(=O)CNC2CCCN(C)C2)c1.O=CO,4.79
CCN(c1ccccc1)S(=O)(=O)c1ccc(Cl)c(NC(=O)c2ccc3c(c2)CCNC3)c1,5.23
CCN(c1ccccc1)S(=O)(=O)c1ccc(NC(=O)CN(C)C2CCN(C)CC2)c(Cl)c1.Cl,4.72
CCN(c1ccccc1)S(=O)(=O)c1ccc(NC(=S)NC(=O)c2cccs2)cc1,5.65
CCN1/C(=C/C(C)=O)Sc2ccc(OC)cc21,4.6
CCN1/C(=C/c2ccc3cccc(C)c3[n+]2CC)Sc2ccccc21.[I-],5.05
CCN1C(=O)/C(=C2\SC(=S)N(CCCOC)C2=O)c2ccccc21,5.45
CCN1C(=O)/C(=C2\SC(N3CCCCC3)=NC2=O)c2ccccc21,4.85
CCN1C(=O)C(CC(=O)Nc2ccc(Br)cc2)N(CCCc2ccccc2)C1=S,5.6
CCN1C(=O)C(CC(=O)Nc2ccc(OC)cc2)N(Cc2cccnc2)C1=S,4.95
CCN1C(=O)C(CC(=O)Nc2ccc(OC)cc2)N(Cc2cccs2)C1=S,5.4
CCN1C(=O)C(O)(CC(=O)/C=C/C=C/c2ccccc2)c2ccccc21,4.75
CCN1C(=O)[C@@H]2[C@H](C1=O)[C@@H]1C[C@H]3C(=O)N(CC)C(=O)[C@H]3[C@@H]3C1=C(C(=O)N1C(=O)O/C(=N\CC4CC4)[C@]31C)[C@@H]2C,4.8
CCN1C(=O)[C@H]2[C@H]3[C@H](O)[C@H](O)C/C(=N/OC[C@@H](C)[C@H](OCc4ccccc4)C(C)C)[C@@H]3CC[C@@H]2C1=O,5.4
CCN1C(=O)[C@H]2[C@H]3[C@H](O)[C@H](O)C/C(=N/O[C@@H](C)CN4CCCCc5nc(C)c(C)cc54)[C@@H]3CC[C@@H]2C1=O,5.4
CCN1C(=O)[C@H]2[C@H]3[C@H](O)[C@H](O)C/C(=N/O[C@@H](C)CN4CCCc5nc(C)c(C)cc54)[C@@H]3CC[C@@H]2C1=O,5.4
CCN1C(=O)[C@H]2[C@H]3[C@H](O)[C@H](O)C/C(=N/O[C@@H](C)c4cc(-c5c(C)cc(C)cc5C)no4)[C@@H]3CC[C@@H]2C1=O,5.4
CCN1C(=O)[C@H]2[C@H]3[C@H](O)[C@H](O)C/C(=N/O[C@@H](C)c4cn([C@H](CO)Cc5ccccc5)nn4)[C@@H]3CC[C@@H]2C1=O,5.4
CCN1C(=O)c2cccc3c(NC(=O)c4cccc(N5C(=O)CCC5=O)c4)ccc1c23,4.65
CCN1C(C)=C(C(=O)OC)C(c2ccccc2)N2C(=O)[C@@]3(C(=O)OC)O[C@@]12C1C(=O)CCCC13,5.4
CCN1C(C)=C(C(=O)OC)C(c2ccccc2)N2C(=O)[C@](O)(C(=O)OC)C(c3ccccc3)C(C(=O)c3ccccc3)=C12,5.5
CCN1C(C)=C(C(=O)OC)C(c2ccccc2)N2C(=O)[C@](O)(C(=O)OC)C(c3ccccc3)C(C(C)=O)=C12,5.4
CCN1C(C)=C(C(=O)OC)C(c2ccccc2)N2C(=O)[C@](O)(C(=O)OC)CC(C#N)=C12,5.4
CCN1C/C(=C\c2cccc(C)c2)c2nc3ccccc3c(C(=O)O)c2C1,4.6
CCN1CC(n2nccc2-c2cc(Cl)ccc2Oc2ccc(S(=O)(=O)Nc3cscn3)cc2C#N)C1,4.91
CCN1CC2CC(C1)N2C(=O)[C@]12C[C@H]1c1cc(OC)ccc1-c1c(C3CCCCC3)c3ccc(C(=O)NS(=O)(=O)N(C)C)cc3n1C2,5.05
CCN1CC=C2C(C#N)=C(N)C(C#N)(C#N)[C@H](c3ccoc3)[C@H]2C1,4.95
CCN1CCC(Nc2ccc3c(c2)C(=C(c2cc(F)cc(F)c2)c2nc(C)c[nH]2)C(=O)N3)CC1,5.0
CCN1CCC(Nc2ccc3c(c2)C(=C(c2cc(F)cc(F)c2)c2nc4ccccc4[nH]2)C(=O)N3)CC1,5.22
CCN1CCC(Nc2ccc3c(c2)C(=C(c2ccc(C)cc2)c2nc4ccccc4[nH]2)C(=O)N3)CC1,4.92
CCN1CCC(Nc2ccc3c(c2)C(=C(c2ccc(OC)cc2)c2nc4ccccc4[nH]2)C(=O)N3)CC1,5.05
CCN1CCC(Nc2ccc3c(c2)C(=C(c2cccc(F)c2)c2nc(C)c[nH]2)C(=O)N3)CC1,4.6
CCN1CCC(Nc2ccc3c(c2)C(=C(c2cccc(F)c2)c2nc4ccccc4[nH]2)C(=O)N3)CC1,5.4
CCN1CCC(Nc2ccc3c(c2)C(=C(c2cccc(F)c2)c2ncc[nH]2)C(=O)N3)CC1,4.64
CCN1CCC(Nc2ccc3c(c2)C(=C(c2ccccc2)c2nc4cc(OC)ccc4[nH]2)C(=O)N3)CC1,5.25
CCN1CCC(Nc2ccc3c(c2)C(=C(c2ccccc2)c2nc4ccccc4[nH]2)C(=O)N3)CC1,5.52
CCN1CCC(Nc2ccc3c(c2)C(=C(c2ccccc2)c2ncc[nH]2)C(=O)N3)CC1,4.6
CCN1CCC(Nc2ccc3c(c2)C(=C(c2nc(C)c[nH]2)c2ccccc2F)C(=O)N3)CC1,4.58
CCN1CCC(c2ccc(Nc3cc(N(C)C(=O)Nc4c(Cl)c(OC)cc(OC)c4Cl)ncn3)cc2)CC1,5.57
CCN1CCCC(OC(=O)C(c2ccccc2)c2ccccc2)C1,5.0
CCN1CCCC(OC(=O)C(c2ccccc2)c2ccccc2)C1.Cl,4.8
CCN1CCCC1CNC(=O)C1c2cc(OC)c(OC)cc2C(=O)N(C)C1c1cccnc1,5.25
CCN1CCCC1CNC(=O)CSCc1nc(-c2ccccc2C)oc1C,5.2
CCN1CCCC1Cn1c(-c2ccccc2)nc2c(N(CCOC)CCOC)nc(C)nc21,4.8
CCN1CCCC1Cn1c(-c2ccccc2)nc2c(N3CCOCC3)nc(C)nc21,4.9
CCN1CCCC1Cn1c(-c2ccccc2)nc2c(NC3CCCCC3)nc(C)nc21,4.9
CCN1CCCC1Cn1c(-c2ccccc2)nc2c(NCCOC)nc(C)nc21,4.7
CCN1CCCC1Cn1c(-c2ccccc2)nc2c(NCc3ccccc3)nc(C)nc21,5.3
CCN1CCCC1Cn1cnc2c3cc(C)ccc3nc-2c1O,4.65
CCN1CCC[C@@H]1CNC(=O)c1c(O)c(Cl)cc(Cl)c1OC.O=C(O)C(O)C(O)C(=O)O,4.6
CCN1CCC[C@H]1CNC(=O)c1cn(C2CCCC2)c(=O)c2c1c1ccccc1n2C,5.5
CCN1CCN(C(=O)C2c3cc(OC)c(OC)cc3C(=O)N3CCc4ccccc4C23)CC1,4.55
CCN1CCN(C(=S)c2ccc(Br)cc2)CC1,4.75
CCN1CCN(C(c2ccccn2)c2c(NC(=O)c3ccccc3)sc(C)c2C)CC1,5.05
CCN1CCN(CCCn2cc(-c3ccc4c(c3)ncn4-c3cc(O[C@H](C)c4ccccc4Cl)c(C(N)=O)s3)cn2)CC1,5.675
CCN1CCN(Cc2ccc(NC(=O)CNc3ccc(-c4ccc(NC(C)=O)nc4)cc3)cc2C(F)(F)F)CC1,5.5
CCN1CCN(S(=O)(=O)c2ccc(Cl)c(C(=O)Nc3nnc(CC(C)C)s3)c2)CC1,4.85
CCN1CCN(c2cc(C)c3nc(-c4c(NC[C@@H](O)c5cccc(Cl)c5)cc[nH]c4=O)[nH]c3c2)CC1,5.66
CCN1CCN(c2cc(N3CCC[C@@H](C(=O)NCCc4cnc(C#N)nc4)C3)nc(C(F)(F)F)n2)CC1,5.28
CCN1CCN(c2cc(N3CC[C@H]3C(=O)NCCc3ccc(C#N)nc3)nc(C(F)(F)F)n2)CC1,5.11
CCN1CCN(c2ccc(C(C)(C)NC(=O)c3cc4[nH]c5ccccc5c(=O)c4cc3F)cn2)CC1,4.89
CCN1CCN(c2nc3ccccc3nc2C(C#N)C(=O)OC2CCCCC2)CC1,5.0
CCN1CCN(c2nn3c(=O)c4ccccc4nc3c3ccccc23)CC1,4.7
CCN1CCc2c(sc(NC(=S)NC(=O)c3ccccc3)c2C#N)C1,4.7
CCN1CCc2nc(N)oc2CC1,6.0
CCN1CCc2nc(NC(=O)c3ccc4c(c3)OCCO4)sc2C1,4.85
CCN1CN=C(S)N(c2cc(C)ccc2C)C1,4.7
CCN1C[C@@]2(C)CC[C@@H](OC)[C@@]34C2C(O)[C@]2(OCO[C@]25CC(OC)C2C[C@@]3(O)C5C2O)C14,4.4
CCN1C[C@@]2(COC(=O)c3ccccc3N3C(=O)CC(C)C3=O)CC[C@H](OC)[C@]34C5C[C@H]6[C@@H](OC)C[C@@](O)(C5[C@H]6OC)[C@](O)(C13)[C@@H](OC)C24,4.7
CCN1C[C@@]2(COC)C3[C@@H](OC)C4[C@@H]1[C@@]3(C1C[C@@]3(O)[C@H](OC(=O)c5ccccc5)C1[C@]4(OC(C)=O)[C@@H](O)[C@@H]3OC)[C@@H](OC)C[C@H]2O,4.5
CCN1C[C@H]2C[C@@H](N(Cc3ccc(F)c(C(F)(F)F)c3)C(=O)c3cn(C)cn3)C[C@H]2C1,5.3
CCN1C[C@]2(C)CC[C@H](OC)[C@@]34[C@@H]2[C@H](OC(C)=O)[C@@]2(OCO[C@@]25C[C@@H](OC)[C@H]2C[C@@]3(O)[C@H]5[C@@H]2OC)[C@H]14,4.8
CCN1c2ncc(CCOc3ccc(C(=O)O)cc3C)cc2C(=O)N(C)c2ccc(F)nc21,5.0
CCN1c2ncc(CCOc3ccc(C(=O)O)cc3C)cc2C(=O)N(C)c2cccnc21,4.62
CCN1c2ncc(CSc3cc(C)nc(C)c3)cc2C(=O)Nc2c(C)cc(Cl)nc21,5.365
CCN1c2ncc(CSc3cc(C)nc(C)c3)cc2C(=O)Nc2c(C)cc(F)nc21,5.3
CCN1c2ncc(CSc3cc(C)nc(C)c3)cc2C(=O)Nc2c(C)ccnc21,5.4
CCN=C(Nc1cccc(F)c1)SC1CC(=O)N(c2ccc(OC)cc2)C1=O,5.2
CCN=C(S)N1CCC(NC(=O)C2CCCCC2)CC1,4.85
CCN=C(S)NNC(=O)CCn1c2ccccc2c2ccccc21,5.35
CCN=C(S)NNC(=O)c1cccn(Cc2ccc(Cl)cc2Cl)c1=O,4.85
CCN=C(S)NNC(=O)c1csc2ccccc12,4.6
CCN=c1ccc(Br)cc(C(=O)/C=C/c2ccc3c(c2)OCO3)c1O,4.75
CCNC(=Nc1ccc(Cl)cc1)c1cccnc1,4.65
CCNC(=O)CC1C(=O)N(c2ccc(F)cc2)C(=O)N1CCc1ccc(OC)cc1,5.15
CCNC(=O)CN1c2cccc3cccc(c23)S1(=O)=O,4.7
CCNC(=O)COC(=O)c1cc(-c2ccc(OC)cc2)nc2ccccc12,4.85
CCNC(=O)CSc1nnc(C2CC2)n1-c1ccccc1,4.55
CCNC(=O)Cc1ccc(Cl)c(CN(C(=O)[C@H]2CNCC[C@@H]2c2ccc(OCCOc3c(Cl)cc(C)cc3Cl)cc2)C2CC2)c1,5.415
CCNC(=O)N1CCN(CCCC(c2ccc(F)cc2)c2ccc(F)cc2)CC1,5.1
CCNC(=O)NC(=O)CSc1nc2ccccc2n1CC(C)C,4.9
CCNC(=O)NCCCOc1cc(CCCOC)cc(CN(C(=O)[C@H]2CNCC[C@@H]2c2ccc(OCCOc3c(Cl)cc(C)cc3Cl)cc2)C2CC2)c1,5.41
CCNC(=O)Nc1ccc(-c2nc3c(c(N4CCOC[C@@H]4C)n2)CCN(c2cc(C)ncn2)C3)cc1,5.08
CCNC(=O)Nc1ccc(-c2nc3c(c(N4CCOC[C@@H]4C)n2)CCN(c2ccnc(C)n2)C3)cc1,5.48
CCNC(=O)Nc1ccc(-c2nc3c(c(N4CCOC[C@@H]4C)n2)CCN(c2ncc(F)cn2)C3)cc1,5.85
CCNC(=O)Nc1ccc(-c2nc3c(c(N4CCOC[C@@H]4C)n2)CCN(c2ncccn2)C3)cc1,6.05
CCNC(=O)Nc1ccc(-c2nc3c(c(N4CCOC[C@@H]4C)n2)CN(C2COC2)CC3)cc1,5.6
CCNC(=O)Nc1ccc(-c2nc3c(c(N4CCOC[C@@H]4C)n2)C[C@@H]2CC[C@H]3N2S(C)(=O)=O)cc1,5.3
CCNC(=O)Nc1ccc(-c2nc3c(c(N4CCOC[C@@H]4C)n2)[C@H]2CC[C@@H](C3)N2C(C)=O)cc1,5.14
CCNC(=O)Nc1ccc(-c2nc3c(c(N4CCOC[C@@H]4C)n2)[C@H]2CC[C@@H](C3)N2S(C)(=O)=O)cc1,5.3
CCNC(=O)[C@H](C)/C=C/C(NC(=O)OCc1ccccc1)c1ccc(C(=O)OC)cc1,5.2
CCNC(=O)c1cc(NS(=O)(=O)c2cc(C)c(Cl)cc2Cl)ccc1Oc1cncc(Cl)c1,6.44
CCNC(=O)c1ccc2cc(C(O)(c3c[nH]cn3)C(C)C)ccc2c1,5.24
CCNC(=O)c1cccc(NC(=O)Nc2ccc(-c3ccnc4[nH]cnc34)cc2)c1,7.26
CCNC(=S)NCC,5.2
CCNC(C)(C)[C@@H](SS)c1ccc(Br)cc1,5.3
CCNC1=NN=C(c2ccc(C)cc2)CS1,4.8
CCNCCS(=O)(=O)CC[C@@H]1OCC[C@@]2(S(=O)(=O)c3ccc(Cl)cc3)c3c(F)ccc(F)c3OC[C@@H]12,5.85
CCNCCc1ccc(Cl)c(CN(C(=O)[C@H]2CNCC[C@@H]2c2ccc(OCCOc3c(Cl)cc(C)cc3Cl)cc2)C2CC2)c1,4.785
CCNCc1cc(Nc2ccnc3cc(Cl)ccc23)ccc1O,4.62
CCNCc1cc(OCC)c(OCC(=O)NCCc2ccccc2)cc1Cl.Cl,6.35
CCNCc1ccc(Cl)c(CN(C(=O)[C@H]2CNCC[C@@H]2c2ccc(OCCOc3c(Cl)cc(C)cc3Cl)cc2)C2CC2)c1,4.81
CCNS(=O)(=O)c1ccc(NC(=O)c2cc(C(F)(F)F)nn2C)cc1,5.2
CCNS(=O)(=O)c1cccc(CC(=O)Nc2nc(-c3c[nH]c4ncccc34)cs2)c1,5.03
CCN[C@@H](CC(C)C)c1cccc(F)c1N1CCN(C(=O)[C@@H](Cc2ccc(Cl)cc2Cl)N2CCCC2=O)CC1,6.19
CCN[C@@H]1CCC=C(c2ccc(F)cc2)[C@H]1CNc1cc(F)c(S(=O)(=O)Nc2nccs2)cc1Cl.Cl,4.78
CCN[C@@H]1CCC=C(c2ccc(F)cc2)[C@H]1COc1cc(F)c(S(=O)(=O)Nc2cscn2)cc1Cl.Cl,4.36
CCN[C@@H]1CCC=C(c2ccc(F)cc2)[C@H]1COc1cc(F)c(S(=O)(=O)Nc2nccs2)cc1Cl.Cl,4.67
CCN[C@H]1CC[C@@H](c2c[nH]c3ccc(NC(=N)c4cccs4)cc32)CC1.Cl,4.64
CCNc1cc(C(=O)N[C@@H](Cc2ccccc2)[C@H](O)CNCc2cccc(C(F)(F)F)c2)c(F)c(N2CCCC2=O)c1,4.66
CCNc1cc(C(=O)N[C@@H](Cc2ccccc2)[C@H](O)CNCc2cccc(C(F)(F)F)c2)c(F)c(N2CCCCS2(=O)=O)c1,6.1
CCNc1cc(O)ccc1C,4.6
CCNc1nc(-c2ccoc2)c(-c2cnc3[nH]nc(C)c3n2)cc1OC[C@@H](N)Cc1ccccc1,5.3
CCNc1nc(NC(C)C)nc(SCCOc2ccc(C)cc2)n1,4.8
CCNc1nc(Sc2ccc(C)cc2)cc(C(F)(F)F)n1,4.65
CCNc1nc2ccc(C(=O)N(CC(C)C)C[C@@H](O)[C@H](Cc3ccccc3)NC(=O)OCc3cncs3)cc2o1,7.55
CCNc1nc2ccc(C(=O)N(C[C@@H](O)[C@H](Cc3ccccc3)NC(=O)OCc3cncs3)CC(C)(C)O)cc2o1,7.01
CCNc1ncc2nc(-c3cc(F)cc(F)c3)c(=O)n(-c3ccc(OC)cc3)c2n1,5.0
CCNc1ncc2nc(-c3cc(F)cc(F)c3)c(=O)n(-c3ccccc3)c2n1,5.0
CCNc1ncc2nc(-c3cc(F)cc(F)c3)c(=O)n(CCOC)c2n1,5.1
CCNc1ncc2nc(-c3cc(F)cc(F)c3)c(=O)n(CCc3ccccc3)c2n1,4.9
CCNc1ncc2nc(-c3cc(F)cc(F)c3)c(=O)n(C[C@H]3CCCO3)c2n1,4.8
CCNc1ncc2nc(-c3cc(F)cc(F)c3)c(=O)n(Cc3cccs3)c2n1,5.3
CCNc1ncc2nc(-c3ccc(Cl)cc3)c(=O)n(Cc3ccc(F)cc3)c2n1,5.8
CCNc1ncc2nc(-c3ccc(F)cc3)c(=O)n(-c3ccc(OC)cc3)c2n1,4.7
CCNc1ncc2nc(-c3ccc(OC)cc3)c(=O)n(-c3ccc(OC)cc3)c2n1,4.9
CCNc1ncc2nc(-c3ccc(OC)cc3)c(=O)n(C)c2n1,4.5
CCNc1ncc2nc(-c3ccc(OC)cc3)c(=O)n(CCC#N)c2n1,4.8
CCNc1ncc2nc(-c3ccc(OC)cc3)c(=O)n(CCOC)c2n1,4.8
CCNc1ncc2nc(-c3ccc(OC)cc3)c(=O)n(C[C@H]3CCCO3)c2n1,4.6
CCNc1ncc2nc(-c3ccc(OC)cc3)c(=O)n(Cc3cccc(OC)c3)c2n1,4.6
CCNc1ncc2nc(-c3ccc(OC)cc3)c(=O)n(Cc3cccs3)c2n1,5.1
CCNc1ncc2nc(-c3cccc(C#N)c3)c(=O)n(C)c2n1,4.5
CCNc1ncc2nc(-c3cccc(C#N)c3)c(=O)n(CCC#N)c2n1,5.1
CCNc1ncc2nc(-c3ccccc3)c(=O)n(-c3ccc(OC)cc3)c2n1,4.9
CCNc1ncc2nc(-c3ccccc3)c(=O)n(CCC#N)c2n1,4.6
CCNc1ncc2nc(-c3ccccc3)c(=O)n(CCOC)c2n1,4.5
CCNc1ncc2nc(-c3ccccc3)c(=O)n(CCc3ccccc3)c2n1,4.8
CCNc1ncc2nc(-c3ccccc3)c(=O)n(C[C@H]3CCCO3)c2n1,4.9
CCNc1ncc2nc(-c3ccccc3)c(=O)n(Cc3ccc(F)cc3)c2n1,4.7
CCNc1ncc2nc(-c3ccccc3)c(=O)n(Cc3cccc(OC)c3)c2n1,5.0
CCNc1ncc2nc(-c3ccccc3)c(=O)n(Cc3cccs3)c2n1,4.8
CCNc1ncc2nc(-c3cccs3)c(=O)n(-c3ccc(OC)cc3)c2n1,5.0
CCNc1ncc2nc(-c3cccs3)c(=O)n(C)c2n1,4.9
CCNc1ncc2nc(-c3cccs3)c(=O)n(CCC#N)c2n1,5.2
CCNc1ncc2nc(-c3cccs3)c(=O)n(CCc3ccccc3)c2n1,4.8
CCNc1ncc2nc(-c3cccs3)c(=O)n(C[C@H]3CCCO3)c2n1,5.1
CCNc1ncc2nc(-c3cccs3)c(=O)n(Cc3ccc(F)cc3)c2n1,4.8
CCNc1ncc2nc(-c3cccs3)c(=O)n(Cc3cccc(OC)c3)c2n1,4.9
CCNc1ncc2nc(-c3cccs3)c(=O)n(Cc3cccs3)c2n1,5.2
CCNc1ncc2nc(-c3cn(C)c4ccccc34)c(=O)n(-c3ccccc3)c2n1,5.2
CCNc1ncc2nc(-c3cn(C)c4ccccc34)c(=O)n(C)c2n1,5.0
CCNc1ncc2nc(-c3cn(C)c4ccccc34)c(=O)n(CCC#N)c2n1,4.9
CCNc1ncc2nc(-c3cn(C)c4ccccc34)c(=O)n(C[C@H]3CCCO3)c2n1,5.1
CCNc1ncc2nc(-c3cn(C)c4ccccc34)c(=O)n(Cc3ccc(F)cc3)c2n1,4.8
CCNc1ncc2nc(-c3cn(C)c4ccccc34)c(=O)n(Cc3cccc(OC)c3)c2n1,5.4
CCNc1ncc2nc(-c3cn(C)c4ccccc34)c(=O)n(Cc3cccs3)c2n1,4.9
CCNc1ncc2nc(C)c(=O)n(CCc3ccccc3)c2n1,4.8
CCNc1ncc2nc(C)c(=O)n(Cc3ccc(F)cc3)c2n1,5.1
CCNc1ncc2nc(C)c(=O)n(Cc3cccc(OC)c3)c2n1,5.1
CCNc1ncc2nc(C)c(=O)n(Cc3cccs3)c2n1,4.8
CCNc1ncc2nc(CCc3ccccc3)c(=O)n(-c3ccc(OC)cc3)c2n1,5.2
CCNc1ncc2nc(CCc3ccccc3)c(=O)n(-c3ccccc3)c2n1,5.3
CCNc1ncc2nc(CCc3ccccc3)c(=O)n(C)c2n1,4.5
CCNc1ncc2nc(CCc3ccccc3)c(=O)n(C3CC3)c2n1,4.8
CCNc1ncc2nc(CCc3ccccc3)c(=O)n(CCC#N)c2n1,4.8
CCNc1ncc2nc(CCc3ccccc3)c(=O)n(CCOC)c2n1,4.8
CCNc1ncc2nc(CCc3ccccc3)c(=O)n(C[C@H]3CCCO3)c2n1,5.5
CCNc1ncc2nc(CCc3ccccc3)c(=O)n(Cc3ccc(F)cc3)c2n1,5.6
CCNc1ncc2nc(CCc3ccccc3)c(=O)n(Cc3cccc(OC)c3)c2n1,5.2
CCNc1ncc2ncc(=O)n(CCOC)c2n1,4.4
CCNc1ncc2ncc(=O)n(CCc3ccccc3)c2n1,4.8
CCNc1ncc2ncc(=O)n(Cc3ccc(F)cc3)c2n1,4.8
CCNc1ncc2ncc(=O)n(Cc3cccc(OC)c3)c2n1,4.9
CCNc1ncc2ncc(=O)n(Cc3cccs3)c2n1,4.7
CCNc1noc2c(-c3ccc4c(N5CCOC[C@@H]5C)nncc4c3)c(C)ccc12,5.0
CCO.Cn1c2c(c(=O)n(C)c1=O)C1(C(=O)Nc3ccccc31)C(C#N)=C(N)O2,4.65
CCO/C(C)=N/n1c2nc3ccccc3nc2c2c(=O)n(CC(C)C)c(C)nc21,4.55
CCO/C(O)=C/C1=NC(C)(C)Cc2cc(OC)c(O)cc21,5.0
CCO/C(O)=C1/C(C)=Nc2ncnn2C1c1cccnc1,4.95
CCO/C(O)=C1\C(C)=NC(SCC(N)=O)=C(C#N)C1c1ccccc1,4.8
CCOC(=O)/C(C#N)=C1/SC(CC)C(=O)N1c1ccc(Br)cc1,4.55
CCOC(=O)/C(C#N)=C\c1ccc(OCC(=O)Nc2ccc(C)cc2C)c(OC)c1,5.0
CCOC(=O)/C=C/c1c(OC)ccc2cc(-c3cccc(OC)c3)ccc12,5.8
CCOC(=O)/C=C/c1cc(O)c(O)cc1-c1cc2ccccc2o1,4.95
CCOC(=O)/C=C/c1cc(O)c2oc(-c3cc(O)c(O)c(O)c3)cc2c1,4.66
CCOC(=O)/C=C/c1ccc(/C=C/c2cc(O)c(O)c(O)c2)cc1,4.44
CCOC(=O)/C=C/c1ccc(C(F)(F)C(O)(Cn2cnnn2)c2ccc(F)cc2F)nc1,4.08
CCOC(=O)/C=C1\SCC(=O)N1CC(=O)Nc1ccc2c(c1)CCC2,4.85
CCOC(=O)C(/C=N/c1cccc(C)c1C)=C(/O)OCC,4.8
CCOC(=O)C(/C=N/c1ncccc1C)=C(/O)OCC,4.9
CCOC(=O)C(=Cc1ccc(-c2ccsc2C(=O)OC)o1)C(=O)OCC,4.4
CCOC(=O)C(=O)NCc1ccc(/C=C2\C(=O)C(C(=O)OC)=C(C)N2c2ccc(F)cc2)o1,4.65
CCOC(=O)C(=O)NCc1ccc(/C=C2\C(=O)C(C(=O)OC)=C(C)N2c2ccccc2)o1,4.75
CCOC(=O)C(C(=O)NCc1ccc(C)cc1)c1ncc(C(F)(F)F)cc1Cl,5.9
CCOC(=O)C(C)(C)Oc1ccc(Cl)cc1,5.0
CCOC(=O)C(C)CC(C)C(=O)N1CCOCCN(C(=O)C(C)CC(C)C(=O)OCC)CCOCC1,4.95
CCOC(=O)C(C)Sc1ncc(OC)c(Sc2ccc(Cl)cc2)n1,4.7
CCOC(=O)C(C)Sc1nnc(CNC(=O)c2ccc(OC)cc2)n1C1CCCCC1,6.05
CCOC(=O)C(CCc1ccccc1)NC(C)C(=O)N1C(C(=O)O)CC2CCCC21,4.8
CCOC(=O)C(CCc1ccccc1)NC1CCc2ccccc2N(CC(=O)O)C1=O.Cl,4.9
CCOC(=O)C(Cc1ccc(Cl)cc1Cl)c1ccno1,4.92
CCOC(=O)C(Cc1ccc(O)cc1)NC(C)=O,4.6
CCOC(=O)C(NC(=O)CC)(Nc1sc2c(c1C(=O)OC)CCN(C)C2)C(F)(F)F,4.9
CCOC(=O)C1(N(CC)CC)Sc2cc(C)ccc2NC1=O,5.1
CCOC(=O)C1(O)Oc2cc(OC)cc(OC)c2C(=O)C1c1ccccc1,4.7
CCOC(=O)C1(S(=O)(=O)c2ccc(Cl)cc2)CCN(Cc2ccc(Cl)cc2)CC1,5.15
CCOC(=O)C1(S(=O)(=O)c2ccccc2)CCN(Cc2ccccc2)CC1,5.3
CCOC(=O)C1=C(C)Cc2nc(N3CCC(C(=O)NS(=O)(=O)Cc4ccccc4)CC3)c(C#N)cc2C1,5.405
CCOC(=O)C1=C(C)N(C)C(S)=NC1c1ccccc1Cl,4.7
CCOC(=O)C1=C(C)N(Cc2ccccc2)C(=O)NC1c1ccc(OC)cc1,4.8
CCOC(=O)C1=C(C)N=C(C)/C(=C(\O)OCC)C1c1sccc1C,4.95
CCOC(=O)C1=C(C)NC(=O)N[C@@H]1c1coc2cc(C)cc(C)c2c1=O,5.4
CCOC(=O)C1=C(C)NC(=S)NC1c1cccc(O)c1,6.0
CCOC(=O)C1=C(C)NC(C)=C(C(=O)OC)[C@@H]1c1cccc(Cl)c1Cl,5.4
CCOC(=O)C1=C(C)NC(C)=C(C(=O)OC)[C@@H]1c1cccc([N+](=O)[O-])c1,5.0
CCOC(=O)C1=C(C)NC(C)=C(C(=O)OC)[C@H]1c1cccc(Cl)c1Cl,5.5
CCOC(=O)C1=C(C)NC(C)=C(C(=O)OC)[C@H]1c1cccc([N+](=O)[O-])c1,5.2
CCOC(=O)C1=C(C)NC(C)=C(C(=O)OCC)C1c1ccccc1/C=C/C(=O)OC(C)(C)C,6.05
CCOC(=O)C1=C(C)NC(c2ccccc2)=C(C(=O)OCc2ccc([N+](=O)[O-])cc2)[C@@H]1C#Cc1ccccc1,4.8
CCOC(=O)C1=C(C)Nc2nc3ccccc3n2C1c1cnoc1,5.31
CCOC(=O)C1=C(C)Nc2nc3ccccc3n2C1c1cocn1,5.19
CCOC(=O)C1=C(C)Nc2nc3ccccc3n2C1c1ncc[nH]1,5.34
CCOC(=O)C1=C(C)OC(N)=C(C#N)C12C(=O)N(C)c1ccccc12,5.2
CCOC(=O)C1=C(CN2c3ccccc3CC2C)NC(=O)NC1c1ccccc1,4.8
CCOC(=O)C1=C(COCCN)NC(C)=C(C(=O)OC)C1c1ccccc1Cl.O=S(=O)(O)c1ccccc1,5.0
CCOC(=O)C1=C(COc2ccc(F)cc2Cl)NC(=O)NC1c1cc(C)ccc1C,5.2
CCOC(=O)C1=C(CSc2nc3ccccc3s2)NC(=O)NC1c1cc(C)ccc1C,5.35
CCOC(=O)C1=C(CSc2nc3ccccc3s2)NC(=O)NC1c1cccc([N+](=O)[O-])c1,5.2
CCOC(=O)C1=C(N)N(c2cccc(C(F)(F)F)c2)C(C)=C(C(C)=O)C1c1ccc(Br)cc1,6.3
CCOC(=O)C1=C(N)N(c2cccc(C(F)(F)F)c2)C(C)=C(C(C)=O)C1c1ccc(C#N)cc1,4.6
CCOC(=O)C1=C(N)N(c2cccc([N+](=O)[O-])c2)C2=C(C(=O)CCC2)[C@@H]1c1ccc(Br)cc1,6.4
CCOC(=O)C1=C(N)N(c2cccc([N+](=O)[O-])c2)C2=C(C(=O)CCC2)[C@H]1c1ccc(Br)cc1,5.0
CCOC(=O)C1=C(N)Oc2ccc(Br)cc2[C@@H]1[C@@H](C#N)C(=O)OCC,4.5
CCOC(=O)C1=C(N)n2c(s/c(=C\c3ccco3)c2=O)=C(C(=O)OCC)C1c1ccco1,4.55
CCOC(=O)C1=C(NC(=S)NC(=O)c2ccccc2)c2ccccc2CC1(C)C,4.8
CCOC(=O)C1=C(Nc2ccc(C)cc2)S/C(=C\c2ccc(-c3ccccc3C(=O)O)o2)C1=O,4.55
CCOC(=O)C1=C(O)/C(=C/c2cc(OC)c(OC)c(OC)c2)N=C1C,4.75
CCOC(=O)C1=C(O)/C(=C\c2ccc(OC)c(OC)c2)N=C1C,4.8
CCOC(=O)C1=C(O)C(=O)N(Cc2ccccc2)C1,4.8
CCOC(=O)C1=C(O)C(Nc2nccs2)(C(F)(F)F)N=C1C,4.85
CCOC(=O)C1=C(c2ccccc2)N=C(S)NC1c1cc([N+](=O)[O-])ccc1OC,5.55
CCOC(=O)C1=C(c2ccccc2)N=c2s/c(=C\c3cc(OC)c(OC)c(OC)c3)c(=O)n2C1c1cccs1,5.15
CCOC(=O)C1=C(c2ccccc2)N=c2s/c(=C\c3ccc(O)cc3)c(=O)n2C1c1cccs1,5.45
CCOC(=O)C1=C(c2ccccc2)N=c2s/c(=C\c3cccc(O)c3)c(=O)n2C1c1cccs1,4.8
CCOC(=O)C1=C(c2ccccc2)N=c2s/c(=C\c3ccco3)c(=O)n2C1c1cccs1,4.65
CCOC(=O)C1=CC(OC(CC)CC)C(NC(C)=O)C(N)C1.O=C(O)C(O)C(O)C(=O)O,4.6
CCOC(=O)C1=C[C@@]2(CC)CCCN3CCc4c(n1c1ccccc41)C32,4.9
CCOC(=O)C1=C[C@@]2(CC)CCCN3CCc4c(n1c1ccccc41)[C@H]32,5.3
CCOC(=O)C1=NNC2(c3ccc(Cl)cc3)C(=O)N(c3cc(C)cc(C)c3)C(=O)C12,5.65
CCOC(=O)C1=NOC(CNC(=O)C2=NOC(CNC(=O)c3c(-c4ccccc4Cl)noc3C)C2)C1,4.9
CCOC(=O)C1C(=O)C=C(c2ccc(NS(C)(=O)=O)cc2)CC1c1ccco1,4.6
CCOC(=O)C1CCCN(C(=O)C2CCN(S(=O)(=O)N3CCC4(CC3)OCCO4)CC2)C1,4.7
CCOC(=O)C1CCCN(C(=O)CCCOc2cc(=O)n(C)c3ccccc23)C1,5.4
CCOC(=O)C1CCCN(C(=O)CCn2nc(-c3ccccc3)ccc2=O)C1,4.75
CCOC(=O)C1CCCN(C(=O)CSCc2ccccc2)C1,4.6
CCOC(=O)C1CCCN(C(=O)c2cc3nc(-c4ccc5c(c4)OCO5)cc(C(F)(F)F)n3n2)C1,5.4
CCOC(=O)C1CCCN(C(=O)c2sc3nc(-c4ccc(OC)cc4)cn3c2C)C1,4.85
CCOC(=O)C1CCCN(C/C=C/c2ccccc2[N+](=O)[O-])C1,4.6
CCOC(=O)C1CCCN(c2ncnc3c2cnn3-c2ccc(Cl)cc2)C1,4.6
CCOC(=O)C1CCCN(c2ncnc3c2cnn3-c2cccc(C)c2)C1,4.55
CCOC(=O)C1CCN(C(=O)C23CC4CC(CC(C4)C2)C3)CC1,4.4
CCOC(=O)C1CCN(c2c(NCc3ccc(C(=O)NCCC(C)C)cc3)c(=O)c2=O)CC1,5.1
CCOC(=O)C1CN(S(=O)(=O)c2cccc(C(F)(F)F)c2)c2cc(CC(=O)OC)ccc2O1,5.3
CCOC(=O)C1CSC(Cc2ccc(OCc3ccc([N+](=O)[O-])cc3)cc2)N1,4.8
CCOC(=O)CC(=O)CSc1n[nH]c2c3ccccc3nc-2n1,5.6
CCOC(=O)CC(=O)CSc1nc(-c2ccccc2)cc(-c2ccc(Cl)cc2)c1C#N,4.75
CCOC(=O)CC(=O)CSc1nc(-c2cccnc2)cc(C)c1C#N,4.95
CCOC(=O)CC(NC(=O)c1ccc(C)cc1)c1ccc(C)cc1,4.6
CCOC(=O)CC(Nc1nc(N2CCOCC2)nc(N2CCOCC2)n1)c1ccccc1Cl,4.6
CCOC(=O)CC(SP(=O)(OC)OC)C(=O)OCC,4.6
CCOC(=O)CC(SP(=S)(OC)OC)C(=O)OCC,6.0
CCOC(=O)CC1=C(C(=O)OCC)C2(C(=O)N1CC(=O)OC)C(C#N)=C(N)Oc1ccccc12,5.05
CCOC(=O)CC1C(=O)NCCN1S(=O)(=O)c1ccc(Cl)c(Cl)c1,4.9
CCOC(=O)CC1C(=O)NCCN1S(=O)(=O)c1ccccc1Cl,4.85
CCOC(=O)CCC(=O)O[C@H]1C(O[C@@H]2C(C)[C@H](O[C@H]3C[C@@](C)(OC)C(O)C(C)O3)C(C)C(=O)OC(CC)[C@@](C)(O)C(O)[C@H](C)C(=O)C(C)C[C@]2(C)O)OC(C)CC1N(C)C,4.7
CCOC(=O)CCCNC(=O)CCCNC(=O)C(c1ccccc1)c1ccccc1,5.05
CCOC(=O)CCCNC(=O)c1cncc(Br)c1,4.85
CCOC(=O)CCCc1c[nH]c2ccccc12,4.5
CCOC(=O)CCCn1c(=O)nc2n(CCCCOC(=O)C[C@@H]3CC4C5CC[C@H](O)C5CCC4[C@@]4(C)CCC(=O)C=C34)c3ccccc3cc-2c1=O,5.779999999999999
CCOC(=O)CCN1C(=O)[C@H]2[C@H]3[C@H](O)[C@H](O)C/C(=N/NC(=O)OCc4ccc(OC)cc4)[C@H]3CC[C@@H]2C1=O,5.5
CCOC(=O)CN1C(=O)S/C(=C/c2ccc(N3CCCCC3)o2)C1=O,4.65
CCOC(=O)CN1NC2(CCC(C(C)(C)C)CC2)N=C1S,4.85
CCOC(=O)CNC(=O)CSc1nnc(-c2ccncc2)n1-c1ccc(Cl)cc1,5.1
CCOC(=O)CNC(=O)N1CCN(c2ccc(/C=C/c3cc(Cl)cc(Cn4ccnc4)c3)cc2)CC1,5.78
CCOC(=O)CNCc1ccc(-c2cn(Cc3c(F)cccc3C(F)(F)F)c(=O)n(C[C@H](N)c3ccccc3)c2=O)cc1,6.46
CCOC(=O)CNS(=O)(=O)c1cc(-c2nn(C)c(=O)c3ccccc23)ccc1C,4.4
CCOC(=O)COc1c(OC)cc(Cl)cc1C1Nc2ccccc2C(=O)N1c1cccc(C)c1,5.4
CCOC(=O)COc1cc(OCC(=O)OCC)c2c(=O)cc(-c3ccccc3)oc2c1,4.7
CCOC(=O)COc1ccc(/C=C/[N+](=O)[O-])c(OCC(=O)OCC)c1,4.95
CCOC(=O)CSC1=C(C#N)C(c2ccccc2F)C(C(C)=O)=C(C)N1,4.85
CCOC(=O)CSC1=C(C#N)C(c2sccc2C)CC(=O)N1,4.8
CCOC(=O)CSC1=NC(=O)/C(=C\c2ccc(OC(C)=O)cc2)S1,4.85
CCOC(=O)CSc1cc(=O)n(C)c2cc(Cl)ccc12,4.65
CCOC(=O)CSc1cc(C[S+]([O-])c2ccc(Cl)cc2)nc(-c2ccccc2)n1,5.15
CCOC(=O)CSc1n[nH]c(-c2cccnc2)n1,4.8
CCOC(=O)CSc1n[nH]c(NC(=O)c2cccc(C)c2)n1,5.25
CCOC(=O)CSc1n[nH]c(NC(=O)c2ccccc2)n1,4.4
CCOC(=O)CSc1nc(O)c2cnn(-c3ccc(C)cc3)c2n1,5.5
CCOC(=O)CSc1nc2ccccc2c(=O)n1CC1CCC(C(=O)NCc2ccco2)CC1,5.3
CCOC(=O)CSc1ncc(OC)c(Sc2ccc(Cl)cc2)n1,4.6
CCOC(=O)CSc1nnc(CNC(=O)c2ccc(OC)cc2)n1C1CCCCC1,5.7
CCOC(=O)CSc1nnc(CSc2nc(O)c3c4c(sc3n2)CCCC4)n1-c1ccccc1,6.0
CCOC(=O)CSc1nnc(Cc2cc(O)nc(O)n2)n1-c1cccc(OC)c1,4.65
CCOC(=O)CSc1nnc(Cc2ccccc2)n1-c1cccc(Cl)c1,5.7
CCOC(=O)C[n+]1c(C)sc2ccc(OC)cc21.[Br-],5.45
CCOC(=O)Cc1c(C)nc2c(-c3ccccc3)c(-c3ccccc3)nn2c1O,5.65
CCOC(=O)Cc1csc(NC(=O)CCCCCN2C(=O)c3ccccc3C2=O)n1,5.4
CCOC(=O)Cc1csc(NC(=O)c2ccc(Cl)nc2)n1,4.85
CCOC(=O)Cc1csc(NC(=O)c2sc3nc4ccc(CC)cc4cc3c2N)n1,4.45
CCOC(=O)Cc1csc(NC(=S)NC(=O)c2ccc(Cl)cc2)n1,4.9
CCOC(=O)Cc1csc(NC(=S)NC(=O)c2ccc(F)cc2)n1,4.75
CCOC(=O)Cc1nnc(NC(=O)CSc2ccc(C)cc2)s1,5.15
CCOC(=O)Cn1c(=O)oc2cc(S(=O)(=O)NCCc3ccc(OCC)c(OCC)c3)ccc21,4.9
CCOC(=O)Cn1c(CN(Cc2ccccc2)Cc2ccccc2)nc2c1c(=O)[nH]c(=O)n2C,4.6
CCOC(=O)Cn1c2ccc([N+](=O)[O-])cc2c2ncnc(N3CCN(CCc4ccc(F)c(F)c4)CC3)c21,4.82
CCOC(=O)Cn1cc(C(=O)c2ccccc2F)c2ccccc21,4.45
CCOC(=O)Cn1nc(Cc2ccccc2)c2ccccc2c1=O,5.45
CCOC(=O)N(c1ccccc1)P1(=S)OCC(C)O1,4.9
CCOC(=O)N/N=C1/C[C@@H](O)[C@@H](O)[C@@H]2[C@@H]3C(=O)N(Cc4ccc5c(c4)OCO5)C(=O)[C@H]3CC[C@@H]12,5.4
CCOC(=O)N/N=C1/C[C@@H](O)[C@@H](O)[C@@H]2[C@@H]3C(=O)N(Cc4ccc5c(c4)OCO5)C(=O)[C@H]3CC[C@H]12,5.5
CCOC(=O)N1CC/C(=C/C#Cc2cccc(C)n2)C1,5.01
CCOC(=O)N1CC2(CC(=CC#Cc3cccc(C)n3)C2)C1,4.76
CCOC(=O)N1CCC(=C2c3ccc(Cl)cc3CCc3cccnc32)CC1,5.2
CCOC(=O)N1CCC(=CC#Cc2cccc(C)c2)CC1,5.27
CCOC(=O)N1CCC(=CC#Cc2cccc(Cl)c2)CC1,4.89
CCOC(=O)N1CCC(=CC#Cc2cccc(F)c2)CC1,5.38
CCOC(=O)N1CCC(NC(=O)CCC(=O)N2CC(C)Oc3ccc(C)cc32)CC1,5.05
CCOC(=O)N1CCC(NC(=O)CCC(=O)N2CCOc3ccccc32)CC1,5.0
CCOC(=O)N1CCC(NC(=O)CCc2nc(C3=CCN(C)CC3)no2)CC1,4.6
CCOC(=O)N1CCC(NC(=O)CS(=O)(=O)Cc2nc(-c3cccc(OC)c3)oc2C)CC1,5.15
CCOC(=O)N1CCC(NC(=O)CSCc2cnn(-c3ccccc3)c2-n2cccc2)CC1,4.9
CCOC(=O)N1CCC(NC(=O)c2cc(S(=O)(=O)N3CCCC3)cn2C)CC1,4.85
CCOC(=O)N1CCC(NS(=O)(=O)c2ccc3c(c2)C(C)(C)C(=O)N3C)CC1,4.8
CCOC(=O)N1CCN(C(=O)C(CC)n2nc(C)c3sc4ccccc4c3c2=O)CC1,5.15
CCOC(=O)N1CCN(C(=O)CNS(=O)(=O)c2cccs2)CC1,4.85
CCOC(=O)N1CCN(C(=O)CSCc2ccc(Cl)cc2)CC1,5.35
CCOC(=O)N1CCN(C(=O)CSCc2nc(-c3ccccc3F)oc2C)CC1,4.6
CCOC(=O)N1CCN(C(=O)c2cc(-c3ccc(F)cc3)[nH]c2C)CC1,4.95
CCOC(=O)N1CCN(C(=O)c2ccc3nc(SCc4ccc(F)cc4)n(C)c3c2)CC1,4.4
CCOC(=O)N1CCN(Cc2nc3c(c(=O)[nH]c(=O)n3C)n2Cc2ccccc2C)CC1,5.4
CCOC(=O)N1CCN(S(=O)(=O)c2ccc(C(=O)Nc3ccc(F)cc3F)cc2)CC1,4.85
CCOC(=O)N1CCN(c2cc(C)c3nc(-c4c(NC[C@@H](O)c5cccc(Cl)c5)cc[nH]c4=O)[nH]c3c2)CC1,6.0
CCOC(=O)N1Cc2nc(C)c(CN)c(-c3ccc(Cl)cc3Cl)c2C1=O,5.19
CCOC(=O)NC(=O)CSc1nc2cc(OCC)ccc2[nH]1,4.55
CCOC(=O)NCN1C(=O)C2C3C=CC(C3)C2C1=O,5.2
CCOC(=O)NC[C@H](Cc1ccc(OCCc2nc(-c3ccccc3)oc2C)cc1)N/C(C)=C/C(=O)c1ccc(C(F)(F)F)cc1,6.1
CCOC(=O)NCc1ccc2c(c1)cc(C)n2C,4.85
CCOC(=O)Nc1cc(-c2cncc(OC)c2)nc(-n2nc(C)cc2C)n1,4.7
CCOC(=O)Nc1ccc(NCc2ccc(F)cc2)nc1N,5.1
CCOC(=O)Nc1ccc2c(c1)N(C(=O)CCN1CCN(C)CC1)c1ccccc1S2.Cl,5.9
CCOC(=O)Nc1ccc2c(c1)N(C(=O)CCN1CCOCC1)c1ccccc1S2,5.3
CCOC(=O)Nc1ccc2c(c1)OCO2,4.85
CCOC(=O)OC(C)OC(=O)C1N2C(=O)C(NC(=O)C(N)c3ccccc3)C2SC1(C)C.Cl,5.9
CCOC(=O)OCC1C=C[C@H](c2cc(-c3ccccc3)ccc2O)C(c2ccc(C(C)=O)cc2)O1,5.5
CCOC(=O)OCC1OC(C#Cc2ccc(Br)cc2)C=CC1OC(=O)OCC,5.4
CCOC(=O)OCC1OC(C#Cc2ccc(C)cc2C)C=CC1OC(=O)OCC,5.4
CCOC(=O)OCC1OC(C#Cc2ccc(F)cc2F)C=CC1OC(=O)OCC,5.5
CCOC(=O)OCC1OC(C#Cc2ccccc2)C=CC1OC(=O)OCC,5.4
CCOC(=O)OCC1OC(C#Cc2ccccc2)C=CC1Oc1cccc(N(C)C)c1,5.4
CCOC(=O)OCC1OC(CCc2ccccc2)CCC1Oc1ccc(OC)cc1,5.4
CCOC(=O)OCC1OC(c2cc(C)cc(C)c2)C=CC1OC(=O)OCC,5.4
CCOC(=O)OCC1OC(c2ccccc2)C=CC1Oc1cccc(N(C)C)c1,5.5
CCOC(=O)O[C@@H](C)OC(=O)[C@@H]1N2C(=O)[C@@H](NC(=O)[C@@H](N)c3ccccc3)[C@H]2SC1(C)C,5.9
CCOC(=O)O[C@]1(C(=O)COC(=O)CC)CC[C@@H]2[C@@H]3CCC4=CC(=O)C=C[C@@]4(C)[C@H]3[C@H](O)C[C@]21C,4.9
CCOC(=O)[C@@H](Cc1cn(C)c2ccccc12)NC(=O)[C@@H](N)CC(C)C.Cl,5.3
CCOC(=O)[C@@]12C[C@@H]1/C(=N/O)c1ccccc1O2,4.3
CCOC(=O)[C@H](C)NP(=O)(COc1cc(C)c(C)c2c1-c1ncsc1C2)N[C@@H](C)C(=O)OCC,6.24
CCOC(=O)[C@H](Cc1ccc(NC(=O)c2c(Cl)cncc2Cl)cc1)NC(=O)[C@@H]1C[C@@H](NC2CCC2)CN1S(=O)(=O)c1cccc(C#N)c1,5.77
CCOC(=O)[C@H]1C(=O)N(c2cccc(C(F)(F)F)c2)C(C)=C(C(C)=O)[C@H]1c1ccc(C#N)cc1,5.4
CCOC(=O)[C@H]1C[C@@H]1COc1cc(CCCOC)cc(CN(C(=O)[C@H]2CNCC[C@@H]2c2ccc(OCCOc3c(Cl)cc(C)cc3Cl)cc2)C2CC2)c1,5.279999999999999
CCOC(=O)[C@]1(C(NC(=O)OC)c2ccccc2)CCCC1=O,5.6
CCOC(=O)[N-]c1c[n+](N2CCOCC2)no1,5.9
CCOC(=O)c1[nH]c(C)c(C(=O)C2=C(O)C(=O)N(CCN3CCOCC3)C2c2cccs2)c1C,4.85
CCOC(=O)c1[nH]c(C)c(C(=O)N2CCC3(CC2)OCCO3)c1C,4.65
CCOC(=O)c1[nH]c(C)c(C(=O)N2CCc3ccccc32)c1C,5.5
CCOC(=O)c1[nH]c(C)c(CN(CCc2ccccc2)C(=O)CCC(=O)O)c1C,4.6
CCOC(=O)c1[nH]c(COC(=O)CCOc2ccccc2OC)c(C(=O)OCC)c1C,5.05
CCOC(=O)c1[nH]c2cc(OC)c(OC)cc2c1NC(=O)c1ccc2c(c1)OCO2,5.1
CCOC(=O)c1[nH]c2cc(OC)c(OC)cc2c1NC(=O)c1nonc1C,5.55
CCOC(=O)c1[nH]c2cc3c(cc2c1NC(=O)CN1CCc2ccccc2C1)OCO3,6.15
CCOC(=O)c1[nH]c2ccc(OC)cc2c1NC(=O)c1ccc2c(c1)OCO2,5.85
CCOC(=O)c1[nH]c2ccccc2c1NC(=O)c1nonc1C,5.1
CCOC(=O)c1[nH]cc2c1NC1=C(C(=O)CCC1)C2c1ccc(Sc2nc3c(F)c(F)c(F)cc3[nH]2)o1,4.64
CCOC(=O)c1[nH]cc2c1NC1=C(C(=O)CCC1)C2c1ccc(Sc2nc3c(F)cc(F)cc3[nH]2)o1,6.0
CCOC(=O)c1[nH]cc2c1NC1=C(C(=O)CCC1)C2c1ccc(Sc2nc3c(N)cccc3[nH]2)o1,7.1
CCOC(=O)c1[nH]cc2c1NC1=C(C(=O)CCC1)C2c1ccc(Sc2nc3c(O)cccc3[nH]2)o1,6.31
CCOC(=O)c1[nH]cc2c1NC1=C(C(=O)CCC1)C2c1ccc(Sc2nc3cc(F)c(F)cc3[nH]2)o1,5.08
CCOC(=O)c1[nH]cc2c1NC1=C(C(=O)CCC1)C2c1ccc(Sc2nc3cc(F)ccc3[nH]2)o1,4.92
CCOC(=O)c1[nH]cc2c1NC1=C(C(=O)CCC1)C2c1ccc(Sc2nc3ccc(F)c(F)c3[nH]2)o1,4.47
CCOC(=O)c1[nH]cc2c1NC1=C(C(=O)CCC1)C2c1ccc(Sc2nc3cccc(Cl)c3[nH]2)o1,7.3
CCOC(=O)c1[nH]cc2c1NC1=C(C(=O)CCC1)C2c1ccc(Sc2nc3cccc(F)c3[nH]2)o1,5.35
CCOC(=O)c1[nH]cc2c1NC1=C(C(=O)CCC1)C2c1ccc(Sc2nc3ccccc3[nH]2)o1,6.72
CCOC(=O)c1[nH]cc2c1NC1=C(C(=O)CCC1)[C@H]2c1cccc(Oc2nc3ccccc3[nH]2)c1,6.0
CCOC(=O)c1[nH]cc2c1NC1=C(C(=O)CN(C(=O)CN)C1)[C@H]2c1ccc(Sc2nc3ccccc3[nH]2)o1.Cl,6.3
CCOC(=O)c1[nH]cc2c1NC1=C(C(=O)CNC1)C2c1ccc(Sc2nc3ccccc3[nH]2)o1.Cl.O,6.77
CCOC(=O)c1c(-c2ccc(-c3ccccc3)cc2)csc1NC(=O)C1C2CCC(O2)C1C(=O)O,4.75
CCOC(=O)c1c(-c2ccc(C)o2)csc1NC(=S)NC(=O)N(C)C,4.8
CCOC(=O)c1c(-c2ccc(OC)cc2)csc1NC(=O)CCN1C(=O)c2ccccc2C1=O,5.35
CCOC(=O)c1c(-c2cccc(C)c2)csc1NC(=O)c1c(-c2ccccc2)noc1C,5.25
CCOC(=O)c1c(-c2ccccc2)cn2ccccc12,4.9
CCOC(=O)c1c(-c2ccccc2)nc2c(C)cccn12,4.85
CCOC(=O)c1c(C)[nH]c(C(=O)C(C)Sc2ccc(Cl)cc2)c1C,5.6
CCOC(=O)c1c(C)[nH]c(C(=O)COC(=O)c2ccccc2NC(=O)c2ccco2)c1C,5.5
CCOC(=O)c1c(C)[nH]c(C(=O)CSc2nnc(-c3cccs3)n2Cc2ccccc2)c1C,6.95
CCOC(=O)c1c(C)[nH]c(C)c1C(=O)COC(=O)c1ccc(S(=O)(=O)N(CC)CC)cc1,6.55
CCOC(=O)c1c(C)[nH]c(C)c1C(=O)COC(=O)c1cccc(S(=O)(=O)N(CC)CC)c1,6.5
CCOC(=O)c1c(C)[nH]c2c1cc(O)c1ccccc12,5.4
CCOC(=O)c1c(C)[nH]c2ccc3c(c12)CN1CCc2cc(OC)ccc2[C@@H]1O3,5.6
CCOC(=O)c1c(C)c(C(=O)N2CCCCCC2)c(C)n1C,5.1
CCOC(=O)c1c(C)c(C(=O)NCCN2CCOCC2)c(C)n1CC,4.6
CCOC(=O)c1c(C)cc(O)c(C=O)c1O,4.4
CCOC(=O)c1c(C)cc(O)cc1O,4.6
CCOC(=O)c1c(C)cc(OC)cc1O,4.5
CCOC(=O)c1c(C)n(C)c2ccc(OC(=O)c3ccco3)cc12,4.8
CCOC(=O)c1c(C)n(C)c2ccc(OC)c(NC(=O)CN3CCCCC3)c12,4.85
CCOC(=O)c1c(C)n(C)c2ccc(OC)c(NC(=O)CN3CCN(Cc4ccccc4)CC3)c12,4.85
CCOC(=O)c1c(C)n(C)c2ccc(OC)c(NS(=O)(=O)c3ccc(Cl)s3)c12,5.8
CCOC(=O)c1c(C)nc2c(c1-c1ccc(OC)cc1)C(=O)CC(C)(C)C2,5.0
CCOC(=O)c1c(C)oc2c1cc(O)c1ccccc12,4.85
CCOC(=O)c1c(CC(C)C)csc1NC=O,4.65
CCOC(=O)c1c(N2C(=O)Nc3cc(Cl)c(Cl)cc3N2O)sc2c1CCCCC2,5.0
CCOC(=O)c1c(N=C(S)Nc2ccccc2)sc2c1CCN(CCc1ccccc1)C2,4.65
CCOC(=O)c1c(NC(=O)/C=C/c2ccc3c(c2)OCO3)sc(C)c1CC,5.3
CCOC(=O)c1c(NC(=O)C2C3CCC(O3)C2C(=O)O)sc(C)c1-c1ccc(C)cc1,4.9
CCOC(=O)c1c(NC(=O)CCC(=O)N2CCOCC2)sc2c1CC(C)(C)OC2,4.9
CCOC(=O)c1c(NC(=O)CCCN2CCOCC2)sc2c1CC(C)(C)OC2,5.15
CCOC(=O)c1c(NC(=O)CCc2ccc(CC)o2)sc(C)c1C,4.9
CCOC(=O)c1c(NC(=O)CSc2nnnn2C)sc(C)c1C,4.85
CCOC(=O)c1c(NC(=O)Cn2cc([N+](=O)[O-])cn2)sc2c1CCC2,5.0
CCOC(=O)c1c(NC(=O)Nc2ccccc2)sc(C)c1C,4.6
CCOC(=O)c1c(NC(C)=O)sc2c(OC)cccc12,5.7
CCOC(=O)c1c2c(n3ccccc13)C(=O)c1ccccc1C2=O,5.5
CCOC(=O)c1cc(-c2ccc(Cl)cc2)nc2c1c(C)nn2CCC#N,4.6
CCOC(=O)c1cc(-c2ccccc2)sc1N=C(S)Nc1cc(C)ccn1,5.55
CCOC(=O)c1cc(C#N)c(N2CC(C(=O)NS(=O)(=O)Cc3ccc(C)cc3)C2)nc1C,4.7
CCOC(=O)c1cc(C#N)c(N2CC(C(=O)NS(=O)(=O)Cc3ccc(Cl)cc3)C2)nc1C,5.48
CCOC(=O)c1cc(C#N)c(N2CCC(C(=O)NS(=O)(=O)Cc3ccc(F)cc3)CC2)nc1C,5.35
CCOC(=O)c1cc(C#N)c(N2CCC(C(=O)NS(=O)(=O)Cc3ccc(F)cc3F)CC2)nc1C,5.85
CCOC(=O)c1cc(C#N)c(N2CCC(C(=O)NS(=O)(=O)Cc3ccccc3)CC2)nc1C,4.7
CCOC(=O)c1cc(C#N)c(Oc2ccccc2OC)nc1-c1ccccc1,4.95
CCOC(=O)c1cc(CC)sc1NC(=O)C(c1ccccc1)c1ccccc1,4.95
CCOC(=O)c1cc(CC)sc1NC(=O)c1cc(OCC)c(OCC)c(OCC)c1,4.65
CCOC(=O)c1cc(NC(=O)c2ccc(C)cc2)c(=O)oc1-c1ccccc1,4.55
CCOC(=O)c1cc2c(=O)n3cccc(C)c3nc2n(CCCOC)/c1=N\C(=O)c1cccnc1,5.8
CCOC(=O)c1cc2c(=O)n3ccccc3nc2n(CCCOC)/c1=N\C(=O)C(C)(C)C,4.8
CCOC(=O)c1cc2c(=O)n3ccccc3nc2n(CCOC)/c1=N\C(=O)C(C)(C)C,4.5
CCOC(=O)c1cc2c(ccn2C)n1CC(=O)N1CCCC(C)C1,4.85
CCOC(=O)c1cc2sc(C)cc2n1CC(=O)N1CCN(C(=O)c2ccco2)CC1,4.85
CCOC(=O)c1cc2sc(C)cc2n1CCCN1C(=O)c2ccccc2C1=O,5.5
CCOC(=O)c1ccc(-c2ccc(/C=C(\C#N)C(=O)NCC3CCCO3)o2)cc1,4.7
CCOC(=O)c1ccc(C#Cc2ccc3c(c2)C(C)(C)CCS3)nc1,5.5
CCOC(=O)c1ccc(N)cc1,4.8
CCOC(=O)c1ccc(N/C=C/C(=O)c2ccc(OC)cc2)cc1,5.2
CCOC(=O)c1ccc(N2C(=O)c3n[nH]c(C(C)(C)C)c3C2c2ccccc2OC)cc1,5.3
CCOC(=O)c1ccc(NC(=NS(=O)(=O)c2ccccc2C)c2ccccc2)cc1,5.7
CCOC(=O)c1ccc(NC(=O)C2(c3ccccc3)CCCC2)cc1,5.15
CCOC(=O)c1ccc(NC(=O)COc2ccccc2OC)cc1,4.5
CCOC(=O)c1ccc(Nc2nc(-c3cccnc3)nc3ccccc23)cc1,4.95
CCOC(=O)c1ccc(Nc2nc(C(=O)OCC)nc3ccccc23)cc1,4.45
CCOC(=O)c1ccc(S(=O)(=O)Nc2ccc3c[nH]nc3c2)cc1,6.1
CCOC(=O)c1cccc(NC(=O)COc2ccc([N+](=O)[O-])cc2)c1,4.8
CCOC(=O)c1cccc(NC(=O)Nc2ccc(-c3ccnc4[nH]cnc34)cc2)c1,7.36
CCOC(=O)c1cccc2c1-c1ccccc1/C2=N/O,4.55
CCOC(=O)c1cnc(-n2nc(C)cc2C)nc1NCCO,4.6
CCOC(=O)c1cnc2c(C)cc(C)cc2c1O,4.6
CCOC(=O)c1cnc2c(N=Nc3cccc(Cl)c3)c(N)nn2c1N,4.9
CCOC(=O)c1cnc2c(cnn2CC)c1NN=C(C)C,4.85
CCOC(=O)c1cnc2cc(-c3ccc(C)cc3)nn2c1-c1ccccc1,4.7
CCOC(=O)c1cnc2ccc(C)cc2c1Sc1ccccc1C(=O)OC,4.4
CCOC(=O)c1cncn1C(C)c1ccccc1,6.0
CCOC(=O)c1cncn1[C@@H](C)c1ccccc1,6.1
CCOC(=O)c1cnn(-c2ccc(C(C)C)cc2)c1NC(=O)C1CCC1,4.4
CCOC(=O)c1cnn(-c2ccccc2)c1-n1cccc1C(=O)C(=O)Nc1ccccc1C(F)(F)F,5.35
CCOC(=O)c1cnn(CCOC(=O)C(C)(C)C)c1NC(=O)C(C)(C)C,4.9
CCOC(=O)c1nn(-c2ccccc2)c(-c2ccccc2)c1C(=O)c1ccccc1,4.8
CCOC(=O)c1nnc(-c2ccccc2)nc1NCc1ccccc1,4.6
CCOC(=O)c1nnn(-c2nc(OC)nc(N3CCCCC3)n2)c1-c1ccccc1,4.8
CCOC(=O)c1nnn(-c2nonc2N)c1-c1ccccc1,4.8
CCOC(=O)c1oc2ccccc2c1NC(=O)c1cc(OC)cc(OC)c1,5.1
CCOC(=O)c1oc2ccccc2c1NC(=O)c1ccc(S(=O)(=O)N(C)C)cc1,4.85
CCOC(=O)c1oc2ccccc2c1NC(=O)c1ccc2c(c1)OCO2,5.65
CCOC(=O)c1oc2cnccc2c1Nc1ccc2c(c1)CC/C2=N/O,5.08
CCOC(=O)c1oc2nc(CC(C)C)c3c(c2c1N)CCC3,5.5
CCOC(=O)c1sc(=N)n(-c2ccc(OC)cc2)c1C,5.15
CCOC(=O)c1sc(C)c2c(=O)n(Cc3ccc(Cl)cc3)c(C)nc12,4.95
CCOC(=O)c1sc(N(Cc2ccccc2)C(=O)CN2C(=O)CN(C)C2=O)nc1C,4.9
CCOC(=O)c1sc(NC(=O)CCCCCN2C(=O)c3cccc4cccc(c34)C2=O)nc1C,5.3
CCOC(=O)c1sc(NC(=O)CSc2n[nH]c(-c3ccc(Cl)cc3Cl)n2)c(C#N)c1C,5.0
CCOC(=O)c1sc(NC(=O)CSc2nc(C)cc(C)n2)c(C#N)c1C,5.0
CCOC(=O)c1sc2cnccc2c1Nc1ccc2c(c1)CC/C2=N/O,7.3
CCOC(=O)c1sc2nc(CC(=O)OC)nc(NCc3ccc(F)cc3)c2c1C,5.35
CCOC(=O)n1c(=O)n(Cc2c(Cl)cccc2Cl)c2ccccc21,4.8
CCOC(=O)n1c(=O)n(Cc2ccccc2Cl)c2ccccc21,4.8
CCOC(C(=O)OCCCN(CC)CC)(c1ccccc1)c1ccccc1.Cl,6.15
CCOC(c1cc(OC)cc([N+](=O)[O-])c1OC)C(C)C(OC)[C@@H](C)/C=C/CC(=O)OC,5.4
CCOC1(c2ccc(Br)cc2)SC=C(C)n2c1noc2=O,4.72
CCOC1(c2ccc(OC)cc2)SC=C(C)n2c1noc2=O,4.76
CCOC1(c2ccccc2)SC=C(C)n2c1noc2=O,4.72
CCOCC(=O)Nc1c(C(=O)Nc2ccccc2OC)oc2ccccc12,5.2
CCOCC(=O)Nc1cc(C(=O)Nc2cccc(C)c2C)ccc1Cl,4.6
CCOCCCN1C(=O)C(C)(c2cc(F)cc(F)c2)Oc2ccc(-c3c(N)nc(N)nc3CC)cc21,5.97
CCOCCCN1C(=O)CN(C2CCCCC2)C(=O)C1c1ccc(OCC)c(OC)c1,4.9
CCOCCCN1C(=O)CN(C2CCCCCC2)C(=O)C1c1ccc(OC)cc1,4.9
CCOCCCN1CC(C(=O)NCCc2ccc(C)cc2)CC1=O,4.8
CCOCCCNC(=O)/C(=C/c1ccc[nH]1)NC(=O)c1ccccc1,4.6
CCOCCCNC(=O)C1CCN(S(=O)(=O)N2CC(C)CC(C)C2)CC1,4.8
CCOCCCn1c(=N)c(C(=O)NCc2ccc3c(c2)OCO3)cc2c(=O)n3cccc(C)c3nc21,5.85
CCOCCCn1c(=O)n(C2CCN(C(=O)C3CCN(Cc4ccncc4)CC3)CC2)c2ccccc21,4.97
CCOCCCn1cnc2c(c1=O)c1nc3ccccc3nc1n2-c1ccccc1,4.7
CCOCCn1c(=O)n(C2CCN(C(=O)C3CCN(Cc4ccncc4)CC3)CC2)c2ccccc21,4.87
CCOCCn1c(CN(Cc2ccccc2)Cc2ccccc2)nc2c1c(=O)[nH]c(=O)n2C,4.8
CCOCN(C(=O)CCl)c1c(C)cccc1CC,4.8
CCOCc1c(C(=O)NCc2cncn2C)cnn1-c1ncc(C)c(N2CCCCC2)n1,6.0
CCOP(=O)(Cn1ccc(NC(=O)c2cc(Oc3cnc(C(=O)N4CCC4)cn3)cc(OC(C)C)c2)n1)OCC,4.52
CCOP(=O)(NC(C)C)Oc1ccc(SC)c(C)c1,5.0
CCOP(=O)(OCC)C(NC(=O)C(Cl)Cl)C(Cl)(Cl)Cl,4.5
CCOP(=O)(OCC)c1nc(/C=C/c2ccccc2)oc1NCc1ccccc1,4.85
CCOP(=S)(OCC)Oc1cc(C)nc(C(C)C)n1,5.3
CCOP(=S)(OCC)Oc1ccc([N+](=O)[O-])cc1,5.15
CCOP(=S)(OCC)Oc1ccc2c(C)c(Cl)c(=O)oc2c1,5.7
CCOP(=S)(OCC)Oc1nc(Cl)c(Cl)cc1Cl,5.3
CCOP(=S)(OCC)SCCSCC,4.7
CCOP(=S)(OCC)SCn1c(=O)oc2cc(Cl)ccc21,6.1
CCO[C@@H]([C@H]1C[C@@H](C)[C@H]2[C@H](O1)[C@H](O)[C@@]1(C)[C@@H]3CC[C@H]4C(C)(C)[C@@H](O[C@H]5CN(C6CN(C(C)C)C6)CCO5)CC[C@@]45C[C@@]35CC[C@]21C)C(C)(C)O,4.515
CCO[C@@H]([C@H]1C[C@@H](C)[C@H]2[C@H](O1)[C@H](O)[C@@]1(C)[C@@H]3CC[C@H]4C(C)(C)[C@@H](O[C@H]5CN(C6CN(C)C6)CCO5)CC[C@@]45C[C@@]35CC[C@]21C)C(C)(C)O,5.165
CCO[C@@H]([C@H]1C[C@@H](C)[C@H]2[C@H](O1)[C@H](O)[C@@]1(C)[C@@H]3CC[C@H]4C(C)(C)[C@@H](O[C@H]5CN(C6CN(C7CCC7)C6)CCO5)CC[C@@]45C[C@@]35CC[C@]21C)C(C)(C)O,4.135
CCO[C@@H]([C@H]1C[C@@H](C)[C@H]2[C@H](O1)[C@H](O)[C@@]1(C)[C@@H]3CC[C@H]4C(C)(C)[C@@H](O[C@H]5CN(C6CN(C7COC7)C6)CCO5)CC[C@@]45C[C@@]35CC[C@]21C)C(C)(C)O,5.359999999999999
CCO[C@@H]([C@H]1C[C@@H](C)[C@H]2[C@H](O1)[C@H](O)[C@@]1(C)[C@@H]3CC[C@H]4C(C)(C)[C@@H](O[C@H]5CN(C6CN(CC(C)(C)O)C6)CCO5)CC[C@@]45C[C@@]35CC[C@]21C)C(C)(C)O,5.545
CCO[C@@H]([C@H]1C[C@@H](C)[C@H]2[C@H](O1)[C@H](O)[C@@]1(C)[C@@H]3CC[C@H]4C(C)(C)[C@@H](O[C@H]5CN(C6CN(CCO)C6)CCO5)CC[C@@]45C[C@@]35CC[C@]21C)C(C)(C)O,5.404999999999999
CCO[C@@H]([C@H]1C[C@@H](C)[C@H]2[C@H](O1)[C@H](O)[C@@]1(C)[C@@H]3CC[C@H]4C(C)(C)[C@@H](O[C@H]5CN(C6CN(CCOC)C6)CCO5)CC[C@@]45C[C@@]35CC[C@]21C)C(C)(C)O,5.425000000000001
CCO[C@@H]([C@H]1C[C@@H](C)[C@H]2[C@H](O1)[C@H](O)[C@@]1(C)[C@@H]3CC[C@H]4C(C)(C)[C@@H](O[C@H]5CN(CC6CN(C(C)C)C6)CCO5)CC[C@@]45C[C@@]35CC[C@]21C)C(C)(C)O,4.8100000000000005
CCO[C@@H]([C@H]1C[C@@H](C)[C@H]2[C@H](O1)[C@H](O)[C@@]1(C)[C@@H]3CC[C@H]4C(C)(C)[C@@H](O[C@H]5CN(CC6CN(C)C6)CCO5)CC[C@@]45C[C@@]35CC[C@]21C)C(C)(C)O,4.6
CCO[C@@H]([C@H]1C[C@@H](C)[C@H]2[C@H](O1)[C@H](O)[C@@]1(C)[C@@H]3CC[C@H]4C(C)(C)[C@@H](O[C@H]5CN(CC6CN(C7CCC7)C6)CCO5)CC[C@@]45C[C@@]35CC[C@]21C)C(C)(C)O,5.0
CCO[C@@H]([C@H]1C[C@@H](C)[C@H]2[C@H](O1)[C@H](O)[C@@]1(C)[C@@H]3CC[C@H]4C(C)(C)[C@@H](O[C@H]5CN(CC6CN(C7COC7)C6)CCO5)CC[C@@]45C[C@@]35CC[C@]21C)C(C)(C)O,5.449999999999999
CCO[C@@H]([C@H]1C[C@@H](C)[C@H]2[C@H](O1)[C@H](O)[C@@]1(C)[C@@H]3CC[C@H]4C(C)(C)[C@@H](O[C@H]5CN(CC6CN(CC(C)(C)O)C6)CCO5)CC[C@@]45C[C@@]35CC[C@]21C)C(C)(C)O,4.904999999999999
CCO[C@@H]([C@H]1C[C@@H](C)[C@H]2[C@H](O1)[C@H](O)[C@@]1(C)[C@@H]3CC[C@H]4C(C)(C)[C@@H](O[C@H]5CN(CC6CN(CCO)C6)CCO5)CC[C@@]45C[C@@]35CC[C@]21C)C(C)(C)O,4.77
CCO[C@@H]([C@H]1C[C@@H](C)[C@H]2[C@H](O1)[C@H](O)[C@@]1(C)[C@@H]3CC[C@H]4C(C)(C)[C@@H](O[C@H]5CN(CC6CN(CCOC)C6)CCO5)CC[C@@]45C[C@@]35CC[C@]21C)C(C)(C)O,4.885
CCO[C@@H]([C@H]1C[C@@H](C)[C@H]2[C@H](O1)[C@H](O)[C@@]1(C)[C@@H]3CC[C@H]4C(C)(C)[C@@H](O[C@H]5CN(CCOC)CCO5)CC[C@@]45C[C@@]35CC[C@]21C)C(C)(C)O,5.96
CCO[C@H](c1cc(OC)cc([N+](=O)[O-])c1OC)[C@H](C)/C=C\CC(=O)OC,5.4
CCO[C@H]1O[C@@H]([C@H](COCc2ccccc2)OCc2ccccc2)[C@@H](OCc2ccccc2)[C@H]1O,5.1
CCOc1c(Cl)cc(C(=O)Nc2ccccc2-c2ccccc2)cc1Cl,4.85
CCOc1c(OC(C)=O)ccc(/C=C/c2ccc3cccc(OC(C)=O)c3n2)c1[N+](=O)[O-],5.0
CCOc1c(OC(C)=O)ccc(/C=C2\N=C(SCC)SC2=O)c1[N+](=O)[O-],4.4
CCOc1c2ccc(C(=O)NCc3cc(C(F)(F)F)cc(C(F)(F)F)c3)cc2nn1C,4.9
CCOc1c2ccc(C(=O)NCc3ccc(OC)cc3)cc2nn1CCOC,4.6
CCOc1c2ccc(C(=O)NCc3ccccc3OC)cc2nn1CC,4.8
CCOc1c2ccc(C(=O)NCc3ccco3)cc2nn1CC,4.5
CCOc1c2ccc(C(=O)NCc3ccco3)cc2nn1CCOC,4.65
CCOc1c2ccc(C(=O)N[C@H](C)C3CCCCC3)cc2nn1CC,4.6
CCOc1cc(-c2noc(N)c2C#N)cc(OCC)c1OCC,6.7
CCOc1cc(/C=C2/C(=N)N3C=CSC3=NC2=O)ccc1OCCCOc1ccccc1C,4.8
CCOc1cc(/C=C2/C(=O)N(c3ccccc3)N=C2C)ccc1OC(=O)c1ccco1,4.6
CCOc1cc(/C=C2/NC(=O)N(CC(=O)Nc3cccc(C)c3)C2=O)ccc1OC,5.75
CCOc1cc(/C=C2\C(=O)N(Cc3ccc(C)cc3)C(C)=C2C(=O)OC)ccc1O,6.0
CCOc1cc(/C=C2\N=C(C)OC2=O)cc(Br)c1OCC(=O)OC,5.0
CCOc1cc(/C=N/NC(=O)COc2cccc(C)c2)ccc1OC(=O)c1cccs1,4.85
CCOc1cc(/C=N/NC(=O)Cc2ccc(C(F)(F)F)cc2[N+](=O)[O-])c(Br)cc1OC,5.05
CCOc1cc(/C=N/NC(=O)c2cc(C)[nH]n2)ccc1OC(=O)c1ccc([N+](=O)[O-])cc1,4.65
CCOc1cc(/C=N/NC(=O)c2cccc([N+](=O)[O-])c2)ccc1OS(=O)(=O)c1ccccc1,5.05
CCOc1cc(/C=N/O)cc(Cl)c1OC,4.5
CCOc1cc(/C=N/O)ccc1OS(=O)(=O)c1ccc(C)cc1,4.95
CCOc1cc(/C=N/n2cnnc2)c(Br)cc1O,4.85
CCOc1cc(/C=N/n2cnnc2)ccc1OC(=O)c1cccc([N+](=O)[O-])c1,4.8
CCOc1cc(C#N)c(NC(=O)c2cccnc2)cc1OCC,4.9
CCOc1cc(C(=O)N(C)Cc2cccc3cn[nH]c23)ccc1-c1cccc(F)c1,5.55
CCOc1cc(C(=O)N[C@@H](CC(=O)O)c2ccccc2C)nn1-c1ccccc1F,7.82
CCOc1cc(C)c(S(=O)(=O)Nc2ccc3c[nH]nc3c2)cc1C,6.5
CCOc1cc(C)ccc1OCc1nnc(SCC(=O)c2cccc([N+](=O)[O-])c2)n1C,5.85
CCOc1cc(C)ccc1OCc1nnc(SCC(=O)c2cccc([N+](=O)[O-])c2)n1CC,5.55
CCOc1cc(C2CC(=O)c3c(ccc4ccccc34)N2)ccc1O,5.0
CCOc1cc(C2NC(=O)NC(c3ccccc3)=C2C(C)=O)ccc1OCC(N)=O,4.7
CCOc1cc(CC(=O)N[C@@H](CC(C)C)c2ccccc2N2CCCCC2)ccc1C(=O)O,4.9
CCOc1cc(CNCCCN2CCOCC2)cc(Br)c1OCC(=O)Nc1cccc(C(F)(F)F)c1.Cl,5.35
CCOc1cc(CNCCO)c(Cl)cc1OCC(=O)NCCc1ccccc1,6.1
CCOc1cc(CNCCO)cc(Br)c1OCc1ccccc1Cl.Cl,5.7
CCOc1cc(CNCCc2ccc(S(N)(=O)=O)cc2)cc(Cl)c1OCc1ccccc1.Cl,6.35
CCOc1cc(CNCCc2ccc(S(N)(=O)=O)cc2)ccc1OCc1ccc(Cl)cc1.Cl,6.4
CCOc1cc(CNCc2cccs2)cc(Br)c1OC.Cl,5.45
CCOc1cc(CNc2ccc(OC)cc2)cc(Br)c1OCC(=O)NC(C)(C)C,4.8
CCOc1cc(C[C@H]2COC(O)[C@@H]2Cc2cc(OC)c(OC)c(OC)c2)cc2c1OCO2,6.36
CCOc1cc(N)c(Cl)cc1C(=O)NCC1CN(Cc2ccc(F)cc2)CCO1,6.16
CCOc1cc(NC(=O)C2CCCCC2)c(OCC)cc1NC(=O)c1ccco1,5.95
CCOc1cc(NC(=O)CC(C)C)c(OCC)cc1N=C(S)Nc1cccc(C)c1,4.95
CCOc1cc(NC(=O)c2ccc(C)cc2)c(OCC)cc1N=C(S)Nc1cccc(OC)c1,4.9
CCOc1cc(NC(=O)c2ccc(OC)cc2)c(OCC)cc1N=C(S)Nc1ccccc1,4.85
CCOc1cc(NC(=O)c2cccc(C)c2)c(OCC)cc1N=C(S)NCC1CCCO1,4.9
CCOc1cc(NC(=O)c2ccccc2C)c(OCC)cc1N=C(S)NCC1CCCO1,4.9
CCOc1cc(NC(=O)c2cccs2)c(OCC)cc1NC(=O)c1ccco1,6.75
CCOc1cc(OCC)c(C(C)=O)cc1OCC,4.8
CCOc1cc(S(=O)(=O)N(Cc2ccccc2)Cc2ccccc2)c(OCC)cc1-n1cnnn1,4.9
CCOc1cc2[nH]c(=O)n(CCC(=O)NCc3ccc(OC)cc3)c(=O)c2cc1OCC,5.45
CCOc1cc2[nH]c(=O)n(CCCC(=O)NCc3ccc(OC)cc3)c(=O)c2cc1OCC,5.6
CCOc1cc2[nH]c(=S)n(CCC(=O)N3CCc4ccccc4C3)c(=O)c2cc1OCC,5.45
CCOc1cc2[nH]c(=S)n(CCCC(=O)NCc3ccco3)c(=O)c2cc1OCC,5.4
CCOc1cc2c(cc1-c1cccnc1)CCC(=O)N2C,4.05
CCOc1ccc(-c2c(=O)n(OCc3ccccn3)c3ccccc3[n+]2[O-])cc1,4.9
CCOc1ccc(-c2cc(CCCC(=O)NCCc3ccc(OC)c(OC)c3OC)no2)cc1,5.15
CCOc1ccc(-c2cc(CCCC(=O)Nc3cc(OC)ccc3OC)no2)cc1,5.45
CCOc1ccc(-c2ccc(-c3cc(CC(=O)[O-])ccc3OC)c(CN(CC)C(=O)C3CC3)c2)cn1.[Na+],8.7
CCOc1ccc(-c2nn(-c3ccccc3)cc2/C=C(\C#N)S(=O)(=O)c2ccccc2)cc1C,4.95
CCOc1ccc(-c2nnc(-c3ccncc3)o2)cc1,5.8
CCOc1ccc(-c2nnc3ccc(SCC(=O)NCc4ccco4)nn23)cc1,5.1
CCOc1ccc(-c2nnc3n2N=C(c2ccc(OC)cc2)CS3)cc1,4.8
CCOc1ccc(-c2nnn(CC(=O)Nc3cc(OC)ccc3OC)n2)cc1OCC,5.45
CCOc1ccc(-n2c(Cc3ccccc3)nnc2SCc2c(C)noc2C)cc1,6.1
CCOc1ccc(-n2c(N)c(C(=O)NCc3cccnc3)sc2=S)cc1,5.7
CCOc1ccc(-n2c(O)nnc2SCC(=O)Nc2ccccc2C)cc1,4.9
CCOc1ccc(-n2c(SCC(=O)Nc3ccc(OC)cc3)nc3c(c2=O)SCC3)cc1,5.1
CCOc1ccc(-n2c(SCC(=O)Nc3ccc(OC)cc3OC)nc3c(c2=O)SCC3)cc1,4.8
CCOc1ccc(-n2c([C@@H](C)N(Cc3cccnc3)C(=O)Cc3ccc(OC(F)(F)F)cc3)nc3ncccc3c2=O)cc1,5.04
CCOc1ccc(-n2cc(C(=O)NCc3ccco3)c3cc(OC)c(OC)cc3c2=O)cc1,4.65
CCOc1ccc(-n2ccnc2SCC(=O)Nc2nnc(C)s2)cc1,4.85
CCOc1ccc(-n2ccnc2SCC(=O)Nc2nnc(CC)s2)cc1,4.85
CCOc1ccc(/C=C/C2=Cc3c(sc(NC(=O)CSc4n[nH]c(N)n4)c3C#N)C(C)(C)C2)cc1,4.8
CCOc1ccc(/C=N/Nc2nc(N3CCCC3)nc(N3CCCC3)n2)cc1OC,4.9
CCOc1ccc(C(=O)C2=C(O)C(=O)N(CCCn3ccnc3)C2c2cccs2)cc1Cl,6.55
CCOc1ccc(C(=O)CCNC(Cc2c[nH]cn2)C(=O)O)cc1,4.8
CCOc1ccc(C(=O)CN2CCN(S(=O)(=O)c3ccc(F)cc3)CC2)cc1,5.2
CCOc1ccc(C(=O)Cc2cc(OC)c(OC)cc2[N+](=O)[O-])cc1,5.1
CCOc1ccc(C(=O)NC(=S)N(Cc2ccccc2)Cc2ccccc2)cc1,5.0
CCOc1ccc(C(=O)Nc2ccc(NC(=O)c3ccco3)c(Cl)c2)cc1Br,4.65
CCOc1ccc(C(=O)Nc2cccc(-c3cc4ccccc4oc3=O)c2)cc1[N+](=O)[O-],5.0
CCOc1ccc(C(=O)Nc2cccc(-c3nc4cccnc4o3)c2)cc1Cl,5.2
CCOc1ccc(C(=O)Nc2cnn(Cc3ccc(Cl)c(Cl)c3)c2)cc1,4.65
CCOc1ccc(C(C)=O)cc1N1C(=O)C2C3C=CC(C3=C(C)C)C2C1=O,4.95
CCOc1ccc(C(F)(F)F)cc1NC(=O)c1ccc(OC)c([N+](=O)[O-])c1,4.65
CCOc1ccc(C(Nc2ccc(C)cc2)P2(=O)OCC(C)(C)CO2)cc1,5.4
CCOc1ccc(C2=Nn3c(nnc3-c3ccccc3OC)SC2)cc1,4.85
CCOc1ccc(C2=Nn3c(nnc3-c3ccco3)SC2)cc1,4.8
CCOc1ccc(CC(=O)Nc2cc(-n3nc(C)cc3C)nc(-c3ccccn3)n2)cc1OC,5.16
CCOc1ccc(CC(=O)Nc2sc(Cc3ccccc3)c(C)c2C(N)=O)cc1OCC,4.7
CCOc1ccc(CCNC(=O)C2CC(=O)N(C3CCCC3)C2)cc1OCC,4.85
CCOc1ccc(CCNC(=O)C2CCN(S(=O)(=O)CC)CC2)cc1OCC,5.15
CCOc1ccc(CCNC(=O)CCCN2C(=O)c3ccccc3C2=O)cc1OCC,5.15
CCOc1ccc(CN(C(=O)c2oc3ccccc3c2C)C2CCS(=O)(=O)C2)cc1,4.9
CCOc1ccc(CNC(=O)C2CC(=O)N(C3CCCC3)C2)cc1OC,4.6
CCOc1ccc(CNC(=O)C2CCC(=O)N2C2CCCC2)cc1OC,4.6
CCOc1ccc(Cc2ccc(CC)cc2)cc1[C@@H]1C[C@H](CO)[C@@H](O)[C@H](O)[C@H]1O,4.44
CCOc1ccc(Cc2nc3cc(N=C=S)ccc3n2CCN(CC)CC)cc1,5.9
CCOc1ccc(Cc2nccc3cc(OCC)c(OCC)cc23)cc1OCC,5.3
CCOc1ccc(Cc2nccc3cc(OCC)c(OCC)cc23)cc1OCC.Cl,4.9
CCOc1ccc(N(C(=O)/C=C/C(=O)Nc2cc(C)on2)C(C(=O)NC2CCCC2)c2ccccc2C)cc1,6.05
CCOc1ccc(N(C(C)C(=O)NC(C)CC)S(C)(=O)=O)cc1,4.85
CCOc1ccc(N(CC(=O)NCc2ccc(OC)cc2)S(=O)(=O)c2c(C)noc2C)cc1,6.2
CCOc1ccc(N(CCC#N)S(=O)(=O)c2ccc(OC)cc2)cc1,4.95
CCOc1ccc(N/N=C(/C#N)C(N)=O)cc1,4.7
CCOc1ccc(N2C(=O)/C(=C/c3cc(OC)c(OC)c(OC)c3)N(CC(=O)OC)C2=S)cc1,4.8
CCOc1ccc(N2C(=O)C3C4C=CC(CC4)C3C2=O)c([N+](=O)[O-])c1,4.7
CCOc1ccc(N2C(=O)CN=C2Nc2ccccc2Cl)cc1,4.8
CCOc1ccc(N2C(=O)CS/C2=N/NC(=O)COc2ccc3ccccc3c2)cc1,6.05
CCOc1ccc(N2CC(C(=O)NCc3cccc(C)c3)CC2=O)cc1,5.1
CCOc1ccc(NC(=O)C(C)Oc2ccccc2C(=O)Nc2ccc(C)c(Cl)c2)cc1,5.1
CCOc1ccc(NC(=O)CCNS(=O)(=O)c2ccc3c(c2)c(=O)n(C)c(=O)n3C)cc1,4.85
CCOc1ccc(NC(=O)CN2CCN(S(=O)(=O)c3ccc(Cl)cc3)CC2)cc1,4.85
CCOc1ccc(NC(=O)CSc2nc(C)c3c(c2C#N)CCCC3)cc1,4.9
CCOc1ccc(NC(=O)CSc2nnc(CCNC(=O)c3ccc(OC)cc3)n2CC)cc1,5.15
CCOc1ccc(NC(=O)Cn2nnc(C(=O)NCc3ccccc3OC)c2N)cc1,4.95
CCOc1ccc(NC(=O)N(C2CCCCC2)C(C)c2ccncc2)cc1,4.8
CCOc1ccc(NC(=O)N(CCN2CCOCC2)Cc2ccc3c(c2)CCCN3CC)cc1,4.95
CCOc1ccc(NC(=O)c2ccc(-n3cnnn3)cc2)cc1,4.47
CCOc1ccc(NC(=O)c2oc3ccccc3c2NC(=O)CC)cc1,4.8
CCOc1ccc(NC(=S)N(Cc2ccc(Cl)cc2)Cc2ccco2)cc1,5.45
CCOc1ccc(NC(=S)N(Cc2ccc(N(C)C)cc2)Cc2ccco2)cc1,5.15
CCOc1ccc(NC2=NCC(=O)N2Cc2cccs2)cc1.Cl,4.75
CCOc1ccc(NCc2nnc(SCc3ccccc3Cl)n2-c2ccccc2)cc1,4.85
CCOc1ccc(OC(=O)NC(c2ccccc2)C(Cl)(Cl)Cl)cc1,4.85
CCOc1ccc(OCC)c(-c2c(=O)n(OCc3ccc(C(C)(C)C)cc3)c3ccccc3[n+]2[O-])c1,4.9
CCOc1ccc(OCC)c(-c2c(=O)n(OCc3ccccc3C(=O)OC)c3ccccc3[n+]2[O-])c1,4.85
CCOc1ccc(OCC)c(NC(=O)C2CCCN(S(=O)(=O)c3cccs3)C2)c1,5.25
CCOc1ccc(OCC)c(NC(=O)CN(C)S(=O)(=O)c2c[nH]cn2)c1,5.55
CCOc1ccc(OCCOCCN2CCc3ccccc3C2)cc1,4.6
CCOc1ccc(OCc2ccc(C(=O)N3CCc4ccccc4C3)o2)cc1,4.4
CCOc1ccc(OCc2ccc(C(=O)NCc3cccnc3)o2)cc1,5.55
CCOc1ccc(S(=O)(=O)NCc2ccc(F)cc2)c2cccnc12,4.8
CCOc1ccc2[nH]c(SCc3ccccn3)nc2c1,6.4
CCOc1ccc2c(=O)n(-c3ccc4nc5n(c4c3)CCN(C)C5)c(=O)n(-c3ccc(OC(F)F)cc3)c2n1,4.43
CCOc1ccc2c(c1)C(C)=CC(C)(C)N2,4.9
CCOc1ccc2c(c1)Oc1cc(OCC)ccc1C21OC(=O)c2ccccc21,6.0
CCOc1ccc2nc(C)cc(Nc3ccc4c(c3)OCCO4)c2c1.Cl,4.6
CCOc1ccc2nc(N)sc2c1,4.8
CCOc1ccc2nc(N3CCCCCC3)sc2c1,4.45
CCOc1ccc2nc(O)c(CN(CCCO)Cc3nnnn3CCc3ccccc3)cc2c1,5.05
CCOc1ccc2nc(O)c(CN(CCc3ccccc3)C(=O)N3CCCC3)cc2c1,5.45
CCOc1ccc2nc(O)c(CN(CCc3ccccc3)C(=O)N3CCOCC3)cc2c1,5.1
CCOc1ccc2nc(SCc3ccccc3C#N)sc2c1,4.9
CCOc1ccc2nnc(Sc3ccc4nc(NC(=O)NCCN5CCOCC5)sc4c3)n2n1,5.4
CCOc1cccc(C(=O)C2=C(O)C(=O)N(Cc3cccnc3)C2c2ccco2)c1,4.9
CCOc1cccc(C(=O)C2=C(O)C(=O)N(Cc3ccco3)C2c2ccncc2)c1,4.65
CCOc1cccc(C2C(C(=O)c3ccc(C)o3)=C(O)C(=O)N2Cc2ccncc2)c1,5.3
CCOc1cccc(CNC(=O)c2ccc(-c3ccncc3)cc2)c1,7.1
CCOc1cccc(CNCCNC(=O)c2nonc2N)c1.Cl,5.3
CCOc1cccc(N)c1,4.5
CCOc1cccc2cc(C(N)=O)/c(=N/Cc3ccccc3)oc12,4.85
CCOc1ccccc1-n1nnnc1SCC(=O)Nc1cc(C)on1,5.4
CCOc1ccccc1/C=N/NC(=O)Cc1csc(Nc2cccc(C(F)(F)F)c2)n1,4.85
CCOc1ccccc1C1C(C#N)=C(N)Oc2[nH]nc(CC)c21,5.15
CCOc1ccccc1C1C(C(N)=O)=C(C)Nc2nc(-c3ccc(OC)cc3)nn21,4.9
CCOc1ccccc1C[C@@H](c1ccccc1)N1CCNCC1.Cl,5.0
CCOc1ccccc1C[C@H](c1ccccc1)N1CCNCC1,4.52
CCOc1ccccc1C[C@H](c1ccccc1)N1CCNCC1.Cl,4.52
CCOc1ccccc1NC(=O)C1=C(C)NC(=O)NC1c1cccc(OC)c1OC,5.4
CCOc1ccccc1NC(=O)CCn1c(=O)oc2ccccc21,4.85
CCOc1ccccc1NC(=O)CSc1nnc(-c2cnccn2)n1C,5.05
CCOc1ccccc1Nc1nc(-c2sc(NC(=O)c3cccc(Cl)c3)nc2C)cs1,5.0
CCOc1ccccc1Nc1nc(-c2sc(NC(=O)c3ccccc3)nc2C)cs1,5.1
CCOc1ccccc1O[C@@H](c1ccccc1)[C@@H]1CNCCO1,5.0
CCOc1ccccc1Oc1c(C)oc2cc(OC(=O)c3ccco3)ccc2c1=O,4.7
CCOc1nc(Cl)ccc1C1(N2CCN(c3ccnc(C)c3)CC2)C(=O)N(S(=O)(=O)c2ccc(OC)cn2)c2ccc(C#N)cc21,5.8100000000000005
CCOc1nc(Cl)ccc1C1(N2CCN(c3ccncc3)CC2)C(=O)N(S(=O)(=O)c2ccc(OC)cn2)c2ccc(C#N)cc21,7.0
CCOc1nc(N2CCCCC2)nc(-n2cc(-c3ccccc3)nn2)n1,4.8
CCOc1nc(N2C[C@H]3C(=O)N(C)C(=N)N[C@@]3(c3cc(-c4cccc(C#N)c4)cs3)C2)ncc1F,6.16
CCOc1nc(NCCN2CCOCC2)nc(Nc2ccc(C)cc2)n1,4.8
CCOc1nc(NCCc2ccc(OC)c(OC)c2)nc(NC(C)(C)CO)n1,4.95
CCOc1nc2cccc(C(=O)O)c2n1Cc1ccc(-c2ccccc2-c2nnn[nH]2)cc1,5.05
CCOc1nc2cccc(C(=O)OC(C)OC(=O)OC3CCCCC3)c2n1Cc1ccc(-c2ccccc2-c2nn[nH]n2)cc1,4.9
CCOc1nn(-c2ccccc2)c(O)c1/C=N/c1ccc(Cl)cc1,4.7
CCS(=O)(=O)N(C)[C@@H]1c2cc(C#N)ccc2OC(C)(C)[C@H]1O,4.8
CCS(=O)(=O)N(Cc1cccnc1)c1cncc(-c2nc3ccccc3s2)c1,5.98
CCS(=O)(=O)N1CCC(=CC#Cc2cccc(C)n2)CC1,4.76
CCS(=O)(=O)N1CCC(C(=O)NCCCOC)CC1,7.25
CCS(=O)(=O)N1CCC[C@H]2CN3CCc4cc(OC)ccc4[C@@H]3C[C@@H]21,5.3
CCS(=O)(=O)N1CCN(c2ccc(/C=C/c3cc(F)cc(-c4ccncc4)c3)cc2)CC1,6.61
CCS(=O)(=O)N1CCN(c2ccc(OC[C@@H]3CO[C@@](Cn4ccnc4)(c4ccc(Cl)cc4Cl)O3)cc2)CC1,6.79
CCS(=O)(=O)NCC(c1cccnc1)N1CCN(c2ccccc2F)CC1,4.85
CCS(=O)(=O)NCCc1cc2ccc(C)cc2nc1O,4.4
CCS(=O)(=O)Nc1ccc(C2=NN(C(=O)c3ccco3)C(c3ccc(C)cc3)C2)cc1,5.4
CCS(=O)(=O)Nc1cccc(C(=C2CCCCC2)c2c[nH]cn2)c1,6.5
CCS(=O)(=O)Nc1cccc(CC(=O)Nc2nc(-c3c[nH]c4ncccc34)cs2)c1,5.23
CCS(=O)(=O)c1cc2cc(CC(O)(CC(C)(C)c3ccc(F)cc3C(N)=O)C(F)(F)F)[nH]c2cn1,4.58
CCS(=O)(=O)c1cc2cc(CC(O)(CC(C)(C)c3ccccc3C(N)=O)C(F)(F)F)[nH]c2cn1,4.85
CCS(=O)(=O)c1cc2cc(C[C@](O)(CC(C)(C)c3ccc(F)cc3C(N)=O)C(F)(F)F)[nH]c2cn1,5.1
CCS(=O)(=O)c1cc2cc(C[C@](O)(CC(C)(C)c3ccccc3C(N)=O)C(F)(F)F)[nH]c2cn1,4.47
CCS(=O)(=O)c1ccc(C(=O)Nc2ccccc2)c(Cl)c1Cl,5.3
CCS(=O)(=O)c1ccc2[nH]c(-c3cc(-c4ccccc4)ccc3C)nc2c1,5.23
CCS(=O)(=O)c1ccc2[nH]c(-c3cc(-c4ccccc4)ccc3Cl)nc2c1,5.3
CCS(=O)(=O)c1ccc2[nH]c(-c3cc(-c4ccccc4)ccc3F)nc2c1,4.85
CCS(=O)(=O)c1ccc2[nH]c(-c3cc(-c4ccccc4)ccn3)nc2c1,5.16
CCS(=O)(=O)c1ccc2[nH]c(-c3ccc(C)c(-c4ccccc4)c3)nc2c1,5.24
CCS(=O)(=O)c1ccc2[nH]c(-c3ccc(Cl)c(-c4ccccc4)c3)nc2c1,5.58
CCS(=O)(=O)c1ccc2[nH]c(-c3ccc(F)c(-c4ccccc4)c3)nc2c1,5.25
CCS(=O)(=O)c1ccc2[nH]c(-c3cccc(-c4ccccc4)c3)nc2c1,5.05
CCS(=O)(=O)c1ccc2[nH]c(-c3cccc(-c4ccccc4)c3C)nc2c1,5.28
CCS(=O)(=O)c1ccc2[nH]c(-c3cccc(-c4ccccc4)c3Cl)nc2c1,5.42
CCS(=O)(=O)c1ccc2[nH]c(-c3cccc(-c4ccccc4)c3F)nc2c1,5.18
CCS(=O)(=O)c1ccc2[nH]c(-c3cccc(-c4ccccc4)n3)nc2c1,5.11
CCS(=O)(=O)c1ccc2[nH]c(-c3ccnc(-c4ccccc4)c3)nc2c1,5.06
CCS(=O)(=O)c1ccc2[nH]c(-c3cncc(-c4ccccc4)c3)nc2c1,5.11
CCS(=O)(=O)c1ccc2c(c1)N(S(=O)(=O)c1ccc(OC)cc1)CC(C(=O)O)O2,4.65
CCS(=O)(=O)c1ccc2oc(Nc3cc(C)cc(C)c3)nc2c1,4.55
CCSC(=N)Nc1ccc(C(F)(F)F)cc1,4.4
CCSC1=C(C#N)C2(CCCCC2)C(C#N)=C(N)N1,5.05
CCSc1c(C(=O)NC)ccc2c1C(=O)c1ccccc1C2=O,4.9
CCSc1cc(N2CCCC2)nc(-c2ccc(F)cc2)n1,4.5
CCSc1ccc([C@H](c2cc3cc(Br)ccc3nc2OC)[C@@](O)(CCN(C)C)c2cccc(F)c2)cn1,5.0
CCSc1ccc2c(c1)N(CCCN1CCN(C)CC1)c1ccccc1S2.O=C(O)C[C@@H](O)C(=O)O.O=C(O)C[C@@H](O)C(=O)O,5.0
CCSc1nc(O)c2c(n1)N=C(C)/C(=C(/O)OC(C)C)C2c1ccncc1,5.95
CCSc1nc2cc(OC)ccc2[nH]1,4.3
CCSc1nc2ccccc2n1C(=O)/C=C\c1ccc(OC)c(OC)c1,4.7
CCSc1ncc(/C=N/Nc2ccc(F)cc2)n1C,5.8
CCSc1nnc(C(N)Cc2ccccc2)o1.Cl,4.95
CCSc1nnc(NC(=O)CSc2nc3c(cc2C#N)CCCC3)s1,5.0
CCSc1nnc([C@@H](N)Cc2c[nH]c3ccccc23)o1.Cl,4.85
CCSc1nnc2n(N)c(=O)c3ccccc3n12,4.8
CC[C@@H](C(=O)Nc1ccc(C(N)=O)c(F)c1)n1cc(OC)c(-c2cc(Cl)ccc2-n2cc(C(F)(F)F)nn2)cc1=O,4.77
CC[C@@H](C(=O)Nc1ccc(C(N)=O)c(F)c1)n1cc(OC)c(-c2cc(Cl)ccc2-n2cc(C(F)F)nn2)cc1=O,5.08
CC[C@@H](C(=O)Nc1ccc(C(N)=O)c(F)c1)n1cc(OC)c(-c2cc(Cl)ccc2-n2cc(Cl)nn2)cc1=O,5.62
CC[C@@H](C(=O)Nc1ccc(C(N)=O)cc1)n1cc(OC)c(-c2cc(Cl)ccc2-n2cc(Cl)nn2)cc1=O,4.9
CC[C@@H](C(=O)Nc1ccc2nc(C)c(C)nc2c1)n1cc(OC)c(-c2cc(Cl)ccc2-n2cc(C(F)(F)F)nn2)cc1=O,5.35
CC[C@@H](C(=O)Nc1ccc2nccnc2c1)n1cc(OC)c(-c2cc(Cl)ccc2-n2cc(C(F)F)nn2)cc1=O,5.23
CC[C@@H](C(=O)Nc1ccc2nn(C(F)F)cc2c1)n1cc(OC)c(-c2cc(Cl)ccc2-n2cc(Cl)nn2)cc1=O,5.08
CC[C@@H](C)n1ncn(-c2ccc(N3CCN(c4ccc(OC[C@@H]5CO[C@@](Cn6cncn6)(c6ccc(Cl)cc6Cl)O5)cc4)CC3)cc2)c1=O,8.4
CC[C@@H](C)n1ncn(-c2ccc(N3CCN(c4ccc(OC[C@@H]5CO[C@](Cn6cncn6)(c6ccc(Cl)cc6Cl)O5)cc4)CC3)cc2)c1=O,7.58
CC[C@@H](C)n1ncn(-c2ccc(N3CCN(c4ccc(OC[C@H]5CO[C@@](Cn6cncn6)(c6ccc(Cl)cc6Cl)O5)cc4)CC3)cc2)c1=O,7.8
CC[C@@H](C)n1ncn(-c2ccc(N3CCN(c4ccc(OC[C@H]5CO[C@](Cn6cncn6)(c6ccc(Cl)cc6Cl)O5)cc4)CC3)cc2)c1=O,8.4
CC[C@@H](CC[C@H](CC)NC(=O)[C@@H](NC(=O)N(C)Cc1csc(C(C)C)n1)C(C)C)NC(=O)OCc1cncs1,6.72
CC[C@@H](CO)Nc1nc(NCc2ccccc2)c2ncn(C(C)C)c2n1,4.9
CC[C@@H](CS(=O)(=O)C(C)(C)C)N1C(=O)[C@@](C)(CC(=O)CO)C[C@H](c2cccc(Cl)c2)[C@H]1c1ccc(Cl)cc1,6.16
CC[C@@H](CS(=O)(=O)C(C)(C)C)N1C(=O)[C@@](C)(CC(=O)NS(=O)(=O)C(F)(F)F)C[C@H](c2cccc(Cl)c2)[C@H]1c1ccc(Cl)cc1,5.42
CC[C@@H](CS(=O)(=O)C(C)(C)C)N1C(=O)[C@@](C)(CC(N)=O)C[C@H](c2cccc(Cl)c2)[C@H]1c1ccc(Cl)cc1,5.89
CC[C@@H](CS(=O)(=O)C(C)(C)C)N1C(=O)[C@@](C)(Cc2nnn[nH]2)C[C@H](c2cccc(Cl)c2)[C@H]1c1ccc(Cl)cc1,5.6
CC[C@@H](CS(=O)(=O)C(C)(C)C)N1C(=O)[C@@](C)(Cc2noc(=O)[nH]2)C[C@H](c2cccc(Cl)c2)[C@H]1c1ccc(Cl)cc1,5.92
CC[C@@H](Cn1cc(C#N)c2ccccc21)NS(=O)(=O)c1c(N)cc(Cl)cc1Cl,5.24
CC[C@@H](Cn1cc(C)c2ccccc21)NS(=O)(=O)c1c(N)cc(Cl)cc1Cl,6.03
CC[C@@H](Cn1ccc2ccccc21)NS(=O)(=O)c1c(N)cc(Cl)cc1Cl,6.24
CC[C@@H](NC(=O)c1ccc2c(c1)ncn2Cc1ncc(F)cc1F)c1ccccc1,4.35
CC[C@@H](Nc1c(C#N)c(-c2ccc(-c3cccc(Cl)c3F)cc2)nc2cnccc12)C(N)=O,5.04
CC[C@@H]([C@H](C)O)n1ncn(-c2ccc(N3CCN(c4ccc(OC[C@@H]5CO[C@@](Cn6cncn6)(c6ccc(F)cc6F)C5)cc4)CC3)cc2)c1=O,6.955
CC[C@@H](c1ccc(-c2ccc(=O)n(CC)c2)cc1)N1CC[C@](CC(C)(C)O)(c2ccccc2)OC1=O,4.32
CC[C@@H](c1ccc(-c2ccc(F)cc2)cc1)N1CC[C@](CCCO)(c2ccccc2)OC1=O,5.82
CC[C@@H](c1ccc(-c2ccn(C)c(=O)c2)cc1)N1CC[C@](CC)(c2ccccc2)OC1=O,5.1
CC[C@@H](c1ccccc1)n1c(=O)n2n(c1=O)[C@H]1[C@H](O)[C@H]3O[C@@H]3/C(=N/OC/C=C(\C)CCC=C(C)C)[C@@H]1CC2,5.4
CC[C@@H](c1ccccc1)n1c(=O)n2n(c1=O)[C@H]1[C@H](O)[C@H]3O[C@@H]3/C(=N/OC[C@@H](O)COCc3ccco3)[C@@H]1CC2,5.4
CC[C@@H](c1ccccc1)n1c(=O)n2n(c1=O)[C@H]1[C@H](O)[C@H]3O[C@@H]3/C(=N/OCc3ccccc3)[C@@H]1CC2,5.3
CC[C@@H]1C(=O)N(C)c2cnc(Nc3cc4c(cc3OC)N(C(=O)CN3CCN(S(C)(=O)=O)CC3)CC4)nc2N1C1CCCC1,5.93
CC[C@@H]1C(=O)N(C)c2cnc(Nc3cc4c(cc3OC)N(C(=O)CN3C[C@@H](C)N[C@@H](C)C3)CC4)nc2N1C1CCCC1,5.36
CC[C@@H]1C(=O)N(C)c2cnc(Nc3ccc(-c4noc(CN5CCCNCC5)n4)cc3OC)nc2N1C1CCCC1,5.3
CC[C@@H]1C(=O)N(C)c2cnc(Nc3ccc(-c4noc(CN5CCNCC5)n4)cc3OC)nc2N1C1CCCC1,5.46
CC[C@@H]1C(=O)OC[C@@H]1Cc1cncn1C.O=[N+]([O-])O,4.9
CC[C@@H]1CCC[C@H](C2(CC(=O)N3CC4CCC(C3)N4C)CC2)N1S(=O)(=O)c1ccc(Cl)cc1,5.33
CC[C@@H]1CCC[C@H](C2(CC(=O)N3CC4CCC(C3)N4CCO)CC2)N1S(=O)(=O)c1ccc(Cl)cc1,5.66
CC[C@@H]1CCC[C@H](C2(CC(=O)N3CCC(N4CCCCC4)CC3)CC2)N1S(=O)(=O)c1ccc(Cl)cc1,5.92
CC[C@@H]1CCC[C@H](C2(CC(=O)N3CCC4(CCN4)CC3)CC2)N1S(=O)(=O)c1ccc(Cl)cc1,5.25
CC[C@@H]1CCC[C@H](C2(CC(=O)N3CCCCC3)CC2)N1S(=O)(=O)c1ccc(Cl)cc1,5.58
CC[C@@H]1CCC[C@H](C2(CC(=O)N3CCC[C@H]3CO)CC2)N1S(=O)(=O)c1ccc(Cl)cc1,5.05
CC[C@@H]1CCC[C@H](C2(CC(=O)N3CCN(C(C)(C)CO)CC3)CC2)N1S(=O)(=O)c1ccc(Cl)cc1,5.33
CC[C@@H]1CCC[C@H](C2(CC(=O)N3CCN4CCCC[C@H]4C3)CC2)N1S(=O)(=O)c1ccc(Cl)cc1,5.38
CC[C@@H]1CCC[C@H](C2(CC(=O)N3CCNCC3)CC2)N1S(=O)(=O)c1ccc(Cl)cc1,6.52
CC[C@@H]1CCC[C@H](C2(CC(=O)N3CC[C@@H](O)C3)CC2)N1S(=O)(=O)c1ccc(Cl)cc1,4.92
CC[C@@H]1CCC[C@H](C2(CC(N)=O)CC2)N1S(=O)(=O)c1ccc(Cl)cc1,4.94
CC[C@@H]1CCC[C@H](C2(Cc3nc(CN(C)C(C)(C)CO)no3)CC2)N1S(=O)(=O)c1ccc(Cl)cc1,6.52
CC[C@@H]1CCC[C@H](C2(Cc3nc(CN4CCCC4)no3)CC2)N1S(=O)(=O)c1ccc(Cl)cc1,6.16
CC[C@@H]1CCC[C@H](C2(Cc3noc(C)n3)CC2)N1S(=O)(=O)c1ccc(Cl)cc1,4.77
CC[C@@H]1CCC[C@H](C2(Cc3noc(CN(C)C(C)(C)CO)n3)CC2)N1S(=O)(=O)c1ccc(Cl)cc1,5.4
CC[C@@H]1CCC[C@H](C2(Cc3noc(CN4CCOCC4)n3)CC2)N1S(=O)(=O)c1ccc(Cl)cc1,5.58
CC[C@@H]1CCC[C@H](C2(OC(=O)N3CCN(C(C)(C)CO)CC3)CC2)N1S(=O)(=O)c1ccc(Cl)cc1,5.66
CC[C@@H]1CCC[C@H](C2(OC(=O)N3CCN(CCO)CC3)CC2)N1S(=O)(=O)c1ccc(Cl)cc1,6.4
CC[C@@H]1CN(C(=O)c2cc(C)ccc2-n2nccn2)[C@H](Cc2cccc(-n3nccn3)c2)CO1,5.04
CC[C@@H]1CN(C(=O)c2ccc(C)cc2-n2nccn2)[C@H](Cc2cccc(-n3nccn3)c2)CO1,5.02
CC[C@@H]1CN(C(=O)c2ccccc2-n2nccn2)[C@H](Cc2cccc(-n3nccn3)c2)CO1,5.04
CC[C@@H]1CN2C(=O)N(C)c3nc(-c4ccccc4)[nH]c3C2=N1.Cl,4.9
CC[C@@H]1CN2CCc3cc(OC)c(OC)cc3[C@@H]2C[C@@H]1C[C@H]1NCCc2cc(OC)c(OC)cc21,4.5
CC[C@@H]1CN2CCc3cc(OC)c(OC)cc3[C@H]2C[C@@H]1C[C@@H]1NCCc2cc(OC)c(OC)cc21,6.5
CC[C@@H]1C[C@@H](O)C[C@H](COC(=O)N2CCN(CCO)CC2)N1S(=O)(=O)c1ccc(Cl)cc1,4.52
CC[C@@H]1C[C@@H](OC)C[C@H](COC(=O)N2CCC(N3CCCCC3)CC2)N1S(=O)(=O)c1ccc(Cl)cc1,5.47
CC[C@@H]1C[C@@H](OC)C[C@H](COC(=O)N2CCN(CCO)CC2)N1S(=O)(=O)c1ccc(Cl)cc1,5.0
CC[C@@H]1C[C@H](C)CC/C=C\[C@@H]2C[C@@]2(C(=O)NS(=O)(=O)C2(C)CC2)NC(=O)[C@@H]2C[C@@H](Oc3nccc4cc(OC)c(F)cc34)CN2C(=O)[C@H]1NC(=O)OC(C)(C)C(F)(F)F,5.529999999999999
CC[C@@H]1C[C@H](O)C[C@H](COC(=O)N2CCC(N3CCCCC3)CC2)N1S(=O)(=O)c1ccc(Cl)cc1,4.61
CC[C@@H]1C[C@H](O)C[C@H](COC(=O)N2CCN(CCO)CC2)N1S(=O)(=O)c1ccc(Cl)cc1,4.81
CC[C@@H]1C[C@H](OC)C[C@H](COC(=O)N2CCC(N3CCCCC3)CC2)N1S(=O)(=O)c1ccc(Cl)cc1,5.3
CC[C@@H]1C[C@H](OC)C[C@H](COC(=O)N2CCN(CCO)CC2)N1S(=O)(=O)c1ccc(Cl)cc1,4.52
CC[C@@H]1C[N@@]2CC[C@@H]1C[C@H]2[C@H](O)c1ccnc2ccc(OC)cc12,6.4
CC[C@@H]1Cc2cc(O)ccc2C2=C1c1ccc(O)cc1C[C@H]2CC,4.8
CC[C@@H]1OC(=O)[C@@H](C)[C@H](O[C@H]2C[C@@](C)(OC)[C@@H](O)[C@H](C)O2)C(C)[C@H](O[C@H]2O[C@@H](C)C[C@@H](N(C)C)[C@@H]2O)[C@@](C)(O)C[C@H](C)C(=O)[C@@H](C)[C@H](O)[C@@]1(C)O,4.8
CC[C@@H]1OC(=O)[C@H](C)[C@H](O[C@@H]2C[C@](C)(OC)[C@H](O)[C@H](C)O2)[C@H](C)[C@H](O[C@@H]2O[C@@H](C)C[C@@H](N(C)C)[C@@H]2O)[C@](C)(O)C[C@H](C)/C(=N\OCOCCOC)[C@H](C)[C@H](O)[C@]1(C)O,4.9
CC[C@@H]1OC(=O)[C@H](C)[C@H](O[C@@H]2C[C@](C)(OC)[C@H](O)[C@H](C)O2)[C@H](C)[C@H](O[C@@H]2O[C@@H](C)C[C@@H](N(C)C)[C@@H]2O)[C@](C)(O)C[C@H](C)C(=O)[C@H](C)[C@H](O)[C@]1(C)O,4.9
CC[C@@](O)(C(=O)[O-])c1cc2n(c(=O)c1CO)Cc1cc3ccccc3nc1-2.[Na+],5.5
CC[C@@]1(N)CCCN(c2cc3c(c(=O)n(C)c(=O)n3C)n2Cc2cc(F)ccc2C#N)C1,10.66
CC[C@@]1(O)C(=O)COc2c1cc1n(c2=O)Cc2c-1nc1cccc(C(C)C)c1c2[Si](C)(C)C,4.8
CC[C@@]1(O)C(=O)OCc2c1cc1n(c2=O)Cc2cc3c(CN(C)C)c(O)ccc3nc2-1,5.82
CC[C@@]1(O)C(=O)OCc2c1cc1n(c2=O)Cc2cc3cc(O)ccc3nc2-1,4.9
CC[C@@]1(O)C(=O)OCc2c1cc1n(c2=O)Cc2cc3ccccc3nc2-1,5.2
CC[C@@]1(O)CC(O)c2c(cc3c(c2O)C(=O)c2c(O)ccc(O)c2C3=O)C1C(=O)OC,5.1
CC[C@@]1(O)CC2CN(CCc3c([nH]c4ccccc34)[C@](C(=O)OC)(c3cc4c(cc3OC)N(C)C3[C@@](O)(C(=O)OC)C(OC(C)=O)[C@]5(CC)C=CCN6CC[C@@]43C65)C2)C1.O=S(=O)(O)O,5.3
CC[C@@]1(c2ccc(N)cc2)CCC(=O)NC1=O,4.95
CC[C@@]12CCCN3CCc4c(n(c5ccccc45)C(=O)C1)[C@H]32,5.300000000000001
CC[C@@]12CCCN3CCc4c(n(c5ccccc45)[C@](O)(C(=O)OC)C1)C32,4.5
CC[C@@]12CCCN3CCc4c(n(c5ccccc45)[C@](O)(C(=O)OC)C1)[C@H]32,5.0
CC[C@H](C(=O)Nc1ccccc1N1CCCC1)c1ccccc1,5.41
CC[C@H](C(=O)[C@H](C)[C@H](O)[C@H](C)CCc1ccc(C)c(O)c1C(=O)[O-])[C@H]1O[C@](CC)([C@@H]2CC[C@@](O)(CC)[C@H](C)O2)C[C@H]1C.[Na+],5.1
CC[C@H](C)C(=O)O[C@@H]1C[C@H](C)C=C2C=C[C@H](C)[C@@H](CC[C@H]3C[C@@H](O)CC(=O)O3)[C@H]21,4.9
CC[C@H](C)C(=O)O[C@H]1CCC=C2C=C[C@H](C)[C@H](CC[C@@H]3C[C@H](O)CC(=O)O3)[C@H]21,4.9
CC[C@H](C)C(=O)O[C@H]1C[C@@H](C)C=C2C=C[C@H](C)[C@H](CC[C@@H]3C[C@@H](O)CC(=O)O3)[C@H]21,5.0
CC[C@H](C)N(C)C(=O)c1cc2ccccc2c(-c2ccccc2Cl)n1,4.7
CC[C@H](C)[C@@H](CO[C@@H](Cc1ccccc1)C(=O)N[C@@H](CCS(C)(=O)=O)C(=O)OC(C)C)NC[C@@H](N)CS,5.52
CC[C@H](C)[C@@H]([C@@H](CC(=O)N1CCC[C@H]1[C@H](OC)[C@@H](C)C(=O)N[C@H](C)[C@@H](O)c1ccccc1)OC)N(C)C(=O)[C@@H](NC(=O)[C@H](C(C)C)N(C)C(=O)OCc1ccc(NC(=O)[C@H](CCCNC(N)=O)NC(=O)[C@@H](NC(=O)CCCc2cn(CCCNC(=O)[C@H](Cc3ccc(O)cc3)NC(=O)[C@H](Cc3ccccc3)NC(=O)CCC(=O)NCCCCCC(=O)N(CCCC[C@H](NC(=O)N[C@@H](CCC(=O)O)C(=O)O)C(=O)O)Cc3cccc(Cl)c3)nn2)C(C)C)cc1)C(C)C,4.95
CC[C@H](C)[C@@H]1O[C@]2(CC[C@@H]1C)C[C@H]1C[C@H](C/C=C(\C)[C@@H](O[C@H]3C[C@H](OC)[C@H](O[C@H]4C[C@H](OC)[C@H](O)[C@H](C)O4)[C@H](C)O3)[C@@H](C)/C=C/C=C3CO[C@@H]4[C@@H](O)C(C)=C[C@H](C(=O)O1)[C@@]34O)O2,4.8
CC[C@H](C)[C@H](NC(=O)OCC1c2ccccc2-c2ccccc21)C(=O)O,4.5
CC[C@H](C)n1ncn(-c2ccc(N3CCN(c4ccc(OC[C@@H]5CO[C@@](Cn6cncn6)(c6ccc(Cl)cc6Cl)O5)cc4)CC3)cc2)c1=O,8.4
CC[C@H](C)n1ncn(-c2ccc(N3CCN(c4ccc(OC[C@@H]5CO[C@](Cn6cncn6)(c6ccc(Cl)cc6Cl)O5)cc4)CC3)cc2)c1=O,7.7
CC[C@H](C)n1ncn(-c2ccc(N3CCN(c4ccc(OC[C@H]5CO[C@@](Cn6cncn6)(c6ccc(Cl)cc6Cl)O5)cc4)CC3)cc2)c1=O,7.77
CC[C@H](C)n1ncn(-c2ccc(N3CCN(c4ccc(OC[C@H]5CO[C@](Cn6cncn6)(c6ccc(Cl)cc6Cl)O5)cc4)CC3)cc2)c1=O,8.4
CC[C@H](CO)NC(=O)[C@@H]1C=C2c3cccc4[nH]cc(c34)C[C@@H]2N(C)C1,5.7
CC[C@H](N)C(=O)N[C@H](C#N)Cc1ccc(-c2ccccc2)cc1,5.44
CC[C@H](NC(=O)[C@@H]1C[C@@H](S(=O)(=O)c2ccccc2)CN1C(C)=O)C(=O)c1nc2ccccc2o1,5.0
CC[C@H](NC(=O)c1c(C)c(-c2ccccc2)nc2ccccc12)c1ccccc1,5.1
CC[C@H](NC(=O)c1c(O)c(-c2ccccc2)nc2ccccc12)c1ccccc1,5.4
CC[C@H](NC(=O)c1cncc2c1cnn2-c1ccc(F)cc1)c1ccnc(S(C)(=O)=O)c1,4.77
CC[C@H](NC(C)C)[C@H](O)c1ccc(O)c(O)c1.CS(=O)(=O)O,4.65
CC[C@H]([C@@H](c1ccc2cc(OCC(C)(C)C(=O)O)ccc2c1)n1ccnc1)N(C)C,5.48
CC[C@H](c1ccc(O)cc1)[C@@H](CC)c1ccc(O)cc1,5.3
CC[C@H](c1ccccc1)c1cc(C(C)(C)C)cc(C(C)(C)C)c1O,5.3
CC[C@H](c1ccccc1)n1c(=O)[nH]c2cnc3cc(-c4c(C)noc4C)c(OC)cc3c21,5.62
CC[C@H]1C(=O)OC[C@H]1Cc1cncn1C,5.0
CC[C@H]1C2=C3C(CC[C@H]4C(OC)OC[C@](C)([C@@H]34)N(C(=O)OC(C)(C)C)C2)C(CO)C1CO,5.0
CC[C@H]1C2=C3C(CC[C@H]4C(OCc5ccc(F)cc5C(F)(F)F)OC[C@](C)([C@@H]34)N(C(=O)OC(C)(C)C)C2)C(COC(C)=O)C1COC(C)=O,5.6
CC[C@H]1C2=C3C(CC[C@H]4C(OCc5ccc(F)cc5C(F)(F)F)OC[C@](C)([C@@H]34)N(C(=O)OC(C)(C)C)C2)C(COC)C1COC,5.0
CC[C@H]1C2=C3C(CC[C@H]4C(OCc5ccc(F)cc5C(F)(F)F)OC[C@](C)([C@@H]34)N(C(=O)OC(C)(C)C)C2)C2COC(=O)OCC21,4.7
CC[C@H]1OC(=O)[C@@](C)(F)C(=O)[C@H](C)[C@@H](O[C@@H]2O[C@H](C)C[C@H](N(C)C)[C@H]2O)[C@](C)(OC)C[C@@H](C)/C(=N\OC/C=C/c2ccc3c(c2)c(=O)c(C(N)=O)cn3CC)[C@H](C)[C@H]2OC(=O)O[C@@]21C,5.29
CC[C@H]1OC(=O)[C@@](C)(F)C(=O)[C@H](C)[C@@H](O[C@@H]2O[C@H](C)C[C@H](N(C)C)[C@H]2O)[C@](C)(OC)C[C@@H](C)/C(=N\OCC#Cc2ccc3c(c2)c(=O)c(C(N)=O)cn3CC)[C@H](C)[C@H]2OC(=O)O[C@@]21C,5.13
CC[C@H]1OC(=O)[C@@](C)(F)C(=O)[C@H](C)[C@@H](O[C@@H]2O[C@H](C)C[C@H](N(C)C)[C@H]2O)[C@](C)(OC/C=C/c2ccc3c(c2)c(=O)c(C(N)=O)cn3C2CC2)C[C@@H](C)/C(=N\OC)[C@H](C)[C@H]2OC(=O)O[C@@]21C,4.83
CC[C@H]1OC(=O)[C@H](C)C(=O)[C@H](C)[C@@H](O[C@@H]2O[C@H](C)C[C@H](N(C)C)[C@H]2O)[C@](C)(OC)C[C@@H](C)C(=O)[C@H](C)[C@H]2N(CCCCn3cnc(-c4cccnc4)c3)C(=O)O[C@]12C,4.93
CC[C@H]1OC(=O)[C@H](C)C(=O)[C@H](C)[C@@H](O[C@@H]2O[C@H](C)C[C@H](N(C)C)[C@H]2O)[C@](C)(OCC=Cc2cnc3ccccc3c2)C[C@@H](C)C(=O)[C@H](C)[C@H]2NC(=O)O[C@@]21C,5.57
CC[C@H]1OC(=O)[C@H](C)[C@@H](OC(=O)NCCCc2cccnc2)[C@H](C)[C@@H](O[C@@H]2O[C@H](C)C[C@H](N(C)C)[C@H]2O)[C@](C)(OC)C[C@@H](C)/C(=N\OC)[C@H](C)[C@H]2OC(=O)O[C@@]21C,5.6
CC[C@H]1OC(=O)[C@H](C)[C@@H](O[C@H]2C[C@@](C)(OC)[C@@H](O)[C@H](C)O2)[C@H](C)[C@@H](O[C@@H]2O[C@H](C)C[C@H](N(C)C)[C@H]2O)[C@](C)(O)C[C@@H](C)C(=O)[C@H](C)[C@@H](O)[C@]1(C)O,5.72
CC[C@H]1OC(=O)[C@H](C)[C@@H](O[C@H]2C[C@@](C)(OC)[C@@H](O)[C@H](C)O2)[C@H](C)[C@@H](O[C@@H]2O[C@H](C)C[C@H](N(C)C)[C@H]2O)[C@](C)(O)C[C@@H](C)CN(C)[C@H](C)[C@@H](O)[C@]1(C)O,4.8
CC[C@H]1OC(=O)[C@H](C)[C@@H](O[C@H]2C[C@@](C)(OC)[C@@H](O)[C@H](C)O2)[C@H](C)[C@@H](O[C@@H]2O[C@H](C)C[C@H](N(C)C)[C@H]2O)[C@](C)(OC)C[C@@H](C)C(=O)[C@H](C)[C@@H](O)[C@]1(C)O,5.26
CC[C@H]1OC(=O)[C@H](C)[C@@H](O[C@H]2C[C@@](C)(OC)[C@@H](O)[C@H](C)O2)[C@H](C)[C@@H](O[C@@H]2O[C@H](C)C[C@H]3[C@H]2O/C(=N/c2ccc(OC)cc2)N3C)[C@](C)(OC)C[C@@H](C)C(=O)N[C@H](C)[C@@H](O)[C@]1(C)O,5.745
CC[C@H]1OC(=O)[C@H](C)[C@@H](O[C@H]2C[C@@](C)(OC)[C@@H](O)[C@H](C)O2)[C@H](C)[C@@H](O[C@@H]2O[C@H](C)C[C@H]3[C@H]2O/C(=N\C(C)(C)C)N3C)[C@](C)(OC)C[C@@H](C)C(=O)N[C@H](C)[C@@H](O)[C@]1(C)O,5.85
CC[C@H]1OC(=O)[C@H](C)[C@@H](O[C@H]2C[C@@](C)(OC)[C@@H](O)[C@H](C)O2)[C@H](C)[C@@H](O[C@@H]2O[C@H](C)C[C@H]3[C@H]2O/C(=N\C(C)C)N3C)[C@](C)(O)C[C@@H](C)C(=O)[C@H](C)[C@@H](O)[C@]1(C)O,5.484999999999999
CC[C@H]1OC(=O)[C@H](C)[C@@H](O[C@H]2C[C@@](C)(OC)[C@@H](O)[C@H](C)O2)[C@H](C)[C@@H](O[C@@H]2O[C@H](C)C[C@H]3[C@H]2O/C(=N\C(C)C)N3C)[C@](C)(O)C[C@@H](C)CN(C)[C@H](C)[C@@H](O)[C@]1(C)O,5.11
CC[C@H]1OC(=O)[C@H](C)[C@@H](O[C@H]2C[C@@](C)(OC)[C@@H](O)[C@H](C)O2)[C@H](C)[C@@H](O[C@@H]2O[C@H](C)C[C@H]3[C@H]2O/C(=N\C(C)C)N3C)[C@](C)(OC)C[C@@H](C)NC(=O)[C@H](C)[C@@H](O)[C@]1(C)O,6.0
CC[C@H]1OC(=O)[C@H](C)[C@@H](O[C@H]2C[C@@](C)(OC)[C@@H](O)[C@H](C)O2)[C@H](C)[C@@H](O[C@@H]2O[C@H](C)C[C@H]3[C@H]2O/C(=N\CCCN(C)C)N3C)[C@](C)(OC)C[C@@H](C)C(=O)[C@H](C)[C@@H](O)[C@]1(C)O,5.63
CC[C@H]1OC(=O)[C@H](C)[C@@H](O[C@H]2C[C@@](C)(OC)[C@@H](O)[C@H](C)O2)[C@H](C)[C@@H](O[C@@H]2O[C@H](C)C[C@H]3[C@H]2O/C(=N\CCCSC)N3C)[C@](C)(OC)C[C@@H](C)C(=O)N[C@H](C)[C@@H](O)[C@]1(C)O,5.88
CC[C@]1(C)C[C@@H](OC(=O)CSc2nnc(N)[nH]2)[C@]2(C)[C@H](C)CC[C@]3(CCC(=O)[C@H]32)[C@@H](C)[C@@H]1O,6.62
CC[C@]1(O)CC(O[C@@H]2CC(N(C)C)C(O)C(C)O2)c2c(cc3c(c2O)C(=O)c2c(O)cccc2C3=O)C1C(=O)OC.Cl,4.4
CC[C@]1(O)C[C@@H]2CN(CCc3c([nH]c4ccccc34)[C@@](C(=O)OC)(c3cc4c(cc3OC)N(C)[C@H]3[C@@](O)(C(=O)OC)[C@H](OC(C)=O)[C@]5(CC)C=CCN6CC[C@]43[C@@H]65)C2)C1,4.58
CC[C@]1(O)C[C@@H]2CN(CCc3c([nH]c4ccccc34)[C@](C(=O)OC)(c3cc4c(cc3OC)N(C)[C@H]3[C@](O)(C(=O)OC)[C@@H](C(=O)OC)[C@@]5(CC)C=CCN6CC[C@@]43[C@@H]65)C2)C1,4.8
CC[C@]1(O)C[C@@H]2CN(CCc3c([nH]c4ccccc34)[C@](C(=O)OC)(c3cc4c(cc3OC)N(C=O)[C@H]3[C@@](O)(C(=O)OC)[C@H](C(=O)OC)[C@@]5(CC)C=CCN6CC[C@]43[C@H]65)C2)C1,4.6
CC[C@]1(O)C[C@H]2CN(CCc3c([nH]c4ccccc34)[C@](C(=O)OC)(c3cc4c(cc3OC)N(C)[C@@H]3[C@](O)(C(=O)OC)[C@H](OC(C)=O)[C@]5(CC)C=CCN6CC[C@]43[C@@H]65)C2)C1,5.1
CC[C@]1(O)C[C@H]2CN(CCc3c([nH]c4ccccc34)[C@](C(=O)OC)(c3cc4c(cc3OC)N(C=O)[C@H]3[C@@](O)(C(=O)OC)[C@H](OC(C)=O)[C@@]5(CC)C=CCN6CC[C@]43[C@H]65)C2)C1,5.4
CC[C@]1(c2ncc[nH]2)Cc2ccccc2O1,4.9
CC[C@]12CCCN3CCc4c(n(c5ccccc45)C(=O)C1)[C@H]32,4.8
CC[N+](C)(C)Cc1ccccc1Br.Cc1ccc(S(=O)(=O)[O-])cc1,5.8
CC[N+](C)(CC)CCC[n+]1c(-c2ccccc2)c2cc(N)ccc2c2ccc(N)cc21,4.8
CC[N+](CC)(CC)COc1ccc(/C=C\c2ccccc2)cc1,4.4
CC[n+]1c(-c2ccccc2)c2cc(N)ccc2c2ccc(N)cc21.[Br-],5.1
CC[n+]1c(/C=C/C=C/N(C(C)=O)c2ccccc2)sc2ccccc21.[I-],4.9
CC[n+]1c(/C=C/Nc2ccccc2)oc2ccccc21.[I-],4.6
CC[n+]1c(C=CN(C)c2ccccc2)sc2ccc(Cl)cc21.[O-][Cl+3]([O-])([O-])[O-],4.75
CCc1c(C(=O)NCc2ccc3c(c2)OCO3)[nH]c(C)c1C(C)=O,6.05
CCc1c(C(=O)OC)[nH]cc2nc3cc(OC)c(OC)cc3c1-2,4.8
CCc1c(C)[nH]c2c1C(=O)C(CN1CCOCC1)CC2.Cl,5.0
CCc1c(C)c(C#N)c2nc3ccccc3n2c1Nc1c(C)n(C)n(-c2ccccc2)c1=O,5.1
CCc1c(C)nc(N)n2c(SCC(=O)Nc3ccccc3)nnc12,4.75
CCc1c(C)nc2ncnn2c1NCCc1ccc(OC)cc1,4.6
CCc1c(Cl)[nH]c2ncc(-c3ccc(N)c(C(=O)N(C)C)c3)cc12,6.7
CCc1c(F)cncc1-c1nc2ccc(F)cn2c1C1CC1,5.55
CCc1c(O)cc(-c2cccnc2)n(-c2ccc(Cl)cc2)c1=O,4.8
CCc1c(O)cc(-c2cccnc2)n(-c2ccccc2)c1=O,4.7
CCc1c2c(nc3c(C(C)C)cccc13)-c1cccc(=O)n1C2,4.8
CCc1c2c(nc3ccc(O)cc13)-c1cc3c(c(=O)n1C2)COC(=O)[C@]3(O)CC,4.58
CCc1c2c(nc3ccc(OC(=O)N4CCC(N5CCCCC5)CC4)cc13)-c1cc3c(c(=O)n1C2)COC(=O)[C@]3(O)CC,4.62
CCc1c2c(nc3ccc(OC)cc13)COC2,4.8
CCc1c2c(nc3ccc(OC)cc13)OC(CC)C2,4.8
CCc1c2c(nc3cccc(C(C)C)c13)-c1cccc(=O)n1C2,4.8
CCc1c2c(nc3cccc(SC)c13)COC2,4.9
CCc1c[nH]c2ncc(-c3ccc(N)c(C(=O)N(C)C)c3)cc12,6.3
CCc1c[nH]c2ncc(-c3ccc(N)c(C(=O)N(C)C)c3F)cc12,6.16
CCc1c[nH]c2ncc(-c3ccc(N)c(C(=O)N(C)C)n3)cc12,5.8
CCc1c[nH]c2ncc(-c3cccc(C(=O)N(C)C)c3)cc12,5.77
CCc1c[nH]c2ncnc(-c3ccc(NC(=O)Nc4cccc(C(=O)NC(C)C)c4)cc3)c12,5.34
CCc1cc(-c2ccc(NS(=O)(=O)c3cc(C(F)(F)F)cc(C(F)(F)F)c3)cc2)ccn1,4.91
CCc1cc(/C=C2\CC/C(=C\c3cc(CC)c(O)c(CC)c3)C2=O)cc(CC)c1O,4.13
CCc1cc(C(C)=O)c(O)cc1OCCCCCC(C)(C)c1nn[nH]n1,5.0
CCc1cc(C(c2ccc(F)cc2)N2CCOCC2)c(NC(=O)c2ccccc2)s1,5.2
CCc1cc(C(c2ccccc2OC)N2CCOCC2)c(NC(=O)c2ccccc2)s1,5.35
CCc1cc(CC(NC(=O)N2CCC(N3Cc4ccccc4NC3=O)CC2)C(=O)N2CCC(N3CCCCC3)CC2)cc2c(C)n[nH]c12,5.16
CCc1cc(CC(NC(=O)N2CCC(N3Cc4ccccc4NC3=O)CC2)C(=O)N2CCC(N3CCCCC3)CC2)cc2cn[nH]c12,5.475
CCc1cc(Cc2ccc(CC(=O)NCCO)cc2)nc(-c2cccc(Cl)c2)n1,5.51
CCc1cc(Cc2ccc(CC(N)=O)cc2)nc(-c2cccc(Cl)c2)n1,5.23
CCc1cc(Cl)c(OC)c(C(=O)NC[C@H]2CCN(CC)C2)c1O,4.6
CCc1cc(N2CC=C(Oc3ccc(C4CC4)cc3)C2=O)ccc1OCCN1CC(O)(C2CC2)C1,6.22
CCc1cc(N2CC=C(Oc3ccc(C4CC4)cc3)C2=O)ccc1OCCN1CC(O)C1,4.7
CCc1cc(N2CC=C(Oc3ccc(C4CC4)cc3)C2=O)ccc1OCCN1CCC2(CC1)COC2,5.17
CCc1cc2c(=O)c(-c3nc4ccccc4[nH]3)coc2cc1OC(=O)N1CCOCC1,5.3
CCc1cc2c(NCc3ccco3)ncnc2s1.Cl,4.6
CCc1cc2c(c(C(F)(F)F)c1)C(=O)N1CCNC[C@@H]21,5.06
CCc1cc2c(c(CC)n1)CCC(=O)N2Cc1ccc(-c2ccccc2-c2nnn[nH]2)cc1,4.7
CCc1cc2c(nc1CC)CCN(CC/C(C)=N/OC)C2,5.5
CCc1cc2c(nc1CC)CCN(CC/C(C)=N/OCC[C@@H]1C=C[C@H](OC(C)=O)[C@H](COC(C)=O)O1)C2,5.5
CCc1cc2c(nc1CC)CCN(CC/C(C)=N/OC[C@@H](C)[C@H](OCc1ccccc1)C(C)C)C2,5.4
CCc1cc2c(nc1CC)CCN(CC/C(C)=N/OC[C@@H](O)COCc1ccco1)C2,5.5
CCc1cc2c(nc1CC)CCN(CC/C(C)=N/OC[C@@H](O)[C@@H]1O[C@@H]3OC(C)(C)O[C@@H]3[C@H]1O)C2,5.2
CCc1cc2c(nc1CC)CCN(CC/C(C)=N/OC[C@H]1O[C@H](c3ccccc3)C=C[C@@H]1Oc1ccc(OC)cc1)C2,5.2
CCc1cc2c(nc1CC)CCN(CC/C(C)=N/O[C@@H](C)CN1CCCCc3nc(C)c(C)cc31)C2,5.5
CCc1cc2c(nc1CC)CCN(CC/C(C)=N/O[C@@H](C)CN1CCCc3nc(C)c(C)cc31)C2,5.5
CCc1cc2c(nc1CC)CCN(CC/C(C)=N/O[C@@H](C)c1cc(-c3c(C)cc(C)cc3C)no1)C2,5.4
CCc1cc2c(nc1CC)CCN(CC/C(C)=N/O[C@@H](C)c1cn([C@H](CO)Cc3ccccc3)nn1)C2,5.45
CCc1cc2cc(C)c(C)cc2nc1SCC(=O)NNC(=O)c1ccco1,5.05
CCc1cc[n+](C2=Nc3ccccc3[N-]C2=C(C#N)C#N)cc1,4.8
CCc1ccc(-c2cc(C(=O)NCc3ccco3)c3ccccc3n2)s1,4.8
CCc1ccc(-c2cc(C(F)(F)F)n3nc(C(=O)Nc4cnn(Cc5ccccc5C)c4)cc3n2)s1,5.5
CCc1ccc(-c2csc(NC(=O)C3CCCO3)c2C(=O)OC(C)C)cc1,4.55
CCc1ccc(C(=O)CN(C#N)c2nc(C)cc(C)n2)cc1,4.6
CCc1ccc(C(=O)COC(=O)C(Cc2ccccc2)NC(=O)C2CCC(C)CC2)cc1,5.45
CCc1ccc(C(=O)COC(=O)c2cccc(N3C(=O)c4c(C)nc5ccccc5c4C3=O)c2)cc1,4.65
CCc1ccc(C(=O)N2CCC(c3nc4ccccc4s3)CC2)cc1,4.4
CCc1ccc(C(=O)NN(C(=O)c2cc(C)cc(C)c2)C(C)(C)C)cc1,5.4
CCc1ccc(C(=O)c2oc3nc(C)cc(C)c3c2N)cc1,5.4
CCc1ccc(C(C(=O)NCc2ccc(OC)cc2)N(CCOC)C(=O)Cc2cccs2)cc1,6.0
CCc1ccc(C2=Nn3c(nnc3-c3cccs3)SC2)cc1,4.6
CCc1ccc(CC(=O)NCC2COc3ccccc3O2)cc1,4.44
CCc1ccc(CCOc2ccc(CC3SC(=O)NC3=O)cc2)nc1.Cl,4.7
CCc1ccc(CN(C(=O)c2cc3ccccc3oc2=O)C2CCS(=O)(=O)C2)cc1,4.85
CCc1ccc(CSc2nccn2-c2ccccc2)cc1,4.85
CCc1ccc(Cc2cc([C@@H]3C[C@H](CO)[C@@H](O)[C@H](O)[C@H]3O)c(OC)cc2OC)cc1,4.49
CCc1ccc(Cc2cc([C@]3(O)C[C@H](CO)[C@@H](O)[C@H](O)[C@H]3O)c(OC)cc2OC)cc1,4.54
CCc1ccc(N(C(=O)CNC(=O)c2cccs2)C(C(=O)NC(C)(C)C)c2cc(OC)c(OC)c(OC)c2)cc1,5.65
CCc1ccc(N(C(=O)c2ccoc2C)C(C(=O)NC2CCCC2)c2ccc(OC)cc2)cc1,5.9
CCc1ccc(N(C(=O)c2csnn2)C(C(=O)NC(C)(C)C)c2ccncc2)cc1,5.4
CCc1ccc(N(C(=O)c2csnn2)C(C(=O)NCc2ccccc2)c2ccco2)cc1,5.85
CCc1ccc(N(C(=O)c2snc(C(N)=O)c2N)C(C(=O)NCCC(C)C)c2c[nH]c3ccccc23)cc1,5.4
CCc1ccc(N/C(SCc2ccccc2C)=C(/C#N)C(=O)NCc2ccco2)cc1,5.2
CCc1ccc(N2C(=O)/C(=C/c3cccs3)N(CC(=O)OC)C2=S)cc1,4.9
CCc1ccc(N2CC(C)Cn3c2nc2c3c(=O)n(CCN3CCOCC3)c(=O)n2C)cc1,4.4
CCc1ccc(NC(=O)CSc2nc3cc(C(=O)OC)ccc3c(=O)n2Cc2ccco2)cc1,5.4
CCc1ccc(NC(=O)C[S+]([O-])CC(=O)NCCCc2ccccc2)cc1,5.55
CCc1ccc(NC(=O)Cn2nc(C(F)(F)F)c3c2CCC3)cc1,4.9
CCc1ccc(NC(=O)c2cc(C(=O)c3cc(OC)ccc3O)coc2=N)cc1,4.84
CCc1ccc(Nc2ncccc2C#N)cc1,4.55
CCc1ccc(OCC(=O)NC(=S)Nc2ccc(C)cc2C)c(Br)c1,4.5
CCc1ccc(OCCNC(=O)c2cc(SC)ccc2Cl)cc1,5.45
CCc1ccc(OCCNc2nc(Nc3cc(C)[nH]n3)cc(C)c2C#N)cn1,5.8
CCc1ccc(S(=O)(=O)Nc2ccccc2Br)cc1NC1CCN(C)CC1,5.02
CCc1ccc2c(-c3cccc(Cl)c3)nc(=O)n(CC)c2n1,4.5
CCc1ccc2c(c1)cc(CN(C(S)=Nc1cccc(C)c1)C1CC1)c1nnnn12,5.65
CCc1ccc2nc(Nc3nc(O)cc(COC)n3)nc(C)c2c1,4.75
CCc1cccc(-c2c(Cl)cccc2C(O)(CCCNC(=O)OC)[C@@H]2CCCN(C(=O)CCCNC)C2)c1,6.85
CCc1cccc(-c2c(Cl)cccc2C(O)(CCCNC(=O)OC)[C@@H]2CCCN(C(=O)[C@@H]3CC[C@H](N)C3)C2)c1,7.47
CCc1cccc(-c2c(Cl)cccc2C(O)(CCCNC(=O)OC)[C@@H]2CCCN(C(=O)[C@@H]3CC[C@H](NC)C3)C2)c1,7.31
CCc1cccc(-c2c(Cl)cccc2C(O)(CCCNC(=O)OC)[C@@H]2CCCN(C(=O)[C@H]3C[C@@H](N)[C@@H](O)C3)C2)c1,6.6
CCc1cccc(-c2c(F)cccc2C(O)(CCCNC(=O)OC)[C@@H]2CCCN(C(=O)CC(CNC)OC)C2)c1,6.32
CCc1cccc(-c2c(F)cccc2C(O)(CCCNC(=O)OC)[C@@H]2CCCN(C(=O)CC(O)CN)C2)c1,6.36
CCc1cccc(-c2c(F)cccc2C(O)(CCCNC(=O)OC)[C@@H]2CCCN(C(=O)CC(O)CNC)C2)c1,6.08
CCc1cccc(-c2c(F)cccc2C(O)(CCCNC(=O)OC)[C@@H]2CCCN(C(=O)CCCN)C2)c1,6.62
CCc1cccc(-c2c(F)cccc2C(O)(CCCNC(=O)OC)[C@@H]2CCCN(C(=O)CCCNC)C2)c1,5.475
CCc1cccc(-c2c(F)cccc2C(O)(CCCNC(=O)OC)[C@@H]2CCCN(C(=O)[C@@H]3CC[C@H](N)C3)C2)c1,7.05
CCc1cccc(-n2cc(C3CCN(C(=O)OC(C)(C)C)CC3)c(C(=O)Nc3ccc(F)cc3)n2)c1,5.3
CCc1cccc(C)c1CNc1cc(-c2ncnn2C)cn2c(C)c(C)nc12,5.005
CCc1cccc(C)c1CNc1cc(C(N)=O)cn2c(C)c(C)nc12,5.415
CCc1cccc(C)c1CNc1cccn2c(C)c(C)nc12,5.265000000000001
CCc1cccc(C)c1NC(=O)CSc1nc2ccc(N3C(=O)c4ccccc4C3=O)cc2s1,5.35
CCc1cccc(CC)c1-n1c(SCc2cc(=O)n3ccsc3n2)nnc1-c1cccnc1,5.85
CCc1cccc(CC)c1N1CCn2cc(-c3nc(Nc4ccc(N5CCC(C(=O)N(C)CCN(C)C)CC5)cc4OC)nc4[nH]ccc34)cc2C1=O,5.41
CCc1cccc(CC)c1NC(=O)/C(=C/c1ccccc1)c1ccccc1,4.85
CCc1cccc(CC)c1NC(=O)CN1CC(C)S/C1=N\C1CCCCC1,5.15
CCc1cccc(CC)c1NC(=O)Nc1ccc2[nH]nc(-c3cccc(S(N)(=O)=O)c3)c2c1,5.5
CCc1cccc(CC)c1NC(=O)c1ccn(-c2nc(Nc3ccc(N4CCC(C(=O)N5CCN(C)CC5)CC4)cc3OC)nc3[nH]ccc23)c1,5.51
CCc1cccc(CC)c1NC(=O)c1ccn(-c2nc(Nc3ccc(N4CCC(N5CCN(C)CC5)CC4)cc3OC)nc3[nH]ccc23)c1,5.7
CCc1cccc(CC)c1NC(=O)c1ccn(-c2nc(Nc3ccc(N4CCC(O)(C(=O)N5CCN(C)CC5)CC4)cc3OC)nc3[nH]ccc23)c1,5.72
CCc1cccc(CC)c1NC(=O)c1ccn(-c2nc(Nc3ccc(N4CCC(O)(CN5CCN(C)CC5)CC4)cc3OC)nc3[nH]ccc23)c1,5.92
CCc1cccc(NC(=O)CN(C)S(=O)(=O)c2c[nH]cn2)c1,5.6
CCc1cccc([C@@H](O)[C@H](CNC)c2ccc(Cl)c(Cl)c2)c1,5.6
CCc1cccc2c(C=C(C#N)C#N)cn(CC(=O)N3CCCCCC3)c12,5.5
CCc1cccc2c3c([nH]c12)C(CC)(CC(=O)O)OCC3,5.5
CCc1cccc2nc3c(c([Si](C)(C)C)c12)Cn1c-3cccc1=O,4.9
CCc1cccc2nc3c(c([Si](CC)(CC)CC)c12)Cn1c-3cccc1=O,5.7
CCc1ccccc1C(C(=O)Nc1ccc2[nH]nc(-c3cccc(S(N)(=O)=O)c3)c2c1)N(C)C,5.85
CCc1ccccc1N(CC(=O)NCc1ccc(Cl)cc1)S(=O)(=O)c1ccc(C)cc1,6.6
CCc1ccccc1N=C(S)NC1CC2CCC(C1)N2Cc1ccco1,4.7
CCc1ccccc1N=C(S)NCc1ccc2c(c1)OCO2,5.35
CCc1ccccc1NC(=O)C(C)n1nc([N+](=O)[O-])c(Br)c1C,4.6
CCc1ccccc1NC(=O)C1C(c2ccccc2)C1(Cl)Cl,4.8
CCc1ccccc1NC(=O)c1ccc(-n2c(C)ccc2C)cc1,4.75
CCc1ccccc1NC(=O)c1ccc(F)c(S(=O)(=O)N2CCC(C(N)=O)CC2)c1,4.8
CCc1ccccc1NC(=O)c1nnn(CC(=O)Nc2cccc(C)c2C)c1N,5.15
CCc1ccccc1NC(=O)c1nnn(CC(=O)Nc2ccccc2C)c1N,4.6
CCc1ccccc1OC[C@@H](O)CN[C@H]1CCCc2ccccc21,4.8
CCc1ccccc1OC[C@H](O)CN[C@@H]1CCc2ccccc2C1,4.8
CCc1ccccc1[C@@H](O)[C@H](CNC)c1ccc(Cl)c(Cl)c1,5.42
CCc1ccncc1-c1ccc(CN)s1.Cl.Cl,4.89
CCc1cn(CC(=O)N(CCN(CC)CC)Cc2ccc(-c3ccc(C(F)(F)F)cc3)cc2)c(SCc2ccc(F)cc2)nc1=O,4.96
CCc1cn(CC(=O)N(CCN(CC)CC)Cc2ccc(-c3ccc(Cl)cc3)cc2)c(SCc2ccc(F)cc2)nc1=O,5.16
CCc1cnc(Oc2ccc(NC(=O)c3ncccc3N)cc2Cl)nc1,4.68
CCc1nc(-c2ccc(F)cc2)c(-c2ccc3nc(N)n(S(=O)(=O)C(C)C)c3c2)[nH]1.CS(=O)(=O)O,5.36
CCc1nc(-c2ccc(OC)cc2)n(-c2cccc(C(=O)NCCCCn3nccn3)c2)n1,4.46
CCc1nc(N)nc(N)c1-c1ccc(Cl)cc1,5.15
CCc1nc(N)nc(N)c1-c1ccc2c(c1)N(CCC(=O)NC)C(=O)C(C)(c1cc(F)cc(F)c1)O2,6.8
CCc1nc(N)nc(N)c1-c1ccc2c(c1)N(CCC(=O)OC)CCC2,5.0
CCc1nc(N)nc(N)c1-c1ccc2c(c1)N(CCCC(F)(F)F)C(=O)[C@](C)(c1cc(F)cc(F)c1)O2,5.77
CCc1nc(N)nc(N)c1-c1ccc2c(c1)N(CCCCC(=O)OC)CCC2,4.92
CCc1nc(N)nc(N)c1-c1ccc2c(c1)N(CCCCO)C(=O)C(C)(c1cc(F)cc(F)c1)O2,5.32
CCc1nc(N)nc(N)c1-c1ccc2c(c1)N(CCCO)C(=O)C(C)(c1cc(F)cc(F)c1)O2,4.52
CCc1nc(N)nc(N)c1-c1ccc2c(c1)N(CCCOC(F)(F)F)C(=O)C(C)(c1cc(F)cc(F)c1)O2,6.57
CCc1nc(N)nc(N)c1-c1ccc2c(c1)N(CCCOC)C(=O)C(C)(c1cc(F)cc(F)c1)O2,5.94
CCc1nc(N)nc(N)c1-c1ccc2c(c1)N(CCCOC)C(=O)C(C)(c1ccc(F)c(F)c1)O2,6.04
CCc1nc(N)nc(N)c1-c1ccc2c(c1)N(CCCOC)C(=O)C(CC)(CC)O2,5.52
CCc1nc(N)nc(N)c1-c1ccc2c(c1)N(CCCOC)C(=O)C(CC)(c1cc(F)cc(F)c1)O2,6.34
CCc1nc(N)nc(N)c1-c1ccc2c(c1)N(CCCOC)CCC2,5.55
CCc1nc(N)nc(N)c1-c1ccc2c(c1)N(CCNC(=O)CO)C(=O)C(C)(c1cc(F)cc(F)c1)O2,5.78
CCc1nc(N)nc(N)c1-c1ccc2c(c1)N(CCNC(=O)OC)C(=O)C(C)(c1cc(F)cc(F)c1)O2,6.17
CCc1nc(N)nc(N)c1-c1ccc2c(c1)N(CCNC(C)=O)C(=O)C(C)(c1cc(F)cc(F)c1)O2,6.07
CCc1nc(N)nc(N)c1-c1ccc2c(c1)N(CCNC(C)=O)C(=O)C(C)(c1cc(F)ccc1F)O2,5.72
CCc1nc(N)nc(N)c1-c1ccc2c(c1)N(CCNC(C)=O)C(=O)C(C)(c1ccc(Cl)cc1)O2,6.23
CCc1nc(N)nc(N)c1-c1ccc2c(c1)N(CCNC(C)=O)C(=O)C(C)(c1cccc(C(F)(F)F)c1)O2,6.92
CCc1nc(N)nc(N)c1-c1ccc2c(c1)N(CCNC(C)=O)C(=O)[C@@](C)(c1ccccc1)O2,6.28
CCc1nc(N)nc(N)c1-c1ccc2c(c1)N(CCNC(C)=O)CCC2,5.1
CCc1nc(N)nc(N)c1-c1ccc2c(c1)N(CCNS(C)(=O)=O)C(=O)C(C)(c1cc(F)cc(F)c1)O2,5.66
CCc1nc(N2CCC3(CC2)OCCO3)c2nnn(Cc3ccccc3Cl)c2n1,4.8
CCc1nc(N2C[C@H]3C(=O)N(C)C(=N)N[C@@]3(c3cc(-c4cccc(C#N)c4)cs3)C2)ncc1F,6.05
CCc1nc(SCC(=O)N2CCCc3ccccc32)c2oc3ccccc3c2n1,4.8
CCc1nc(SCC(=O)NCCc2ccccc2)c2oc3ccccc3c2n1,5.45
CCc1nc(SCC(=O)c2ccc(Cl)s2)c2oc3ccccc3c2n1,5.1
CCc1nc2c(Cc3ccc(C(=O)NO)cc3)cccc2c(=O)n1CCc1ccccc1,7.0
CCc1nc2cc(Cl)ccn2c1C(=O)NCc1ccc(N2CCC(c3ccc(F)cc3)CC2)cc1,5.68
CCc1nc2ccc(C(=O)N(CC(C)C)C[C@@H](O)[C@H](Cc3ccccc3)NC(=O)OCc3cncs3)cc2o1,7.41
CCc1nc2ccc(Cl)cn2c1C(=O)NCc1ccc(N2CCN(c3ccc(F)cc3)CC2)cc1,6.31
CCc1nc2ccc(Cl)cn2c1C(=O)NCc1ccc(N2CCN(c3ccc(OC(F)(F)F)cc3)CC2)cc1,4.94
CCc1ncc(COC(=O)N[C@H](C(=O)N[C@@H](Cc2ccccc2)[C@H](O)CN2CCN(Cc3ccc(OC)c(OC)c3)C[C@H]2C(=O)NC(C)(C)C)C(C)C)s1,4.46
CCc1nn(CCCN2CCN(c3cccc(Cl)c3)CC2)c(=O)n1CCOc1ccccc1,6.0
CCc1nnc(NC(=O)C2Cc3ccccc3CN2S(=O)(=O)c2ccc(C)cc2)s1,5.2
CCc1nnc(NC(=O)CSc2nc(C3CCCCC3)nc3ccccc23)s1,5.6
CCc1nnc(NC(=O)CSc2nc3cc4c(cc3cc2C)OCCO4)s1,4.85
CCc1nnc(NS(=O)(=O)c2ccc(/N=C/c3c(C)nn(-c4ccc(C)cc4)c3O)cc2)s1,4.65
CCc1nnc(S)n1/N=C/c1ccc2c(c1)OCO2,4.85
CCc1nnc(SCc2ccc(OC(C)C)cc2)n1N,4.85
CCc1nnc2sc(-c3ccc(NC(=O)c4ccco4)cc3)nn12,6.15
CCc1noc(C)c1C(=O)Nc1nc(-c2cc(C)ccc2C)c(C)s1,5.45
CCc1noc(N)c1C(=O)Nc1ccc(F)c(Cl)c1,4.8
CCc1oc2ccccc2c1C(=O)c1cc(Br)c(O)c(Br)c1,4.54
CCc1sc(N(C(=O)Cc2ccccc2)c2cccc(F)c2)nc1-c1ccc(C)cc1,4.75
CCc1sc2ncnc(N[C@H](Cc3ccccc3)C(=O)O)c2c1-c1ccc(OCCN2CCN(C)CC2)c(Cl)c1C,5.28
CCn1c(-c2ccc(N(C)C)cc2)nc2ccccc21,5.0
CCn1c(-c2ccccc2Cl)nn(CC(=O)Nc2cc(Cl)ccc2Cl)c1=S,5.3
CCn1c(-c2ccccc2Cl)nn(CC(=O)Nc2ccc(OC)cc2)c1=S,5.3
CCn1c(-c2ccccc2Cl)nn(CC(=O)Nc2ccccc2OC)c1=S,4.9
CCn1c(-c2nonc2NC(=O)c2ccccc2)nc2ccccc21,5.5
CCn1c(=N)c(S(=O)(=O)c2ccc(F)cc2)cc2c(=O)n3ccccc3nc21,5.0
CCn1c(=O)[nH]c2cc(Cl)c(Cl)cc21,4.9
CCn1c(=O)[nH]c2ncnc(-c3ccc(NC(=O)Nc4cccc(C(=O)NC(C)C)c4)cc3)c21,4.58
CCn1c(=O)c(-c2cc(C(=O)NC3CC3)cc(F)c2C)cc2nnc(-c3c(F)cccc3Cl)n21,4.93
CCn1c(=O)c(-c2cc(C(=O)NC3CC3)ccc2C)cc2cnn(-c3ccc(F)cc3F)c21,5.8
CCn1c(=O)c2c(=O)cc(O)oc2c2ccccc21,6.2
CCn1c(=O)c2nc(-c3ccccc3)[nH]c2n(CC)c1=O,5.4
CCn1c(=O)cc(OCC(=O)Nc2cccnc2)c2ccccc21,5.15
CCn1c(=O)cc(SCC(=O)N2CCN(C(=O)c3ccco3)CC2)c2ccccc21,5.15
CCn1c(=O)cc(SCC(=O)NCc2ccc3c(c2)OCO3)c2ccccc21,6.4
CCn1c(=O)cc(SCC(=O)Nc2cc(OC)c(OC)c(OC)c2)c2ccccc21,5.3
CCn1c(=O)n(C)c(=O)c2c1cc(N1CCC[C@@](C)(N)C1)n2Cc1cc(F)ccc1C#N.Cl,5.03
CCn1c(C(=O)N(C2CC2)C2CC2)cc2c3c(ncn3C)c(Nc3cc(C)n(C)n3)nc21,5.52
CCn1c(C(=O)N(C2CC2)C2CC2)cc2c3c(ncn3C)c(Nc3nc(C)c(C)s3)nc21,5.52
CCn1c(C)c(/C=N/Nc2nc3ccccc3s2)c2ccccc21,5.05
CCn1c(C)c(C)c2cc(-n3ccccc3=O)nc(NCc3c(C)cccc3C)c21,5.54
CCn1c(C)cc(-c2ccc([C@H](C)N3CC[C@](CC(C)(C)O)(c4ccccc4)OC3=O)cc2)cc1=O,4.39
CCn1c(C)cc(/C=C2\NC(=O)N(Cc3ccc(Cl)cc3)C2=O)c1C,5.8
CCn1c(C)cc(/C=C2\SC(=O)N(CC(=O)Nc3ccc(C)c(C)c3)C2=O)c1C,6.0
CCn1c(C)nc2c1C(=O)c1ccccc1C2=O,4.7
CCn1c(CC(=O)Nc2ccc(C)c(Cl)c2)nnc1SCc1ccc(Cl)c(Cl)c1,5.4
CCn1c(CC(=O)Nc2ccc(C)cc2)nnc1SCC(=O)NCCc1ccccc1,5.0
CCn1c(CC(=O)Nc2ccc(C)cc2)nnc1SCC(=O)Nc1nc(C)cs1,5.1
CCn1c(CCC(=O)Nc2ccc(C)cc2C)nnc1CCC1CCCCC1,4.92
CCn1c(CNC(=O)COc2ccc(C(C)C)cc2)nnc1SCC(=O)Nc1cc(F)ccc1C,5.0
CCn1c(COc2ccc(C)cc2)nnc1SCc1ccc(C#N)cc1,5.7
CCn1c(COc2ccc(OC)cc2)nc2ccccc21,5.9
CCn1c(COc2ccccc2)nnc1SCC(=O)Nc1cc(OC)ccc1OC,5.0
CCn1c(COc2ccccc2)nnc1SCC(=O)c1cccc([N+](=O)[O-])c1,4.9
CCn1c(CSCc2ccc(C)cc2)nnc1SCC(=O)NCc1ccccc1,5.1
CCn1c(Cc2ccccc2)nnc1SCC(=O)NC(C)(C)C,4.95
CCn1c(N)c(C(=O)NCc2cccnc2)sc1=S,5.05
CCn1c(N2CCN(C(=O)Nc3ccc(F)cc3)CC2)nc2ccccc21,4.5
CCn1c(NCc2cc(Br)ccc2NS(=O)(=O)c2ccc(C)cc2)nc2ccccc21,5.85
CCn1c(O)c(/C=N/N=C2CCCC2)c2ccc(C3=NNC(=O)CC3)cc21,5.15
CCn1c(S)nnc1-c1ccc2ncccc2c1,5.4
CCn1c(S)nnc1CCNC(=O)c1ccc(Cl)cc1Cl,4.85
CCn1c(SCC(=O)N/N=C/C=C\c2ccccc2[N+](=O)[O-])nnc1-c1ccccc1,4.9
CCn1c(SCC(=O)N2CCN(S(=O)(=O)c3ccccc3)CC2)nnc1-c1cccs1,5.95
CCn1c(SCC(=O)N2CCOCC2)nc2oc3c(Cl)cc(Cl)cc3c(=O)c2c1=O,4.95
CCn1c(SCC(=O)NC(=O)NCc2ccco2)nnc1-c1cccs1,5.9
CCn1c(SCC(=O)NC2CCCCC2)nc2c(c1=O)SC(C)C2,4.8
CCn1c(SCC(=O)NC2CCCCC2)nnc1-c1cc2cccc(OC)c2o1,5.0
CCn1c(SCC(=O)NC2CCCc3ccccc32)nnc1-c1cccs1,5.55
CCn1c(SCC(=O)Nc2ccc3c(c2)OCCO3)nc2c(c1=O)SC(C)C2,5.0
CCn1c(SCC(=O)Nc2cccc3ccccc23)nnc1C1Cc2ccccc2C1,5.4
CCn1c(SCC(=O)Nc2ccccc2C(=O)OC)nnc1-c1ccc(N)cc1,6.2
CCn1c(SCC(=O)Nc2nc3ccc(C)cc3s2)nc2c(c1=O)SC(C)C2,5.3
CCn1c(SCC(=O)Nc2sc3c(c2C(N)=O)CCC(C)C3)nnc1-c1ccco1,5.15
CCn1c(SCC(=O)c2ccc(OC)cc2)nnc1C1CC1,4.65
CCn1c(SCC(=O)c2ccc3ccccc3c2)nnc1-c1cccs1,5.4
CCn1c(SCC(=O)c2ccccc2)nnc1-c1cccs1,5.05
CCn1c(SCc2c(Cl)cccc2Cl)nnc1-c1nn(-c2ccccc2)ccc1=O,4.9
CCn1c(SCc2ccc(C(=O)Nc3nccs3)cc2)nnc1-c1ccc(NC(C)=O)cc1,5.95
CCn1c(SCc2ccc(C)cc2)nnc1-c1cnn(-c2ccccc2)c1C(F)(F)F,4.8
CCn1c(SCc2ccc(C)cc2)nnc1-c1nn(-c2ccccc2)ccc1=O,5.05
CCn1c(SCc2ccc(Cl)cc2)nnc1-c1cnn(-c2ccccc2)c1C(F)(F)F,4.55
CCn1c(SCc2ccc(Cl)cc2Cl)nc2nc3c(cc2c1=O)CCCC3,5.05
CCn1c(SCc2ccc(OC)cc2)nnc1-c1ccncc1,4.55
CCn1c(SCc2ccc([N+](=O)[O-])cc2)nnc1C(C)NC(=O)c1ccccc1Br,5.25
CCn1c(SCc2cccc(C)c2)nnc1-c1ccc(C)cc1,5.05
CCn1c(SCc2cccc(C)c2)nnc1-c1ccccc1,5.5
CCn1c(SCc2cccc(Cl)c2)nnc1-c1cnn(-c2ccccc2)c1C(F)(F)F,4.65
CCn1c(SCc2nc3ccccc3[nH]2)nnc1-c1ccc(OC)cc1,5.5
CCn1c([C@@H](C)NS(=O)(=O)c2cccnc2)nc2ccc(C(F)(F)F)cc21,6.08
CCn1c2ccc(Cl)cc2c2nc3ccccc3nc21,4.8
CCn1c2ccccc2c2cc(/C=N/n3cnnc3S)ccc21,5.15
CCn1c2ccccc2c2cc(/N=C3/SC(CC(=O)Nc4ccccc4)C(=O)N3C)ccc21,5.3
CCn1c2ccccc2c2cc(/N=C3/SC(CC(=O)Nc4ccccc4OC)C(=O)N3C)ccc21,5.55
CCn1c2ccccc2c2cc(NC(=O)C(C)Oc3ccc(OC)cc3)ccc21,5.2
CCn1c2ccccc2c2cc(NC(=O)C/C(C)=N/NC(=O)c3ccccc3N)ccc21,5.15
CCn1c2ccccc2c2cc(NC(=O)CN3CCN(C[C@@H](O)COc4ccc5sc(C)nc5c4)CC3)ccc21,4.41
CCn1c2ccccc2c2cc(NC(=O)CSc3nnc(-c4ccc(OC)c(OC)c4)n3N)ccc21,6.0
CCn1c2ccccc2c2cc(NS(=O)(=O)c3ccccc3C)ccc21,6.0
CCn1c2ccccc2c2cnc(/N=C/N(C)C)c(C#N)c21,5.1
CCn1cc(-c2ccc([C@H](C)N3CC[C@](CC(C)(C)O)(c4ccc(F)cc4)OC3=O)cc2)ccc1=O,4.32
CCn1cc(-c2ccc([C@H](C)N3CC[C@](CC(C)(C)O)(c4ccccc4)OC3=O)cc2)cc(C)c1=O,4.55
CCn1cc(-c2ccnc3[nH]c(-c4cccc(CN(C)C)c4)cc23)c(-c2ccc(NC(=O)N(C)C)cc2)n1,4.82
CCn1cc(-c2nnnn2-c2ccc(Cl)cc2)c(=O)c2ccccc21,4.9
CCn1cc(C(=O)N2CCc3ccsc3C2Cc2ccc(OC)c(OC)c2)c2ccccc21,5.52
CCn1cc(Nc2ncnc3[nH]cc(C(=O)c4c(F)ccc(NS(=O)(=O)c5ccc(C(F)(F)F)cc5)c4F)c23)cn1,5.12
CCn1ccnc1C[C@@H]1COc2ccccc2O1,5.8
CCn1cnc(-c2cccnc2)c1,4.1
CCn1cnc2c(Nc3cccc(Cl)c3)nc(N[C@@H]3CCCC[C@H]3N)nc21,4.9
CCn1cnc2sc(C(=O)N3CCN(c4ccc(OC)cc4)CC3)c(C)c2c1=O,4.9
CCn1cncc1-c1c[nH]c2ccc(C(N)=O)cc12,6.51
CCn1cncc1-c1c[nH]c2ccc(I)c(F)c12,7.0
CCn1nc(-c2ccc([C@H](C)N3CC[C@](CC(C)(C)O)(c4ccccc4)OC3=O)cc2)ccc1=O,4.49
CCn1nc(C(C)(C)C)cc1Nc1nc(-c2ccc(-n3cnc(C)c3)c(F)c2)cs1,4.8
CCn1nc(C(F)(F)F)cc1Nc1nc(-c2ccc(-n3cnc(C)c3)c(OC)n2)cs1,5.28
CCn1nc(C)cc1C(=O)Nc1nc2cc(C(N)=O)cc(OC)c2n1C/C=C/Cn1c(NC(=O)c2cc(C)nn2CC)nc2cc(C(N)=O)cc(OCCCNC(=O)OC(C)(C)C)c21,5.38
CCn1nc(C2(C)CC2)cc1Nc1nc(-c2ccc(-n3cnc(C)c3)c(OC)n2)cs1,5.39
CCn1nc2c(-c3ccc(Cl)cc3)c(-c3ccncc3)c(=O)n(Cc3ccc(C(F)(F)F)nc3)n2c1=O,4.75
CCn1nc2c(-c3ccc(Cl)cc3)c(-c3ccncc3)c(=O)n(Cc3ccc(C(F)(F)F)nc3C)n2c1=O,5.279999999999999
CCn1nc2c(-c3ccc(Cl)cc3)c(-c3ccncc3F)c(=O)n(Cc3ccc(C(F)(F)F)nc3C)n2c1=O,5.16
CCn1nc2c(-c3ccc(Cl)cc3)c(-c3cnn(C)c3)c(=O)n(Cc3ccc(C#N)cc3)n2c1=O,5.47
CCn1nc2c(c1Nc1nc(-c3ccc(-n4cnc(C)c4)c(OC)n3)cs1)C(C)CC2(C)C,5.82
CCn1nc2c(c1Nc1nc(-c3ccc(-n4cnc(C)c4)c(OC)n3)cs1)CCC2,4.7
CCn1nc2c(c1Nc1nc(-c3ccc(-n4cnc(C)c4)c(OC)n3)cs1)CCC2(C)C,6.12
CCn1nc2c(c1Nc1nc(-c3ccc(-n4cnc(C)c4)c(OC)n3)cs1)CCCC2,5.43
CCn1nc2c(c1Nc1nc(-c3ccc(-n4cnc(C)c4)c(OC)n3)cs1)CCCCC2,4.96
CN(/C=C/C1=[N+](C)c2ccccc2C1(C)C)c1ccccc1.[I-],4.5
CN(C(=O)C(Cl)Cl)c1ccc(OC(=O)c2ccco2)cc1,4.8
CN(C(=O)C1(c2ccc(F)cc2)CCCC1)[C@@H]1CCc2c(CC(=O)O)c3ccccc3n2C1,4.43
CN(C(=O)CC(NC(=O)c1ccccc1)(c1ccccc1)c1ccccc1)c1ccccc1,6.15
CN(C(=O)CCCOc1ccc2[nH]c(=O)ccc2c1)C1CCCCC1,5.0
CN(C(=O)CN(CC#N)c1ccc(Cl)c(Cl)c1)C(CN1CCCC1)c1ccc(-c2cccc(C(N)=O)c2)cc1,5.66
CN(C(=O)CN(CCO)CC(=O)N(C)C(C)(C)Cc1ccccc1)C(C)(C)Cc1ccccc1,5.1
CN(C(=O)CN1C(=O)COc2cc(Cl)c(Cl)cc21)C(CN1CCOCC1)c1ccc(-c2ccccc2)cc1,5.34
CN(C(=O)CN1C(=O)COc2cc(Cl)c(Cl)cc21)[C@@H](CN1CCOCC1)c1ccc(-c2ccccc2)cc1,5.04
CN(C(=O)CN1C(=O)COc2cc(Cl)c(Cl)cc21)[C@H](CN1CCOCC1)c1ccc(-c2ccccc2)cc1,5.38
CN(C(=O)Cc1ccc(Cl)c(Cl)c1)C1CCCCC1N1CCCC1,5.3
CN(C(=O)Cc1ccc(Cl)c(Cl)c1)C1CCCCC1N1CCCC1.CS(=O)(=O)O,4.9
CN(C(=O)Cc1ccc(Cl)c(Cl)c1)[C@@H](CN1CCCC1)c1cccc(OCC(=O)O)c1,4.6
CN(C(=O)Cc1ccc(Cl)c(Cl)c1)[C@@H]1CCCC[C@H]1N1CCCC1.O=C(O)C(O)C(O)C(=O)O,5.1
CN(C(=O)Cc1ccc(Cl)c(Cl)c1)[C@@H]1CC[C@@]2(CCCO2)C[C@H]1N1CCCC1.CS(=O)(=O)O,5.5
CN(C(=O)Cc1ccc(Cl)c(Cl)c1)[C@H](CN1CCCC1)c1cccc(N=C=S)c1,5.9
CN(C(=O)Cc1ccc(Cl)c(Cl)c1)[C@H](CN1CCCC1)c1ccccc1,5.2
CN(C(=O)Cc1ccc(Cl)c(Cl)c1)[C@H]1CCCC[C@@H]1N1CCCC1,5.1
CN(C(=O)Cc1ccccc1)[C@@H]1CC[C@@]2(CCCO2)C[C@H]1N1CCCC1,5.0
CN(C(=O)Cc1ccccc1)[C@H](CN1CCCC1)c1ccccc1,4.9
CN(C(=O)Cn1ccnc1)C(c1ccccc1)c1ccc(Cl)cc1,6.75
CN(C(=O)c1ccc(Cl)c(Cl)c1)[C@H]1CCCC[C@@H]1N1CCCC1,5.1
CN(C(=S)NC(=O)c1ccccc1Br)C1CCCCC1,5.6
CN(C)/C(CN1CCOCC1)=C1\N=C(c2ccccc2)OC1=O,4.75
CN(C)C(=C(C#N)C#N)N1CCN(c2ccc(Cl)c(Cl)c2)CC1,5.05
CN(C)C(=O)C(CCN1CCC(O)(c2ccc(Cl)cc2)CC1)(c1ccccc1)c1ccccc1,5.3
CN(C)C(=O)CN(c1ccc2c(c1)OCO2)S(C)(=O)=O,4.6
CN(C)C(=O)CSC1c2ccccc2C(=O)N1c1ccccc1,4.8
CN(C)C(=O)Cn1c(=O)n(C)c(=O)c2c1cc(N1CCC[C@@](C)(N)C1)n2Cc1cc(F)ccc1Cl.Cl,4.87
CN(C)C(=O)N1CCCC(C(=O)NCCc2ccccc2)C1,4.4
CN(C)C(=O)[C@@H]1C[C@H]1[C@@H](NC(=O)OCc1ccccc1)c1ccccc1,5.0
CN(C)C(=O)[C@H]1C[C@@H]1[C@H](NC(=O)OCc1ccccc1)c1ccccc1,5.1
CN(C)C(=O)[C@]1(C)C[C@H]1[C@H](NC(=O)CNC(=O)[C@@H]1CCCN1C(=O)[C@]1(C)C[C@H]1[C@H](NC(=O)OCc1ccccc1)c1ccccc1)c1ccccc1,6.4
CN(C)C(=O)c1c(N)ccc(-c2cnc3c(c2Cl)C2(CCCC2)CN3)c1F,6.1
CN(C)C(=O)c1cc(-c2cnc3c(c2)C2(CCCC2)CN3)ccc1N,5.01
CN(C)C(=O)c1ccc(-c2cc(-n3ccnc3)ncn2)cc1,5.7
CN(C)C(=O)c1ccc(-c2cc(NCc3cccnc3)ncn2)cc1,4.8
CN(C)C(=O)c1ccc(-c2ccc3ncnc(N(C)C)c3c2)cc1,4.7
CN(C)C(=O)c1ccc(-c2ccc3ncnc(N(C)Cc4ccco4)c3c2)cc1,4.6
CN(C)C(=O)c1ccc(-c2ccc3ncnc(N4CCOCC4)c3c2)cc1,4.8
CN(C)C(=O)c1ccc(-c2ccc3ncnc(NC4CC4)c3c2)cc1,4.9
CN(C)C(=O)c1ccc(-c2ccc3ncnc(NCCN4CCOCC4)c3c2)cc1,4.8
CN(C)C(=O)c1ccc(-c2ccc3ncnc(NCc4ccccc4)c3c2)cc1,4.8
CN(C)C(=O)c1ccc(-c2ccc3ncnc(NCc4cccnc4)c3c2)cc1,5.8
CN(C)C(=O)c1ccc(-c2ccc3ncnc(NCc4cccs4)c3c2)cc1,5.0
CN(C)C(=O)c1ccc(-c2ccc3ncnc(Nc4ccc(F)cc4)c3c2)cc1,4.7
CN(C)C(=O)c1ccc(-c2ccc3ncnc(Nc4ccccc4)c3c2)cc1,5.1
CN(C)C(=O)c1ccc(-c2cncnc2-n2ccnc2)cc1,5.0
CN(C)C(=O)c1ccc(-c2cncnc2N(C)Cc2ccco2)cc1,5.7
CN(C)C(=O)c1ccc(-c2cncnc2NCCN2CCOCC2)cc1,4.8
CN(C)C(=O)c1ccc(-c2cncnc2NCCc2cnc[nH]2)cc1,5.2
CN(C)C(=O)c1ccc(-c2cncnc2NCc2ccccc2)cc1,5.6
CN(C)C(=O)c1ccc(-c2cncnc2NCc2cccnc2)cc1,5.3
CN(C)C(=O)c1ccc(-c2cncnc2NCc2cccs2)cc1,5.5
CN(C)C(=O)c1ccc(-c2cncnc2Nc2ccc(F)cc2)cc1,5.6
CN(C)C(=O)c1ccc(-c2cncnc2Nc2ccccc2)cc1,5.3
CN(C)C(=O)c1ccc(-c2nc(-n3ccnc3)c3ccccc3n2)cc1,4.9
CN(C)C(=O)c1ccc(-c2nc(N(C)C)c3ccccc3n2)cc1,5.8
CN(C)C(=O)c1ccc(-c2nc(NCc3ccccc3)c3ccccc3n2)cc1,4.8
CN(C)C(=O)c1ccc(-c2nc(NCc3cccnc3)c3ccccc3n2)cc1,4.9
CN(C)C(=O)c1ccc(-c2nc(NCc3cccs3)c3ccccc3n2)cc1,4.8
CN(C)C(=O)c1ccc(-c2nc(Nc3ccc(F)cc3)c3ccccc3n2)cc1,4.7
CN(C)C(=O)c1ccc(-c2nc(Nc3ccccc3)c3ccccc3n2)cc1,4.8
CN(C)C(=O)c1ccc(-c2nc(Nc3ccncc3)c3ccccc3n2)cc1,4.8
CN(C)C(=O)c1ccc(-c2nccc(-n3ccnc3)n2)cc1,5.5
CN(C)C(=O)c1ccc(-c2nccc(NCc3ccccc3)n2)cc1,4.7
CN(C)C(=O)c1ccc(-c2nccc(NCc3cccnc3)n2)cc1,4.8
CN(C)C(=O)c1ccc(-c2nccc(NCc3cccs3)n2)cc1,4.6
CN(C)C(=O)c1ccc(-c2nccc(Nc3ccc(F)cc3)n2)cc1,5.0
CN(C)C(=O)c1ccc(N(Cc2ccc(Br)o2)C(=O)c2ccc(O)cc2O)cc1,5.85
CN(C)C(=O)c1ccc(N(Cc2ccc(O)cc2)C(=O)c2ccc(O)cc2O)cc1,5.19
CN(C)C(=O)c1cccc(NC(=O)Nc2ccc(-c3ccnc4[nH]cnc34)cc2)c1,6.96
CN(C)C(=O)c1cn(N(C)c2ncc(C(F)(F)F)cc2Cl)c(=O)c2ccccc12,5.0
CN(C)C(=S)SSC(=S)N(C)C,4.8
CN(C)C(C)(C)[C@@H](c1ccc2cc(OCC(C)(C)C(=O)O)ccc2c1)n1ccnc1,5.68
CN(C)C(CNC(=O)NC1CCCCC1)c1cccnc1,4.8
CN(C)C/C=C(\c1ccc(Br)cc1)c1cccnc1,5.5
CN(C)C/C=C(\c1ccc(Br)cc1)c1cccnc1.Cl.Cl.O,4.9
CN(C)C1C(O)=C(C(N)=O)C(=O)[C@@]2(O)C(O)=C3C(=O)c4c(O)cccc4[C@@](C)(O)[C@H]3C[C@@H]12,4.7
CN(C)C1CCN(Cc2cc3nc(-c4c(F)ccc5[nH]ccc45)nc(N4CCOCC4)c3s2)CC1,5.04
CN(C)C1CN(C(=O)[C@@H](COCc2ccccc2)NC(=O)c2cccnc2Oc2ccc(C(F)(F)F)cc2Cl)C1,5.27
CN(C)C=O.COCCn1c(SCc2nc(O)c3c(C)c(C(=O)OC)sc3n2)nc2ccccc21,5.45
CN(C)CC#Cc1c(Oc2ccc(NC(=O)NC(=O)Cc3ccc(F)cc3)cc2F)ccnc1N,5.57
CN(C)CC(=O)N1CCC(Oc2ccc(-c3n[nH]c4ccc(C(=O)NC(c5ccccc5)C5CC5)cc34)cc2)CC1,6.0
CN(C)CC(=O)N1CCC(c2ccc(NC(=O)c3nc(C#N)c[nH]3)c(C3=CCCCC3)c2)CC1,5.32
CN(C)CC(=O)N1CCC2(CC1)C(=O)Nc1cc(/C=C3\c4ccccc4COc4cc(F)ccc43)ccc12,5.32
CN(C)CC(C)(C)CN1c2ccccc2Sc2ccccc21,5.3
CN(C)CC(C)(C)Cn1c(CC(C)(C)C)nc2cc(/C=C/C(=O)NO)ccc21,5.64
CN(C)CC(C)(c1ccc2ccccc2c1)C(O)c1ccccc1,4.7
CN(C)CC/C=C1\c2ccccc2Sc2cc(Cl)ccc21,4.4
CN(C)CC/C=C1\c2ccccc2Sc2ccc(Cl)cc21,4.8
CN(C)CC/C=C1\c2ccccc2Sc2ccc(Cl)cc21.Cl,4.4
CN(C)CC1CCC(CNc2nc(NCc3ccccc3Cl)ncc2[N+](=O)[O-])CC1,5.33
CN(C)CC1CCC2=C(C1=O)C(c1ccc(Cl)c(Cl)c1)C1=C(CCC(CN(C)C)C1=O)O2,6.4
CN(C)CCC(c1ccccc1)c1ccccn1.O=C(O)/C=C\C(=O)O,6.0
CN(C)CCC=C1c2ccccc2CCc2ccccc21.Cl,4.4
CN(C)CCCCCCOc1ccc(-n2ccnc2)cc1,5.35
CN(C)CCCN(Cc1ccc(-c2ccc(Cl)cc2)cc1)C(=O)Cn1cc(Cc2cnn(C)c2)c(=O)nc1SCc1ccc(F)cc1,4.77
CN(C)CCCN1c2ccccc2CCc2ccc(Cl)cc21,4.5
CN(C)CCCN1c2ccccc2CCc2ccc(Cl)cc21.Cl,4.7
CN(C)CCCN1c2ccccc2Sc2ccc(Cl)cc21,6.0
CN(C)CCCN1c2ccccc2Sc2cnccc21,5.8
CN(C)CCCOc1ccc(-n2ccnc2)cc1,4.41
CN(C)CCCOc1cccc(CNC(=O)c2ccc(-c3ccncc3)cc2)c1,5.7
CN(C)CCCSc1ccccc1NC(=O)/C=C\c1ccccc1,4.8
CN(C)CCC[C@@]1(c2ccc(F)cc2)OCc2cc(C#N)ccc21,6.0
CN(C)CCCc1cc(C(=O)Nc2ccc(-c3ccncc3)cc2)ccc1O,5.9
CN(C)CCCn1cc(C2=C(c3c[nH]c4ccccc34)C(=O)NC2=O)c2ccccc21,4.9
CN(C)CCN(C)C(=O)[C@H](Cc1ccc(Br)cc1)NC(=O)C1(c2ccc(Cl)cc2Cl)CC1,5.11
CN(C)CCN(C)C(=O)[C@H](Cc1ccc(Cl)cc1Cl)NC(=O)C1(c2ccc(Cl)cc2Cl)CC1,5.82
CN(C)CCN(C[C@@H](O)[C@H](Cc1ccccc1)NC(=O)OCc1cncs1)C(=O)c1ccc2nc(N3CCCC3)oc2c1,6.64
CN(C)CCN(Cc1ccc(-c2ccc(C(F)(F)F)cc2)cc1)C(=O)Cn1cc(Cc2cnn(C)c2)c(=O)nc1SCc1ccc(F)cc1,4.52
CN(C)CCN(Cc1ccc(-c2ccc(Cl)cc2)cc1)C(=O)Cn1cc(Cc2cnn(C)c2)c(=O)nc1SCc1ccc(F)cc1,5.1
CN(C)CCN1CCN(C(=O)c2cc(C(C)(C)C)sc2NC(=O)Nc2cccc(Cl)c2Cl)CCC1=O,6.26
CN(C)CCOC(=O)COc1ccc(Cl)cc1,5.9
CN(C)CCS(=O)(=O)CC[C@@H]1OCC[C@@]2(S(=O)(=O)c3ccc(Cl)cc3)c3c(F)ccc(F)c3OC[C@@H]12,5.05
CN(C)CCn1c(=O)n(Cc2ccco2)c(=O)c2c3c(sc21)CCCCC3,4.9
CN(C)C[C@H](c1ccc(Cl)c(Cl)c1)[C@H](O)c1ccccc1,4.7
CN(C)C[C@H](c1ccc2ccccc2c1)[C@H](N)c1ccccc1,4.7
CN(C)C[C@H](c1ccc2ccccc2c1)[C@H](O)c1cccs1,4.7
CN(C)C[C@H](c1ccc2ccccc2c1)[C@H](OCCO)c1ccccc1,4.7
CN(C)C[C@H]1C[C@@H](c2nc(-c3ccc4ccc(-c5ccccc5)nc4c3)c3c(N)nccn32)C1,4.82
CN(C)C[C@H]1C[C@H](c2nc(-c3ccc4ccc(-c5ccccc5)nc4c3)c3c(N)nccn32)C1,4.82
CN(C)Cc1c[nH]c2ccccc12,5.5
CN(C)Cc1cc(C(F)(F)F)ccc1C(O)(c1ccccc1)c1ccccc1,6.1
CN(C)Cc1ccc(/C=C/c2n[nH]c3cc(/C=C4/C(=O)Nc5ccccc54)ccc23)cc1,5.515000000000001
CN(C)Cc1ccc(/C=C/c2n[nH]c3cc([C@@H]4C[C@@]45C(=O)N(C)c4ccccc45)ccc23)cc1,5.64
CN(C)Cc1ccc(/C=C/c2n[nH]c3cc([C@@H]4C[C@@]45C(=O)Nc4ccccc45)ccc23)cc1,5.15
CN(C)Cc1ccccc1-c1cc(-n2ccnc2)ncn1,5.6
CN(C)Cc1ccccc1-c1cc(N(C)Cc2ccco2)ncn1,4.6
CN(C)Cc1ccccc1-c1cc(NC2CC2)ncn1,4.6
CN(C)Cc1ccccc1-c1cc(NCc2cccs2)ncn1,5.0
CN(C)Cc1ccccc1-c1ccc2ncnc(N(C)C)c2c1,4.9
CN(C)Cc1ccccc1-c1ccc2ncnc(N(C)Cc3ccco3)c2c1,4.8
CN(C)Cc1ccccc1-c1ccc2ncnc(N3CCOCC3)c2c1,4.7
CN(C)Cc1ccccc1-c1ccc2ncnc(NC3CC3)c2c1,4.8
CN(C)Cc1ccccc1-c1ccc2ncnc(NCc3ccccc3)c2c1,4.8
CN(C)Cc1ccccc1-c1ccc2ncnc(NCc3cccs3)c2c1,4.9
CN(C)Cc1ccccc1-c1cncnc1NC1CC1,4.9
CN(C)Cc1ccccc1-c1cncnc1NCc1ccccc1,5.7
CN(C)Cc1ccccc1-c1cncnc1NCc1cccnc1,5.8
CN(C)Cc1ccccc1-c1cncnc1NCc1cccs1,5.9
CN(C)Cc1ccccc1-c1cncnc1Nc1ccc(F)cc1,5.7
CN(C)Cc1ccccc1-c1cncnc1Nc1ccccc1,5.8
CN(C)Cc1ccccc1-c1cncnc1Nc1ccncc1,5.1
CN(C)Cc1ccccc1-c1nc(N(C)Cc2ccco2)c2ccccc2n1,5.8
CN(C)Cc1ccccc1-c1nc(N2CCOCC2)c2ccccc2n1,4.7
CN(C)Cc1ccccc1-c1nc(NC2CC2)c2ccccc2n1,4.8
CN(C)Cc1ccccc1-c1nc(NC2CCNCC2)c2ccccc2n1,4.7
CN(C)Cc1ccccc1-c1nc(NCc2ccccc2)c2ccccc2n1,4.9
CN(C)Cc1ccccc1-c1nc(NCc2cccs2)c2ccccc2n1,5.2
CN(C)Cc1ccccc1-c1nccc(N(C)C)n1,5.0
CN(C)Cc1ccccc1-c1nccc(N(C)Cc2ccco2)n1,4.5
CN(C)Cc1ccccc1-c1nccc(NC2CC2)n1,4.8
CN(C)Cc1ccccc1-c1nccc(Nc2ccc(F)cc2)n1,4.8
CN(C)N1C(N)=C(C#N)C(c2cccnc2)C2=C1CC(C)(C)CC2=O,5.65
CN(C)S(=O)(=O)Oc1ccc(Cl)cc1C(=O)Nc1cccc(C(F)(F)F)c1,4.9
CN(C)S(=O)(=O)Oc1cccc(C(=O)Nc2ccc(Cl)c(Cl)c2)c1,4.6
CN(C)S(=O)(=O)Oc1ccccc1C(=O)Nc1cccc(C(F)(F)F)c1,4.95
CN(C)S(=O)(=O)Oc1ccsc1C(=O)Nc1ccc(Cl)c(Cl)c1,5.35
CN(C)S(=O)(=O)Oc1ccsc1C(=O)Nc1ccc(Cl)cc1,4.8
CN(C)S(=O)(=O)Oc1ccsc1C(=O)Nc1cccc(Cl)c1,5.0
CN(C)S(=O)(=O)c1cc([N+](=O)[O-])ccc1N1CCCCCC1,4.9
CN(C)S(=O)(=O)c1ccc(-n2ccnc2)c(NC(=O)c2cnc(-c3ccccc3)s2)c1,5.0
CN(C)S(=O)(=O)c1ccc(NC(=O)c2c(F)cccc2Cl)cc1,4.65
CN(C)S(=O)(=O)c1ccc(Nc2ccc(O)c3c2C(=O)c2c([N+](=O)[O-])ccc(O)c2C3=O)cc1,5.4
CN(C)S(=O)(=O)c1ccc2c(c1)/C(=C/c1cc3c([nH]1)CCCC3)C(=O)N2,5.3
CN(C)S(=O)(=O)c1cccc(CC(=O)Nc2nc(-c3c[nH]c4ncccc34)cs2)c1,5.64
CN(C)S(=O)(=O)c1cccc(N2CCC(N(c3ccc(C#N)cc3)c3cccnc3)CC2)c1,5.22
CN(C)S(=O)(=O)c1cccc(N2CCC(N(c3ccc(C(F)(F)F)cc3)c3cccnc3)CC2)c1,5.16
CN(C)S(=O)(=O)c1cccc(NC(=O)COC(=O)c2ccc(Br)o2)c1,4.7
CN(C)S(=O)(=O)c1ccccc1N1CCC(N(c2ccc(C#N)cc2)c2cccnc2)CC1,5.7
CN(C)[C@@H]1CCN(C(=O)[C@@H](COCc2ccccc2)NC(=O)c2cccnc2Oc2ccc(C(F)(F)F)cc2Cl)C1,5.14
CN(C)[C@H]1CC[C@@H](c2ccc(OCCCN3CCCCC3)cc2)CC1,4.3
CN(C)[C@H]1CC[C@H](c2ccc(OCCCN3CCCCC3)cc2)CC1,4.37
CN(C)[C@H]1C[C@@H](c2nc(-c3ccc4ccc(-c5ccccc5)nc4c3)c3c(N)nccn32)C1,4.72
CN(C)c1cc(-c2cccc(NS(C)(=O)=O)c2)ncn1,4.6
CN(C)c1cc2c(Nc3ccc4c(cnn4Cc4ccccc4)c3)ncnc2cn1,5.3
CN(C)c1ccc(-c2cc(-n3ccnc3)ncn2)cc1,7.2
CN(C)c1ccc(-c2cc(N(C)Cc3ccco3)ncn2)cc1,4.9
CN(C)c1ccc(-c2cc(NCc3ccccc3)ncn2)cc1,4.8
CN(C)c1ccc(-c2cc(NCc3cccnc3)ncn2)cc1,5.5
CN(C)c1ccc(-c2cc(Nc3ccc(F)cc3)ncn2)cc1,5.0
CN(C)c1ccc(-c2ccc3ncnc(-n4ccnc4)c3c2)cc1,6.0
CN(C)c1ccc(-c2ccc3ncnc(N(C)C)c3c2)cc1,5.2
CN(C)c1ccc(-c2ccc3ncnc(N(C)Cc4ccco4)c3c2)cc1,5.3
CN(C)c1ccc(-c2ccc3ncnc(N4CCNCC4)c3c2)cc1,4.7
CN(C)c1ccc(-c2ccc3ncnc(NC4CC4)c3c2)cc1,5.5
CN(C)c1ccc(-c2ccc3ncnc(NCc4ccccc4)c3c2)cc1,5.6
CN(C)c1ccc(-c2cncnc2-n2ccnc2)cc1,5.6
CN(C)c1ccc(-c2cncnc2N(C)Cc2ccco2)cc1,6.2
CN(C)c1ccc(-c2cncnc2NCCN2CCOCC2)cc1,5.5
CN(C)c1ccc(-c2cncnc2NCCc2cnc[nH]2)cc1,5.9
CN(C)c1ccc(-c2cncnc2NCc2ccccc2)cc1,7.5
CN(C)c1ccc(-c2cncnc2NCc2cccnc2)cc1,6.2
CN(C)c1ccc(-c2cncnc2NCc2cccs2)cc1,6.1
CN(C)c1ccc(-c2cncnc2Nc2ccc(F)cc2)cc1,6.1
CN(C)c1ccc(-c2cncnc2Nc2ccccc2)cc1,6.2
CN(C)c1ccc(-c2nc(-n3ccnc3)c3ccccc3n2)cc1,6.2
CN(C)c1ccc(-c2nc(N(C)C)c3ccccc3n2)cc1,4.9
CN(C)c1ccc(-c2nc(N(C)Cc3ccco3)c3ccccc3n2)cc1,5.0
CN(C)c1ccc(-c2nc(N3CCNCC3)c3ccccc3n2)cc1,4.5
CN(C)c1ccc(-c2nc(NC3CCNCC3)c3ccccc3n2)cc1,4.5
CN(C)c1ccc(-c2nc(NCCN3CCOCC3)c3ccccc3n2)cc1,4.9
CN(C)c1ccc(-c2nc(NCCc3cnc[nH]3)c3ccccc3n2)cc1,5.6
CN(C)c1ccc(-c2nc(NCc3cccnc3)c3ccccc3n2)cc1,5.7
CN(C)c1ccc(-c2nc(Nc3ccncc3)c3ccccc3n2)cc1,5.1
CN(C)c1ccc(-c2nc3c(N4CCN(CC(=O)Nc5nccs5)CC4)c(Cl)cnc3[nH]2)cc1,5.0
CN(C)c1ccc(-c2nc3n(n2)C(c2cccnc2)C2=C(O)CC(C)(C)CC2=N3)cc1,5.65
CN(C)c1ccc(-c2nccc(NCCN3CCOCC3)n2)cc1,4.6
CN(C)c1ccc(-c2nccc(NCc3ccccc3)n2)cc1,5.1
CN(C)c1ccc(-c2nccc(NCc3cccs3)n2)cc1,4.9
CN(C)c1ccc(-c2nccc(Nc3ccc(F)cc3)n2)cc1,4.9
CN(C)c1ccc(/C=C2/C(=O)Nc3ccccc32)cc1,5.0
CN(C)c1ccc(/C=C2\CCCN=C2c2cccnc2)cc1.Cl.Cl,5.0
CN(C)c1ccc(/C=C2\SC(=S)N(Nc3ncc(C(F)(F)F)cc3Cl)C2=O)cc1,4.85
CN(C)c1ccc(/C=N/N2C(=S)SC(C)(C)C2N(O)C(=O)Nc2ccc([N+](=O)[O-])cc2)cc1,5.8
CN(C)c1ccc(/C=N\NC(=O)c2cnc3ccccc3c2)cc1,5.4
CN(C)c1ccc(/N=C/C=C2\N(C)c3ccccc3C2(C)C)cc1,4.8
CN(C)c1ccc(/N=C/c2nc(-c3ccccc3)oc2O)cc1,4.85
CN(C)c1ccc(/N=N\c2cccc3ccoc23)cc1,5.4
CN(C)c1ccc(C(=C2C=CC(=[N+](C)C)C=C2)c2c(O)c(S(=O)(=O)[O-])cc3cc(S(=O)(=O)O)ccc23)cc1,5.5
CN(C)c1ccc(C(=C2C=CC(=[N+](C)C)C=C2)c2ccc(N(C)C)cc2)cc1.[Cl-],5.0
CN(C)c1ccc(C(=C2C=CC(=[N+](C)C)C=C2)c2ccccc2)cc1.CN(C)c1ccc(C(=C2C=CC(=[N+](C)C)C=C2)c2ccccc2)cc1.O=C(O)C(=O)O.O=C([O-])C(=O)O.O=C([O-])C(=O)O,4.9
CN(C)c1ccc(C(=N)c2ccc(N(C)C)cc2)cc1.Cl,4.8
CN(C)c1ccc(C(=O)/C=C/c2ccc3cnccc3c2)cc1,6.16
CN(C)c1ccc(C(c2ccc(N(C)C)cc2)c2ccc([N+](=O)[O-])cc2)cc1,5.7
CN(C)c1ccc(C2(c3ccc(N(C)C)cc3)OC(=O)c3cc(N(C)C)ccc32)cc1,5.1
CN(C)c1ccc(CC(=O)N[C@@H]2CNC[C@H]2c2ccc(C(C)(F)F)cc2)cc1,5.6
CN(C)c1ccc(CC(=O)N[C@@H]2CNC[C@H]2c2ccc(C(F)(F)F)cc2)cc1,6.06
CN(C)c1ccc(CC(=O)N[C@@H]2CNC[C@H]2c2ccc(S(F)(F)(F)(F)F)cc2)cc1,6.8
CN(C)c1ccc(CNC(=O)C2(C)C=CCN2C(=O)c2ccccc2)cc1,5.0
CN(C)c1ccc(CNC(=O)CC2(C)CC3(CCCCC3)OO2)cc1,5.32
CN(C)c1ccc(Cc2ccc(N(C)C)cc2)cc1,4.9
CN(C)c1ccc(N)cc1,4.8
CN(C)c1ccc(N2C(=O)CN(Cc3ccc(F)cc3)C2=S)cc1Cl,5.89
CN(C)c1ccc(NC(=O)CN2C(=O)CN=C(c3ccccc3)c3ccccc32)cc1,5.35
CN(C)c1ccc(NC(=O)CN2CCN(c3ccccc3F)CC2)cc1,4.75
CN(C)c1ccc(NC(=O)CSc2nc(N)c(C(=O)Nc3ccc(N(C)C)cc3)s2)cc1,5.35
CN(C)c1ccc(NC(=O)c2cc(-c3ccccc3)nc3ccccc23)cc1,4.84
CN(C)c1ccc(NC(=O)c2cc(-c3ccccn3)nc3ccccc23)cc1,4.48
CN(C)c1ccc(NC(=O)c2cc(-c3ccncc3)nc3ccccc23)cc1,6.1
CN(C)c1ccc(NC(=O)c2cc(-c3ccncn3)nc3ccccc23)cc1,5.08
CN(C)c1ccc(NC(=O)c2cc(-c3cnccn3)nc3ccccc23)cc1,4.8
CN(C)c1ccc(O)c2c1C[C@@H]1C[C@H]3C(N(C)C)C(O)=C(C(N)=O)C(=O)[C@@]3(O)C(O)=C1C2=O.Cl,6.2
CN(C)c1ccc([C@H]2C[C@@]3(C)[C@@H](CC[C@@]3(O)C#CC(C)(C)C)[C@@H]3CCC4=CC(=O)CCC4=C32)cc1,5.54
CN(C)c1ccc2nc3ccc(=[N+](C)C)cc-3sc2c1.O.O.O.[Cl-],4.8
CN(C)c1cccc(OC2C=CC(C#Cc3ccccc3)OC2CO)c1,5.4
CN(C)c1ccccc1CN1CCCN(Cc2ccccc2N(C)C)C1c1ccncc1,5.5
CN(C)c1ccnc(-c2cccc(NS(C)(=O)=O)c2)n1,4.5
CN(C)c1ccnc(-c2ccccc2C(F)(F)F)n1,5.2
CN(C)c1ccnc(Oc2ccc(Cl)cc2)c1C#N,5.5
CN(C)c1nc(-c2ccc3c(c2)OCO3)nc2ccccc12,5.7
CN(C)c1nc(-c2cccc(C#N)c2)nc2ccccc12,5.0
CN(C)c1nc(-c2cccc(NS(C)(=O)=O)c2)nc2ccccc12,5.2
CN(C)c1nc(-c2cccnc2)nc2ccccc12,5.1
CN(C)c1nc(-c2ccoc2)nc2ccccc12,4.6
CN(C)c1nc(N)c(C(=O)NC(=N)N)nc1Cl,5.0
CN(C)c1nc(NCc2ccccc2)nc(N/N=C/c2ccc(Cl)cc2Cl)n1,5.65
CN(C)c1nc2c(Br)c(Br)c(Br)c(Br)c2[nH]1,4.7
CN(C)c1ncc(S(=O)(=O)c2ccccc2)c(-c2ccc(Cl)cc2Cl)n1,5.6
CN(C)c1ncc2nc(-c3cc(F)cc(F)c3)c(=O)n(CCC#N)c2n1,4.4
CN(C)c1ncc2nc(-c3cc(F)cc(F)c3)c(=O)n(Cc3ccc(F)cc3)c2n1,4.5
CN(C)c1ncc2nc(-c3cc(F)cc(F)c3)c(=O)n(Cc3cccs3)c2n1,5.3
CN(C)c1ncc2nc(-c3ccc(Cl)cc3)c(=O)n(Cc3ccc(F)cc3)c2n1,5.6
CN(C)c1ncc2nc(-c3ccc(F)cc3)c(=O)n(Cc3ccc(F)cc3)c2n1,5.6
CN(C)c1ncc2nc(-c3ccc(F)cc3)c(=O)n(Cc3cccs3)c2n1,4.6
CN(C)c1ncc2nc(-c3ccccc3)c(=O)n(-c3ccccc3)c2n1,4.7
CN(C)c1ncc2nc(-c3ccccc3)c(=O)n(C[C@H]3CCCO3)c2n1,4.9
CN(C)c1ncc2nc(-c3ccccc3)c(=O)n(Cc3cccs3)c2n1,4.8
CN(C)c1ncc2nc(-c3cccs3)c(=O)n(C)c2n1,4.5
CN(C)c1ncc2nc(-c3cccs3)c(=O)n(C3CC3)c2n1,4.8
CN(C)c1ncc2nc(-c3cccs3)c(=O)n(C[C@H]3CCCO3)c2n1,4.6
CN(C)c1ncc2nc(-c3cccs3)c(=O)n(Cc3cccs3)c2n1,5.5
CN(C)c1ncc2nc(-c3cn(C)c4ccccc34)c(=O)n(C[C@H]3CCCO3)c2n1,5.1
CN(C)c1ncc2nc(CCc3ccccc3)c(=O)n(-c3ccccc3)c2n1,5.2
CN(C)c1ncc2nc(CCc3ccccc3)c(=O)n(C3CC3)c2n1,5.0
CN(C)c1ncc2nc(CCc3ccccc3)c(=O)n(CCC#N)c2n1,4.7
CN(C)c1ncc2nc(CCc3ccccc3)c(=O)n(CCc3ccccc3)c2n1,5.2
CN(C)c1ncc2nc(CCc3ccccc3)c(=O)n(C[C@H]3CCCO3)c2n1,4.8
CN(C)c1ncc2nc(CCc3ccccc3)c(=O)n(Cc3ccc(F)cc3)c2n1,5.4
CN(C)c1ncc2nc(CCc3ccccc3)c(=O)n(Cc3cccs3)c2n1,5.0
CN(C)c1ncc2ncc(=O)n(Cc3ccc(F)cc3)c2n1,5.5
CN(C)c1ncc2ncc(=O)n(Cc3cccs3)c2n1,4.8
CN(C)c1nccc(N(Cc2ccccc2)Cc2ccccc2)c1C#N,4.9
CN(C)c1nccc2c1c1ncnc(N3CCN(CCc4ccc(F)c(F)c4)CC3)c1n2C,4.58
CN(C)c1ncnc2ccc(-c3ccc4c(c3)OCO4)cc12,6.0
CN(C)c1ncnc2ccc(-c3cccc(C#N)c3)cc12,4.9
CN(C)c1ncnc2ccc(-c3cccc(NS(C)(=O)=O)c3)cc12,5.1
CN(C)c1ncnc2ccc(-c3ccccc3C#N)cc12,5.8
CN(C)c1ncnc2ccc(-c3ccccc3C(F)(F)F)cc12,5.0
CN(C)c1ncnc2ccc(-c3cccnc3)cc12,6.0
CN(C)c1ncnc2ccc(-c3ccoc3)cc12,4.9
CN(C/C=C/c1ccc(-c2ccccc2)cc1)Cc1coc2ccccc12.Cl,5.0
CN(C1CCCCC1)S(=O)(=O)c1ccc(NC(=S)NC(=O)c2cccs2)cc1,5.4
CN(CC(=O)N(C)C(CN1CCCC1)c1ccc(-c2ccccc2)cc1)c1ccc(Cl)c(Cl)c1,5.31
CN(CC(=O)N(C)C(CN1CCCC1)c1ccccc1)c1ccc(Cl)c(Cl)c1,5.48
CN(CC(=O)N(C)C(CN1CCOCC1)c1ccc(-c2ccccc2)cc1)c1ccc(Cl)c(Cl)c1,5.68
CN(CC(=O)N1CCCC(c2ccccc2)C1CN1CCCC1)c1ccc(Cl)c(Cl)c1,5.85
CN(CC(=O)N1CCCC(c2ccccc2)C1CN1CCOCC1)c1ccc(Cl)c(Cl)c1,6.11
CN(CC(=O)N1CCC[C@H](c2ccccc2)[C@@H]1CN1CCCC1)c1ccc(Cl)c(Cl)c1,5.85
CN(CC(=O)N1CCN(c2ccccc2)CC1)S(=O)(=O)c1c[nH]cn1,4.95
CN(CC(=O)NCc1ccc(F)cc1)S(=O)(=O)c1cccc2nsnc12,5.5
CN(CC(=O)Nc1ccc(F)c(F)c1)S(=O)(=O)c1cccc2nsnc12,5.3
CN(CC(=O)Nc1cccc2c1CCCC2)S(=O)(=O)c1ccc(Br)cc1,5.05
CN(CC(O)(CNC(=O)c1cnn(-c2ccc(F)cc2)c1N)C(F)(F)F)C(=O)c1c(F)cccc1F,4.0
CN(CCC#N)C(=O)c1ccc(CNS(=O)(=O)c2ccc(F)cc2)cc1,6.95
CN(CCC(N)CC(=O)NC1C=CC(n2ccc(N)nc2=O)OC1C(=O)O)C(=N)N.Cl,6.7
CN(CCCC(F)F)Cc1ccc(COc2ccc3c(CO)cc(=O)oc3c2)cc1,5.0
CN(CCCNC(=O)C1CCC(=O)N1Cc1ccccc1Cl)c1ccccc1,5.15
CN(CCCNC(=O)C1CCN(S(=O)(=O)c2cccc3nsnc23)CC1)Cc1ccccc1,5.5
CN(CCCNC(=O)c1cccn2c(=O)c3ccccc3nc12)Cc1ccccc1,6.0
CN(CCCl)Cc1cc(Cl)c(NC2=NCCN2)c(Cl)c1,4.6
CN(CCO)CC(=O)N1CCC(c2ccc(NC(=O)c3nc(C#N)c[nH]3)c(C3=CCCCC3)c2)CC1,5.17
CN(CCO)c1cc(Sc2nc3ccccc3s2)c2nonc2c1[N+](=O)[O-],4.65
CN(CCO)c1nc(N)c2c(N)nc3c(c2c1C#N)CC(=O)N3C1CCCC1,5.0
CN(CCOc1ccc(CC2SC(=O)NC2=O)cc1)c1ccccn1,5.1
CN(CCOc1ccc(C[C@H](Nc2ccccc2C(=O)c2ccccc2)C(=O)O)cc1)c1ccccn1,5.5
CN(CCc1ccc(Cl)c(Cl)c1)CCN1CCCCCC1,5.0
CN(CCc1ccc(Cl)c(Cl)c1)C[C@@H](O)COc1ccc(NS(C)(=O)=O)cc1,4.8
CN(CCc1ccc(Cl)c(Cl)c1)[C@H]1CCCC[C@H]1N1CCCC1,4.9
CN(CCc1ccccn1)Cc1ccc(Cl)cc1Cl,5.1
CN(CCc1ccccn1)c1ccc2c(c1)C(=O)c1ccccc1-2,5.5
CN(CCc1ccccn1)c1ccc2c(c1)Cc1ccccc1-2,5.6
CN(C[C@@H](O)[C@H](Cc1ccccc1)NC(=O)OCc1cncs1)C(=O)c1ccc2nc(N3CCCC3)oc2c1,7.08
CN(C[C@@H]1COCCO1)S(=O)(=O)Nc1ccc2ccc3ncc(-c4cnn(C)c4)cc3c(=O)c2c1,5.15
CN(C[C@H]1Cc2c(cccc2N2CCN(C3CC3)CC2)CN1)[C@H]1CCCc2cccnc21,5.37
CN(C[C@H]1Cc2c(cccc2N2CCN(Cc3ccccn3)CC2)CN1)[C@H]1CCCc2cccnc21,5.17
CN(C[C@H]1Cc2c(cccc2N2CCN(c3cccc(C(F)(F)F)c3)CC2)CN1)[C@H]1CCCc2cccnc21,5.66
CN(C[C@H]1Cc2c(cccc2N2CCN(c3ccccn3)CC2)CN1)[C@H]1CCCc2cccnc21,5.5
CN(C[C@H]1Cc2c(cccc2N2CCN(c3ncccn3)CC2)CN1)[C@H]1CCCc2cccnc21,5.47
CN(Cc1c2c(=O)n(-c3ccccc3Cl)[nH]c2cc(=O)n1Cc1ccncc1)c1ccccc1,5.96
CN(Cc1cc(Br)cc(Br)c1N)C1CCCCC1.Cl,4.9
CN(Cc1cc(Br)cc(Br)c1O)Cc1c(O)ccc2ccccc12,5.4
CN(Cc1ccc(COc2ccc3c(CO)cc(=O)oc3c2)cc1)Cc1cccc(F)c1,5.46
CN(Cc1cccc(F)c1CNc1cc(F)c(S(=O)(=O)Nc2cscn2)c(F)c1)C(C)(C)C,4.3
CN(Cc1ccccc1)C(=O)CC(c1ccccc1)c1cc(Cl)ccc1O,4.85
CN(Cc1ccccc1)Cc1ccc(COc2ccc3c(CO)cc(=O)oc3c2)cc1,5.16
CN(Cc1ccccc1)Cn1ccnc1,5.4
CN(Cc1ccccc1)c1nc(-c2ccc([N+](=O)[O-])cc2)nc2ccccc12,5.95
CN(Cc1cccn1C)C(=O)C12CC3CC(CC(C3)C1)C2,4.734999999999999
CN(Cc1ccco1)c1cc(-c2ccc3c(c2)OCO3)ncn1,5.4
CN(Cc1ccco1)c1cc(-c2cccc(NS(C)(=O)=O)c2)ncn1,4.8
CN(Cc1ccco1)c1cc(-c2ccccc2C(F)(F)F)ncn1,4.9
CN(Cc1ccco1)c1cc(-c2cccnc2)ncn1,5.5
CN(Cc1ccco1)c1ccnc(-c2cccc(C#N)c2)n1,4.9
CN(Cc1ccco1)c1ccnc(-c2cccc(NS(C)(=O)=O)c2)n1,5.2
CN(Cc1ccco1)c1ccnc(-c2cccnc2)n1,4.9
CN(Cc1ccco1)c1nc(-c2ccc3c(c2)OCO3)nc2ccccc12,5.8
CN(Cc1ccco1)c1nc(-c2cccc(C#N)c2)nc2ccccc12,4.9
CN(Cc1ccco1)c1nc(-c2ccccc2C(F)(F)F)nc2ccccc12,4.9
CN(Cc1ccco1)c1nc(-c2ccccc2Cl)nc2ccccc12,4.5
CN(Cc1ccco1)c1nc(-c2cccnc2)nc2ccccc12,4.9
CN(Cc1ccco1)c1nc(-c2ccoc2)nc2ccccc12,4.6
CN(Cc1ccco1)c1ncnc2ccc(-c3ccc4c(c3)OCO4)cc12,5.6
CN(Cc1ccco1)c1ncnc2ccc(-c3cccc(C#N)c3)cc12,4.5
CN(Cc1ccco1)c1ncnc2ccc(-c3cccc(NS(C)(=O)=O)c3)cc12,5.3
CN(Cc1ccco1)c1ncnc2ccc(-c3ccccc3C#N)cc12,4.5
CN(Cc1ccco1)c1ncnc2ccc(-c3ccccc3C(F)(F)F)cc12,4.8
CN(Cc1ccco1)c1ncnc2ccc(-c3ccccc3Cl)cc12,4.8
CN(Cc1ccco1)c1ncnc2ccc(-c3cccnc3)cc12,5.4
CN(Cc1ccco1)c1ncnc2ccc(-c3ccoc3)cc12,4.6
CN(Cc1ccco1)c1ncncc1-c1ccc2c(c1)OCO2,5.9
CN(Cc1ccco1)c1ncncc1-c1cccc(C#N)c1,5.1
CN(Cc1ccco1)c1ncncc1-c1cccc(NS(C)(=O)=O)c1,6.1
CN(Cc1ccco1)c1ncncc1-c1ccccc1C(F)(F)F,5.9
CN(Cc1ccco1)c1ncncc1-c1ccccc1Cl,6.3
CN(Cc1ccco1)c1ncncc1-c1cccnc1,5.6
CN(Cc1ccco1)c1ncncc1-c1ccoc1,5.5
CN(Cc1cccs1)C(=O)C12CC3CC(CC(C3)C1)C2,5.0
CN(Cc1cccs1)C(=O)CC12CC3CC(CC(C3)C1)C2,6.82
CN(Cc1cncs1)C(=O)NCCC(=O)N[C@H](CC[C@H](Cc1ccccc1)NC(=O)OCc1cncs1)Cc1ccccc1,6.89
CN(Cc1cncs1)C(=O)N[C@@H](CO)C(=O)N[C@H](CC[C@H](Cc1ccccc1)NC(=O)OCc1cncs1)Cc1ccccc1,6.77
CN(Cc1nc(CC2([C@H]3CCC[C@@H](C4CC4)N3S(=O)(=O)c3ccc(Cl)cc3)CC2)no1)C(C)(C)CO,5.51
CN(Cc1noc(CC2([C@H]3CCC[C@@H](C4CC4)N3S(=O)(=O)c3ccc(Cl)cc3)CC2)n1)C(C)(C)CO,6.52
CN(NC(=O)NN)c1ncc(C(F)(F)F)cc1Cl,4.85
CN([C@@H]1CCc2c(CC(=O)O)c3ccccc3n2C1)S(=O)(=O)c1ccc(F)cc1,4.47
CN([C@@H]1CCc2c(c3ccccn3c2CC(=O)O)C1)S(=O)(=O)c1ccc(F)cc1,4.96
CN(c1ccc(C(=O)NC2CC3CCC2C3)cc1)S(C)(=O)=O,4.8
CN(c1ccc2cn(C)nc2c1)c1ccnc(Nc2cccc(S(N)(=O)=O)c2)n1,5.37
CN(c1ccccc1)c1ccc(/C=c2\s/c(=C(/C#N)C(=O)C(C)(C)C)n(Cc3ccco3)c2=O)cc1,5.2
CN(c1ccccc1)c1nc(-n2ccnc2)nc(-n2ccnc2)n1,6.05
CN(c1ccnc(Nc2cc(N3CCOCC3)cc(N3CCOCC3)c2)n1)c1cccc2[nH]ncc12,5.3
CN(c1ncccc1CNc1nc(Nc2ccc3c(c2)CC(=O)N3)ncc1C(F)(F)F)S(C)(=O)=O,4.92
CN/C(=N/C#N)NCCSC[C@H]1N=CN=C1C,4.8
CN/C(=N\CCSCc1nc[nH]c1C)NC#N,4.8
CN/C(=N\c1ccc(C2=NNC(=O)C[C@@H]2C)cc1)NC#N,4.5
CN1/C(=C/C=C(/C#N)C(N)=O)C(C)(C)c2ccccc21,4.65
CN1/C(=C\C(=O)COC(=O)Cn2nnc(-c3ccccc3)n2)C(C)(C)c2ccccc21,4.85
CN1C(=N)N[C@@]2(c3cc(-c4cc(F)cc(C#N)c4)cs3)CN(c3ncc(F)cn3)C[C@H]2C1=O,5.8
CN1C(=N)N[C@@]2(c3cc(-c4cc(F)cc(F)c4)cs3)CN(c3ncc(F)cn3)C[C@H]2C1=O,6.0
CN1C(=N)N[C@@]2(c3cc(-c4ccc(Cl)c(C#N)c4)cs3)CN(c3ncc(F)cn3)C[C@H]2C1=O,5.26
CN1C(=N)N[C@@]2(c3cc(-c4ccc(F)c(C#N)c4)cs3)CN(c3ncc(F)cn3)C[C@H]2C1=O,5.24
CN1C(=N)N[C@@]2(c3cc(-c4cccc(C#N)c4)cs3)CN(c3ccc(F)cn3)C[C@H]2C1=O,5.205
CN1C(=N)N[C@@]2(c3cc(-c4cccc(C#N)c4)cs3)CN(c3ncc(F)cn3)C[C@H]2C1=O,5.92
CN1C(=N)N[C@@]2(c3cc(-c4cccc(Cl)c4)cs3)CN(c3ncc(F)cn3)C[C@H]2C1=O,5.92
CN1C(=N)N[C@@]2(c3cc(Br)cs3)CN(c3ncc(F)cn3)C[C@H]2C1=O,6.05
CN1C(=O)/C(=C(/C#N)c2nc3ccccc3[nH]2)c2ccccc21,5.45
CN1C(=O)/C(=C\c2ccccc2)Sc2ccc(C(=O)N3CCN(c4ccccn4)CC3)cc21,4.85
CN1C(=O)/C(=N\OC(=O)c2cccc3ccccc23)c2ccccc21,4.55
CN1C(=O)C(=Cc2ccc(N3CCCCCC3)o2)C(=O)N(C)C1=S,5.4
CN1C(=O)C(=Cc2ccccc2Oc2ccc(Cl)c(F)c2)C(=O)N(C)C1=O,4.85
CN1C(=O)C(CC(=O)Nc2ccc(F)cc2)N(CCCc2ccccc2)C1=S,4.65
CN1C(=O)C(Cc2c[nH]c3ccccc23)NC1=S,5.2
CN1C(=O)C2=C(C1=O)N(CC(=O)Nc1ccc(-c3cccnc3)nn1)CCC2,5.21
CN1C(=O)C2=C(C1=O)N(CC(=O)Nc1ccc(-c3cncc(F)c3)nn1)CCC2,5.15
CN1C(=O)C2=C(C1=O)N(CC(=O)Nc1ccc(-c3nccs3)cc1)CCC2,5.28
CN1C(=O)CC(NNC(=O)c2ccc(Cl)cc2)C1=O,4.7
CN1C(=O)CC[C@@H]1c1cccnc1,4.7
CN1C(=O)NC(c2ccc(O)cc2)C(C(=O)c2cccs2)C1(O)C(F)(F)F,4.6
CN1C(=O)[C@@](c2ccc(OC(F)F)cc2)(c2ccc(F)c(C#CC3CC3)c2)N=C1N,5.0
CN1C(=O)[C@@](c2ccc(OC(F)F)cc2)(c2ccc(F)c(C#CCCCF)c2)N=C1N,6.05
CN1C(=O)[C@@](c2ccc(OC(F)F)cc2)(c2cccc(C#CC3CC3)c2)N=C1N,7.0
CN1C(=O)c2ccccc2Sc2ccc(C(=O)N3CCC4(CC3)OCCO4)cc21,4.7
CN1C(C(=O)Nc2ccccn2)=C(O)c2ccccc2S1(=O)=O,5.9
CN1C(C)(C)CC(Nc2cc(F)c(S(=O)(=O)Nc3nccs3)cc2Cl)CC1(C)C,4.7
CN1C2C=C(N(CCc3c[nH]c4ccccc34)C(=O)c3ccc(Cl)cc3)CC1CC2.Cl,4.75
CN1C2C=C3C(C#N)=C(N)C(C#N)(C#N)[C@H](c4c(F)cccc4F)[C@H]3C1CC2,5.35
CN1CC(=O)N=C1NC(=O)Nc1cccc(Cl)c1,4.8
CN1CC(CO)=C[C@H]2c3cccc4[nH]cc(c34)C[C@H]21,4.4
CN1CC(Cl)=C(c2cn(S(=O)(=O)c3ccccc3)c3ccccc23)C1,4.83
CN1CC(c2ccccc2)C2(COc3ccccc3C2=O)C12C(=O)Nc1ccccc12,5.4
CN1CC(c2ccccc2Cl)C2(COc3ccccc3C2=O)C12C(=O)Nc1ccccc12,5.65
CN1CC(c2ccccn2)C2(SC(=S)N(Cc3ccccc3)C2=O)C12C(=O)Nc1ccccc12,5.35
CN1CC(n2nccc2-c2cc(Cl)ccc2Oc2cc(F)c(S(=O)(=O)Nc3cscn3)cc2F)C1,4.82
CN1CC(n2nccc2-c2cc(Cl)ccc2Oc2cc(F)c(S(=O)(=O)Nc3ncns3)cc2F)C1,6.37
CN1CC=C(c2c[nH]c3cc(NC(=N)c4cccs4)ccc23)CC1.Cl.Cl,4.13
CN1CCC(=C2c3ccccc3CC(=O)c3sccc32)CC1,5.8
CN1CCC(=C2c3ccccc3Sc3ccccc32)CC1.O=C(O)/C=C\C(=O)O,5.0
CN1CCC(=NNC(=O)CSCc2ccccc2)CC1,4.75
CN1CCC(CCNc2cc(F)c(S(=O)(=O)Nc3nccs3)cc2Cl)CC1,4.7
CN1CCC(N(C)C(=O)CCc2nc(O)c3ccccc3n2)CC1,4.55
CN1CCC(NCC(O)COc2ccc3cc(Br)ccc3c2)CC1,4.35
CN1CCC(c2c[nH]c3ccc(O)cc23)CC1,4.65
CN1CCC(c2cccc(Nc3nc4c(-c5ccc(S(C)(=O)=O)cc5)cccn4n3)c2)CC1,4.62
CN1CCC(n2[nH]c(-c3ccccc3)c(Cc3ccccc3)c2=O)CC1,5.4
CN1CCC12CCN(C(=O)OC1([C@H]3COC[C@@H](CC4CC4)N3S(=O)(=O)c3ccc(Cl)cc3)CC1)CC2,7.52
CN1CCC2(CC1)C(=O)Nc1cc(/C=C3\c4ccccc4COc4cc(F)ccc43)ccc12,5.15
CN1CCCC(n2nc(Cc3ccc(Cl)cc3)c3ccccc3c2=O)CC1.Cl,5.1
CN1CCCC1CCO[C@@](C)(c1ccccc1)c1ccc(Cl)cc1.O=C(O)/C=C/C(=O)O,5.0
CN1CCCC2(CCN(C(=O)c3cc(C(F)(F)F)cc(C(F)(F)F)c3)CC2)C1,4.6
CN1CCCC2(CCN(C(=O)c3cnccn3)CC2)C1,4.6
CN1CCCCC1c1ccc(-c2cccnc2)nc1.Cl,4.9
CN1CCCN([C@@H](c2ccccc2)c2ccc(Cl)cc2)CC1,5.1
CN1CCCN=C1/C=C/c1cccs1.O=C(O)c1cc2ccccc2c(Cc2c(O)c(C(=O)O)cc3ccccc23)c1O,4.6
CN1CCCN=C1COC(=O)C(O)(c1ccccc1)C1CCCCC1.Cl,5.1
CN1CCC[C@@H]1CCO[C@](C)(c1ccccc1)c1ccc(Cl)cc1,5.6
CN1CCC[C@H](OC(=O)[C@](O)(c2ccccc2)C2CCCC2)C1,5.5
CN1CCN(C(=O)C2(C(=O)Nc3cc(Cl)ccc3Cl)CC2)c2ccccc21,6.57
CN1CCN(C(=O)OC2([C@H]3COC[C@@H](CC4CC4)N3S(=O)(=O)c3ccc(Cl)cc3)CC2)CC1=O,8.85
CN1CCN(C(=O)[C@@H](COCC(C)(C)C)NC(=O)c2cccnc2Oc2ccc(C(F)(F)F)cc2Cl)CC1,4.92
CN1CCN(C(=O)[C@@H](COCc2ccc(F)cc2)NC(=O)c2cccnc2Oc2ccc(C(F)(F)F)cc2Cl)CC1,5.2
CN1CCN(C(=O)[C@@H](COCc2ccc3c(c2)OCCO3)NC(=O)c2cccnc2Oc2ccc(C(F)(F)F)cc2Cl)CC1,5.48
CN1CCN(C(=O)[C@@H](COCc2ccccc2)NC(=O)c2cccnc2Oc2ccc(C(F)(F)F)cc2Cl)CC1,4.87
CN1CCN(C(=O)[C@@H](COCc2ccnc(Cl)c2)NC(=O)c2cccnc2Oc2ccc(C(F)(F)F)cc2Cl)CC1,4.96
CN1CCN(C(=O)[C@@H](COCc2ccncc2)NC(=O)c2cccnc2Oc2ccc(C(F)(F)F)cc2Cl)CC1,5.7
CN1CCN(C(=O)[C@H](COCc2ccccc2)NC(=O)C2(c3ccc(Cl)cc3Cl)CC2)CC1,5.66
CN1CCN(C(=O)[C@H](Cc2c[nH]c3ccccc23)NC(=O)C2(c3ccc(Cl)cc3Cl)CC2)CC1,5.0
CN1CCN(C(=O)[C@H](Cc2ccc(Br)cc2)NC(=O)C2(c3ccc(Cl)cc3Cl)CC2)CC1,6.32
CN1CCN(C(=O)[C@H](Cc2ccc(Cl)cc2)NC(=O)C2(c3ccc(Cl)cc3Cl)CC2)CC1,6.12
CN1CCN(C(=O)[C@H](Cc2ccc(Cl)cc2Cl)NC(=O)C2(c3ccc(Cl)cc3Cl)CC2)CC1,5.99
CN1CCN(C(=O)[C@H](Cc2ccccc2)NC(=O)C2(c3ccc(Cl)cc3Cl)CC2)CC1,5.87
CN1CCN(C(=O)c2ccc(-c3ccc4ncc(-c5ccc(C#N)cc5)n4c3)cc2)CC1,5.41
CN1CCN(C(=O)c2cn(Cc3cncn3Cc3ccc4c(c3)OCO4)cc2-c2cccc3ccccc23)CC1,6.975
CN1CCN(C(=O)c2cnc(O)nc2Oc2cc(Cl)ccc2Cl)c2ccccc21,6.58
CN1CCN(C(=O)c2cncnc2Oc2cc(Cl)ccc2Cl)c2ccccc21,6.6
CN1CCN(C2=Cc3ccccc3Oc3ccc(Cl)cc32)CC1,4.5
CN1CCN(C2=Nc3cc(Cl)ccc3Nc3ccccc32)CC1,4.5
CN1CCN(C2=Nc3ccccc3Oc3ccc(Cl)cc32)CC1.O=C(O)CCC(=O)O,4.6
CN1CCN(CC(=O)N2c3ccccc3Sc3cc4ccccc4cc32)CC1,5.4
CN1CCN(CC/C=C2\c3ccccc3Sc3ccc(S(=O)(=O)N(C)C)cc32)CC1,4.9
CN1CCN(CCC(=O)Nc2ccc3ncnc(Nc4ccc(NC(=O)Nc5cc(C(C)(C)C)nn5-c5cccc(N)c5)cc4)c3c2)CC1,5.71
CN1CCN(CCCN(Cc2ccc(-c3ccc(Cl)cc3)cc2)C(=O)Cn2cc(Cc3cnn(C)c3)c(=O)nc2SCc2ccc(F)cc2)CC1,5.0
CN1CCN(CCCN2c3ccccc3Sc3ccc(C(F)(F)F)cc32)CC1,4.9
CN1CCN(CCCN2c3ccccc3Sc3ccc(C(F)(F)F)cc32)CC1.Cl,4.5
CN1CCN(CCCN2c3ccccc3Sc3ccc(Cl)cc32)CC1,5.05
CN1CCN(CCCN2c3ccccc3Sc3ccc(Cl)cc32)CC1.O=S(=O)(O)CCS(=O)(=O)O,4.6
CN1CCN(CCCN2c3ccccc3Sc3ccc(S(=O)(=O)N(C)C)cc32)CC1.CS(=O)(=O)O.CS(=O)(=O)O,5.6
CN1CCN(CCCNC(=O)c2ccc(CSCc3cccc(Cl)c3)o2)CC1,4.65
CN1CCN(CCCOc2cccc(CC(=O)Nc3nc(-c4c[nH]c5ncccc45)cs3)c2)CC1,4.715
CN1CCN(CCOc2cccc(CC(=O)Nc3nc(-c4c[nH]c5ncc(F)cc45)cs3)c2)CC1,4.57
CN1CCN(CCOc2cccc(CC(=O)Nc3nc(-c4c[nH]c5ncccc45)cs3)c2)CC1,4.755
CN1CCN(Cc2ccc(-c3cnc4[nH]cc(-c5ccc6[nH]ccc6c5)c4c3)cc2)CC1,4.79
CN1CCN(Cc2cccc3c2ccn3S(=O)(=O)c2ccccc2)CC1,4.52
CN1CCN(Cc2cccc3c2ccn3S(=O)(=O)c2ccccc2Br)CC1,4.44
CN1CCN(Cc2cn(S(=O)(=O)c3ccc(F)cc3)c3ccccc23)CC1,5.74
CN1CCN(Cc2nc3cccc4c3c([n+]2[O-])-c2ccccc2-4)CC1,5.4
CN1CCN(NC(=O)CN2C(=O)/C(=C/c3c(Cl)cccc3Cl)SC2=S)CC1,4.85
CN1CCN(S(=O)(=O)c2cc([N+](=O)[O-])ccc2N2CCCCCC2)CC1,6.1
CN1CCN([C@@H]2Cc3ccccc3Sc3ccc(Cl)cc32)CC1,4.7
CN1CCN([C@H]2C[C@@H](c3nc(-c4ccc5ccc(-c6ccccc6)nc5c4)c4c(N)nccn43)C2)CC1,5.08
CN1CCN(c2cc(C(F)(F)F)nc(N3CCC[C@@H](C(=O)NCCc4ccc(C#N)cc4)C3)n2)CC1,5.7
CN1CCN(c2cc(N3CCCC[C@H]3C(=O)NCCc3ccc(C#N)cc3)nc(C(F)(F)F)n2)CC1,6.4
CN1CCN(c2cc(N3CCC[C@@H](C(=O)NCCc4ccc(C#N)nc4)C3)nc(C(F)(F)F)n2)CC1,5.0
CN1CCN(c2cc(N3CCC[C@@H]3C(=O)NCCc3ccc(C#N)cc3)nc(C(F)(F)F)n2)CC1,6.16
CN1CCN(c2cc(N3CCC[C@H]3C(=O)NCCc3ccc(C#N)cc3)nc(C(F)(F)F)n2)CC1,5.66
CN1CCN(c2cc(N3CC[C@@H]3C(=O)NCCc3ccc(C#N)cc3)nc(C(F)(F)F)n2)CC1,6.1
CN1CCN(c2cc(N3CC[C@H]3C(=O)NCCc3ccc(C#N)cc3)nc(C(F)(F)F)n2)CC1,5.52
CN1CCN(c2ccc(/C=C/c3n[nH]c4cc(/C=C5/C(=O)Nc6ccccc65)ccc34)cn2)CC1,6.1
CN1CCN(c2ccc(/C=C/c3n[nH]c4cc([C@@H]5C[C@@]56C(=O)N(C)c5ccccc56)ccc34)cn2)CC1,6.029999999999999
CN1CCN(c2ccc(C(=O)N3CCN(C(=O)C[C@H](N)Cc4cc(F)c(F)cc4F)CC3)cc2)CC1,6.0
CN1CCN(c2ccc(Nc3ncc(Cl)c(Nc4cccc(C(F)(F)F)c4)n3)nc2)CC1,5.15
CN1CCN(c2ccc(Nc3ncc4ccc(-c5ccccc5N(C)S(C)(=O)=O)n4n3)cc2)CC1,4.84
CN1CCN(c2ccc([N+](=O)[O-])cc2C(=O)c2ccc(Br)cc2)CC1,5.0
CN1CCN(c2ccc3nc(N)n(CC(O)c4ccc(C(F)(F)F)cc4Cl)c3n2)CC1,4.85
CN1CCN(c2cccc(Nc3nc4c(-c5ccc(S(C)(=O)=O)cc5)cccn4n3)c2)CC1,4.96
CN1CCN(c2ccnc(-c3ccc(N(C)C)cc3)n2)CC1,4.8
CN1CCN(c2ccnc(-c3cccc(NS(C)(=O)=O)c3)n2)CC1,4.6
CN1CCN(c2ccnc(-c3ccccc3C(F)(F)F)n2)CC1,5.2
CN1CCN(c2ccnc(-c3cccnc3)n2)CC1,4.9
CN1CCN(c2ccncc2S(=O)(=O)N2CCN(C)CC2)CC1,5.5
CN1CCN(c2cn(S(=O)(=O)c3ccc(F)cc3)c3ccc(Br)cc23)CC1,5.34
CN1CCN(c2cn(S(=O)(=O)c3ccc(F)cc3)c3ccccc23)CC1,5.32
CN1CCN(c2nc(-c3ccc(N(C)C)cc3)nc3ccccc23)CC1,4.8
CN1CCN(c2nc(-c3ccc4c(c3)OCO4)nc3ccccc23)CC1,5.3
CN1CCN(c2nc(-c3cccc(C#N)c3)nc3ccccc23)CC1,4.8
CN1CCN(c2nc(-c3cccc(NS(C)(=O)=O)c3)nc3ccccc23)CC1,4.6
CN1CCN(c2nc(-c3ccccc3C(F)(F)F)nc3ccccc23)CC1,4.7
CN1CCN(c2nc(-c3cccnc3)nc3ccccc23)CC1,4.6
CN1CCN(c2nc(-c3ccoc3)nc3ccccc23)CC1,4.7
CN1CCN(c2nc(C3=C(c4c[nH]c5ccccc45)C(=O)NC3=O)c3ccccc3n2)CC1,5.54
CN1CCN(c2nc3cc(C(F)(F)F)ccc3n3cccc23)CC1,4.6
CN1CCN(c2ncc3nc(-c4cc(F)cc(F)c4)c(=O)n(-c4ccccc4)c3n2)CC1,4.6
CN1CCN(c2ncc3nc(-c4cc(F)cc(F)c4)c(=O)n(C4CC4)c3n2)CC1,4.4
CN1CCN(c2ncc3nc(-c4cc(F)cc(F)c4)c(=O)n(CCC#N)c3n2)CC1,4.8
CN1CCN(c2ncc3nc(-c4cc(F)cc(F)c4)c(=O)n(CCc4ccccc4)c3n2)CC1,4.6
CN1CCN(c2ncc3nc(-c4cc(F)cc(F)c4)c(=O)n(Cc4cccs4)c3n2)CC1,4.6
CN1CCN(c2ncc3nc(-c4ccc(Cl)cc4)c(=O)n(C)c3n2)CC1,4.9
CN1CCN(c2ncc3nc(-c4ccc(Cl)cc4)c(=O)n(C4CC4)c3n2)CC1,5.2
CN1CCN(c2ncc3nc(-c4ccc(Cl)cc4)c(=O)n(Cc4ccc(F)cc4)c3n2)CC1,4.8
CN1CCN(c2ncc3nc(-c4ccc(Cl)cc4)c(=O)n(Cc4cccs4)c3n2)CC1,4.9
CN1CCN(c2ncc3nc(-c4ccc(F)cc4)c(=O)n(C4CC4)c3n2)CC1,4.7
CN1CCN(c2ncc3nc(-c4ccc(F)cc4)c(=O)n(Cc4cccs4)c3n2)CC1,5.0
CN1CCN(c2ncc3nc(-c4cccc(C#N)c4)c(=O)n(CCc4ccccc4)c3n2)CC1,4.6
CN1CCN(c2ncc3nc(-c4cccc(C#N)c4)c(=O)n(Cc4ccc(F)cc4)c3n2)CC1,4.7
CN1CCN(c2ncc3nc(-c4cccs4)c(=O)n(-c4ccccc4)c3n2)CC1,4.5
CN1CCN(c2ncc3nc(-c4cccs4)c(=O)n(CCC#N)c3n2)CC1,4.5
CN1CCN(c2ncc3nc(-c4cccs4)c(=O)n(CCc4ccccc4)c3n2)CC1,4.7
CN1CCN(c2ncc3nc(-c4cccs4)c(=O)n(C[C@H]4CCCO4)c3n2)CC1,5.0
CN1CCN(c2ncc3nc(-c4cccs4)c(=O)n(Cc4ccc(F)cc4)c3n2)CC1,5.3
CN1CCN(c2ncc3nc(-c4cccs4)c(=O)n(Cc4cccs4)c3n2)CC1,5.0
CN1CCN(c2ncc3nc(-c4cn(C)c5ccccc45)c(=O)n(-c4ccccc4)c3n2)CC1,4.6
CN1CCN(c2ncc3nc(-c4cn(C)c5ccccc45)c(=O)n(C)c3n2)CC1,4.6
CN1CCN(c2ncc3nc(-c4cn(C)c5ccccc45)c(=O)n(CCC#N)c3n2)CC1,4.6
CN1CCN(c2ncc3nc(-c4cn(C)c5ccccc45)c(=O)n(CCc4ccccc4)c3n2)CC1,4.8
CN1CCN(c2ncc3nc(-c4cn(C)c5ccccc45)c(=O)n(C[C@H]4CCCO4)c3n2)CC1,4.6
CN1CCN(c2ncc3nc(CCc4ccccc4)c(=O)n(C)c3n2)CC1,4.7
CN1CCN(c2ncc3nc(CCc4ccccc4)c(=O)n(C4CC4)c3n2)CC1,4.8
CN1CCN(c2ncc3nc(CCc4ccccc4)c(=O)n(CCc4ccccc4)c3n2)CC1,5.0
CN1CCN(c2ncc3nc(CCc4ccccc4)c(=O)n(Cc4ccc(F)cc4)c3n2)CC1,5.3
CN1CCN(c2ncc3nc(CCc4ccccc4)c(=O)n(Cc4cccs4)c3n2)CC1,4.9
CN1CCN(c2ncc3ncc(=O)n(CCc4ccccc4)c3n2)CC1,4.8
CN1CCN(c2ncc3ncc(=O)n(Cc4ccc(F)cc4)c3n2)CC1,4.8
CN1CCN(c2ncc3ncc(=O)n(Cc4cccs4)c3n2)CC1,4.6
CN1CCN(c2ncnc3ccc(-c4ccc(C(=O)N(C)C)cc4)cc23)CC1,4.6
CN1CCN(c2ncnc3ccc(-c4ccc5c(c4)OCO5)cc23)CC1,5.1
CN1CCN(c2ncnc3ccc(-c4cccc(C#N)c4)cc23)CC1,4.6
CN1CCN(c2ncnc3ccc(-c4cccc(NS(C)(=O)=O)c4)cc23)CC1,4.9
CN1CCN(c2ncnc3ccc(-c4ccccc4C#N)cc23)CC1,4.8
CN1CCN(c2ncnc3ccc(-c4ccccc4C(F)(F)F)cc23)CC1,4.9
CN1CCN(c2ncnc3ccc(-c4ccccc4Cl)cc23)CC1,5.3
CN1CCN(c2ncnc3ccc(-c4cccnc4)cc23)CC1,4.8
CN1CCN(c2ncnc3ccc(-c4ccoc4)cc23)CC1,4.8
CN1CCN(c2ncncc2-c2ccc(C(=O)N(C)C)cc2)CC1,4.8
CN1CCN(c2ncncc2-c2ccc(N(C)C)cc2)CC1,5.7
CN1CCN(c2ncncc2-c2ccccc2C(F)(F)F)CC1,5.4
CN1CCN(c2ncncc2-c2ccccc2Cl)CC1,5.8
CN1CCN(c2ncncc2-c2cccnc2)CC1,4.9
CN1CCN(c2ncncc2-c2ccoc2)CC1,5.1
CN1CCN2c3ccccc3Cc3ccccc3C2C1.Cl,4.4
CN1CCN2c3ccccc3Cc3ccccc3[C@@H]2C1,4.9
CN1CC[C@@H]2CN3CCc4cccc(c43)[C@H]2C1,4.4
CN1CC[C@@]2(CCCN(C(=O)Oc3ccccc3)C2)C1,4.9
CN1CC[C@@]2(CCCN(C(=O)c3cc(C(F)(F)F)cc(C(F)(F)F)c3)C2)C1,4.6
CN1CC[C@@]2(CCCN(C(=O)c3cccn3C)C2)C1,5.1
CN1CC[C@@]2(CCCN(C(=O)c3ccco3)C2)C1,4.7
CN1CC[C@@]2(CCCN(C(=O)c3ccncc3)C2)C1,4.5
CN1CC[C@@]2(CCCN(S(=O)(=O)c3ccccc3)C2)C1,5.1
CN1CC[C@@]2(CCN3CCc4c(oc5ccccc45)[C@@H]3C2)N(C)C1=O,4.9
CN1CC[C@H](c2ccc(Cl)cc2)[C@@H](COc2cc(F)c(S(=O)(=O)Nc3ncns3)cc2F)C1,6.85
CN1CC[C@]2(C)c3cc(O)ccc3N(C)[C@@H]12,4.6
CN1CCc2c(c3c(n2C)CCN(C)[C@H]3c2ccccc2F)[C@@H]1c1ccccc1F.Cl,5.1
CN1CCc2c(c3ccc(-n4ccc(OCc5ccccc5)cc4=O)cc3n2C)C1,4.17
CN1CCc2c(n(C)c3cc(-n4ccc(OCc5ccccc5)cc4=O)ccc23)C1,4.62
CN1CCc2cc(Cl)c(O)cc2[C@H](c2ccccc2)C1,5.0
CN1CCc2cc(NC(=O)Nc3cccnc3)ccc21,4.9
CN1CCc2cc3c(cc2C(=O)Cc2ccc4c(c2C1)OCO4)OCO3,4.6
CN1CCc2cc3c(cc2C1C1OC(=O)c2c1ccc1c2OCO1)OCO3,5.9
CN1CCc2cc3c(cc2[C@@H]1[C@@H]1C(=O)Oc2c1ccc1c2OCO1)OCO3,5.9
CN1CCc2cc3c(cc2[C@@H]1[C@@H]1OC(=O)c2c1ccc1c2OCO1)OCO3,6.1
CN1CCc2cc3ccn(S(=O)(=O)c4cccc(Cl)c4)c3cc2CC1,4.485
CN1CCc2ccc(NS(=O)(=O)c3ccc(-c4ccc(Cl)cc4)cc3)cc2CC1,4.24
CN1CCc2cccc3c2[C@@H]1Cc1ccc(O)c(O)c1-3,5.9
CN1CCc2cccc3c2[C@H]1Cc1ccc(O)c(O)c1-3,5.3
CN1CCc2ccccc2Cc2[nH]c3ccccc3c2CC1,5.0
CN1CCc2ccccc2[C@@H]1Cc1ccccc1NC(=O)c1sc2ccccc2c1Cl,5.8
CN1CO[C@H](c2ccccc2)[C@@H](c2ccc3ccccc3c2)C1,4.7
CN1C[C@@H](C(=O)N[C@@]2(C)O[C@]3(O)[C@H]4CCCN4C(=O)[C@@H](Cc4ccccc4)N3C2=O)C=C2c3cccc4[nH]cc(c34)C[C@@H]21,5.0
CN1C[C@@H](C(=O)N[C@]2(C)O[C@]3(O)[C@H]4CCCN4C(=O)[C@H](Cc4ccccc4)N3C2=O)C[C@H]2c3cccc4[nH]cc(c34)C[C@@H]21.CS(=O)(=O)O,5.1
CN1C[C@@H](C(=O)Nc2ccc(Cl)cc2)[C@H](c2ccc(/C=C/C(=O)Nc3ccccc3N)cc2)C1,4.68
CN1C[C@@H](CO)C=C2c3cccc4[nH]cc(c34)CC21,4.5
CN1C[C@@H]2C(c3ccc(C(F)(F)F)cc3)C3(c4ccc(C#N)cc4)CC2(C3)[C@H]1c1ccccc1,4.7
CN1C[C@@H]2C(c3ccc(C(F)(F)F)cc3)C3(c4cccnc4)CC2(C3)[C@H]1c1ccccc1,5.1
CN1C[C@@H]2C(c3ccc(Cl)nc3)C3(c4ccc(C#N)cc4)CC2(C3)[C@H]1c1ccccc1,4.8
CN1C[C@@H]2C(c3ccc(Cl)nc3)C3(c4ccccc4)CC2(C3)[C@H]1c1ccccc1,4.9
CN1C[C@@H]2C(c3ccc(Cl)nc3)C3(c4cccnc4)CC2(C3)[C@H]1c1ccccc1,5.1
CN1C[C@@H]2C(c3ccccc3)C3(c4ccc(C#N)cc4)CC2(C3)[C@H]1c1ccccc1,4.6
CN1C[C@@H]2C(c3ccccc3)C3(c4ccccc4)CC2(C3)[C@H]1c1ccccc1,5.3
CN1C[C@@H]2C(c3ccccc3)C3(c4cccnc4)CC2(C3)[C@H]1c1ccccc1,5.6
CN1C[C@@H]2CCCC[C@]2(c2ccc(Cl)c(Cl)c2)C1,5.28
CN1C[C@@H]2CCC[C@]2(c2ccc(Cl)c(Cl)c2)C1,4.9
CN1C[C@H](C(=O)N[C@@]2(C)O[C@@]3(O)C4CCCN4C(=O)C(Cc4ccccc4)N3C2=O)C[C@H]2c3cccc4[nH]cc(c34)C[C@H]21.CS(=O)(=O)O,4.7
CN1C[C@H](C(=O)N[C@@]2(C)O[C@@]3(O)[C@H]4CCCN4C(=O)[C@@H](Cc4ccccc4)N3C2=O)C=C2c3cccc4[nH]cc(c34)C[C@@H]21,5.4
CN1C[C@H](C(=O)N[C@]2(C)O[C@@]3(O)[C@@H]4CCCN4C(=O)[C@H](Cc4ccccc4)N3C2=O)C=C2c3cccc4[nH]cc(c34)C[C@H]21,6.0
CN1C[C@H](C(=O)N[C@]2(C)O[C@@]3(O)[C@@H]4CCCN4C(=O)[C@H](Cc4ccccc4)N3C2=O)C[C@@H]2c3cccc4[nH]cc(c34)C[C@H]21,5.41
CN1C[C@H](C(=O)N[C@]2(C)O[C@@]3(O)[C@H]4CCCN4C(=O)[C@H](Cc4ccccc4)N3C2=O)C[C@H]2c3cccc4[nH]cc(c34)C[C@@H]21,5.3
CN1C[C@H](C(=O)Nc2ccc(Cl)cc2)[C@@H](c2ccc(/C=C/C(=O)Nc3ccccc3N)cc2)C1,4.85
CN1C[C@H](C(=O)Nc2ccc(Cl)cc2)[C@@H](c2ccc(/C=C/C(=O)Nc3ccccc3N)cc2F)C1,5.4
CN1C[C@H](CNC(=O)OCc2ccccc2)C[C@@H]2c3cccc4c3c(cn4C)C[C@H]21,4.9
CN1C[C@H](CNC(=O)OCc2ccccc2)C[C@H]2c3cccc4c3c(cn4C)C[C@@H]21,5.25
CN1C[C@H](CO)C=C2c3cccc4[nH]cc(c34)C[C@@H]21,4.9
CN1C[C@H](c2ccc3ccccc3c2)[C@@H](c2ccccc2)OCC1=O,4.7
CN1C[C@H]2CCCC[C@@]2(c2ccc(Cl)c(Cl)c2)C1,5.19
CN1Cc2c(N)cccc2C(c2ccccc2)C1,4.85
CN1Cc2c(ccc3c2OCO3)C2C(O)Cc3cc4c(cc3C21)OCO4,5.1
CN1Cc2c(ccc3c2OCO3)[C@@H]2[C@@H](O)Cc3cc4c(cc3[C@@H]21)OCO4.O,5.3
CN1Cc2ccccc2[C@@H]2c3cccc4[nH]cc(c34)C[C@H]21,5.3
CN1Cc2cncn2Cc2ccc(C#N)c(c2)Oc2ccc3cccc(c3c2)N2CCC1C2=O,5.3
CN1[C@@H]2CC[C@H]1CC(NC(=O)c1nn(C)c3ccccc13)C2,5.5
CN1[C@@H]2CC[C@H]1CC(O[C@@H](c1ccccc1)c1ccc(Cl)cc1)C2,4.85
CN1[C@@H]2CC[C@H]1CC(O[C@@H](c1ccccc1)c1ccccc1N)C2,4.9
CN1[C@@H]2CC[C@H]1C[C@@H](OC(=O)c1c[nH]c3ccccc13)C2,6.3
CN1[C@@H]2CC[C@H]1C[C@@H](OC1c3ccccc3CCc3ccccc31)C2,4.8
CN1[C@@H]2CC[C@H]1C[C@@H](Oc1ccc(-c3n[nH]c4ccc(C(=O)NC(c5ccccc5)C5CC5)cc34)cc1)C2,5.62
CN1[C@@H]2CC[C@H]1c1c(sc(NC(=O)Nc3ccc(Cl)cc3)c1C(N)=O)C2.Cl,4.34
CN1[C@H]2Cc3cc4c(cc3[C@@H]1Cc1cc3c(cc12)OCO3)OCO4,4.87
CN1c2ccccc2C(C)(C)C12C=Nc1c(cc(N3CCOCC3)c3ccccc13)O2,5.35
CN1c2ccccc2C(O)=C(C(=O)Nc2ccccc2)S1(=O)=O,4.4
CN1c2ccccc2Oc2c(c(=O)n(C)c(=O)n2C)C1c1cccc([N+](=O)[O-])c1,4.8
CN=C(S)NNC(=O)c1sccc1OCc1ccc(C)cc1,4.8
CN=C(S)Nc1ccc2nc(C)c(C)nc2c1,4.75
CN=c1ccc(Br)cc(C(=O)/C=C/c2ccc3c(c2)OCO3)c1O,4.95
CNC(=N)c1cc(C)c2nc(-c3c(NCC(O)c4cccc(Cl)c4)cc[nH]c3=O)[nH]c2c1,4.82
CNC(=O)/C=C/c1cc(OC)cc(-c2ccc3cc(OC)ccc3c2)c1,5.65
CNC(=O)/C=C1\NC(C)(C)Cc2c1ccc1ccccc21,4.8
CNC(=O)C(=O)NCCCC/C=C\CCCCCCCCCc1nnn[nH]1,5.33
CNC(=O)C(C)(C)COc1ccc2cc(C(C(C)N(C)C)n3ccnc3)ccc2c1,5.7
CNC(=O)C1(C)C=CC2(CCCCC2)N1C(=O)OC,4.6
CNC(=O)C1(C)C=CC2(CCCCC2)N1C(C)=O,4.8
CNC(=O)CCC1(c2ccccc2)CCCN(C(=O)Nc2ccc(Cl)cc2)C1,5.0
CNC(=O)CCc1ccc(Cl)c(CN(C(=O)[C@H]2CNCC[C@@H]2c2ccc(OCCOc3c(Cl)cc(C)cc3Cl)cc2)C2CC2)c1,5.295
CNC(=O)CN1CCN(c2cc(C)c3nc(-c4c(NC[C@@H](O)c5cccc(Cl)c5)cc[nH]c4=O)[nH]c3c2)CC1,5.58
CNC(=O)Cn1cc(-c2cc3c(N[C@@H](c4ccc5c(c4)S(=O)(=O)CCC5)C(C)C)ncnc3[nH]2)cn1,5.51
CNC(=O)N(C)c1nnc(C(C)(C)C)s1,4.9
CNC(=O)N(c1ccc(S(=O)(=O)Nc2ccon2)cn1)c1cc(Cl)c(-c2cc(OC)cc(C(F)(F)F)c2)cc1OC,4.77
CNC(=O)N(c1ccc(S(=O)(=O)Nc2ccon2)cn1)c1cc(Cl)c(-c2ccc(F)c(C(F)(F)F)c2)cc1OC,4.92
CNC(=O)N(c1ccc(S(=O)(=O)Nc2ccon2)cn1)c1cc(Cl)c(-c2cccc(C(F)(F)F)c2)cc1OC,5.3
CNC(=O)N(c1ccc(S(=O)(=O)Nc2ccon2)cn1)c1cc(Cl)c(-c2cccc(OCC(F)(F)F)c2)cc1OC,4.46
CNC(=O)N(c1ccc(S(=O)(=O)Nc2ncccn2)cn1)c1cc(Cl)c(-c2ccc(F)c(OC(F)(F)F)c2)cc1OC,4.96
CNC(=O)N(c1ccc(S(=O)(=O)Nc2ncccn2)cn1)c1cc(F)c(-c2cccc(C(F)(F)F)c2)cc1OC,5.05
CNC(=O)NC(=O)CSc1nnc(-c2ccco2)n1Cc1ccccc1,4.65
CNC(=O)NC(=S)NC(=O)c1ccc(OC)cc1,4.5
CNC(=O)NCCC[C@]1(c2ccc(F)cc2)CCN([C@@H](C)c2ccc(-c3ccc(F)cc3F)cc2)C(=O)O1,6.22
CNC(=O)NCC[C@]1(c2ccc(F)cc2)CCN([C@@H](C)c2ccc(-c3ccc(F)cc3F)cc2)C(=O)O1,6.0
CNC(=O)Nc1ccc2c(c1)CC[C@@]21OC(=O)N(CC(=O)N(Cc2ccccc2)[C@@H](C)C(F)(F)F)C1=O,4.62
CNC(=O)Nc1cccc(-c2ccc(C(O)(c3c[nH]cn3)C(C)C)cc2)c1,5.26
CNC(=O)O[C@@]1(CCN(C)CCCc2nc3c(C)ccc(C)c3[nH]2)COc2cc(F)ccc2[C@@H]1C(C)C,4.82
CNC(=O)O[C@]1(CCN(C)CCC(C)(C)c2nc3ccccc3[nH]2)CCc2cc(F)ccc2[C@@H]1C(C)C,5.05
CNC(=O)O[C@]1(CCN(C)CCCc2nc3c(C)ccc(C)c3[nH]2)CCc2cc(F)ccc2[C@@H]1C(C)C,4.6
CNC(=O)O[C@]1(CCN(C)CCCc2nc3c(C)ccc(C)c3[nH]2)COc2cc(F)ccc2[C@@H]1C(C)C,4.82
CNC(=O)O[C@]1(CCN(C)CCCc2nc3c(OC)ccc(OC)c3[nH]2)CCc2cc(F)ccc2[C@@H]1C(C)C,5.22
CNC(=O)O[C@]1(CCN(C)CCCc2nc3ccccc3[nH]2)CCc2cc(F)ccc2[C@@H]1C(C)C,4.72
CNC(=O)[C@@H](Cc1ccccc1)N(C)C(=O)[C@@H](Cc1ccc2ccccc2c1)N(C)C(=O)/C=C/CC(C)(C)N,5.1
CNC(=O)[C@@H]1C[C@H]1[C@@H](NC(=O)CNC(=O)OCc1ccccc1)c1ccccc1,4.8
CNC(=O)[C@@H]1C[C@H]1[C@@H](NC(=O)OCc1ccccc1)c1ccccc1,4.9
CNC(=O)[C@@H]1C[C@H]1[C@@H](NP(=O)(c1ccccc1)c1ccccc1)c1ccccc1,5.3
CNC(=O)[C@@H]1O[C@@H](n2cnc3c(NCc4ccc(I)cc4)nc(Cl)nc32)[C@H](O)[C@@H]1O,5.5
CNC(=O)[C@@H]1O[C@@H](n2cnc3c(NCc4ccc(N)cc4)ncnc32)[C@@H](O)[C@H]1O,4.6
CNC(=O)[C@@H]1O[C@@H](n2cnc3c(NCc4cccc(I)c4)ncnc32)[C@H](O)[C@@H]1O,4.4
CNC(=O)[C@@]1(C)C=C[C@@H](Cc2ccccc2)N1C(=O)OC,5.5
CNC(=O)[C@@]1(Cc2ccccc2)C=C[C@@H](C)N1C(=O)OC,4.9
CNC(=O)[C@@]12C[C@@H]1[C@@H](n1cnc3c(NCCc4ccc(OC)c(O)c4)nc(OCC(C)C)nc31)[C@H](O)[C@@H]2O,6.08
CNC(=O)[C@@]12C[C@@H]1[C@@H](n1cnc3c(NCCc4ccc(OC)c(OC)c4)nc(C#Cc4ccc(Cl)s4)nc31)[C@H](O)[C@@H]2O,6.11
CNC(=O)[C@H](C)/C=C(\c1cccnc1)C(NC(=O)OCc1ccccc1)c1ccc(C(=O)OC)cc1,4.7
CNC(=O)[C@H](C)/C=C/C(NC(=O)OCc1ccccc1)c1ccc(C(=O)OC)cc1,5.1
CNC(=O)[C@H](C)Cn1cnc2ccc(-c3cnc(OC)c(NS(=O)(=O)c4ccc(F)cc4Cl)c3)cc2c1=O,4.63
CNC(=O)[C@H](C)[C@@H]1C[C@@]1(C)[C@@H](NC(=O)OCc1ccccc1)c1ccccc1,5.6
CNC(=O)[C@H](C)[C@H]1C[C@]1(C)[C@H](NC(=O)OCc1ccccc1)c1ccccc1,5.7
CNC(=O)[C@H]1C[C@@H]1[C@H](NP(=O)(c1ccccc1)c1ccccc1)c1ccccc1,5.7
CNC(=O)[C@H]1O[C@H](n2cnc3c(NCc4cccc(I)c4)ncnc32)[C@@H](O)[C@@H]1O,4.5
CNC(=O)[C@]1(C)C[C@H]1[C@H](NC(=O)[C@]1(C)C[C@H]1[C@H](NC(=O)OCc1ccccc1)c1ccccc1)c1ccccc1,4.8
CNC(=O)[C@]1(C)C[C@H]1[C@H](NC(=O)[C@]1(C)C[C@H]1[C@H](NC(=O)[C@]1(C)C[C@H]1[C@H](NC(=O)[C@]1(C)C[C@H]1[C@H](NC(=O)OCc1ccccc1)c1ccccc1)c1ccccc1)c1ccccc1)c1ccccc1,4.9
CNC(=O)c1c(-c2ccc(F)cc2)oc2cc(-n3nccc3-c3ccc(B(O)O)c(F)c3)c(C3CC3)cc12,5.7
CNC(=O)c1c(-c2ccc(F)cc2)oc2cc(-n3ncnc3-c3ccc(B(O)O)c(F)c3)c(C3CC3)cc12,5.05
CNC(=O)c1c(-c2ccc(F)cc2)oc2cc(N(Cc3ccc(B(O)O)c(F)c3)S(C)(=O)=O)c(C3CC3)cc12,4.85
CNC(=O)c1c(-c2ccc(F)cc2)oc2cc(N(c3ccc(B(O)O)c(Cl)c3)S(C)(=O)=O)c(C3CC3)cc12,5.234999999999999
CNC(=O)c1c(-c2ccc(F)cc2)oc2ccc(-c3cc(C(=O)NC4(c5ccccc5)CC4)ccc3C)cc12,5.68
CNC(=O)c1c(-c2ccc(F)cc2)oc2ccc(-c3cc(C(=O)NC4(c5ccccn5)CC4)ccc3C)cc12,5.39
CNC(=O)c1c(-c2ccc(F)cc2)oc2ccc(-c3cc(C(=O)NC4(c5cccnc5)CC4)ccc3C)cc12,7.2
CNC(=O)c1c(-c2ccc(F)cc2)oc2ccc(-c3cc(C(=O)NC4(c5ccncc5)CC4)ccc3C)cc12,7.14
CNC(=O)c1c(-c2ccc(F)cc2)oc2ccc(-c3cc(C(=O)NC4(c5ncccn5)CC4)ccc3C)cc12,4.94
CNC(=O)c1c(-c2ccc(F)cc2)oc2nc(CCC(F)(F)F)c(-c3cc(C(=O)NC(C)(C)c4ncon4)c(=O)n(C)c3)cc12,6.36
CNC(=O)c1c(-c2ccccc2)c([C@H](C)Nc2ncnc(N)c2C#N)nc2ccc(F)cc12,4.85
CNC(=O)c1cc(C)c2nc(-c3c(NCC(O)c4cccc(Cl)c4)cc[nH]c3=O)[nH]c2c1,5.43
CNC(=O)c1cc(F)c(F)c(-c2cnc3cc(-c4cnn(C)c4)c(O[C@H]4CCOC4)nn23)c1,5.41
CNC(=O)c1cc2c3ccccc3nc-2c[nH]1,4.4
CNC(=O)c1cc2ccc(C(O)(c3c[nH]cn3)C(C)C)cc2cc1C,5.44
CNC(=O)c1ccc(-c2sc3nc(N4CCOCC4)c4c(c3c2N)CC(C)(C)OC4)o1,5.55
CNC(=O)c1ccc(C(=O)/N=C(\Nc2ccc3oc(C)cc3c2)N[C@H]2CCCCN(CC(=O)N3CCCC3)C2=O)cn1,4.75
CNC(=O)c1ccc(Nc2nc(OC3CCCC3)c3c(-c4ccc5nc(C)oc5c4)c[nH]c3n2)c(OC)c1,6.55
CNC(=O)c1ccc2cc(C(C)(O)c3cncn3C)ccc2c1,5.16
CNC(=O)c1ccc2cc(C(O)(c3c[nH]cn3)C(C)C)ccc2c1,5.44
CNC(=O)c1ccc2cc(C3(O)c4cncn4CC3(C)C)ccc2c1,5.5
CNC(=O)c1ccc2cc([C@](O)(c3c[nH]cn3)C(C)C)ccc2c1,5.11
CNC(=O)c1cccc(-c2ccc(C(CN3CCOCC3)N(C)C(=O)Cn3c(=O)cnc4cc(C)c(C)cc43)cc2)c1,5.05
CNC(=O)c1cccc(-c2ccc(C(CN3CCOCC3)N(C)C(=O)Cn3c(=O)cnc4cc(Cl)c(Cl)cc43)cc2)c1,5.3
CNC(=O)c1cccc(-c2ccc(C(O)(c3c[nH]cn3)C(C)C)cc2)c1,5.09
CNC(=O)c1cccc(COc2ccc3cc(C(C(C)N(C)C)n4ccnc4)ccc3c2)c1,6.4
CNC(=O)c1cccc(NC(=O)Nc2ccc(-c3ccnc4[nH]cnc34)cc2)c1,7.01
CNC(=O)c1cncc(-c2cnn3cc(-c4cnn(C(C)C)c4)c(O[C@H]4CCOC4)nc23)c1,5.05
CNC(=O)c1n[nH]c2c(F)c(-c3c(F)ccc(NS(=O)(=O)c4cc(Cl)cnc4OC)c3F)ccc12,5.29
CNC(=O)c1ncn2c1CC[C@H](c1c(F)ccc(NS(=O)(=O)c3cc(Cl)cnc3OC)c1F)C2,4.48
CNC(=O)c1ncn2c1CC[C@H](c1c(F)ccc(NS(=O)(=O)c3cc(F)cnc3OC)c1F)C2,4.57
CNC(=O)c1ncn2c1COc1c(CCN3CCN(c4cccc5nc(C)ccc45)CC3)cccc1-2,4.89
CNC(=O)c1ncn2cc(-c3c(F)ccc(NS(=O)(=O)c4cc(Cl)cnc4OC)c3F)ccc12,5.6
CNC(=O)c1ncn2cc(-c3c(F)ccc(NS(=O)(=O)c4cc(Cl)cnc4OC)c3F)ncc12,4.48
CNC(=O)c1ncn2nc(-c3c(F)ccc(NS(=O)(=O)c4cc(Cl)cnc4OC)c3F)ccc12,4.6
CNC(=O)c1sc(-c2cccnc2)nc1C,4.5
CNC(=S)N1CCN(c2cccc(OC)c2)CC1,4.8
CNC(=S)N1CCN(c2ccccc2OC)CC1,5.0
CNC(=S)N1N=C(c2ccc(OC)cc2)CC1c1ccc(N(C)C)cc1,5.4
CNC(C)C(=O)Nc1ccc(-c2c(-c3ccncc3)nc3cc(C)ccn23)c(C#Cc2ccc(-c3ccon3)cc2)n1,5.64
CNC(C)C(=O)Nc1ccc(-c2c(-c3ccncc3)nc3cc(C)ccn23)c(C#Cc2ccc3c(ccc(=O)n3C)c2)n1,5.4
CNC(C)C(=O)Nc1ccc(-c2c(-c3ccncc3)nc3cc(C)ccn23)c(C#Cc2ccc3nc(C)ccc3c2)n1,5.68
CNC(C)C(=O)Nc1ccc(-c2c(-c3ccncc3)nc3cc(C)ccn23)c(C#Cc2ccc3ncccc3c2)n1,5.43
CNC(C)C(=O)Nc1ccc(-c2c(-c3ccncc3)nc3cc(C)ccn23)c(C#Cc2ccccc2)n1,5.52
CNC1(C)C2CCC(C2)C1(C)C,4.6
CNC1=C(Br)C(=O)c2ccncc2C1=O,5.9
CNC1=C(Cl)C(=O)c2ccncc2C1=O,5.8
CNC1CCC(c2ccc(Cl)c(Cl)c2)c2ccccc21.Cl,4.5
CNC1CCCC(c2c[nH]c3ccc(NC(=N)c4cccs4)cc23)C1.Cl,4.0
CNC1CCN(c2cc(C)c3nc(-c4c(NC[C@@H](O)c5cccc(Cl)c5)cc[nH]c4=O)[nH]c3c2)CC1,8.59
CNC1[C@@H](O)C(OC2C(N)C[C@H](N)[C@@H](O[C@@H]3OC(C(C)O)C(O)C(O)C3N)C2O)OC[C@]1(C)O.O=S(=O)(O)O.O=S(=O)(O)O,4.7
CNCC(=O)N1CCC(n2nc(C)c(Nc3ncc(Cl)c(-c4cnn5ccccc45)n3)c2C)CC1,5.42
CNCC(=O)N[C@@H](CC(C)C)c1cc(C)ccc1N1CCN(C(=O)[C@@H](Cc2ccc(Cl)cc2Cl)N2CCCC2=O)CC1,5.44
CNCC(=O)N[C@@H](CC(C)C)c1cc(F)ccc1N1CCN(C(=O)[C@@H](Cc2ccc(Cl)cc2Cl)N2CCCC2=O)CC1,5.19
CNCC(=O)N[C@@H](CC(C)C)c1ccccc1N1CCN(C(=O)[C@@H](Cc2ccc(Cl)cc2Cl)N2CCCC2=O)CC1,5.64
CNCC(=O)N[C@@H]1[C@H](O)[C@H](O[C@H]2/C=C/C=C/C=C/C=C/C=C/C=C/C=C/[C@H](C)[C@@H](O)[C@@H](C)[C@H](C)OC(=O)C[C@H](O)C[C@H](O)CC[C@@H](O)[C@H](O)C[C@H](O)C[C@]3(O)C[C@H](O)[C@@H](C(=O)NCCN)[C@H](C2)O3)O[C@H](C)[C@H]1O.NC(CCC(=O)O)C(=O)O,4.43
CNCC(=O)N[C@H](c1cc(C)ccc1N1CCN(C(=O)[C@H](C)Cc2ccc(Cl)cc2F)CC1)C(C)C,5.16
CNCC(CCc1ccccc1)[C@H](O)c1ccccc1,4.7
CNCC(C[C@H](O)c1ccccc1)c1ccc2ccccc2c1,4.7
CNCC(Cc1ccc(C)s1)c1ccc2ccccc2c1,4.89
CNCC(Cc1ccccc1)c1ccc2cccnc2c1,4.8
CNCC(Cc1ccccc1C)c1ccc2ccccc2c1,5.04
CNCC(Cc1ccccc1F)c1ccc2ccccc2c1,5.075
CNCC(Cc1ccccc1O)c1ccc2ccccc2c1,4.7
CNCC(Cc1ccccc1OC)c1ccc2ccccc2c1,5.48
CNCC(Cc1cccnc1)c1ccc(Cl)c(Cl)c1,4.72
CNCC(Cc1cccnc1)c1ccc2ccccc2c1,4.955
CNCC(Cc1cccs1)c1ccc2ccccc2c1,4.72
CNCC(c1ccc(Br)c(Cl)c1)[C@H](O)c1ccccc1,4.72
CNCC(c1ccc(Cl)c(Cl)c1)[C@H](O)c1ccccc1,4.7
CNCC(c1ccc(F)c(Cl)c1)[C@H](O)c1ccccc1,4.7
CNCC(c1ccc2ccccc2c1)C(OC)c1ccccc1,5.06
CNCC(c1ccc2ccccc2c1)[C@@H](O)c1ccc(Cl)nc1,4.7
CNCCC(=O)N[C@@H](CC(C)C)c1cc(C)ccc1N1CCN(C(=O)[C@@H](Cc2ccc(Cl)cc2Cl)N2CCCC2=O)CC1,5.47
CNCCC(=O)N[C@@H](CC(C)C)c1ccccc1N1CCN(C(=O)[C@@H](Cc2ccc(Cl)cc2Cl)N2CCCC2=O)CC1,5.89
CNCCC(=O)N[C@H](c1cc(C)ccc1N1CCN(C(=O)[C@H](C)Cc2ccc(Cl)cc2)CC1)C(C)C,5.22
CNCCC(Oc1ccc(C(F)(F)F)cc1)c1ccccc1.Cl,4.7
CNCCC=C1c2ccccc2C=Cc2ccccc21,4.9
CNCCC=C1c2ccccc2CCc2ccccc21,4.85
CNCCC=C1c2ccccc2CCc2ccccc21.Cl,4.6
CNCCCC(C#N)(c1ccc(OC)c(OC)c1)C(C)C,5.1
CNCCCC12CCC(c3ccccc31)c1ccccc12,5.6
CNCCCC12CCC(c3ccccc31)c1ccccc12.Cl,4.9
CNCCCC1c2ccccc2C=Cc2ccccc21,5.15
CNCCCCCCCCSc1nc(C(C)C)ccc1C(=O)c1cccs1.O=C(O)CC(=O)O,5.6
CNCCCCOc1ccccc1Cc1ccccc1,5.1
CNCCCN1c2ccccc2CCc2ccccc21,4.800000000000001
CNCCCN1c2ccccc2CCc2ccccc21.Cl,4.4
CNCCNS(=O)(=O)c1cccc2cnccc12,4.7
CNCCN[C@@H](CC(C)C)c1cc(F)ccc1N1CCN(C(=O)[C@@H](Cc2ccc(Cl)cc2Cl)N2CCCC2=O)CC1,4.96
CNCCN[C@@H](CC(C)C)c1ccccc1N1CCN(C(=O)[C@@H](Cc2ccc(Cl)cc2Cl)N2CCCC2=O)CC1,5.32
CNCCN[C@H](c1cc(C)ccc1N1CCN(C(=O)[C@H](C)Cc2ccc(Cl)cc2F)CC1)C(C)C,5.05
CNCCOc1ccccc1C(C)(C)Nc1nccn(-c2cc(C(=O)NC3CC3)ccc2C)c1=O,5.3
CNCCS(=O)(=O)CC[C@@H]1OCC[C@@]2(S(=O)(=O)c3ccc(Cl)cc3)c3c(F)ccc(F)c3OC[C@@H]12,5.08
CNCC[C@@H](Oc1ccccc1C)c1ccccc1,4.9
CNCC[C@H](NC(=O)N(C)Cc1csc(C(C)C)n1)C(=O)N[C@H](CC[C@H](Cc1ccccc1)NC(=O)OCc1cncs1)Cc1ccccc1,6.89
CNCC[C@H](Oc1ccc(C(F)(F)F)cc1)c1ccccc1,5.0
CNCC[C@H](Oc1cccc2ccccc12)c1cccs1,6.36
CNCC[C@H](Oc1ccccc1C)c1ccccc1,5.5
CNCC[C@H](Oc1ccccc1OC)c1ccccc1,4.8
CNCCc1ccc(Cl)c(CN(C(=O)[C@H]2CNCC[C@@H]2c2ccc(OCCOc3c(Cl)cc(C)cc3Cl)cc2)C2CC2)c1,4.824999999999999
CNC[C@@H](Cc1ccc(C)s1)c1ccc2ccccc2c1,5.1
CNC[C@@H](Cc1ccccc1)c1ccc2ccccc2c1,4.75
CNC[C@@H](Cc1cccnc1)c1ccc(Cl)c(Cl)c1,4.7
CNC[C@@H](NC(=O)N1CCC[C@@H]([C@@H](OCCNC(=O)OC)c2cccc(Cl)c2)C1)[C@@H](O)C1CCCCC1,5.15
CNC[C@@H](c1ccc(Br)c(Cl)c1)[C@@H](O)c1ccccc1,4.77
CNC[C@@H](c1ccc(Cl)c(Cl)c1)[C@@H](O)c1cccc(Br)c1,5.31
CNC[C@@H](c1ccc(Cl)c(Cl)c1)[C@@H](O)c1cccc(N(C)C)c1,4.7
CNC[C@@H](c1ccc(Cl)c(Cl)c1)[C@@H](O)c1cccc(N)c1,5.1
CNC[C@@H](c1ccc(Cl)c(Cl)c1)[C@@H](O)c1cccc(N2CCOCC2)c1,5.32
CNC[C@@H](c1ccc(Cl)c(Cl)c1)[C@@H](O)c1cccc(NS(=O)(=O)C(F)(F)F)c1,4.7
CNC[C@@H](c1ccc(Cl)c(Cl)c1)[C@@H](O)c1cccc(OC)n1,4.7
CNC[C@@H](c1ccc(Cl)c(Cl)c1)[C@@H](O)c1cccc(SC)c1,5.105
CNC[C@@H](c1ccc(Cl)c(Cl)c1)[C@@H](O)c1cccc([S+](C)[O-])c1,4.7
CNC[C@@H](c1ccc(Cl)c(Cl)c1)[C@@H](O)c1ccccc1[S+](C)[O-],4.7
CNC[C@@H](c1ccc(Cl)c(Cl)c1)[C@@H](O)c1cccnc1OC,4.7
CNC[C@@H](c1ccc(Cl)c(Cl)c1)[C@@H](O)c1ccsc1,4.7
CNC[C@@H](c1ccc(Cl)c(Cl)c1)[C@@H](O)c1cncc(OC)c1,4.7
CNC[C@@H](c1ccc(Cl)c(Cl)c1)[C@@H](OC)c1cccc(NS(=O)(=O)C(F)(F)F)c1,6.7
CNC[C@@H](c1ccc(Cl)c(Cl)c1)[C@H](O)c1cccc(NC(C)=O)c1,4.7
CNC[C@@H](c1ccc2ccccc2c1)[C@@H](O)c1ccc2c(c1)OCCO2,4.72
CNC[C@@H](c1ccc2ccccc2c1)[C@@H](O)c1ccccc1F,4.7
CNC[C@@H](c1ccc2ccccc2c1)[C@@H](O)c1cccnc1,4.7
CNC[C@@H](c1ccc2ccccc2c1)[C@@H](O)c1cccs1,4.7
CNC[C@@H](c1ccc2ccccc2c1)[C@@H](O)c1cncc(OC)c1,4.7
CNC[C@@H](c1ccc2ccccc2c1)[C@@H](OCC(N)=O)c1ccccc1,4.7
CNC[C@@H](c1ccc2ccccc2c1)[C@H](O)c1cc(F)cc(F)c1,4.7
CNC[C@@H](c1ccc2ccccc2c1)[C@H](O)c1ccccc1F,4.7
CNC[C@@H](c1ccc2ccccc2c1)[C@H](O)c1ccccn1,4.7
CNC[C@H](CC1CCCCC1)NC(=O)N1CCC[C@@H]([C@@H](OCCNC(=O)OC)c2cccc(Cl)c2)C1,5.34
CNC[C@H](C[C@H]1CCCOC1)NC(=O)N1CCC[C@@H]([C@@H](OCCNC(=O)OC)c2cccc(Cl)c2)C1,4.55
CNC[C@H](Cc1ccccc1F)c1ccc2ccccc2c1,4.96
CNC[C@H](Cc1ccccc1O)c1ccc2ccccc2c1,4.7
CNC[C@H](Cc1cccnc1)c1ccc(Cl)c(Cl)c1,4.7
CNC[C@H](O)c1ccc(O)c(O)c1,4.5
CNC[C@H](O)c1ccc(OC(=O)C(C)(C)C)c(OC(=O)C(C)(C)C)c1,5.0
CNC[C@H](c1ccc(-c2ccccc2)cc1)[C@H](O)c1ccccc1,4.8
CNC[C@H](c1ccc(Br)c(Cl)c1)[C@@H](O)c1ccccc1,4.7
CNC[C@H](c1ccc(Br)c(Cl)c1)[C@H](O)c1ccccc1,5.09
CNC[C@H](c1ccc(Cl)c(Cl)c1)[C@@H](O)c1cccc(Br)c1,5.04
CNC[C@H](c1ccc(Cl)c(Cl)c1)[C@@H](O)c1cccc(I)c1,5.54
CNC[C@H](c1ccc(Cl)c(Cl)c1)[C@@H](O)c1cccc(N)c1,5.08
CNC[C@H](c1ccc(Cl)c(Cl)c1)[C@@H](O)c1cccc(NC(C)=O)c1,4.75
CNC[C@H](c1ccc(Cl)c(Cl)c1)[C@@H](O)c1cccc(NS(=O)(=O)C(F)(F)F)c1,4.7
CNC[C@H](c1ccc(Cl)c(Cl)c1)[C@@H](O)c1cccc(SC)c1,4.85
CNC[C@H](c1ccc(Cl)c(Cl)c1)[C@@H](O)c1ccccc1,4.7
CNC[C@H](c1ccc(Cl)c(Cl)c1)[C@@H](O)c1ccccc1-c1cccs1,5.09
CNC[C@H](c1ccc(Cl)c(Cl)c1)[C@@H](O)c1ccccc1I,5.7
CNC[C@H](c1ccc(Cl)c(Cl)c1)[C@@H](O)c1ccccc1S(C)(=O)=O,5.32
CNC[C@H](c1ccc(Cl)c(Cl)c1)[C@@H](O)c1ccccc1SC,4.82
CNC[C@H](c1ccc(Cl)c(Cl)c1)[C@@H](O)c1ccccc1[N+](=O)[O-],5.11
CNC[C@H](c1ccc(Cl)c(Cl)c1)[C@@H](O)c1cccnc1OC,6.57
CNC[C@H](c1ccc(Cl)c(Cl)c1)[C@H](O)c1cccc(Br)c1,5.44
CNC[C@H](c1ccc(Cl)c(Cl)c1)[C@H](O)c1cccc(I)c1,5.68
CNC[C@H](c1ccc(Cl)c(Cl)c1)[C@H](O)c1cccc(N(C)C)c1,5.34
CNC[C@H](c1ccc(Cl)c(Cl)c1)[C@H](O)c1cccc(N)c1,4.7
CNC[C@H](c1ccc(Cl)c(Cl)c1)[C@H](O)c1cccc(OC)n1,4.7
CNC[C@H](c1ccc(Cl)c(Cl)c1)[C@H](O)c1cccc(S(C)(=O)=O)c1,4.7
CNC[C@H](c1ccc(Cl)c(Cl)c1)[C@H](O)c1cccc([N+](=O)[O-])c1,5.24
CNC[C@H](c1ccc(Cl)c(Cl)c1)[C@H](O)c1ccccc1,4.7
CNC[C@H](c1ccc(Cl)c(Cl)c1)[C@H](O)c1ccccc1I,5.28
CNC[C@H](c1ccc(Cl)c(Cl)c1)[C@H](O)c1ccccc1OC,5.46
CNC[C@H](c1ccc(Cl)c(Cl)c1)[C@H](O)c1ccccc1SC,5.02
CNC[C@H](c1ccc(Cl)c(Cl)c1)[C@H](O)c1ccncc1,4.7
CNC[C@H](c1ccc(Cl)c(Cl)c1)[C@H](O)c1cncc(OC)c1,6.62
CNC[C@H](c1ccc(OC)c(C)c1)[C@H](O)c1cccnc1,4.7
CNC[C@H](c1ccc2ccccc2c1)[C@@H](Cl)c1ccccc1,4.7
CNC[C@H](c1ccc2ccccc2c1)[C@@H](F)c1ccccc1,5.17
CNC[C@H](c1ccc2ccccc2c1)[C@@H](O)c1cc(F)cc(F)c1,4.7
CNC[C@H](c1ccc2ccccc2c1)[C@@H](O)c1ccccc1F,4.7
CNC[C@H](c1ccc2ccccc2c1)[C@@H](O)c1ccncc1Cl,5.23
CNC[C@H](c1ccc2ccccc2c1)[C@H](Cl)c1ccccc1,5.89
CNC[C@H](c1ccc2ccccc2c1)[C@H](F)c1ccccc1,5.07
CNC[C@H](c1ccc2ccccc2c1)[C@H](N)c1ccccc1,6.03
CNC[C@H](c1ccc2ccccc2c1)[C@H](O)c1cc(F)cc(F)c1,4.72
CNC[C@H](c1ccc2ccccc2c1)[C@H](O)c1ccc(Cl)nc1,4.7
CNC[C@H](c1ccc2ccccc2c1)[C@H](O)c1ccc(Cl)s1,5.02
CNC[C@H](c1ccc2ccccc2c1)[C@H](O)c1ccc2c(c1)OCCO2,5.12
CNC[C@H](c1ccc2ccccc2c1)[C@H](O)c1ccccc1C,4.99
CNC[C@H](c1ccc2ccccc2c1)[C@H](O)c1ccccc1F,4.7
CNC[C@H](c1ccc2ccccc2c1)[C@H](O)c1cccnc1,4.7
CNC[C@H](c1ccc2ccccc2c1)[C@H](O)c1cccs1,4.7
CNC[C@H](c1ccc2ccccc2c1)[C@H](O)c1ccncc1,4.7
CNC[C@H](c1ccc2ccccc2c1)[C@H](O)c1cncc(OC)c1,4.7
CNC[C@H](c1ccc2ccccc2c1)[C@H](OC)c1ccc2c(c1)OCO2,5.47
CNC[C@H](c1ccc2ccccc2c1)[C@H](OC)c1ccccc1,4.8
CNC[C@H](c1ccc2ccccc2c1)[C@H](OCC(=O)N1CCOCC1)c1ccccc1,4.7
CNC[C@H](c1ccc2ccccc2c1)[C@H](OCC(=O)N1CC[C@@H](O)C1)c1ccccc1,4.7
CNC[C@H](c1ccc2ccccc2c1)[C@H](OCC(=O)N1CC[C@H](O)C1)c1ccccc1,4.7
CNC[C@H](c1ccc2ccccc2c1)[C@H](OCC(=O)NC1CC1)c1ccccc1,4.77
CNC[C@H](c1ccc2ccccc2c1)[C@H](OCC(=O)NCCO)c1ccccc1,4.7
CNC[C@H](c1ccc2ccccc2c1)[C@H](OCC(N)=O)c1ccccc1,4.7
CNC[C@H](c1ccc2ccccc2c1)[C@H](OCCO)c1ccccc1,4.7
CNC[C@H](c1ccc2ccccc2c1)[C@H](OCc1nc(C)no1)c1ccccc1,4.7
CNC[C@H](c1ccc2ccccc2c1)[C@H](OCc1noc(C)n1)c1ccccc1,4.82
CNC[C@H]1Cc2ccccc2[C@H](c2ccc(Cl)c(Cl)c2)C1,4.7
CNCc1cc(-c2cc3c(N[C@@H](c4ccc5c(c4)S(=O)(=O)CCC5)C(C)C)ncnc3[nH]2)co1,5.74
CNCc1cc(=O)oc2cc(OCc3cccc(Cl)c3)ccc12.CS(=O)(=O)O,5.3
CNCc1ccc(Cl)c(CN(C(=O)[C@H]2CNCC[C@@H]2c2ccc(OCCOc3c(Cl)cc(C)cc3Cl)cc2)C2CC2)c1,4.795
CNCc1ccccc1.Cl,4.4
CNNC.Cl.Cl,4.5
CNS(=O)(=O)Nc1cccc(Cc2c(C)c3ccc(OC(=O)N(C)C)cc3oc2=O)c1,5.07
CNS(=O)(=O)Nc1cccc(Cc2c(C)c3ccc(Oc4ncccn4)cc3oc2=O)c1F,4.77
CNS(=O)(=O)c1ccc(CNC(=O)N2CC3(CCCC3)c3nc(-c4ccc(O)cc4C)ccc32)cc1,6.05
CNS(=O)(=O)c1cccc(-c2ccc(C(O)(c3c[nH]cn3)C(C)C)cc2)c1,5.48
CNS(=O)(=O)c1cnccc1N1CCN(c2ccc(Cl)c(C(F)(F)F)c2)CC1,6.1
CN[C@@H](C)C(=O)N[C@@H]1C(=O)N(Cc2c(C#N)n(-c3ccccc3C#N)c3ccccc23)c2ccccc2OC12CCOCC2,5.875
CN[C@@H](C)C(=O)N[C@@H]1C(=O)N(Cc2c(C)ccc3ccccc23)c2ccc(C#N)cc2N(C(=O)CS(C)(=O)=O)[C@H]1C.Cl,4.3
CN[C@@H](C)C(=O)N[C@@H]1C(=O)N(Cc2c(C)ccc3ccccc23)c2ccc(C#N)cc2N(C(C)=O)[C@H]1C,4.785
CN[C@@H](C)C(=O)N[C@@H]1C(=O)N(Cc2c(C)ccc3ccccc23)c2ccc(C#N)cc2N(C(C)=O)[C@H]1C.Cl,4.79
CN[C@@H](C)C(=O)N[C@@H]1C(=O)N(Cc2c(C)ccc3ccccc23)c2ccccc2N(C(=O)CS(C)(=O)=O)[C@H]1C.Cl,4.785
CN[C@@H](C)C(=O)N[C@@H]1C(=O)N(Cc2c(OC)ccc3c(Br)cccc23)c2ccccc2N(C(=O)CS(C)(=O)=O)[C@H]1C.Cl,5.77
CN[C@@H](C)C(=O)N[C@@H]1C(=O)N(Cc2c(OC)ccc3cc(Br)ccc23)c2ccccc2N(C(=O)CS(C)(=O)=O)[C@H]1C.Cl,5.32
CN[C@@H](C)C(=O)N[C@@H]1C(=O)N(Cc2c(OC)ccc3ccccc23)c2ccc(C#N)cc2N(C(=O)CS(C)(=O)=O)[C@H]1C.Cl,4.3
CN[C@@H](C)C(=O)N[C@@H]1C(=O)N(Cc2c(OC)ccc3ccccc23)c2ccc(C#N)cc2N(C(C)=O)[C@H]1C.Cl,4.525
CN[C@@H](C)C(=O)N[C@@H]1C(=O)N(Cc2c(OC)ccc3ccccc23)c2ccccc2N(C(=O)CS(C)(=O)=O)[C@H]1C.Cl,5.08
CN[C@@H](C)C(=O)N[C@@H]1C(=O)N(Cc2nn(-c3ccccc3C#N)c3ccccc23)c2ccccc2N(C(=O)CS(C)(=O)=O)[C@H]1C.Cl,4.255
CN[C@@H](C)C(=O)N[C@@H]1C(=O)N(Cc2noc3ccccc23)c2ccccc2N(C(=O)CS(C)(=O)=O)[C@H]1C.Cl,5.05
CN[C@@H](C)C(=O)N[C@H](C(=O)N1CCC[C@H]1C(=O)Nc1cc2c(NCCCCCCCCNc3ncnc4cc(OC)c(NC(=O)[C@@H]5CCCN5C(=O)[C@@H](NC(=O)[C@H](C)NC)C(C)(C)C)cc34)ncnc2cc1OC)C(C)(C)C,6.37
CN[C@@H](C)C(=O)N[C@H](C(=O)N1CCC[C@H]1C(=O)Nc1cc2c(NCCOCCOCCNc3ncnc4cc(OC)c(NC(=O)[C@@H]5CCCN5C(=O)[C@@H](NC(=O)[C@H](C)NC)C(C)(C)C)cc34)ncnc2cc1OC)C(C)(C)C,5.25
CN[C@@H](C)C(=O)N[C@H](C(=O)N1CCC[C@H]1C(=O)Nc1cc2c(NC[C@H]3CC[C@H](CNc4ncnc5cc(OC)c(NC(=O)[C@@H]6CCCN6C(=O)[C@@H](NC(=O)[C@H](C)NC)C(C)(C)C)cc45)CC3)ncnc2cc1OC)C(C)(C)C,6.34
CN[C@@H](C)C(=O)N[C@H](C(=O)N1CCC[C@H]1C(=O)Nc1cc2c(NC[C@H]3CC[C@H](CNc4ncnc5cc(OC)c(NC(=O)[C@@H]6CCCN6C(=O)[C@@H](NC(=O)[C@H](C)NC)C6CCCCC6)cc45)CC3)ncnc2cc1OC)C1CCCCC1,6.18
CN[C@@H](C)C(=O)N[C@H](C(=O)N1CCC[C@H]1C(=O)Nc1cc2c(N[C@H]3CC[C@@H](Nc4ncnc5cc(OC)c(NC(=O)[C@@H]6CCCN6C(=O)[C@@H](NC(=O)[C@H](C)NC)C(C)(C)C)cc45)CC3)ncnc2cc1OC)C(C)(C)C,5.26
CN[C@@H](C)C(=O)N[C@H](C(=O)N1CCC[C@H]1C(=O)Nc1cc2c(N[C@H]3CC[C@H](Nc4ncnc5cc(OC)c(NC(=O)[C@@H]6CCCN6C(=O)[C@@H](NC(=O)[C@H](C)NC)C(C)(C)C)cc45)CC3)ncnc2cc1OC)C(C)(C)C,5.45
CN[C@@H](C)C(=O)N[C@H](C(=O)N1CCC[C@H]1C(=O)Nc1cc2c(OCC#CC#CCOc3ncnc4cc(OC)c(NC(=O)[C@@H]5CCCN5C(=O)[C@@H](NC(=O)[C@H](C)NC)C(C)(C)C)cc34)ncnc2cc1OC)C(C)(C)C,6.62
CN[C@@H](C)C(=O)N[C@H](C(=O)N1CCC[C@H]1C(=O)Nc1cc2c(OCC#CCOc3ncnc4cc(OC)c(NC(=O)[C@@H]5CCCN5C(=O)[C@@H](NC(=O)[C@H](C)NC)C(C)(C)C)cc34)ncnc2cc1OC)C(C)(C)C,6.07
CN[C@@H](C)C(=O)N[C@H]1CN(C(=O)C2CCOCC2)c2ccccc2N(Cc2c(OC)ccc3cc(Br)ccc23)C1=O.Cl,5.64
CN[C@@H](C)C(=O)N[C@H]1CN(C(=O)CC(C)C)c2ccccc2N(CCc2ccccc2)C1=O.Cl,5.48
CN[C@@H](C)C(=O)N[C@H]1CN(C(=O)CC(C)C)c2ccccc2N(Cc2c(C)ccc3ccccc23)C1=O.Cl,5.89
CN[C@@H](C)C(=O)N[C@H]1CN(C(=O)CC(C)C)c2ccccc2N(Cc2c(OC)ccc3cc(Br)ccc23)C1=O.Cl,5.96
CN[C@@H](C)C(=O)N[C@H]1CN(C(=O)CC(C)C)c2ccccc2N(Cc2c(OC)ccc3ccccc23)C1=O.Cl,5.82
CN[C@@H](C)C(=O)N[C@H]1CN(C(=O)CC(C)C)c2ccccc2N(Cc2cccc3ccccc23)C1=O.Cl,5.75
CN[C@@H](C)C(=O)N[C@H]1CN(C(=O)CC(C)C)c2ccccc2N(Cc2ccccc2)C1=O.Cl,4.82
CN[C@@H](C)C(=O)N[C@H]1CN(C(=O)CS(C)(=O)=O)c2ccccc2N(Cc2c(OC)ccc3cc(Br)ccc23)C1=O.Cl,5.0
CN[C@@H](C)C(=O)N[C@H]1CN(C(=O)Cc2cccnc2)c2ccccc2N(Cc2c(OC)ccc3cc(Br)ccc23)C1=O.Cl,5.55
CN[C@@H](C)C(=O)N[C@H]1CN(C(=O)c2ccc(C(C)=O)cc2)c2ccccc2N(Cc2c(OC)ccc3cc(Br)ccc23)C1=O.Cl,5.75
CN[C@@H](C)C(=O)N[C@H]1CN(C(=O)c2ccc(C)cc2)c2ccccc2N(Cc2c(OC)ccc3cc(Br)ccc23)C1=O.Cl,5.85
CN[C@@H](C)C(=O)N[C@H]1CN(C(=O)c2ccc(C)o2)c2ccccc2N(Cc2c(OC)ccc3cc(Br)ccc23)C1=O.Cl,5.72
CN[C@@H](C)C(=O)N[C@H]1CN(C(=O)c2ccc(F)cc2)c2ccccc2N(Cc2c(OC)ccc3cc(Br)ccc23)C1=O.Cl,5.82
CN[C@@H](C)C(=O)N[C@H]1CN(C(=O)c2ccc(N)cc2)c2ccccc2N(Cc2c(OC)ccc3ccccc23)C1=O.Cl,4.99
CN[C@@H](C)C(=O)N[C@H]1CN(C(=O)c2ccc(S(C)(=O)=O)cc2)c2ccccc2N(Cc2c(OC)ccc3cc(Br)ccc23)C1=O.Cl,5.7
CN[C@@H](C)C(=O)N[C@H]1CN(C(=O)c2cccc(F)c2)c2ccccc2N(Cc2c(OC)ccc3cc(Br)ccc23)C1=O.Cl,5.92
CN[C@@H](C)C(=O)N[C@H]1CN(C(=O)c2ccccc2)c2ccccc2N(Cc2c(OC)ccc3cc(Br)ccc23)C1=O.Cl,5.92
CN[C@@H](C)C(=O)N[C@H]1CN(C(=O)c2ccccc2F)c2ccccc2N(Cc2c(OC)ccc3cc(Br)ccc23)C1=O.Cl,6.07
CN[C@@H](C)C(=O)N[C@H]1CN(C(=O)c2cccnc2)c2ccccc2N(Cc2c(OC)ccc3cc(Br)ccc23)C1=O.Cl,5.92
CN[C@@H](C)C(=O)N[C@H]1CN(C(=O)c2cnccn2)c2ccccc2N(Cc2c(OC)ccc3cc(Br)ccc23)C1=O.Cl,5.8
CN[C@@H](C)C(=O)N[C@H]1CN(C(C)=O)c2ccccc2N(Cc2c(OC)ccc3cc(Br)ccc23)C1=O.Cl,5.5
CN[C@@H](C)C(=O)Nc1ccc(-c2c(-c3ccnc(C)c3)nc3cc(C)ccn23)c(C#Cc2ccccc2)n1,4.34
CN[C@@H](C)[C@@H](O)c1ccccc1,4.7
CN[C@@H](Cn1c(=O)c(-c2cccc(OCCC(C)(C)CC(=O)O)c2F)c(C)n(Cc2c(F)cccc2C(F)(F)F)c1=O)c1ccccc1,5.0
CN[C@@H](Cn1c(=O)c(-c2cccc(OCCCCC(=O)O)c2F)c(C)n(Cc2c(F)cccc2C(F)(F)F)c1=O)c1ccccc1,4.89
CN[C@@H](Cn1c(=O)c(-c2cccc(OCCCNCC(=O)O)c2F)c(C)n(Cc2c(F)cccc2C(F)(F)F)c1=O)c1ccccc1,4.48
CN[C@@H](Cn1c(=O)c(-c2cccc(OCCCOCC(=O)O)c2F)c(C)n(Cc2c(F)cccc2C(F)(F)F)c1=O)c1ccccc1,4.66
CN[C@@H](Cn1c(=O)c(-c2cccc(OCCOCC(=O)O)c2F)c(C)n(Cc2c(F)cccc2C(F)(F)F)c1=O)c1ccccc1,5.0
CN[C@@H](c1ccncc1)[C@@H](NC)c1ccncc1,5.3
CN[C@@H]1CCN(C(=O)[C@@H](COCc2ccccc2)NC(=O)c2cccnc2Oc2ccc(C(F)(F)F)cc2Cl)C1,4.92
CN[C@@H]1C[C@@H](c2ccc(Cl)c(Cl)c2)c2ccccc21,5.0
CN[C@@H]1C[C@H](c2ccc(Cl)c(Cl)c2)c2ccccc21,4.8
CN[C@H]1CCN(C(=O)[C@@H](COCc2ccccc2)NC(=O)c2cccnc2Oc2ccc(C(F)(F)F)cc2Cl)C1,5.05
CN[C@H]1CC[C@@H](c2c[nH]c3ccc(NC(=N)c4cccs4)cc32)CC1.Cl,4.24
CN[C@H]1CC[C@@H](c2ccc(Cl)c(Cl)c2)c2ccccc21,5.484999999999999
CN[C@H]1CC[C@@H](c2ccc(Cl)c(Cl)c2)c2ccccc21.Cl,4.9
CN[C@H]1CC[C@](CCOc2cc(F)c(S(=O)(=O)Nc3ncns3)cc2F)(c2ccccc2)CC1,6.35
CN[C@H]1C[C@@H](C(=O)N[C@H](CC[C@H](Cc2ccccc2)NC(=O)OCc2cncs2)Cc2ccccc2)N(C(=O)N(C)Cc2csc(C(C)C)n2)C1,6.605
CN[C@H]1Cc2ccccc2[C@@H](c2ccc(Cl)c(Cl)c2)C1,4.77
CNc1cc(-c2ccccc2C(F)(F)F)ncn1,4.8
CNc1cc(-c2csc(NC(=O)Cc3cccc(OC)c3)n2)ccn1,4.94
CNc1cc(CSC)nc(SCc2ccc(Cl)c(Cl)c2)n1,5.3
CNc1cc(C[S+]([O-])c2ccccc2)nc(-c2ccccc2)n1,4.85
CNc1cc(NS(=O)(=O)c2ccc(N)cc2)nc(NC)n1,6.1
CNc1cc(Nc2cccn(-c3ccccn3)c2=O)nc2c(C(=O)N[C@H]3CC[C@@H]3OC)cnn12,5.390000000000001
CNc1cc(OC)c(C(=O)N[C@@H]2CCN(Cc3ccccc3)[C@H]2C)cc1Cl,5.5
CNc1ccc(-c2cccnc2)s1,5.2
CNc1ccc(C(=O)/C=C/c2ccc3cnccc3c2)cc1,5.6
CNc1ccc(O)cc1.CNc1ccc(O)cc1.O=S(=O)(O)O,4.9
CNc1ccc2oc(C[C@H]3O[C@]4(CC[C@H]3C)O[C@H]([C@H](C)C(=O)c3ccc[nH]3)[C@H](C)C[C@H]4C)nc2c1C(=O)O,5.3
CNc1ccccc1C(=O)N1CCc2c([nH]c3ccccc23)C1=O,6.0
CNc1ccnc(-c2c(C)noc2C)n1,4.4
CNc1ccnc(-c2cccc(NS(C)(=O)=O)c2)n1,4.6
CNc1ccnc(-c2ccccc2C(F)(F)F)n1,4.6
CNc1ccnc(-c2ccccc2C)n1,4.8
CNc1ccnc(-c2ccccc2OC)n1,4.5
CNc1nc(-c2c(C)noc2C)nc2ccccc12,4.9
CNc1nc(-c2ccc(C(=O)N(C)C)cc2)nc2ccccc12,4.5
CNc1nc(-c2ccc(N(C)C)cc2)nc2ccccc12,4.8
CNc1nc(-c2ccc3c(c2)OCO3)nc2ccccc12,5.9
CNc1nc(-c2cccc(C#N)c2)nc2ccccc12,5.0
CNc1nc(-c2cccc(NS(C)(=O)=O)c2)nc2ccccc12,5.0
CNc1nc(-c2ccccc2C)nc2ccccc12,4.7
CNc1nc(-c2ccccc2CN(C)C)nc2ccccc12,4.6
CNc1nc(-c2ccccc2Cl)nc2ccccc12,4.6
CNc1nc(-c2ccccc2OC)nc2ccccc12,4.5
CNc1nc(-c2cccnc2)nc2ccccc12,5.2
CNc1nc(-c2ccoc2)nc2ccccc12,4.8
CNc1nc(C)cc(C)c1S(=O)(=O)c1ccc(C)cc1,5.35
CNc1nc(C)cc(C)c1S(=O)(=O)c1ccc(Cl)cc1,5.35
CNc1nc(NC2CCC(C(=O)NCc3ccccc3C(F)(F)F)CC2)nc(N(C)CCN(C)C)n1,4.66
CNc1nc(NC2CCC(C(=O)NCc3ccccc3C(F)(F)F)CC2)nc(N2CCN(C)CC2)n1,4.66
CNc1nc(NCCOC23CC4CC(CC(C4)C2)C3)nc(OCC(F)(F)F)n1,4.6
CNc1nc(Nc2ccc(-n3cnc(C)n3)c(OC)c2)nc2c1CC[C@@H]2c1ccc(F)cc1,4.08
CNc1nc(Nc2ccc(-n3cnc(C)n3)c(OC)c2)nc2c1CC[C@H]2c1ccc(F)cc1,4.08
CNc1nc(Nc2ccc(C(=O)NCc3ccccc3C(F)(F)F)cc2)nc(N2CCN(C)CC2)n1,4.72
CNc1nc2ccc(C(=O)N(CC(C)C)C[C@@H](O)[C@H](Cc3ccccc3)NC(=O)OCc3cncs3)cc2o1,7.39
CNc1nc2ccccc2n1-c1nc2c(c(C(C)(C)S(C)(=O)=O)n1)OC[C@@H]1COCCN21,4.41
CNc1nc2ccccc2n1Cc1sc2c(c1C(=O)N1CCC1)c(=O)n(C)c(=O)n2CC(C)C,6.0
CNc1nc2ccccc2n1Cc1sc2c(c1C(=O)N1C[C@H](O)CO1)c(=O)n(C)c(=O)n2CC(C)C,4.66
CNc1ncc(C(=O)c2ccccc2)s1,4.55
CNc1nccc2c1c1ncnc(N3CCN(CCc4ccc(F)c(F)c4)CC3)c1n2C,4.27
CNc1ncnc2ccc(-c3ccc4c(c3)OCO4)cc12,4.7
CNc1ncnc2ccc(-c3cccc(NS(C)(=O)=O)c3)cc12,4.9
CNc1ncnc2ccc(-c3cccc(OC)c3)cc12,4.9
CNc1ncnc2ccc(-c3ccccc3C#N)cc12,4.9
CNc1ncnc2ccc(-c3ccccc3C)cc12,4.8
CNc1ncnc2ccc(-c3ccccc3CN(C)C)cc12,5.1
CNc1ncnc2ccc(-c3ccccc3OC)cc12,4.7
CNc1ncncc1-c1c(C)noc1C,5.4
CNc1ncncc1-c1ccc(C(=O)N(C)C)cc1,5.3
CNc1ncncc1-c1ccccc1C,6.2
CNc1ncncc1-c1ccccc1C(F)(F)F,6.1
CNc1ncncc1-c1ccccc1CN(C)C,4.8
CNc1ncncc1-c1ccccc1OC,6.6
CNc1nnc(-c2cn3ncnc(Nc4cc(C(=O)NC5CC5)c(F)cc4F)c3c2C(C)C)o1,5.68
CNc1nnc(-c2cn3ncnc(Nc4cnc5[nH]c(C)cc5c4)c3c2C(C)C)o1,5.19
CNc1noc2c(-c3ccc4c(N5CCOC[C@@H]5C)nncc4c3)c(Cl)ccc12,5.22
CNc1oc(-c2ccc(Cl)cc2)nc1C#N,4.85
CNc1oc(-c2cccs2)nc1C#N,4.55
CO/C(O)=C1/C(C)=Nc2ncnn2C1c1cccnc1,4.4
CO/C(O)=C1\C(C)=NC(C)=C([N+](=O)[O-])[C@@H]1c1ccccc1C(F)(F)F,4.9
CO/C(O)=C1\C(C)=NC(C)=C([N+](=O)[O-])[C@H]1c1ccccc1C(F)(F)F,4.9
CO/C(O)=C1\C(C)=NC2=C(C(=O)CCC2)C1c1cn(Cc2ccc(Cl)cc2Cl)nc1-c1ccccc1,5.6
CO/N=C(/C)CCC(=O)OC[C@@H]1O[C@H](C#Cc2ccccc2)C=C[C@@H]1Oc1ccc(C)cc1,5.4
CO/N=C(/C)CCC(=O)OC[C@@H]1O[C@H](c2ccccc2)C=C[C@@H]1Oc1ccc(OC)cc1,5.5
CO/N=C(\C(=O)N[C@@H]1C(=O)N2C(C(=O)OCOC(=O)C(C)(C)C)=C(/C=C\c3scnc3C)CS[C@H]12)c1csc(N)n1,5.4
CO/N=C(\C)CCN1CCCCc2nc(C)c(C)cc21,5.4
CO/N=C(\C)c1ccc(-n2ccnc2)c(NC(=O)c2ccc(-c3ccccc3)cc2)c1,5.52
CO/N=C(\C)c1ccc(-n2ccnc2)c(NC(=O)c2ccc(-c3ccccc3)nc2)c1,5.4
CO/N=C(\C)c1ccc(-n2ccnc2)c(NC(=O)c2ccc(-c3ccccn3)s2)c1,5.7
CO/N=C(\C)c1ccc(-n2ccnc2)c(NC(=O)c2ccc(-c3cccs3)nc2)c1,5.85
CO/N=C(\C)c1ccc(-n2ccnc2)c(NC(=O)c2cnc(-c3ccccc3)cn2)c1,5.1
CO/N=C(\C)c1ccc(-n2ccnc2)c(NC(=O)c2cnc(-c3ccccc3)nc2)c1,4.75
CO/N=C(\C)c1ccc(-n2ccnc2)c(NC(=O)c2cnc(-c3ccccc3)s2)c1,6.0
CO/N=C(\C)c1ccc(-n2ccnc2)c(NC(=O)c2cnc(-c3ccccn3)s2)c1,5.52
CO/N=C(\C)c1ccc(-n2ccnc2)c(NC(=O)c2cnn(-c3ccccn3)c2)c1,5.85
CO/N=C/C(=C\Nc1ccccc1)c1ncc(C(F)(F)F)cc1Cl,4.65
CO/N=C1/c2cc(OC)ccc2O[C@@H](c2cccc(OC)c2)[C@H]1O,5.2
CO/N=C\c1ccc(C(=O)N2[C@H](c3ccc(C)cc3)[C@@H](C)CC[C@H]2C(=O)OC)cc1,5.5
COC(=O)/C(=C1\OC(=O)C(c2ccccc2)C1=O)c1ccccc1,4.4
COC(=O)/C(C)=C\CC12OC(C)(C)C3CC(C=C4C(=O)c5c(OC)c6c(c(CC=C(C)C)c5OC431)OC(C)(CCC=C(C)C)C=C6)C2=O,5.5
COC(=O)/C=C/CSC1=N/C(=C/c2ccc(-n3cncn3)cc2)C(=O)N1,5.7
COC(=O)C(/C=C/C(C)Cc1cc(Br)cc(OCc2ccccc2)c1OC)OCc1ccccc1,5.5
COC(=O)C(C(=O)OC)C1O[C@@]23COCCC2(C)C3c2ccccc21,5.5
COC(=O)C(C(C)=O)C(NC(=O)NCc1ccccc1)c1ccccc1,5.4
COC(=O)C(C)(C)C(c1ccc(Nc2ccc3ccccc3c2)cc1)n1ccnc1,5.1
COC(=O)C(C)(C)C(c1ccc(Nc2ccc3ccccc3c2)cc1)n1cncn1,6.48
COC(=O)C(C)(C)C(c1ccc(Nc2ccccc2)cc1)n1cncn1,6.7
COC(=O)C(C)Sc1nc(O)c2cnn(-c3ccc(C)cc3)c2n1,4.85
COC(=O)C(CC(C)C)NC(=O)C(N)Cc1ccccc1.Cl,4.85
COC(=O)C(CCSC)NC(=O)c1cccc([N+](=O)[O-])c1,4.85
COC(=O)C(Cc1c[nH]c2ccccc12)NC(=O)C(C)C,4.5
COC(=O)C(Cn1ccnc1)NC(=O)c1c(C)nn(-c2ccccc2)c1Cl,5.93
COC(=O)C(N)CS.Cl,4.4
COC(=O)C(NC(=O)c1ccc(Cl)cc1)(Nc1nc(C)cs1)C(F)(F)F,4.85
COC(=O)C(NC(=O)c1ccc(F)cc1)(Nc1ncc(S(=O)(=O)c2ccc([N+](=O)[O-])cc2)s1)C(F)(F)F,5.3
COC(=O)C(NC(=O)c1ccccc1)=C1C=C(C)OC(C)=C1,4.65
COC(=O)C(NNc1ccccc1)(NC(=O)c1ccccc1F)C(F)(F)F,5.8
COC(=O)C(O)(c1c(C)[nH]c2ccccc12)C(F)(F)F,4.65
COC(=O)C(O)C1C(C)(C)C(OC(C)=O)C2CC3=C4CC(=O)OC(c5ccoc5)[C@]4(C)CCC3[C@@]1(C)C2=O,5.0
COC(=O)C/C=C/C(C)C(OCc1cccc(-c2ccccc2)c1)C1CCCCC1,5.4
COC(=O)C/C=C/C(C)C(OCc1cccc(Br)c1)C(C)C(OC)C1CCCCC1,5.4
COC(=O)C/C=C\[C@@H](C)[C@@H](/C=N\OCC[C@H]1C=C[C@H](OC(C)=O)[C@@H](COC(C)=O)O1)NS(=O)(=O)c1ccc(C)cc1,5.4
COC(=O)C/C=C\[C@@H](C)[C@@H](/C=N\OC[C@@H](C)[C@H](OCc1ccccc1)C(C)C)NS(=O)(=O)c1ccc(C)cc1,5.4
COC(=O)C/C=C\[C@@H](C)[C@@H](/C=N\OC[C@@H](C)[C@H](OCc1ccccc1)C(C)C)OC,5.5
COC(=O)C/C=C\[C@@H](C)[C@@H](/C=N\OC[C@@H](O)COCc1ccco1)NS(=O)(=O)c1ccc(C)cc1,5.5
COC(=O)C/C=C\[C@@H](C)[C@@H](/C=N\OC[C@@H](O)[C@H]1O[C@H]2OC(C)(C)O[C@H]2[C@@H]1O)NS(=O)(=O)c1ccc(C)cc1,5.4
COC(=O)C/C=C\[C@@H](C)[C@@H](/C=N\OC[C@@H](O)[C@H]1O[C@H]2OC(C)(C)O[C@H]2[C@@H]1O)OC,5.3
COC(=O)C/C=C\[C@@H](C)[C@@H](/C=N\OC[C@@H]1O[C@H](c2ccccc2)C=C[C@@H]1Oc1ccc(OC)cc1)NS(=O)(=O)c1ccc(C)cc1,5.3
COC(=O)C/C=C\[C@@H](C)[C@@H](/C=N\OC[C@@H]1O[C@H](c2ccccc2)C=C[C@@H]1Oc1ccc(OC)cc1)OC,5.5
COC(=O)C/C=C\[C@@H](C)[C@@H](/C=N\O[C@@H](C)CN1CCCCc2nc(C)c(C)cc21)NS(=O)(=O)c1ccc(C)cc1,5.4
COC(=O)C/C=C\[C@@H](C)[C@@H](/C=N\O[C@@H](C)CN1CCCCc2nc(C)c(C)cc21)OC,5.4
COC(=O)C/C=C\[C@@H](C)[C@@H](/C=N\O[C@@H](C)CN1CCCc2nc(C)c(C)cc21)OC,5.5
COC(=O)C/C=C\[C@@H](C)[C@@H](/C=N\O[C@@H](C)c1cc(-c2c(C)cc(C)cc2C)no1)NS(=O)(=O)c1ccc(C)cc1,5.5
COC(=O)C/C=C\[C@@H](C)[C@@H](/C=N\O[C@@H](C)c1cn([C@H](CO)Cc2ccccc2)nn1)NS(=O)(=O)c1ccc(C)cc1,5.550000000000001
COC(=O)C/C=C\[C@@H](C)[C@@H](/C=N\O[C@@H](C)c1cn([C@H](CO)Cc2ccccc2)nn1)OC,5.45
COC(=O)C/C=C\[C@@H](C)[C@@H](/C=N\O[C@@H](C)c1cn([C@H]2COC[C@H]2O)nn1)NS(=O)(=O)c1ccc(C)cc1,5.4
COC(=O)C/C=C\[C@@H](C)[C@@H](/C=N\O[C@@H]1O[C@H](COC(C)=O)[C@H](OC(C)=O)[C@H](OC(C)=O)[C@H]1OC(C)=O)OC,5.2
COC(=O)C/C=C\[C@@H](C)[C@@H](CO)NS(=O)(=O)c1ccc(C)cc1,5.4
COC(=O)C/N=C1/OC(=O)N2C(=O)C3=C4[C@@H](C[C@H]5C(=O)N(c6ccccc6)C(=O)[C@H]5[C@H]4[C@@]12Cc1ccccc1)[C@H]1C(=O)N(c2ccccc2)C(=O)[C@H]1[C@H]3C,5.2
COC(=O)C1(C)C=C2C(=C(c3ccccc3)C(=O)C2C)CN1,5.0
COC(=O)C1(C)C=CC2(CCCCC2)N1C(=O)c1ccccc1,4.7
COC(=O)C1(C)C=CC2(CCCCC2)N1C(C)=O,4.8
COC(=O)C1(CC(C)C)C=C2C(=C(C(C)C)C(=O)C2C)CN1,4.7
COC(=O)C1(CC(C)C)C=C2C(=C(c3ccccc3)C(=O)C2C)CN1,4.6
COC(=O)C1(Cc2ccccc2)C2c3cc(C(=O)N4CCCC4)n(Cc4ccc(OC(F)(F)F)cc4)c3CC2CN1C(=O)c1ccccc1,5.5
COC(=O)C1(Cc2ccccc2)C=C2C(=C(C(C)C)C(=O)C2C)CN1,5.1
COC(=O)C1(Cc2ccccc2)C=C2C(=C(C)C(=O)C2C)CN1,4.8
COC(=O)C1(Cc2ccccc2)C=C2C(=C(c3ccccc3)C(=O)C2C)CN1,4.9
COC(=O)C1(S(=O)(=O)c2ccc(C)cc2)CCOCC1,4.55
COC(=O)C1=C(C(=O)OC)C(c2cc(Cl)ccc2O)c2sc(O)nc2S1,4.8
COC(=O)C1=C(C)N(Cc2ccccc2)C2=C(C(=O)c3ccccc3)C(c3ccccc3)[C@@](O)(C(=O)OC)C(=O)N2C1c1ccccc1,5.4
COC(=O)C1=C(C)N(Cc2ccccc2)C2=C(C(C)=O)C(c3ccccc3)[C@@](O)(C(=O)OC)C(=O)N2C1c1ccccc1,5.4
COC(=O)C1=C(C)N(Cc2ccccc2)C2=C(C(C)=O)C[C@@](O)(C(=O)OC)C(=O)N2C1c1ccccc1,5.5
COC(=O)C1=C(C)N(Cc2ccccc2)C2=C3C(=O)CCCC3[C@@](O)(C(=O)OC)C(=O)N2C1c1ccccc1,5.4
COC(=O)C1=C(C)N(Cc2ccccc2)C2=C3C(=O)N(C)C(=O)C3[C@@](O)(C(=O)OC)C(=O)N2C1c1ccccc1,5.4
COC(=O)C1=C(C)N(Cc2ccccc2)C2=C3C(=O)N(c4ccccc4)C(=O)C3[C@@](O)(C(=O)OC)C(=O)N2C1c1ccccc1,5.45
COC(=O)C1=C(C)N(Cc2ccccc2)C2=C3C(=O)OCCC3[C@@](O)(C(=O)OC)C(=O)N2C1c1ccccc1,5.4
COC(=O)C1=C(C)N(Cc2ccccc2)[C@]23O[C@](C(=O)OC)(C(=O)N2C1c1ccccc1)C(C(=O)OC)=C3C(=O)OC,5.5
COC(=O)C1=C(C)N(Cc2ccccc2)[C@]23O[C@](C(=O)OC)(C(=O)N2C1c1ccccc1)C(C(=O)OC)C3C(=O)OC,5.4
COC(=O)C1=C(C)N(Cc2ccccc2)[C@]23O[C@](C(=O)OC)(C(=O)N2C1c1ccccc1)C(c1ccccc1)C3C(=O)c1ccccc1,5.4
COC(=O)C1=C(C)N(Cc2ccccc2)[C@]23O[C@](C(=O)OC)(C(=O)N2C1c1ccccc1)C1C(=O)N(C)C(=O)C13,5.55
COC(=O)C1=C(C)N(Cc2ccccc2)[C@]23O[C@](C(=O)OC)(C(=O)N2C1c1ccccc1)C1C(=O)N(c2ccccc2)C(=O)C13,5.35
COC(=O)C1=C(C)N(Cc2ccccc2)[C@]23O[C@](C(=O)OC)(C(=O)N2C1c1ccccc1)C1CCCC(=O)C13,5.4
COC(=O)C1=C(C)N(Cc2ccccc2)[C@]23O[C@](C(=O)OC)(C(=O)N2C1c1ccccc1)C1CCOC(=O)C13,5.6
COC(=O)C1=C(C)N(Cc2ccccc2)c2c(C(=O)OC)c(C(=O)OC)c(C(=O)OC)c(=O)n2C1c1ccccc1,5.35
COC(=O)C1=C(C)N=C2SC(C#N)=C(N)N2C1c1ccc(OC)cc1,4.6
COC(=O)C1=C(C)N=C2SC(C)C(=O)N2C1/C=C/c1ccccc1,4.9
COC(=O)C1=C(C)NC(C)=C(C(=O)OC(C)C)C1c1cccc2nonc12,5.0
COC(=O)C1=C(C)NC(C)=C(C(=O)OC(C)C)[C@H]1c1cccc2nonc12,5.3
COC(=O)C1=C(C)NC(C)=C(C(=O)OC)C1c1ccccc1[N+](=O)[O-],4.93
COC(=O)C1=C(C)NC(C)=C(C(=O)OCCCN2CCC(c3ccccc3)(c3ccccc3)CC2)[C@H]1c1cccc([N+](=O)[O-])c1,4.5
COC(=O)C1=C(C)NC(C)=C(C(=O)OCCN(C)Cc2ccccc2)C1c1cccc([N+](=O)[O-])c1,6.4
COC(=O)C1=C(C)NC(C)=C(C(=O)OCCN(C)Cc2ccccc2)C1c1cccc([N+](=O)[O-])c1.Cl,6.1
COC(=O)C1=C(C)NC(C)=C(C(=O)OCCN(C)Cc2ccccc2)[C@H]1c1cccc([N+](=O)[O-])c1,6.0
COC(=O)C1=C(C)NC(C)=C(C(=O)OCCSc2ccccc2)[C@@H]1C,5.0
COC(=O)C1=C(C)OC(N)=C(C#N)C1C1CCCCC1,5.15
COC(=O)C1=C(C)OC(N)=C(C#N)C1c1cc(OC)ccc1OC,5.05
COC(=O)C1=C(CSCc2ccccc2)NC(=O)NC1c1cc(C)ccc1C,4.8
COC(=O)C1=C(Cn2cccn2)NC(C)=C(C#N)C1c1ccc(F)cc1Cl,5.96
COC(=O)C1=C(Cn2ccnc2)NC(C)=C(C#N)C1c1ccc(F)cc1Cl,6.7
COC(=O)C1=C(Cn2cncn2)NC(C)=C(C#N)C1c1ccc(F)cc1Cl,6.1
COC(=O)C1=C(Cn2cnnn2)NC(C)=C(C#N)C1c1ccc(F)cc1Cl,5.92
COC(=O)C1=C(N)N(c2ccccc2C(F)(F)F)C2=C(C(=O)CCC2)C1c1ccc2c(c1)OCO2,6.5
COC(=O)C1=C(N)Oc2cc(C)n(CC3CCCO3)c(=O)c2C1c1ccccc1OC,5.2
COC(=O)C1=C(NC(=O)c2ccc(C)c(C)c2)CCS1,4.55
COC(=O)C1=C(NC(=O)c2cccc(OC)c2)CCS1,4.6
COC(=O)C1=C(NC(=O)c2cccs2)CCS1,4.8
COC(=O)C1=C2N(Cc3ccccc3)C(C)=C(C(=O)OC)C(c3ccccc3)N2C(=O)[C@](O)(C(=O)OC)C1,5.4
COC(=O)C1C(=O)C2=C(CC1C)NC(=O)CC2c1cccc(C)c1,4.85
COC(=O)C1C(O)CC[C@H]2CN3CCc4c([nH]c5ccccc45)[C@H]3C[C@H]12,4.8
COC(=O)C1C(c2ccccc2)C2C(=O)c3c(OC)cc(OC)cc3O[C@@]12c1ccc(OC)cc1,5.4
COC(=O)C1C2CC3c4[nH]c5cc(OC)ccc5c4CCN3CC2CC(OC(=O)c2cc(OC)c(OC)c(OC)c2)C1OC,5.5
COC(=O)C1CC1C(NC(=O)[C@@H]1CCCN1)c1ccccc1,4.9
COC(=O)C1CC1C(NC(=O)[C@H]1CCCCN1)c1ccccc1,5.0
COC(=O)C1CCN(C(=O)c2ccc3nc(N)sc3c2)CC1,5.0
COC(=O)C1CCN(c2cc(=O)n(C3CCCCC3)c(=O)[nH]2)CC1,4.85
COC(=O)C1OC(=O)C2OC23[C@]2(C)C(O)CC4C(C)(C)C(OC(C)=O)CC(OC(C)=O)[C@@]4(C)C2CC[C@@]13C,6.35
COC(=O)C1OC(=O)C2O[C@@]23[C@]2(C)C(OC(C)=O)CC4C(C)(C)C(=O)CC[C@]4(C)C2CC[C@@]13C,4.4
COC(=O)CC(O)(CCCC(C)(C)O)C(=O)OC1C(OC)=CC23CCCN2CCc2cc4c(cc2C13)OCO4,4.9
COC(=O)CC1C(C)(C)C(=O)C2CC3=C(CC[C@]4(C)C3=CC(=O)OC4c3ccoc3)[C@@]1(C)C2=O,5.6
COC(=O)CC1C(C)(C)C(=O)C2CC3=C4CC(=O)OC(c5ccoc5)[C@]4(C)CCC3[C@@]1(C)C2=O,5.8
COC(=O)CC1C(C)(C)C(=O)C2CC3C4=CC(=O)OC(c5ccoc5)[C@]4(C)CCC3[C@@]1(C)C2=O,5.1
COC(=O)CC1C(C)(C)C(O)C2CC3=C4C=C(OC)OC(c5ccoc5)[C@]4(C)CCC3[C@@]1(C)C2=O,5.0
COC(=O)CC1C(C)(C)C(O)C2CC3=C4CC(O)OC(c5ccoc5)[C@]4(C)CCC3[C@@]1(C)C2=O,5.5
COC(=O)CC1C(C)(C)C(OC(C)=O)C2CC3=C4CC(=O)OC(c5ccoc5)[C@]4(C)CCC3[C@@]1(C)C2=O,5.8
COC(=O)CC1C(C)(C)C(OC(C)=O)C2CC3C4CC(=O)OC(c5ccoc5)[C@]4(C)CCC3[C@@]1(C)C2=O,6.2
COC(=O)CC1C(C)(C)C(OC(C)=O)C2[C@H](OC(C)=O)[C@]34O[C@]2(O)[C@]1(C)C3CC[C@]1(C)C4=CC(=O)OC1c1ccoc1,5.7
COC(=O)CC1C(C)(C)C(OC(C)=O)[C@@]2(O)C=C3C4CC(=O)OC(c5ccoc5)[C@]4(C)CCC3[C@@]1(C)C2=O,5.1
COC(=O)CC1C(C)(C)C2(O)OC34CC2C(=O)[C@@]1(C)C3CC[C@]1(C)C4=CC(=O)OC1c1ccoc1,5.5
COC(=O)CC1C2(C)CC34OC5(C)O[C@@]6(C7/C(=C(/O)C(C)C)C(=O)OC(c8ccoc8)[C@]7(C)C(OC(C)=O)C(OC(C)=O)[C@]6(O5)[C@@]13C)C(OC(C)=O)[C@]4(O)C2OC(=O)C(C)C,4.9
COC(=O)CC1C2(C)CC34OC5(C)O[C@@]6(C7/C(=C(/OC)C(C)C)C(=O)OC(c8ccoc8)[C@@]7(C)C(OC(=O)C(C)C)C(OC)[C@]6(O5)[C@@]13C)C(OC)[C@]4(OC)C2OC(C)=O,5.6
COC(=O)CC1[C@@]2(C)C[C@@]34OC5(C)OC6(CC[C@@]7(C)C(c8ccoc8)OC(=O)C(C(C)=O)C7[C@]6(O5)C(O)[C@@]3(O)C2O)[C@]14C,4.4
COC(=O)CC1[C@@]2(C)C[C@]34OC5(C)OC6(C7CC(=O)OC(c8ccoc8)[C@]7(C)CCC6(O5)[C@]13C)C(OC(C)=O)[C@]4(OC(C)=O)C2OC(C)=O,4.7
COC(=O)CCC(=O)NNC(=O)CCCOc1ccc(Cl)cc1Cl,4.8
COC(=O)CCC(=O)Nc1cccc(C(=O)Nc2cccc(Cl)c2)c1,6.4
COC(=O)CCC(C)C1CCC2C3C(O)C[C@@H]4CC(O)CC[C@@]4(C)C3CC(O)[C@]12C,4.7
COC(=O)CCC(NC(=O)OCc1ccccc1)C(=O)NC(CC(C)C)C(=O)OC,4.85
COC(=O)CCCCCN1C(=O)NC(CC2CC2)C(C(=O)OCc2ccccc2)=C1C,4.7
COC(=O)CCCCCN1C(=O)NC(c2ccccc2)C(C(=O)OCc2ccccc2)=C1C,5.0
COC(=O)CCCN[C@@H](Cn1c(=O)c(-c2cccc(OC)c2F)c(C)n(Cc2c(F)cccc2C(F)(F)F)c1=O)c1ccccc1,6.36
COC(=O)CCCN[C@@H](Cn1c(=O)c(-c2cccc(OC)c2F)cn(Cc2c(F)cccc2C(F)(F)F)c1=O)c1ccccc1,6.29
COC(=O)CCCN[C@@H](Cn1c(=O)c(-c2ccccc2Cl)cn(Cc2c(F)cccc2C(F)(F)F)c1=O)c1ccccc1,6.89
COC(=O)CCSc1cc([N+](=O)[O-])cc2c1c(C1OCCS1)nn2-c1ccccc1,4.85
COC(=O)CC[C@@H](C)[C@H]1CC[C@H]2[C@@H]3[C@H](O)C[C@@H]4C[C@H](O)CC[C@]4(C)[C@H]3C[C@H](O)[C@]12C,4.5
COC(=O)CC[C@@H](C)[C@H]1CC[C@H]2[C@H]3CC[C@H]4C[C@@H]5CC[C@@]4(C)[C@@]3(O5)[C@@H](Br)[C@@H](Br)[C@@]12C,5.4
COC(=O)CN(c1ccc(OC)cc1)S(=O)(=O)c1c(C)noc1C,5.3
COC(=O)CN1C(=O)S/C(=C/c2ccc(N3CCCCC3)o2)C1=O,4.8
COC(=O)CN1CN(c2ccccc2)C2(CCN(Cc3ccc4ccccc4c3)CC2)C1=O,4.8
COC(=O)CN1Cc2c(nc(C)c(CN)c2-c2ccc(Cl)cc2Cl)C1=O,4.77
COC(=O)CNC(=O)C1(C)C=CC2(CCCCC2)N1C(=O)OC,4.5
COC(=O)CNC(=O)C1(C)C=CC2(CCCCC2)N1C(C)=O,4.6
COC(=O)CNC(=O)C1(C)C=CCN1C(=O)c1ccccc1,4.4
COC(=O)CNC(=O)C1(CC(C)C)C=CCN1C(=O)c1ccccc1,4.7
COC(=O)CNC(=O)C1(CC(C)C)C=CCN1C(C)=O,4.6
COC(=O)CNC(=O)CN1C(=O)N(c2ccc(Cl)cc2)C(N(O)C(=O)Nc2ccc(Cl)cc2)C1(C)C,5.35
COC(=O)CNC(=O)[C@@]1(C)C=C[C@@H](Cc2ccccc2)N1C(=O)OC,4.9
COC(=O)CNC(=O)[C@@]1(C)C=C[C@@H](Cc2ccccc2)N1C(C)=O,4.7
COC(=O)CNC(c1ccccc1Cl)c1cc(Br)ccc1NC(=O)CCN1CCOCC1,5.45
COC(=O)COc1ccc(COc2ccc3cc(C(C(C)N(C)C)n4ccnc4)ccc3c2)cc1,6.755
COC(=O)COc1ccc(Cl)cc1C1Nc2ccccc2C(=O)N1c1ccc(OC)cc1,5.55
COC(=O)COc1cccc(NC(=O)c2ccc(C)cc2)c1,4.75
COC(=O)CSC(C(=O)Nc1ccc(C)c(C)c1)c1ccccc1,5.4
COC(=O)CSC1=C(C#N)C(c2cccc(F)c2)CC(=O)N1,4.4
COC(=O)CSc1ccc(C#N)c(SCC(=O)OC)c1,4.95
COC(=O)CSc1nnc(-c2ccccc2OC)n1-c1ccc(C)cc1,4.8
COC(=O)CSc1nnc(CNc2ccc(Cl)cc2)n1-c1ccccc1,4.9
COC(=O)CSc1nnc2n(C3CCCCC3)c(=O)c3c4c(sc3n12)CCCC4,4.85
COC(=O)C[C@@H]1O[C@H]1[C@H](C)[C@@H](OC)C(C)C,5.4
COC(=O)Cc1ccc(COc2ccc3cc(C(C(C)N(C)C)n4ccnc4)ccc3c2)cc1,8.4
COC(=O)Cn1c(C(=O)N(C)C)cc2c1C[C@H]1CN(C(=O)c3ccccc3)[C@@](Cc3ccc(F)cc3)(C(=O)OC)[C@@H]21,5.9
COC(=O)Cn1c(C(=O)N(C)C)cc2c1C[C@H]1CN(C(=O)c3ccccc3)[C@@](Cc3ccc(OC)cc3)(C(=O)OC)[C@@H]21,5.5
COC(=O)Cn1c(C(=O)N2CCCC2)cc2c1C[C@H]1CN(C(=O)c3ccccc3)[C@@](Cc3ccc(F)cc3)(C(=O)OC)[C@@H]21,5.5
COC(=O)Cn1c(C(=O)N2CCCC2)cc2c1C[C@H]1CN(C(=O)c3ccccc3)[C@@](Cc3ccccc3)(C(=O)OC)[C@@H]21,5.6
COC(=O)Cn1c(CN(Cc2ccccc2)Cc2ccccc2)nc2c1c(=O)[nH]c(=O)n2C,4.55
COC(=O)N(/C=C/c1ccc(OC)cc1)CCc1ccc(OC)c(OC)c1,5.4
COC(=O)N(NC(=O)c1c(OC)c(-c2ccccc2)nc2ccccc12)c1ccccc1,4.92
COC(=O)N1C2(C=CC1(C)C(=O)NCc1ccc(N(C)C)cc1)CCCCC2,6.3
COC(=O)N1CC=CC1(C)C(=O)NCc1cc(F)cc(C(F)(F)F)c1,4.8
COC(=O)N1CC=CC1(C)C(=O)NCc1ccc(C)o1,4.8
COC(=O)N1CCC(CN2C[C@@H]3[C@@H](CNC(=O)c4nc(C(C)C)n5ccccc45)[C@@H]3C2)CC1,4.26
COC(=O)N1CCC2(CC1)CCN(C(c1ccccc1)c1ccccc1)CC2,4.9
COC(=O)N1CCC2(CC1)CCN(c1cccc(-c3ccccc3)c1)CC2,5.5
COC(=O)N1CCC2(CC1)CCN(c1ccccc1)CC2,4.5
COC(=O)N1CCC2(CC1)CCN(c1ccccn1)CC2,4.7
COC(=O)N1CCC2(CC1)CCN(c1ncccn1)CC2,4.8
COC(=O)N1CCC2(CC1)CN(C(c1ccccc1)c1ccccc1)C2,6.1
COC(=O)N1CCC2(CC1)CN(c1ccc(-c3ccccc3)cc1)C2,5.5
COC(=O)N1CCC2(CC1)CN(c1ccccc1)C2,4.7
COC(=O)N1CCC2(CC1)CN(c1ccccn1)C2,4.6
COC(=O)N1CCC2(CCCN(C(=O)Nc3ccc(OC)cc3)C2)CC1,4.6
COC(=O)N1CCC2(CCCN(C(=O)Nc3cccc(C#N)c3)C2)CC1,5.2
COC(=O)N1CCC2(CCCN(C(=O)Nc3cccc(F)c3)C2)CC1,4.6
COC(=O)N1CCC2(CCCN(C(c3ccccc3)c3ccccc3)C2)CC1,5.0
COC(=O)N1CCC2(CCCN(Cc3ccc(C#N)cc3)C2)CC1,4.8
COC(=O)N1CCC2(CCCN(Cc3ccccc3OC)C2)CC1,5.2
COC(=O)N1CCC2(CCCN(Cc3nccs3)C2)CC1,4.8
COC(=O)N1CCC2(CCCN(c3ccc(-c4ccccc4)cc3)C2)CC1,4.4
COC(=O)N1CCC2(CCCN(c3cccc(-c4ccccc4)c3)C2)CC1,4.9
COC(=O)N1CCC2(CCCN(c3ccncc3)C2)CC1,5.1
COC(=O)N1CCC2(CCN(Cc3ccc(C#N)cc3)CC2)CC1,5.0
COC(=O)N1CCC2(CCN(Cc3nccs3)CC2)CC1,4.5
COC(=O)N1CCC[C@@]2(CCN(C(=O)Nc3ccc(OC)cc3)C2)C1,5.0
COC(=O)N1CCC[C@@]2(CCN(C(=O)Nc3cccc(F)c3)C2)C1,4.9
COC(=O)N1CCC[C@@]2(CCN(c3ccccc3)C2)C1,4.8
COC(=O)N1CCC[C@@]2(CCN(c3ccncc3)C2)C1,5.4
COC(=O)N1CCN(C(=O)Cc2ccc(Cl)c(Cl)c2)[C@H](CN2CCCC2)C1,4.9
COC(=O)N1CCN(C2CCN(c3cc(C)c4nc(-c5c(NCCc6ncn(C)c6Cl)cc[nH]c5=O)[nH]c4c3)CC2)CC1,6.16
COC(=O)N1CCN(C2CCN(c3cc(C)c4nc(-c5c(NCCn6cc(Cl)cn6)cc[nH]c5=O)[nH]c4c3)CC2)CC1,6.0
COC(=O)N1CCN(C2CCN(c3cc(C)c4nc(-c5c(NC[C@@H](O)c6cccc(Cl)c6)cc[nH]c5=O)[nH]c4c3)CC2)CC1,8.46
COC(=O)N1CCN(c2cc(C)c3nc(-c4c(NC[C@@H](O)c5cccc(Cl)c5)cc[nH]c4=O)[nH]c3c2)CC1,6.16
COC(=O)N1CCc2cc(OC)c(OC)cc2C1Cc1ccc(OC)cc1,5.4
COC(=O)N1[C@H](C)C=C[C@]1(Cc1ccccc1)C(=O)NCCCNc1ncc(C(F)(F)F)cc1Cl,5.2
COC(=O)N1[C@H](C)C=C[C@]1(Cc1ccccc1)C(=O)NCc1ccc(C)o1,5.1
COC(=O)N1[C@H](C)C=C[C@]1(Cc1ccccc1)C(=O)NCc1ccc(N(C)C)cc1,6.0
COC(=O)N1[C@H](C)C=C[C@]1(Cc1ccccc1)C(=O)NCc1ccccn1,5.4
COC(=O)N1[C@H](Cc2ccccc2)C=C[C@]1(C)C(=O)NCc1ccc(N(C)C)cc1,6.1
COC(=O)N1[C@H](Cc2ccccc2)C=C[C@]1(C)C(=O)NCc1ccccn1,5.1
COC(=O)NC(/C(C(=O)OC)=C(\C)NCc1ccccc1)c1ccc(F)cc1,5.5
COC(=O)NC(/C(C(=O)OC)=C(\C)NCc1ccccc1)c1ccc2ccccc2c1,5.4
COC(=O)NC(/C(C(=O)OC)=C(\C)NCc1ccccc1)c1ccccc1,5.4
COC(=O)NC(/C(C(=O)OC)=C(\C)NCc1ccccc1)c1cccs1,5.4
COC(=O)NC(/C=C/c1ccccc1)[C@]1(C(C)=O)CCCC1=O,5.4
COC(=O)NC(CC(C)=O)c1ccc2c(c1)OCO2,5.4
COC(=O)NC(c1cccc(C)c1)C(C(C)=O)C(=O)OC,5.1
COC(=O)NC(c1cccc(C)c1)[C@]1(C(C)=O)CCOC1=O,7.5
COC(=O)NC(c1ccccc1)C(C(=O)OC)C(=O)OC,5.5
COC(=O)NC(c1ccco1)C(C(C)=O)C(=O)OC,5.5
COC(=O)NC(c1cccs1)C(C(C)=O)C(=O)OC,5.4
COC(=O)NC/C=C\c1nc(CC/C=C\C(=O)O[C@H]2C[C@H]3CC(=O)O[C@@H](/C=C\CC(C)C)C[C@@H]4CC[C@H](C)[C@H](C[C@@H](OC)C[C@H](C2)O3)O4)co1,5.3
COC(=O)NC1CCN(c2cc(C)c3nc(-c4c(NC[C@@H](O)c5cccc(Cl)c5)cc[nH]c4=O)[nH]c3c2)CC1,9.3
COC(=O)NCC(c1cccnc1)N1CCN(c2ccccc2OC)CC1,4.9
COC(=O)NCc1ccc(Cl)c(CN(C(=O)[C@H]2CNCC[C@@H]2c2ccc(OCCOc3c(Cl)cc(C)cc3Cl)cc2)C2CC2)c1,5.325
COC(=O)NS(=O)(=O)c1sc(CC(C)C)cc1-c1cccc(C(=O)Cn2ccnc2C(C)(C)C)c1,4.3
COC(=O)N[C@@H](C(=O)N1CCC[C@H]1C(=O)Nc1ccc(-c2ccc(NC(=O)[C@@H]3CCCN3C(=O)[C@H](NC(=O)OC)c3ccccc3)cc2C(F)(F)F)c(C(F)(F)F)c1)c1ccccc1,5.33
COC(=O)N[C@@H](C(=O)N1CCC[C@H]1C(=O)Nc1ccc(-c2ccc(NC(=O)[C@@H]3CCCN3C(=O)[C@H](NC(=O)OC)c3ccccc3)cc2Cl)c(Cl)c1)c1ccccc1,5.4
COC(=O)N[C@@H](C(=O)N1CCC[C@H]1C(=O)Nc1ccc(-c2ccc(NC(=O)[C@@H]3CCCN3C(=O)[C@H](NC(=O)OC)c3ccccc3)cc2F)c(F)c1)c1ccccc1,5.61
COC(=O)N[C@@H](C(=O)N1CCC[C@H]1C(=O)Nc1ccc2c(c1)C(C)(C)c1cc(NC(=O)[C@@H]3CCCN3C(=O)[C@H](NC(=O)OC)c3ccccc3)ccc1-2)c1ccccc1,5.99
COC(=O)N[C@@H](C(=O)N1CCC[C@H]1C(=O)Nc1ccc2c(c1)C(F)(F)c1cc(NC(=O)[C@@H]3CCCN3C(=O)[C@H](NC(=O)OC)c3ccccc3)ccc1-2)c1ccccc1,6.01
COC(=O)N[C@H](C(=O)N1CCC[C@H]1c1nc(Br)c(-c2ccc(N=[N+]=[N-])cc2)[nH]1)C(C)C,5.82
COC(=O)N[C@H](C(=O)N1CCC[C@H]1c1nc(Cl)c(-c2ccc(-c3ccc(-c4[nH]c([C@@H]5CCCN5C(=O)[C@@H](NC(=O)OC)C(C)C)nc4Cl)cc3)cc2)[nH]1)C(C)C,4.86
COC(=O)N[C@H](C(=O)N1CCC[C@H]1c1nc(F)c(-c2ccc(-c3ccc(-c4[nH]c([C@@H]5CCCN5C(=O)[C@@H](NC(=O)OC)C(C)C)nc4F)cc3)cc2)[nH]1)C(C)C,5.51
COC(=O)N[C@H](C(=O)N1CCC[C@H]1c1ncc(-c2ccc(-c3ccc(-c4cnc([C@@H]5CCCN5C(=O)[C@@H](NC(=O)OC)C(C)C)[nH]4)cc3)cc2)[nH]1)C(C)C,5.14
COC(=O)N[C@H](C(=O)N1CCC[C@H]1c1ncc(-c2ccc(-c3ccc(C(F)(F)F)cc3)cc2)[nH]1)C(C)C,5.19
COC(=O)N[C@H](C(=O)N1CCC[C@H]1c1ncc(-c2ccc(-c3ccc(CO)cc3)cc2)[nH]1)C(C)C,5.16
COC(=O)N[C@H](C(=O)N1CCC[C@H]1c1ncc(-c2ccc(N=[N+]=[N-])cc2)[nH]1)C(C)C,5.29
COC(=O)N[C@H](C(=O)N[C@@H](Cc1ccc(-c2ccccn2)cc1)C[C@H](O)[C@H](Cc1ccccc1)NC(=O)[C@@H](N1CCN(Cc2ccccc2)C1=O)C(C)(C)C)C(C)(C)C,7.75
COC(=O)N[C@H](C(=O)N[C@@H](Cc1ccccc1)C[C@H](O)[C@H](Cc1ccc(-c2cncc(F)c2)cc1)NC(=O)[C@@H](NC(=O)OC)C(C)(C)C)C(C)(C)C,6.85
COC(=O)N[C@H](C(=O)N[C@H](Cc1ccc(-c2ccccn2)cc1)C[C@H](O)[C@H](Cc1ccccc1)NC(=O)[C@@H](N1CCN(Cc2cccc(C(C)(C)O)n2)C1=O)C(C)(C)C)C(C)(C)C,7.18
COC(=O)N[C@H](c1ccccc1)[C@@]1(C)C[C@@H]1[C@@H](C)C(=O)Nc1ccc2ccccc2c1,6.7
COC(=O)Nc1cc(-c2cc(C(F)(F)F)c(OC[C@@](C)(N)CC(C)C)cn2)ccn1,5.28
COC(=O)Nc1cc(-c2cc(C)c(OC[C@@](C)(N)CC(C)C)cn2)ccn1,4.89
COC(=O)Nc1cc(-c2ccc(OC[C@@H](N)CC(C)C)c(-c3ccno3)c2)ccn1,6.75
COC(=O)Nc1cc(-c2ccc(OC[C@@H](N)CC(C)C)c(F)c2)ccn1,5.68
COC(=O)Nc1cc(-c2ccc(OC[C@@](C)(N)CC(C)C)c(C#N)c2)ccn1,4.89
COC(=O)Nc1cc(-c2ccc(OC[C@@](C)(N)CC(C)C)c(C(F)(F)F)c2)ccn1,5.16
COC(=O)Nc1cc(-c2ccc(OC[C@@](C)(N)CC(C)C)c(C3CC3)c2)ccn1,4.79
COC(=O)Nc1cc(-c2ccc(OC[C@@](C)(N)CC(C)C)c(Cl)c2)ccn1,6.13
COC(=O)Nc1cc(-c2ccc(OC[C@@](C)(N)CC(C)C)c(OC(F)(F)F)c2)ccn1,5.11
COC(=O)Nc1cc(-c2cnc(OC[C@@](C)(N)CC(C)C)c(C#N)c2)ccn1,5.66
COC(=O)Nc1cc(-c2cncc(OC)c2)nc(-n2nc(C)cc2C)n1,4.8
COC(=O)Nc1ccc(=O)n(Cc2c(Cl)cccc2Cl)c1,4.9
COC(=O)Nc1cccc(OC(=O)Nc2cccc(C)c2)c1,4.6
COC(=O)Nc1nc2cc([S+]([O-])c3ccccc3)ccc2[nH]1,4.6
COC(=O)O[C@]1(CCN(C)CCCc2nc3ccccc3[nH]2)CCc2cc(F)ccc2[C@@H]1C(C)C,4.8
COC(=O)[C@@H](N)Cc1ccc(O)c(O)c1,4.7
COC(=O)[C@@H]1C2CC3c4[nH]c5cc(OC)ccc5c4CCN3CC2C[C@H](OC(=O)c2cc(OC)c(OC)c(OC)c2)C1OC,5.1
COC(=O)[C@@H]1CCCN1C(=O)[C@H]1C[C@@H]1[C@H](NC(=O)OCc1ccccc1)c1ccccc1,5.0
COC(=O)[C@@H]1CC[C@H](C)[C@@H](c2ccc(C)cc2)N1C(=O)c1ccc(/C=N\OC[C@@H](C)[C@H](OCc2ccccc2)C(C)C)cc1,5.4
COC(=O)[C@@H]1CC[C@H](C)[C@@H](c2ccc(C)cc2)N1C(=O)c1ccc(/C=N\OC[C@@H](O)COCc2ccco2)cc1,5.9
COC(=O)[C@@H]1CC[C@H](C)[C@@H](c2ccc(C)cc2)N1C(=O)c1ccc(/C=N\OC[C@@H](O)[C@H]2O[C@H]3OC(C)(C)O[C@H]3[C@@H]2O)cc1,5.2
COC(=O)[C@@H]1CC[C@H](C)[C@@H](c2ccc(C)cc2)N1C(=O)c1ccc(/C=N\OC[C@@H]2O[C@H](c3ccccc3)C=C[C@@H]2Oc2ccc(OC)cc2)cc1,5.5
COC(=O)[C@@H]1CC[C@H](C)[C@@H](c2ccc(C)cc2)N1C(=O)c1ccc(/C=N\O[C@@H](C)CN2CCCCc3nc(C)c(C)cc32)cc1,5.5
COC(=O)[C@@H]1CC[C@H](C)[C@@H](c2ccc(C)cc2)N1C(=O)c1ccc(/C=N\O[C@@H](C)CN2CCCc3nc(C)c(C)cc32)cc1,5.4
COC(=O)[C@@H]1CC[C@H](C)[C@@H](c2ccc(C)cc2)N1C(=O)c1ccc(/C=N\O[C@@H](C)c2cn([C@H](CO)Cc3ccccc3)nn2)cc1,5.7
COC(=O)[C@@H]1CC[C@H](C)[C@@H](c2ccc(C)cc2)N1C(=O)c1ccc(/C=N\O[C@@H](C)c2cn([C@H]3COC[C@H]3O)nn2)cc1,5.5
COC(=O)[C@@H]1C[C@@H]2CC[C@@H](O)C[C@@H]2N1CC1CCCCC1,4.9
COC(=O)[C@@H]1C[C@@H]2CC[C@@H](O)C[C@@H]2N1Cc1ccc(-c2ccccc2)cc1,4.7
COC(=O)[C@@H]1C[C@@H]2CC[C@@H](O)C[C@@H]2N1Cc1ccc(C(F)(F)F)cc1,5.0
COC(=O)[C@@H]1C[C@@H]2CC[C@@H](O)C[C@@H]2N1Cc1ccc(C)s1,4.6
COC(=O)[C@@H]1C[C@@H]2CC[C@@H](O)C[C@@H]2N1Cc1ccc(Cl)cc1,4.8
COC(=O)[C@@H]1C[C@@H]2CC[C@@H](O)C[C@@H]2N1Cc1ccc(N2CCN(C)CC2)cc1,5.0
COC(=O)[C@@H]1C[C@@H]2CC[C@@H](O)C[C@@H]2N1Cc1ccc(N2CCOCC2)cc1,5.4
COC(=O)[C@@H]1C[C@@H]2CC[C@@H](O)C[C@@H]2N1Cc1ccc(OC)cc1,4.8
COC(=O)[C@@H]1C[C@@H]2CC[C@@H](O)C[C@@H]2N1Cc1ccccc1OS(=O)(=O)c1ccc(C)cc1,5.6
COC(=O)[C@@H]1C[C@@]1(C)[C@@H](NC(=O)OCc1ccccc1)c1ccccc1,4.6
COC(=O)[C@@H]1C[C@@]1(C)[C@@H](NP(=O)(c1ccccc1)c1ccccc1)c1ccccc1,5.1
COC(=O)[C@@H]1C[C@@]2(O)[C@@H](O)[C@@H](O)[C@@H](O)C[C@H]2N1CC(c1ccccc1)c1ccccc1,5.5
COC(=O)[C@@H]1C[C@@]2(O)[C@@H](O)[C@@H](O)[C@@H](O)C[C@H]2N1CC1CCCCC1,4.9
COC(=O)[C@@H]1C[C@@]2(O)[C@@H](O)[C@@H](O)[C@@H](O)C[C@H]2N1Cc1cc(F)ccc1F,4.6
COC(=O)[C@@H]1C[C@@]2(O)[C@@H](O)[C@@H](O)[C@@H](O)C[C@H]2N1Cc1cc(OC)cc(OC)c1,5.5
COC(=O)[C@@H]1C[C@@]2(O)[C@@H](O)[C@@H](O)[C@@H](O)C[C@H]2N1Cc1ccc(C(C)(C)C)cc1,4.9
COC(=O)[C@@H]1C[C@@]2(O)[C@H](O)[C@H](O)[C@H](O)C[C@H]2N1CC(c1ccccc1)c1ccccc1,4.7
COC(=O)[C@@H]1C[C@@]2(O)[C@H](O)[C@H](O)[C@H](O)C[C@H]2N1Cc1c(F)cccc1Cl,4.6
COC(=O)[C@@H]1C[C@@]2(O)[C@H](O)[C@H](O)[C@H](O)C[C@H]2N1Cc1cc(OC)cc(OC)c1,4.8
COC(=O)[C@@H]1C[C@@]2(O)[C@H](O)[C@H](O)[C@H](O)C[C@H]2N1Cc1ccc(-c2ccccc2)cc1,4.8
COC(=O)[C@@H]1C[C@@]2(O)[C@H](O)[C@H](O)[C@H](O)C[C@H]2N1Cc1ccc(C(F)(F)F)cc1,4.7
COC(=O)[C@@H]1C[C@@]2(O)[C@H](O)[C@H](O)[C@H](O)C[C@H]2N1Cc1ccc(N2CCN(C)CC2)cc1,4.5
COC(=O)[C@@H]1C[C@@]2(O)[C@H](O)[C@H](O)[C@H](O)C[C@H]2N1Cc1ccccc1OS(=O)(=O)c1ccc(C)cc1,5.1
COC(=O)[C@@H]1C[C@@]2(O)[C@H](O)[C@H](O)[C@H](O)C[C@H]2N1Cc1cccnc1,4.5
COC(=O)[C@@H]1C[C@H]1[C@@H](NC(=O)Oc1ccc(F)cc1)c1ccccc1,4.9
COC(=O)[C@@H]1C[C@H]1[C@@H](NC(=O)c1cc(C)nn1C)c1ccccc1,5.0
COC(=O)[C@@H]1C[C@H]1[C@@H](NC(=O)c1cc(C)on1)c1ccccc1,4.5
COC(=O)[C@@H]1C[C@H]1[C@@H](NC(=O)c1ccc(Br)cc1)c1ccccc1,4.6
COC(=O)[C@@H]1C[C@H]1[C@@H](NC(=O)c1cccnc1)c1ccccc1,5.0
COC(=O)[C@@H]1C[C@H]1[C@@H](NC(=O)c1cnccn1)c1ccccc1,4.9
COC(=O)[C@@H]1C[C@H]1[C@@H](NP(=O)(c1ccccc1)c1ccccc1)c1ccccc1,6.0
COC(=O)[C@@H]1C[C@H]1[C@@H](NS(=O)(=O)c1ccc(-c2ccccc2)cc1)c1ccccc1,4.8
COC(=O)[C@@H]1C[C@H]1[C@@H](NS(=O)(=O)c1ccc2ccccc2c1)c1ccccc1,4.7
COC(=O)[C@@H]1C[C@H]1[C@@H](NS(=O)(=O)c1ccccc1)c1ccccc1,5.0
COC(=O)[C@@H]1C[C@H]2CC[C@H](O)C[C@H]2N1CC1CC1,4.7
COC(=O)[C@@H]1C[C@H]2CC[C@H](O)C[C@H]2N1Cc1c(F)cccc1Cl,4.8
COC(=O)[C@@H]1C[C@H]2CC[C@H](O)C[C@H]2N1Cc1ccc(-c2ccccc2)cc1,4.9
COC(=O)[C@@H]1C[C@H]2CC[C@H](O)C[C@H]2N1Cc1ccc(C(C)(C)C)cc1,5.3
COC(=O)[C@@H]1C[C@H]2CC[C@H](O)C[C@H]2N1Cc1ccc(C(F)(F)F)cc1,4.9
COC(=O)[C@@H]1C[C@H]2CC[C@H](O)C[C@H]2N1Cc1ccc(C)s1,4.8
COC(=O)[C@@H]1C[C@H]2CC[C@H](O)C[C@H]2N1Cc1ccc(Cl)cc1,4.9
COC(=O)[C@@H]1C[C@H]2CC[C@H](O)C[C@H]2N1Cc1ccc(N2CCOCC2)cc1,4.7
COC(=O)[C@@H]1C[C@H]2CC[C@H](O)C[C@H]2N1Cc1ccccc1OC(=O)c1cccs1,5.6
COC(=O)[C@@H]1C[C@H]2CC[C@H](O)C[C@H]2N1Cc1ccccc1OS(=O)(=O)c1ccc(C)cc1,5.7
COC(=O)[C@@H]1[C@@H](O)[C@@]2(O)c3c(OC)cc(OC)cc3O[C@@]2(c2ccc(OC)cc2)[C@H]1c1ccccc1,5.0
COC(=O)[C@@H]1[C@@H]2C[C@H]3c4[nH]c5cc(OC)ccc5c4CCN3C[C@@H]2C[C@H](OC(=O)c2cc(OC)c(OC)c(OC)c2)[C@H]1OC,5.1
COC(=O)[C@@H]1[C@@H]2C[C@H]3c4[nH]c5ccccc5c4CCN3C[C@@H]2CC[C@@H]1O,4.6
COC(=O)[C@@]1(C)C=C[C@@H](Cc2ccccc2)N1C,4.9
COC(=O)[C@@]1(C)C=C[C@@H](Cc2ccccc2)N1C(=O)c1ccccc1,4.7
COC(=O)[C@@]1(C)C=C[C@@H](Cc2ccccc2)N1C(C)=O,4.5
COC(=O)[C@@]1(C)CCC[C@@]2(C)c3ccc(O)c(C(C)C)c3CCC21,4.5
COC(=O)[C@@]1(C)C[C@@H]1[C@@H](NC(=O)[C@@]1(C)C[C@@H]1[C@@H](NC(=O)[C@@]1(C)C[C@@H]1[C@@H](NC(=O)[C@@]1(C)C[C@@H]1[C@@H](NC(=O)OCc1ccccc1)c1ccccc1)c1ccccc1)c1ccccc1)c1ccccc1,6.7
COC(=O)[C@@]1(Cc2ccc(F)cc2)[C@@H]2C(=CC(=O)[C@H]2CC(=O)C(=O)N(C)C)CN1C(=O)c1ccccc1,5.0
COC(=O)[C@@]1(Cc2ccc(F)cc2)[C@@H]2C(=CC(=O)[C@H]2CC(=O)C(=O)N2CCCC2)CN1C(=O)c1ccccc1,5.3
COC(=O)[C@@]1(Cc2ccc(F)cc2)[C@@H]2[C@@H](CC(=O)[C@H]2CC(=O)C(=O)N(C)C)CN1C(=O)c1ccccc1,5.2
COC(=O)[C@@]1(Cc2ccc(F)cc2)[C@@H]2[C@@H](CC(=O)[C@H]2CC(=O)C(=O)N2CCCC2)CN1C(=O)c1ccccc1,5.8
COC(=O)[C@@]1(Cc2ccc(F)cc2)[C@H]2c3cc(C(=O)N(C)C)[nH]c3C[C@H]2CN1C(=O)c1ccccc1,6.2
COC(=O)[C@@]1(Cc2ccc(F)cc2)[C@H]2c3cc(C(=O)N(C)C)n(C)c3C[C@H]2CN1C(=O)c1ccccc1,5.8
COC(=O)[C@@]1(Cc2ccc(F)cc2)[C@H]2c3cc(C(=O)N(C)C)n(CC4CC4)c3C[C@H]2CN1C(=O)c1ccccc1,6.5
COC(=O)[C@@]1(Cc2ccc(F)cc2)[C@H]2c3cc(C(=O)N(C)C)n(CCCNc4ccc(C(F)(F)F)cc4Cl)c3C[C@H]2CN1C(=O)c1ccccc1,5.8
COC(=O)[C@@]1(Cc2ccc(F)cc2)[C@H]2c3cc(C(=O)N(C)C)n(CCF)c3C[C@H]2CN1C(=O)c1ccccc1,5.6
COC(=O)[C@@]1(Cc2ccc(F)cc2)[C@H]2c3cc(C(=O)N(C)C)n(CCN4CCOCC4)c3C[C@H]2CN1C(=O)c1ccccc1,6.0
COC(=O)[C@@]1(Cc2ccc(F)cc2)[C@H]2c3cc(C(=O)N(C)C)n(CCO)c3C[C@H]2CN1C(=O)c1ccccc1,5.4
COC(=O)[C@@]1(Cc2ccc(F)cc2)[C@H]2c3cc(C(=O)N(C)C)n(CCSCCO)c3C[C@H]2CN1C(=O)c1ccccc1,5.6
COC(=O)[C@@]1(Cc2ccc(F)cc2)[C@H]2c3cc(C(=O)N(C)C)n(CCc4c[nH]c5ccc(OC)cc45)c3C[C@H]2CN1C(=O)c1ccccc1,6.2
COC(=O)[C@@]1(Cc2ccc(F)cc2)[C@H]2c3cc(C(=O)N(C)C)n(CCc4ccc(O)c(O)c4)c3C[C@H]2CN1C(=O)c1ccccc1,5.5
COC(=O)[C@@]1(Cc2ccc(F)cc2)[C@H]2c3cc(C(=O)N(C)C)n(CCc4ccc(OC)c(Br)c4)c3C[C@H]2CN1C(=O)c1ccccc1,5.9
COC(=O)[C@@]1(Cc2ccc(F)cc2)[C@H]2c3cc(C(=O)N(C)C)n(CCc4ccccn4)c3C[C@H]2CN1C(=O)c1ccccc1,6.1
COC(=O)[C@@]1(Cc2ccc(F)cc2)[C@H]2c3cc(C(=O)N(C)C)n(Cc4c(CO)ncc(C)c4O)c3C[C@H]2CN1C(=O)c1ccccc1,5.8
COC(=O)[C@@]1(Cc2ccc(F)cc2)[C@H]2c3cc(C(=O)N(C)C)n(Cc4cc(C)n(C)n4)c3C[C@H]2CN1C(=O)c1ccccc1,5.7
COC(=O)[C@@]1(Cc2ccc(F)cc2)[C@H]2c3cc(C(=O)N(C)C)n(Cc4ccc(C(F)(F)F)nc4)c3C[C@H]2CN1C(=O)c1ccccc1,5.9
COC(=O)[C@@]1(Cc2ccc(F)cc2)[C@H]2c3cc(C(=O)N(C)C)n(Cc4ccc(C)c(F)c4F)c3C[C@H]2CN1C(=O)c1ccccc1,6.1
COC(=O)[C@@]1(Cc2ccc(F)cc2)[C@H]2c3cc(C(=O)N(C)C)n(Cc4ccc(C)o4)c3C[C@H]2CN1C(=O)c1ccccc1,5.6
COC(=O)[C@@]1(Cc2ccc(F)cc2)[C@H]2c3cc(C(=O)N(C)C)n(Cc4ccc(Cl)c(C(F)(F)F)c4)c3C[C@H]2CN1C(=O)c1ccccc1,5.7
COC(=O)[C@@]1(Cc2ccc(F)cc2)[C@H]2c3cc(C(=O)N(C)C)n(Cc4ccc(O)c(OC)c4)c3C[C@H]2CN1C(=O)c1ccccc1,6.0
COC(=O)[C@@]1(Cc2ccc(F)cc2)[C@H]2c3cc(C(=O)N(C)C)n(Cc4ccc(OC)c(OC)c4)c3C[C@H]2CN1C(=O)c1ccccc1,6.2
COC(=O)[C@@]1(Cc2ccc(F)cc2)[C@H]2c3cc(C(=O)N(C)C)n(Cc4ccc(S(C)(=O)=O)cc4)c3C[C@H]2CN1C(=O)c1ccccc1,6.1
COC(=O)[C@@]1(Cc2ccc(F)cc2)[C@H]2c3cc(C(=O)N(C)C)n(Cc4cccc5ccccc45)c3C[C@H]2CN1C(=O)c1ccccc1,5.6
COC(=O)[C@@]1(Cc2ccc(F)cc2)[C@H]2c3cc(C(=O)N(C)C)n(Cc4ccccc4)c3C[C@H]2CN1C(=O)c1ccccc1,5.9
COC(=O)[C@@]1(Cc2ccc(F)cc2)[C@H]2c3cc(C(=O)N(C)C)n(Cc4ccccn4)c3C[C@H]2CN1C(=O)c1ccccc1,6.1
COC(=O)[C@@]1(Cc2ccc(F)cc2)[C@H]2c3cc(C(=O)N(C)C)n(Cc4ccsc4Br)c3C[C@H]2CN1C(=O)c1ccccc1,5.9
COC(=O)[C@@]1(Cc2ccc(F)cc2)[C@H]2c3cc(C(=O)N(C)C)n(Cc4nc5ccccc5[nH]4)c3C[C@H]2CN1C(=O)c1ccccc1,6.0
COC(=O)[C@@]1(Cc2ccc(F)cc2)[C@H]2c3cc(C(=O)N4CCCC4)n(CC4CC4)c3C[C@H]2CN1C(=O)c1ccccc1,7.0
COC(=O)[C@@]1(Cc2ccc(F)cc2)[C@H]2c3cc(C(=O)N4CCCC4)n(CCCNc4ncc(C(F)(F)F)cc4Cl)c3C[C@H]2CN1C(=O)c1ccccc1,5.6
COC(=O)[C@@]1(Cc2ccc(F)cc2)[C@H]2c3cc(C(=O)N4CCCC4)n(CCF)c3C[C@H]2CN1C(=O)c1ccccc1,6.2
COC(=O)[C@@]1(Cc2ccc(F)cc2)[C@H]2c3cc(C(=O)N4CCCC4)n(CCN4CNCC4=O)c3C[C@H]2CN1C(=O)c1ccccc1,5.7
COC(=O)[C@@]1(Cc2ccc(F)cc2)[C@H]2c3cc(C(=O)N4CCCC4)n(CCO)c3C[C@H]2CN1C(=O)c1ccccc1,6.1
COC(=O)[C@@]1(Cc2ccc(F)cc2)[C@H]2c3cc(C(=O)N4CCCC4)n(CCSCCO)c3C[C@H]2CN1C(=O)c1ccccc1,5.4
COC(=O)[C@@]1(Cc2ccc(F)cc2)[C@H]2c3cc(C(=O)N4CCCC4)n(CCc4c[nH]c5cc(F)ccc45)c3C[C@H]2CN1C(=O)c1ccccc1,6.0
COC(=O)[C@@]1(Cc2ccc(F)cc2)[C@H]2c3cc(C(=O)N4CCCC4)n(CCc4c[nH]c5ccc(OC)cc45)c3C[C@H]2CN1C(=O)c1ccccc1,6.6
COC(=O)[C@@]1(Cc2ccc(F)cc2)[C@H]2c3cc(C(=O)N4CCCC4)n(CCc4c[nH]c5ccccc45)c3C[C@H]2CN1C(=O)c1ccccc1,6.0
COC(=O)[C@@]1(Cc2ccc(F)cc2)[C@H]2c3cc(C(=O)N4CCCC4)n(CCc4ccc(O)c(O)c4)c3C[C@H]2CN1C(=O)c1ccccc1,5.6
COC(=O)[C@@]1(Cc2ccc(F)cc2)[C@H]2c3cc(C(=O)N4CCCC4)n(CCc4ccc(OC)c(Br)c4)c3C[C@H]2CN1C(=O)c1ccccc1,5.6
COC(=O)[C@@]1(Cc2ccc(F)cc2)[C@H]2c3cc(C(=O)N4CCCC4)n(CCc4ccccn4)c3C[C@H]2CN1C(=O)c1ccccc1,5.9
COC(=O)[C@@]1(Cc2ccc(F)cc2)[C@H]2c3cc(C(=O)N4CCCC4)n(C[C@H](O)CO)c3C[C@H]2CN1C(=O)c1ccccc1,5.1
COC(=O)[C@@]1(Cc2ccc(F)cc2)[C@H]2c3cc(C(=O)N4CCCC4)n(Cc4c(CO)ncc(C)c4O)c3C[C@H]2CN1C(=O)c1ccccc1,5.7
COC(=O)[C@@]1(Cc2ccc(F)cc2)[C@H]2c3cc(C(=O)N4CCCC4)n(Cc4cc(C)n(C)n4)c3C[C@H]2CN1C(=O)c1ccccc1,5.9
COC(=O)[C@@]1(Cc2ccc(F)cc2)[C@H]2c3cc(C(=O)N4CCCC4)n(Cc4cc(F)cc5c4OCOC5)c3C[C@H]2CN1C(=O)c1ccccc1,5.6
COC(=O)[C@@]1(Cc2ccc(F)cc2)[C@H]2c3cc(C(=O)N4CCCC4)n(Cc4ccc(C(F)(F)F)nc4)c3C[C@H]2CN1C(=O)c1ccccc1,6.6
COC(=O)[C@@]1(Cc2ccc(F)cc2)[C@H]2c3cc(C(=O)N4CCCC4)n(Cc4ccc(C)c(F)c4F)c3C[C@H]2CN1C(=O)c1ccccc1,5.6
COC(=O)[C@@]1(Cc2ccc(F)cc2)[C@H]2c3cc(C(=O)N4CCCC4)n(Cc4ccc(C)o4)c3C[C@H]2CN1C(=O)c1ccccc1,5.5
COC(=O)[C@@]1(Cc2ccc(F)cc2)[C@H]2c3cc(C(=O)N4CCCC4)n(Cc4ccc(Cl)c(C(F)(F)F)c4)c3C[C@H]2CN1C(=O)c1ccccc1,5.6
COC(=O)[C@@]1(Cc2ccc(F)cc2)[C@H]2c3cc(C(=O)N4CCCC4)n(Cc4ccc(OC(F)(F)F)cc4)c3C[C@H]2CN1C(=O)c1ccccc1,5.6
COC(=O)[C@@]1(Cc2ccc(F)cc2)[C@H]2c3cc(C(=O)N4CCCC4)n(Cc4ccc(S(C)(=O)=O)cc4)c3C[C@H]2CN1C(=O)c1ccccc1,5.9
COC(=O)[C@@]1(Cc2ccc(F)cc2)[C@H]2c3cc(C(=O)N4CCCC4)n(Cc4cccc5ccccc45)c3C[C@H]2CN1C(=O)c1ccccc1,5.7
COC(=O)[C@@]1(Cc2ccc(F)cc2)[C@H]2c3cc(C(=O)N4CCCC4)n(Cc4ccccc4)c3C[C@H]2CN1C(=O)c1ccccc1,6.0
COC(=O)[C@@]1(Cc2ccc(F)cc2)[C@H]2c3cc(C(=O)N4CCCC4)n(Cc4ccccn4)c3C[C@H]2CN1C(=O)c1ccccc1,6.0
COC(=O)[C@@]1(Cc2ccc(OC)cc2)[C@@H]2C(=CC(=O)[C@H]2CC(=O)C(=O)N(C)C)CN1C(=O)c1ccccc1,5.6
COC(=O)[C@@]1(Cc2ccc(OC)cc2)[C@@H]2C(=CC(=O)[C@H]2CC(=O)C(=O)N2CCCC2)CN1C(=O)c1ccccc1,5.7
COC(=O)[C@@]1(Cc2ccc(OC)cc2)[C@@H]2[C@@H](CC(=O)[C@H]2CC(=O)C(=O)N(C)C)CN1C(=O)c1ccccc1,6.0
COC(=O)[C@@]1(Cc2ccc(OC)cc2)[C@@H]2[C@@H](CC(=O)[C@H]2CC(=O)C(=O)N2CCCC2)CN1C(=O)c1ccccc1,6.1
COC(=O)[C@@]1(Cc2ccc(OC)cc2)[C@H]2c3cc(C(=O)N(C)C)[nH]c3C[C@H]2CN1C(=O)c1ccccc1,5.8
COC(=O)[C@@]1(Cc2ccc(OC)cc2)[C@H]2c3cc(C(=O)N(C)C)n(C)c3C[C@H]2CN1C(=O)c1ccccc1,6.5
COC(=O)[C@@]1(Cc2ccc(OC)cc2)[C@H]2c3cc(C(=O)N(C)C)n(CCF)c3C[C@H]2CN1C(=O)c1ccccc1,5.7
COC(=O)[C@@]1(Cc2ccc(OC)cc2)[C@H]2c3cc(C(=O)N(C)C)n(CCN4CNCC4=O)c3C[C@H]2CN1C(=O)c1ccccc1,5.9
COC(=O)[C@@]1(Cc2ccc(OC)cc2)[C@H]2c3cc(C(=O)N(C)C)n(CCO)c3C[C@H]2CN1C(=O)c1ccccc1,5.4
COC(=O)[C@@]1(Cc2ccc(OC)cc2)[C@H]2c3cc(C(=O)N(C)C)n(CCSCCO)c3C[C@H]2CN1C(=O)c1ccccc1,5.6
COC(=O)[C@@]1(Cc2ccc(OC)cc2)[C@H]2c3cc(C(=O)N(C)C)n(CCc4c[nH]c5ccc(O)cc45)c3C[C@H]2CN1C(=O)c1ccccc1,5.9
COC(=O)[C@@]1(Cc2ccc(OC)cc2)[C@H]2c3cc(C(=O)N(C)C)n(CCc4ccc(O)c(OC)c4)c3C[C@H]2CN1C(=O)c1ccccc1,5.3
COC(=O)[C@@]1(Cc2ccc(OC)cc2)[C@H]2c3cc(C(=O)N(C)C)n(CCc4ccc(OC)c(Br)c4)c3C[C@H]2CN1C(=O)c1ccccc1,5.7
COC(=O)[C@@]1(Cc2ccc(OC)cc2)[C@H]2c3cc(C(=O)N(C)C)n(CCc4ccccn4)c3C[C@H]2CN1C(=O)c1ccccc1,5.7
COC(=O)[C@@]1(Cc2ccc(OC)cc2)[C@H]2c3cc(C(=O)N(C)C)n(C[C@H](O)CO)c3C[C@H]2CN1C(=O)c1ccccc1,5.1
COC(=O)[C@@]1(Cc2ccc(OC)cc2)[C@H]2c3cc(C(=O)N(C)C)n(Cc4c(CO)ncc(C)c4O)c3C[C@H]2CN1C(=O)c1ccccc1,5.6
COC(=O)[C@@]1(Cc2ccc(OC)cc2)[C@H]2c3cc(C(=O)N(C)C)n(Cc4cc(C)n(C)n4)c3C[C@H]2CN1C(=O)c1ccccc1,5.8
COC(=O)[C@@]1(Cc2ccc(OC)cc2)[C@H]2c3cc(C(=O)N(C)C)n(Cc4cc(F)c(F)c(F)c4)c3C[C@H]2CN1C(=O)c1ccccc1,5.9
COC(=O)[C@@]1(Cc2ccc(OC)cc2)[C@H]2c3cc(C(=O)N(C)C)n(Cc4ccc(C(F)(F)F)nc4)c3C[C@H]2CN1C(=O)c1ccccc1,5.7
COC(=O)[C@@]1(Cc2ccc(OC)cc2)[C@H]2c3cc(C(=O)N(C)C)n(Cc4ccc(C)c(F)c4F)c3C[C@H]2CN1C(=O)c1ccccc1,6.0
COC(=O)[C@@]1(Cc2ccc(OC)cc2)[C@H]2c3cc(C(=O)N(C)C)n(Cc4ccc(C)o4)c3C[C@H]2CN1C(=O)c1ccccc1,5.5
COC(=O)[C@@]1(Cc2ccc(OC)cc2)[C@H]2c3cc(C(=O)N(C)C)n(Cc4ccc(Cl)c(C(F)(F)F)c4)c3C[C@H]2CN1C(=O)c1ccccc1,5.7
COC(=O)[C@@]1(Cc2ccc(OC)cc2)[C@H]2c3cc(C(=O)N(C)C)n(Cc4ccc(O)c(OC)c4)c3C[C@H]2CN1C(=O)c1ccccc1,6.3
COC(=O)[C@@]1(Cc2ccc(OC)cc2)[C@H]2c3cc(C(=O)N(C)C)n(Cc4ccc(OC(F)(F)F)cc4)c3C[C@H]2CN1C(=O)c1ccccc1,5.8
COC(=O)[C@@]1(Cc2ccc(OC)cc2)[C@H]2c3cc(C(=O)N(C)C)n(Cc4ccc(OC)c(OC)c4)c3C[C@H]2CN1C(=O)c1ccccc1,6.6
COC(=O)[C@@]1(Cc2ccc(OC)cc2)[C@H]2c3cc(C(=O)N(C)C)n(Cc4ccc(S(C)(=O)=O)cc4)c3C[C@H]2CN1C(=O)c1ccccc1,5.6
COC(=O)[C@@]1(Cc2ccc(OC)cc2)[C@H]2c3cc(C(=O)N(C)C)n(Cc4cccc5ccccc45)c3C[C@H]2CN1C(=O)c1ccccc1,5.6
COC(=O)[C@@]1(Cc2ccc(OC)cc2)[C@H]2c3cc(C(=O)N(C)C)n(Cc4ccccc4)c3C[C@H]2CN1C(=O)c1ccccc1,6.2
COC(=O)[C@@]1(Cc2ccc(OC)cc2)[C@H]2c3cc(C(=O)N(C)C)n(Cc4ccccn4)c3C[C@H]2CN1C(=O)c1ccccc1,5.9
COC(=O)[C@@]1(Cc2ccc(OC)cc2)[C@H]2c3cc(C(=O)N(C)C)n(Cc4ccsc4Br)c3C[C@H]2CN1C(=O)c1ccccc1,6.0
COC(=O)[C@@]1(Cc2ccc(OC)cc2)[C@H]2c3cc(C(=O)N(C)C)n(Cc4nc5ccccc5[nH]4)c3C[C@H]2CN1C(=O)c1ccccc1,6.0
COC(=O)[C@@]1(Cc2ccc(OC)cc2)[C@H]2c3cc(C(=O)N4CCCC4)n(CCCNc4ncc(C(F)(F)F)cc4Cl)c3C[C@H]2CN1C(=O)c1ccccc1,5.9
COC(=O)[C@@]1(Cc2ccc(OC)cc2)[C@H]2c3cc(C(=O)N4CCCC4)n(CCF)c3C[C@H]2CN1C(=O)c1ccccc1,5.8
COC(=O)[C@@]1(Cc2ccc(OC)cc2)[C@H]2c3cc(C(=O)N4CCCC4)n(CCN4CCOCC4)c3C[C@H]2CN1C(=O)c1ccccc1,5.4
COC(=O)[C@@]1(Cc2ccc(OC)cc2)[C@H]2c3cc(C(=O)N4CCCC4)n(CCN4CNCC4=O)c3C[C@H]2CN1C(=O)c1ccccc1,5.6
COC(=O)[C@@]1(Cc2ccc(OC)cc2)[C@H]2c3cc(C(=O)N4CCCC4)n(CCO)c3C[C@H]2CN1C(=O)c1ccccc1,5.4
COC(=O)[C@@]1(Cc2ccc(OC)cc2)[C@H]2c3cc(C(=O)N4CCCC4)n(CCSCCO)c3C[C@H]2CN1C(=O)c1ccccc1,5.6
COC(=O)[C@@]1(Cc2ccc(OC)cc2)[C@H]2c3cc(C(=O)N4CCCC4)n(CCc4c[nH]c5cc(F)ccc45)c3C[C@H]2CN1C(=O)c1ccccc1,5.9
COC(=O)[C@@]1(Cc2ccc(OC)cc2)[C@H]2c3cc(C(=O)N4CCCC4)n(CCc4c[nH]c5ccc(O)cc45)c3C[C@H]2CN1C(=O)c1ccccc1,5.8
COC(=O)[C@@]1(Cc2ccc(OC)cc2)[C@H]2c3cc(C(=O)N4CCCC4)n(CCc4c[nH]c5ccc(OC)cc45)c3C[C@H]2CN1C(=O)c1ccccc1,5.9
COC(=O)[C@@]1(Cc2ccc(OC)cc2)[C@H]2c3cc(C(=O)N4CCCC4)n(CCc4c[nH]c5ccccc45)c3C[C@H]2CN1C(=O)c1ccccc1,5.9
COC(=O)[C@@]1(Cc2ccc(OC)cc2)[C@H]2c3cc(C(=O)N4CCCC4)n(CCc4ccc(O)c(O)c4)c3C[C@H]2CN1C(=O)c1ccccc1,5.5
COC(=O)[C@@]1(Cc2ccc(OC)cc2)[C@H]2c3cc(C(=O)N4CCCC4)n(CCc4ccc(O)c(OC)c4)c3C[C@H]2CN1C(=O)c1ccccc1,5.7
COC(=O)[C@@]1(Cc2ccc(OC)cc2)[C@H]2c3cc(C(=O)N4CCCC4)n(CCc4ccc(OC)c(Br)c4)c3C[C@H]2CN1C(=O)c1ccccc1,5.8
COC(=O)[C@@]1(Cc2ccc(OC)cc2)[C@H]2c3cc(C(=O)N4CCCC4)n(CCc4ccccn4)c3C[C@H]2CN1C(=O)c1ccccc1,5.7
COC(=O)[C@@]1(Cc2ccc(OC)cc2)[C@H]2c3cc(C(=O)N4CCCC4)n(CCn4cc([N+](=O)[O-])nc4C)c3C[C@H]2CN1C(=O)c1ccccc1,5.4
COC(=O)[C@@]1(Cc2ccc(OC)cc2)[C@H]2c3cc(C(=O)N4CCCC4)n(C[C@H](O)CO)c3C[C@H]2CN1C(=O)c1ccccc1,5.6
COC(=O)[C@@]1(Cc2ccc(OC)cc2)[C@H]2c3cc(C(=O)N4CCCC4)n(Cc4c(CO)ncc(C)c4O)c3C[C@H]2CN1C(=O)c1ccccc1,5.4
COC(=O)[C@@]1(Cc2ccc(OC)cc2)[C@H]2c3cc(C(=O)N4CCCC4)n(Cc4cc(C)n(C)n4)c3C[C@H]2CN1C(=O)c1ccccc1,5.8
COC(=O)[C@@]1(Cc2ccc(OC)cc2)[C@H]2c3cc(C(=O)N4CCCC4)n(Cc4cc(F)c(F)c(F)c4)c3C[C@H]2CN1C(=O)c1ccccc1,5.4
COC(=O)[C@@]1(Cc2ccc(OC)cc2)[C@H]2c3cc(C(=O)N4CCCC4)n(Cc4cc(F)cc5c4OCOC5)c3C[C@H]2CN1C(=O)c1ccccc1,5.6
COC(=O)[C@@]1(Cc2ccc(OC)cc2)[C@H]2c3cc(C(=O)N4CCCC4)n(Cc4ccc(C(F)(F)F)nc4)c3C[C@H]2CN1C(=O)c1ccccc1,5.5
COC(=O)[C@@]1(Cc2ccc(OC)cc2)[C@H]2c3cc(C(=O)N4CCCC4)n(Cc4ccc(C)c(F)c4F)c3C[C@H]2CN1C(=O)c1ccccc1,5.5
COC(=O)[C@@]1(Cc2ccc(OC)cc2)[C@H]2c3cc(C(=O)N4CCCC4)n(Cc4ccc(C)o4)c3C[C@H]2CN1C(=O)c1ccccc1,5.5
COC(=O)[C@@]1(Cc2ccc(OC)cc2)[C@H]2c3cc(C(=O)N4CCCC4)n(Cc4ccc(Cl)c(C(F)(F)F)c4)c3C[C@H]2CN1C(=O)c1ccccc1,5.9
COC(=O)[C@@]1(Cc2ccc(OC)cc2)[C@H]2c3cc(C(=O)N4CCCC4)n(Cc4ccc(O)c(OC)c4)c3C[C@H]2CN1C(=O)c1ccccc1,5.7
COC(=O)[C@@]1(Cc2ccc(OC)cc2)[C@H]2c3cc(C(=O)N4CCCC4)n(Cc4ccc(OC(F)(F)F)cc4)c3C[C@H]2CN1C(=O)c1ccccc1,6.5
COC(=O)[C@@]1(Cc2ccc(OC)cc2)[C@H]2c3cc(C(=O)N4CCCC4)n(Cc4ccc(OC)c(OC)c4)c3C[C@H]2CN1C(=O)c1ccccc1,5.9
COC(=O)[C@@]1(Cc2ccc(OC)cc2)[C@H]2c3cc(C(=O)N4CCCC4)n(Cc4ccc(S(C)(=O)=O)cc4)c3C[C@H]2CN1C(=O)c1ccccc1,5.7
COC(=O)[C@@]1(Cc2ccc(OC)cc2)[C@H]2c3cc(C(=O)N4CCCC4)n(Cc4ccccn4)c3C[C@H]2CN1C(=O)c1ccccc1,5.9
COC(=O)[C@@]1(Cc2ccc(OC)cc2)[C@H]2c3cc(C(=O)N4CCCC4)n(Cc4ccsc4Br)c3C[C@H]2CN1C(=O)c1ccccc1,5.5
COC(=O)[C@@]1(Cc2ccc(OC)cc2)[C@H]2c3cc(C(=O)N4CCCC4)n(Cc4nc5ccccc5[nH]4)c3C[C@H]2CN1C(=O)c1ccccc1,5.7
COC(=O)[C@@]1(Cc2ccccc2)[C@@H]2C(=CC(=O)[C@H]2CC(=O)C(=O)N(C)C)CN1C(=O)c1ccccc1,5.1
COC(=O)[C@@]1(Cc2ccccc2)[C@@H]2[C@@H](CC(=O)[C@H]2CC(=O)C(=O)N(C)C)CN1C(=O)c1ccccc1,5.3
COC(=O)[C@@]1(Cc2ccccc2)[C@H]2c3cc(C(=O)N(C)C)[nH]c3C[C@H]2CN1C(=O)c1ccccc1,5.7
COC(=O)[C@@]1(Cc2ccccc2)[C@H]2c3cc(C(=O)N(C)C)n(C)c3C[C@H]2CN1C(=O)c1ccccc1,5.4
COC(=O)[C@@]1(Cc2ccccc2)[C@H]2c3cc(C(=O)N(C)C)n(CCF)c3C[C@H]2CN1C(=O)c1ccccc1,5.6
COC(=O)[C@@]1(Cc2ccccc2)[C@H]2c3cc(C(=O)N(C)C)n(CCN4CNCC4=O)c3C[C@H]2CN1C(=O)c1ccccc1,5.8
COC(=O)[C@@]1(Cc2ccccc2)[C@H]2c3cc(C(=O)N(C)C)n(CCO)c3C[C@H]2CN1C(=O)c1ccccc1,5.4
COC(=O)[C@@]1(Cc2ccccc2)[C@H]2c3cc(C(=O)N(C)C)n(CCSCCO)c3C[C@H]2CN1C(=O)c1ccccc1,5.7
COC(=O)[C@@]1(Cc2ccccc2)[C@H]2c3cc(C(=O)N(C)C)n(C[C@H](O)CO)c3C[C@H]2CN1C(=O)c1ccccc1,5.5
COC(=O)[C@@]1(Cc2ccccc2)[C@H]2c3cc(C(=O)N(C)C)n(Cc4c(CO)ncc(C)c4O)c3C[C@H]2CN1C(=O)c1ccccc1,5.8
COC(=O)[C@@]1(Cc2ccccc2)[C@H]2c3cc(C(=O)N(C)C)n(Cc4cc(C)n(C)n4)c3C[C@H]2CN1C(=O)c1ccccc1,6.0
COC(=O)[C@@]1(Cc2ccccc2)[C@H]2c3cc(C(=O)N(C)C)n(Cc4cc(F)c(F)c(F)c4)c3C[C@H]2CN1C(=O)c1ccccc1,6.1
COC(=O)[C@@]1(Cc2ccccc2)[C@H]2c3cc(C(=O)N(C)C)n(Cc4ccc(O)c(OC)c4)c3C[C@H]2CN1C(=O)c1ccccc1,5.7
COC(=O)[C@@]1(Cc2ccccc2)[C@H]2c3cc(C(=O)N(C)C)n(Cc4ccc(OC)c(OC)c4)c3C[C@H]2CN1C(=O)c1ccccc1,6.1
COC(=O)[C@@]1(Cc2ccccc2)[C@H]2c3cc(C(=O)N(C)C)n(Cc4ccc(S(C)(=O)=O)cc4)c3C[C@H]2CN1C(=O)c1ccccc1,6.0
COC(=O)[C@@]1(Cc2ccccc2)[C@H]2c3cc(C(=O)N(C)C)n(Cc4ccccc4)c3C[C@H]2CN1C(=O)c1ccccc1,6.0
COC(=O)[C@@]1(Cc2ccccc2)[C@H]2c3cc(C(=O)N(C)C)n(Cc4ccccn4)c3C[C@H]2CN1C(=O)c1ccccc1,6.0
COC(=O)[C@@]1(Cc2ccccc2)[C@H]2c3cc(C(=O)N(C)C)n(Cc4ccsc4Br)c3C[C@H]2CN1C(=O)c1ccccc1,5.8
COC(=O)[C@@]1(Cc2ccccc2)[C@H]2c3cc(C(=O)N(C)C)n(Cc4nc5ccccc5[nH]4)c3C[C@H]2CN1C(=O)c1ccccc1,5.9
COC(=O)[C@@]1(Cc2ccccc2)[C@H]2c3cc(C(=O)N4CCCC4)[nH]c3C[C@H]2CN1C(=O)c1ccccc1,5.6
COC(=O)[C@@]1(Cc2ccccc2)[C@H]2c3cc(C(=O)N4CCCC4)n(C)c3C[C@H]2CN1C(=O)c1ccccc1,5.4
COC(=O)[C@@]1(Cc2ccccc2)[C@H]2c3cc(C(=O)N4CCCC4)n(CC4CC4)c3C[C@H]2CN1C(=O)c1ccccc1,5.5
COC(=O)[C@@]1(Cc2ccccc2)[C@H]2c3cc(C(=O)N4CCCC4)n(CCN4CNCC4=O)c3C[C@H]2CN1C(=O)c1ccccc1,5.8
COC(=O)[C@@]1(Cc2ccccc2)[C@H]2c3cc(C(=O)N4CCCC4)n(CCO)c3C[C@H]2CN1C(=O)c1ccccc1,5.0
COC(=O)[C@@]1(Cc2ccccc2)[C@H]2c3cc(C(=O)N4CCCC4)n(CCSCCO)c3C[C@H]2CN1C(=O)c1ccccc1,5.5
COC(=O)[C@@]1(Cc2ccccc2)[C@H]2c3cc(C(=O)N4CCCC4)n(CCc4ccccn4)c3C[C@H]2CN1C(=O)c1ccccc1,5.7
COC(=O)[C@@]1(Cc2ccccc2)[C@H]2c3cc(C(=O)N4CCCC4)n(Cc4c(CO)ncc(C)c4O)c3C[C@H]2CN1C(=O)c1ccccc1,5.6
COC(=O)[C@@]1(Cc2ccccc2)[C@H]2c3cc(C(=O)N4CCCC4)n(Cc4cc(F)cc5c4OCOC5)c3C[C@H]2CN1C(=O)c1ccccc1,5.4
COC(=O)[C@@]1(Cc2ccccc2)[C@H]2c3cc(C(=O)N4CCCC4)n(Cc4ccc(C(F)(F)F)nc4)c3C[C@H]2CN1C(=O)c1ccccc1,5.5
COC(=O)[C@@]1(Cc2ccccc2)[C@H]2c3cc(C(=O)N4CCCC4)n(Cc4ccc(C)o4)c3C[C@H]2CN1C(=O)c1ccccc1,5.7
COC(=O)[C@@]1(Cc2ccccc2)[C@H]2c3cc(C(=O)N4CCCC4)n(Cc4ccc(O)c(OC)c4)c3C[C@H]2CN1C(=O)c1ccccc1,5.7
COC(=O)[C@@]1(Cc2ccccc2)[C@H]2c3cc(C(=O)N4CCCC4)n(Cc4ccc(OC)c(OC)c4)c3C[C@H]2CN1C(=O)c1ccccc1,5.9
COC(=O)[C@@]1(Cc2ccccc2)[C@H]2c3cc(C(=O)N4CCCC4)n(Cc4ccc(S(C)(=O)=O)cc4)c3C[C@H]2CN1C(=O)c1ccccc1,5.5
COC(=O)[C@@]1(Cc2ccccc2)[C@H]2c3cc(C(=O)N4CCCC4)n(Cc4cccc5ccccc45)c3C[C@H]2CN1C(=O)c1ccccc1,5.8
COC(=O)[C@@]1(Cc2ccccc2)[C@H]2c3cc(C(=O)N4CCCC4)n(Cc4ccccc4)c3C[C@H]2CN1C(=O)c1ccccc1,5.6
COC(=O)[C@@]1(Cc2ccccc2)[C@H]2c3cc(C(=O)N4CCCC4)n(Cc4ccccn4)c3C[C@H]2CN1C(=O)c1ccccc1,5.7
COC(=O)[C@@]1(Cc2ccccc2)[C@H]2c3cc(C(=O)N4CCCC4)n(Cc4ccsc4Br)c3C[C@H]2CN1C(=O)c1ccccc1,5.4
COC(=O)[C@@]1(Cc2ccccc2)[C@H]2c3cc(C(=O)N4CCCC4)n(Cc4nc5ccccc5[nH]4)c3C[C@H]2CN1C(=O)c1ccccc1,5.9
COC(=O)[C@H](C)[C@@H]1C[C@@]1(C)[C@@H](NC(=O)OCc1ccccc1)c1ccccc1,5.0
COC(=O)[C@H](C)[C@H]1C[C@]1(C)[C@H](NC(=O)OCc1ccccc1)c1ccccc1,5.1
COC(=O)[C@H](CCSC)NC(=O)NCc1ccccc1F,4.8
COC(=O)[C@H](Cc1c[nH]cn1)NCc1ccccc1,5.82
COC(=O)[C@H](Cc1ccccc1)NC(=O)C/C=C\[C@@H](C)[C@@H](CO)OC,5.5
COC(=O)[C@H](Cc1ccccc1)NC(=O)N1CCN(Cc2ccccc2)CC1,4.85
COC(=O)[C@H](Cc1ccccc1)NC(=O)[C@@]1(C)C[C@@H]1[C@@H](NC(=O)OCc1ccccc1)c1ccccc1,5.7
COC(=O)[C@H](Cc1ccccc1)NC(=O)[C@H]1C[C@@H]1[C@H](NC(=O)OCc1ccccc1)c1ccccc1,5.1
COC(=O)[C@H](Cc1ccccc1)NC(=O)[C@]1(C)C[C@H]1[C@H](NC(=O)OCc1ccccc1)c1ccccc1,5.7
COC(=O)[C@H](N)Cc1ccc(Cl)cc1,4.5
COC(=O)[C@H](NC(=O)c1cc(-c2ccccc2)nc2ccccc12)c1ccccc1,5.1
COC(=O)[C@H]1C(=O)c2ccccc2O[C@@](C(=O)OC)(c2ccccc2)[C@@H]1c1ccccc1,5.4
COC(=O)[C@H]1C(OC)[C@@H](OC(=O)c2cc(OC)c(OC)c(OC)c2)C[C@@H]2CN3CCc4c([nH]c5cc(OC)ccc45)[C@H]3C[C@H]21,5.1
COC(=O)[C@H]1C[C@@H]1[C@H](N)c1ccccc1,4.8
COC(=O)[C@H]1C[C@@H]1[C@H](NC(=O)OCc1ccccc1)c1ccccc1,4.6
COC(=O)[C@H]1C[C@@H]1[C@H](NC(=O)Oc1ccc(F)cc1)c1ccccc1,4.8
COC(=O)[C@H]1C[C@@H]1[C@H](NC(=O)c1cc(C)nn1C)c1ccccc1,5.2
COC(=O)[C@H]1C[C@@H]1[C@H](NC(=O)c1cc(C)on1)c1ccccc1,4.8
COC(=O)[C@H]1C[C@@H]1[C@H](NC(=O)c1ccccc1)c1ccccc1,5.0
COC(=O)[C@H]1C[C@@H]1[C@H](NC(=O)c1cccnc1)c1ccccc1,5.3
COC(=O)[C@H]1C[C@@H]1[C@H](NC(=O)c1cnccn1)c1ccccc1,5.1
COC(=O)[C@H]1C[C@@H]1[C@H](NP(=O)(c1ccccc1)c1ccccc1)c1ccccc1,5.6
COC(=O)[C@H]1C[C@@H]1[C@H](NS(=O)(=O)c1ccc(-c2ccccc2)cc1)c1ccccc1,4.9
COC(=O)[C@H]1C[C@@H]1[C@H](NS(=O)(=O)c1ccc2ccccc2c1)c1ccccc1,4.8
COC(=O)[C@H]1C[C@@H]1[C@H](NS(=O)(=O)c1ccccc1)c1ccccc1,4.8
COC(=O)[C@H]1C[C@@H]2CC[C@@H](O)C[C@@H]2N1Cc1c(F)cccc1Cl,4.9
COC(=O)[C@H]1C[C@H]2CC[C@H](O)C[C@H]2N1CC1CC1,4.6
COC(=O)[C@H]1C[C@H]2CC[C@H](O)C[C@H]2N1Cc1c(F)cccc1Cl,4.9
COC(=O)[C@H]1[C@@H](c2ccccc2)[C@@]2(c3ccccc3)Oc3ccccc3[C@@]1(O)[C@@H]2O,5.5
COC(=O)[C@H]1[C@@H]2C[C@@H]3c4[nH]c5ccccc5c4CCN3C[C@H]2CC[C@H]1O,4.5
COC(=O)[C@H]1[C@H](c2ccccc2)C(=O)[C@@]2(O)c3ccccc3O[C@@]12c1ccccc1,5.5
COC(=O)[C@H]1[C@H]2C[C@@H]3c4[nH]c5cc(OC)ccc5c4CCN3C[C@H]2C[C@@H](OC(=O)c2cc(OC)c(OC)c(OC)c2)[C@@H]1OC,5.4
COC(=O)[C@H]1[C@H]2C[C@H]3c4[nH]c5ccccc5c4CCN3C[C@@H]2CC[C@@H]1O,4.6
COC(=O)[C@](C)(N)Cc1ccc(O)cc1,5.6
COC(=O)[C@]1(C)CCC[C@]2(C)c3ccc(C(C)C)cc3C(=O)CC12,4.6
COC(=O)[C@]1(C)CC[C@@]2(C)CC[C@@]3(C)C4=CC=C5C(=CC(=O)C(O)=C5C)[C@@]4(C)CC[C@@]3(C)C2C1,4.5
COC(=O)[C@]1(C)CC[C@@]2(C)CC[C@@]3(C)C4=CCc5c(cc(O)c(O)c5C)[C@]4(C)CC[C@@]3(C)C2C1,4.4
COC(=O)[C@]1(C)C[C@H]1[C@H](NC(=O)c1ccc(Br)cc1)c1ccccc1,4.7
COC(=O)[C@]1(C)C[C@H]1[C@H](NP(=O)(c1ccccc1)c1ccccc1)c1ccccc1,4.9
COC(=O)c1[nH]c2cc(C)ccc2c1NC(=O)CN1CCCc2ccccc21,5.0
COC(=O)c1[nH]c2cc(OC)ccc2c1NC(=O)c1ccc2c(c1)OCO2,5.1
COC(=O)c1[nH]c2cc(OC)ccc2c1NC(=O)c1nonc1C,5.15
COC(=O)c1[nH]c2ccc(Br)cc2c1NC(=O)CN1CCN(C2CCCCC2)CC1,4.85
COC(=O)c1[nH]c2ccccc2c1/C=C1\C(=O)NC(=O)N(c2ccc(OC)cc2)C1=O,4.6
COC(=O)c1c(-c2cc(OC)c(OC)c(OC)c2)c2ccc(OCc3ccccn3)cc2c(=O)n1-c1ccc(N)cc1,6.4
COC(=O)c1c(-c2cc(OC)c(OC)c(OC)c2)c2ccnc(OCc3ncccn3)c2c(=O)n1Cc1ccnc(C)c1,5.1
COC(=O)c1c(-c2ccc3ccccc3c2)csc1NC(=O)Cc1ccc(OC)c(OC)c1,5.75
COC(=O)c1c(-c2ccccc2)csc1NC(=O)CSc1ncnc2sc(C)c(C)c12,5.05
COC(=O)c1c(-n2c(C)cc(C=O)c2C)sc2c1CCCC2,5.15
COC(=O)c1c(C)[nH]c(C)c1C(=O)c1ccccc1Cc1ccccc1,6.3
COC(=O)c1c(C)[nH]c(O)c1/C=N/c1ccc(C(C)C)cc1,4.55
COC(=O)c1c(C)c2c(c(C)c1O)OC(=O)c1c(C)c(Cl)c(O)c(Cl)c1O2,5.6
COC(=O)c1c(C)cc(O)cc1O,4.9
COC(=O)c1c(C)cc(OC(=O)c2c(C)cc(O)c(C=O)c2O)c(C)c1O,4.9
COC(=O)c1c(C)cc(OC)cc1O,4.4
COC(=O)c1c(C)n(-c2ccccc2)c2ccc(O)cc12,5.1
COC(=O)c1c(C)oc2ccc(N(C(=O)c3ccncc3)S(=O)(=O)c3ccccc3)cc12,5.15
COC(=O)c1c(NC(=O)CC2Nc3ccccc3NC2=O)sc(C)c1C,5.45
COC(=O)c1c(NC(=O)Cn2cc([N+](=O)[O-])cn2)sc2c1CCC2,4.85
COC(=O)c1c(NC(=O)c2ccco2)sc2c1CCC2,4.4
COC(=O)c1c(NC(C)=O)sc(Cc2ccccc2)c1C,4.85
COC(=O)c1c(OC)cc2c(c1C)Oc1c(Cl)c(O)c(Cl)c(C)c1C(=O)O2,5.8
COC(=O)c1c(OC)cc2c(c1C)Oc1c(Cl)c(OC(C)=O)c(Cl)c(C)c1C(=O)O2,4.8
COC(=O)c1c[nH]nc1N=C(S)Nc1ccccc1C,5.85
COC(=O)c1cc(-c2ccccc2)sc1NC(=O)CN1C(=O)c2ccccc2C1=O,4.5
COC(=O)c1cc(Br)c(=O)n(CCc2ccc(O)cc2)c1.Cl,4.8
COC(=O)c1cc(C#N)c(Oc2ccc(OC)cc2)nc1C,4.85
COC(=O)c1cc(NC(=O)/C=C/c2ccc3c(c2)OCO3)cc(C(=O)OC)c1,6.1
COC(=O)c1cc(NC(=O)CC2NC3CCCCC3NC2=O)cc(C(=O)OC)c1,4.55
COC(=O)c1cc(NC(=O)N2c3ccccc3Sc3ccccc32)cc(C(=O)OC)c1,5.1
COC(=O)c1cc(NS(=O)(=O)c2ccc(N3CCCCC3)c([N+](=O)[O-])c2)cc(C(=O)OC)c1,5.7
COC(=O)c1cc(NS(=O)(=O)c2ccc(N3CCCCCC3)c([N+](=O)[O-])c2)cc(C(=O)OC)c1,5.2
COC(=O)c1cc(OC)c(=O)c2c(OC)c(OC)ccc2c1,4.4
COC(=O)c1cc(OC)c(OC)cc1N=C(S)N1CCCCC1,5.4
COC(=O)c1cc(OC)c(OC)cc1N=C(S)N1CCN(C)CC1,4.85
COC(=O)c1cc(OC)c(OC)cc1N=C(S)Nc1cccc(Cl)c1,5.35
COC(=O)c1cc(OC)c(OC)cc1NC(=O)CSc1ccc(C)cc1,5.8
COC(=O)c1cc(OC)c(OC)cc1NC(=O)CSc1ccccc1,4.8
COC(=O)c1cc2c(ccn2-c2ccc(F)cc2)n1C(C)C,4.6
COC(=O)c1cc2c(cn1)[nH]c1ccccc12,4.8
COC(=O)c1ccc(-n2cncn2)c(F)c1,5.1
COC(=O)c1ccc(/C=N\NC(=O)c2ccc(C)cc2Cl)cc1,5.45
COC(=O)c1ccc(/N=C2/S/C(=C\c3cc(C)n(-c4cccnc4)c3C)C(=O)N2C)cc1,5.5
COC(=O)c1ccc(C(/C=C/[C@@H](C)C(=O)N(C)C)NC(=O)OCc2ccccc2)cc1,5.0
COC(=O)c1ccc(C(/C=C/[C@@H](C)C(=O)N(C)Cc2ccccc2)NC(=O)OCc2ccccc2)cc1,5.8
COC(=O)c1ccc(C(/C=C/[C@@H](C)C(=O)NCCN2CCCC2)NC(=O)OCc2ccccc2)cc1,5.0
COC(=O)c1ccc(C(/C=C/[C@@H](C)C(=O)NCCc2c[nH]c3ccccc23)NC(=O)OCc2ccccc2)cc1,5.5
COC(=O)c1ccc(C(/C=C/[C@@H](C)C(=O)NCc2cc(C)n(C)n2)NC(=O)OCc2ccccc2)cc1,5.7
COC(=O)c1ccc(C(/C=C/[C@@H](C)C(=O)NCc2ccc(OC)c(O)c2)NC(=O)OCc2ccccc2)cc1,5.2
COC(=O)c1ccc(C(/C=C/[C@@H](C)C(=O)NCc2ccccc2)NC(=O)OCc2ccccc2)cc1,5.3
COC(=O)c1ccc(C(/C=C/[C@@H](C)C(=O)N[C@H](C)CO)NC(=O)OCc2ccccc2)cc1,4.8
COC(=O)c1ccc(C(=O)OC)c(NC(=O)CSCc2ccc(Br)cc2)c1,4.9
COC(=O)c1ccc(C(=O)OC)c(NC(=S)N2CCN(c3ccccc3)CC2)c1,5.1
COC(=O)c1ccc(C(NC(=O)OCc2ccccc2)/C(=C/[C@@H](C)C(=O)N(C)C)c2cccnc2)cc1,5.3
COC(=O)c1ccc(C(NC(=O)OCc2ccccc2)/C(=C/[C@@H](C)C(=O)N(C)Cc2ccccc2)c2cccnc2)cc1,5.7
COC(=O)c1ccc(C(NC(=O)OCc2ccccc2)/C(=C/[C@@H](C)C(=O)N(C)Cc2cccnc2)c2cccnc2)cc1,6.2
COC(=O)c1ccc(C(NC(=O)OCc2ccccc2)/C(=C/[C@@H](C)C(=O)NC2CCCCC2)c2cccnc2)cc1,5.9
COC(=O)c1ccc(C(NC(=O)OCc2ccccc2)/C(=C/[C@@H](C)C(=O)NCC2CC2)c2cccnc2)cc1,5.7
COC(=O)c1ccc(C(NC(=O)OCc2ccccc2)/C(=C/[C@@H](C)C(=O)NCCF)c2cccnc2)cc1,5.2
COC(=O)c1ccc(C(NC(=O)OCc2ccccc2)/C(=C/[C@@H](C)C(=O)NCCc2c[nH]c3ccccc23)c2cccnc2)cc1,5.8
COC(=O)c1ccc(C(NC(=O)OCc2ccccc2)/C(=C/[C@@H](C)C(=O)NCc2cc(C)on2)c2cccnc2)cc1,5.8
COC(=O)c1ccc(C(NC(=O)OCc2ccccc2)/C(=C/[C@@H](C)C(=O)NCc2cc(F)cc(F)c2)c2cccnc2)cc1,5.8
COC(=O)c1ccc(C(NC(=O)OCc2ccccc2)/C(=C/[C@@H](C)C(=O)NCc2ccc(-c3ccccc3)cc2)c2cccnc2)cc1,6.1
COC(=O)c1ccc(C(NC(=O)OCc2ccccc2)/C(=C/[C@@H](C)C(=O)NCc2ccc(C)o2)c2cccnc2)cc1,4.8
COC(=O)c1ccc(C(NC(=O)OCc2ccccc2)/C(=C/[C@@H](C)C(=O)NCc2ccc(OC)c(O)c2)c2cccnc2)cc1,5.6
COC(=O)c1ccc(C(NC(=O)OCc2ccccc2)/C(=C/[C@@H](C)C(=O)NCc2ccc(OC)c(OC)c2)c2cccnc2)cc1,5.5
COC(=O)c1ccc(C(NC(=O)OCc2ccccc2)/C(=C/[C@@H](C)C(=O)NCc2ccc(S(C)(=O)=O)cc2)c2cccnc2)cc1,5.7
COC(=O)c1ccc(C(NC(=O)OCc2ccccc2)/C(=C/[C@@H](C)C(=O)NCc2ccccc2)c2cccnc2)cc1,5.4
COC(=O)c1ccc(C(NC(=O)OCc2ccccc2)/C(=C/[C@@H](C)C(=O)NCc2cccnc2)c2cccnc2)cc1,6.0
COC(=O)c1ccc(C(NC(=O)OCc2ccccc2)/C(=C/[C@@H](C)C(=O)NCc2ccncc2)c2cccnc2)cc1,5.9
COC(=O)c1ccc(C(NC(=O)OCc2ccccc2)/C(=C/[C@@H](C)C(=O)NCc2nc3ccccc3n2C)c2cccnc2)cc1,5.7
COC(=O)c1ccc(C(NC(=O)OCc2ccccc2)/C(=C/[C@@H](C)C(=O)NCc2nc3ccccc3s2)c2cccnc2)cc1,5.7
COC(=O)c1ccc(C(NC(=O)OCc2ccccc2)/C(=C/[C@@H](C)C(=O)N[C@@H](CO)Cc2ccccc2)c2cccnc2)cc1,6.0
COC(=O)c1ccc(C(NC(=O)OCc2ccccc2)/C(=C/[C@@H](C)C(=O)Nc2ccc(OC)cc2)c2cccnc2)cc1,6.0
COC(=O)c1ccc(C(NC(=O)OCc2ccccc2)/C(=C/[C@@H](C)C(=O)Nc2ccccc2)c2cccnc2)cc1,5.8
COC(=O)c1ccc(C(NC(=O)OCc2ccccc2)/C(C)=C/[C@@H](C)C(=O)N(C)Cc2cccnc2)cc1,6.1
COC(=O)c1ccc(C(NC(=O)OCc2ccccc2)/C(C)=C/[C@@H](C)C(=O)N2CCN(C)CC2)cc1,5.9
COC(=O)c1ccc(C(NC(=O)OCc2ccccc2)/C(C)=C/[C@@H](C)C(=O)NC2CCCCC2)cc1,5.7
COC(=O)c1ccc(C(NC(=O)OCc2ccccc2)/C(C)=C/[C@@H](C)C(=O)NCCN2CCOCC2)cc1,5.5
COC(=O)c1ccc(C(NC(=O)OCc2ccccc2)/C(C)=C/[C@@H](C)C(=O)NCCO)cc1,5.6
COC(=O)c1ccc(C(NC(=O)OCc2ccccc2)/C(C)=C/[C@@H](C)C(=O)NCCc2c[nH]c3ccc(OC)cc23)cc1,5.7
COC(=O)c1ccc(C(NC(=O)OCc2ccccc2)/C(C)=C/[C@@H](C)C(=O)NCc2cc(C)on2)cc1,5.7
COC(=O)c1ccc(C(NC(=O)OCc2ccccc2)/C(C)=C/[C@@H](C)C(=O)NCc2cc(F)cc(F)c2)cc1,5.5
COC(=O)c1ccc(C(NC(=O)OCc2ccccc2)/C(C)=C/[C@@H](C)C(=O)NCc2cccnc2)cc1,6.1
COC(=O)c1ccc(C(NC(=O)OCc2ccccc2)/C(C)=C/[C@@H](C)C(=O)NCc2nc3ccccc3s2)cc1,5.4
COC(=O)c1ccc(C(NC(=O)OCc2ccccc2)/C(C)=C/[C@@H](C)C(=O)NCc2nn(-c3ccccc3)nc2C)cc1,5.6
COC(=O)c1ccc(C(NC(=O)OCc2ccccc2)/C(C)=C/[C@@H](C)C(=O)N[C@@H](CO)Cc2ccccc2)cc1,5.5
COC(=O)c1ccc(C(NC(=O)OCc2ccccc2)/C(C)=C/[C@@H](C)C(=O)Nc2ccc(OC)cc2)cc1,5.6
COC(=O)c1ccc(C(NC(=O)OCc2ccccc2)/C(F)=C/[C@@H](C)C(=O)N(C)Cc2cccnc2)cc1,5.7
COC(=O)c1ccc(C(NC(=O)OCc2ccccc2)/C(F)=C/[C@@H](C)C(=O)NC2CCCCC2)cc1,5.4
COC(=O)c1ccc(C(NC(=O)OCc2ccccc2)/C(F)=C/[C@@H](C)C(=O)NCCN2CCOCC2)cc1,5.4
COC(=O)c1ccc(C(NC(=O)OCc2ccccc2)/C(F)=C/[C@@H](C)C(=O)NCCO)cc1,4.8
COC(=O)c1ccc(C(NC(=O)OCc2ccccc2)/C(F)=C/[C@@H](C)C(=O)NCCc2c[nH]c3ccc(OC)cc23)cc1,5.9
COC(=O)c1ccc(C(NC(=O)OCc2ccccc2)/C(F)=C/[C@@H](C)C(=O)NCc2cc(C)on2)cc1,5.6
COC(=O)c1ccc(C(NC(=O)OCc2ccccc2)/C(F)=C/[C@@H](C)C(=O)NCc2cc(F)cc(F)c2)cc1,5.4
COC(=O)c1ccc(C(NC(=O)OCc2ccccc2)/C(F)=C/[C@@H](C)C(=O)NCc2ccc(-c3ccccc3)cc2)cc1,5.4
COC(=O)c1ccc(C(NC(=O)OCc2ccccc2)/C(F)=C/[C@@H](C)C(=O)NCc2ccc(OC)c(OC)c2)cc1,5.3
COC(=O)c1ccc(C(NC(=O)OCc2ccccc2)/C(F)=C/[C@@H](C)C(=O)NCc2cccnc2)cc1,5.9
COC(=O)c1ccc(C(NC(=O)OCc2ccccc2)/C(F)=C/[C@@H](C)C(=O)NCc2nc3ccccc3s2)cc1,5.1
COC(=O)c1ccc(C(NC(=O)OCc2ccccc2)/C(F)=C/[C@@H](C)C(=O)N[C@@H](CO)Cc2ccccc2)cc1,5.1
COC(=O)c1ccc(C(NC(=O)OCc2ccccc2)/C(F)=C/[C@@H](C)C(=O)Nc2ccc(OC)cc2)cc1,5.7
COC(=O)c1ccc(C(NC(=O)OCc2ccccc2)/C(I)=C/[C@@H](C)C(=O)NCC2CC2)cc1,5.4
COC(=O)c1ccc(C(NC(=O)OCc2ccccc2)/C(I)=C/[C@@H](C)C(=O)NCc2ccc(C)o2)cc1,5.0
COC(=O)c1ccc(C(NC(=O)OCc2ccccc2)/C(I)=C/[C@@H](C)C(=O)NCc2ccc(OC)c(O)c2)cc1,5.5
COC(=O)c1ccc(C(NC(=O)OCc2ccccc2)/C(I)=C/[C@@H](C)C(=O)NCc2ccncc2)cc1,5.8
COC(=O)c1ccc(C(NC(=O)OCc2ccccc2)/C(I)=C/[C@@H](C)C(=O)Nc2ccccc2)cc1,5.7
COC(=O)c1ccc(C(NC(=O)c2ccccc2)[C@]2(C)C[C@H]2C2CCCCC2)cc1,5.2
COC(=O)c1ccc(C(NC(=O)c2ccco2)[C@]2(C)C[C@H]2C2CCCCC2)cc1,5.1
COC(=O)c1ccc(C23CC2(C(NP(=O)(c2ccccc2)c2ccccc2)c2ccccc2)C3)cc1,5.5
COC(=O)c1ccc(C23CC4(C2)[C@H](CN(C)[C@@H]4c2ccccc2)C3c2ccc(C(F)(F)F)cc2)cc1,4.8
COC(=O)c1ccc(C23CC4(C2)[C@H](CN(C)[C@@H]4c2ccccc2)C3c2ccc(Cl)nc2)cc1,4.7
COC(=O)c1ccc(C23CC4(C2)[C@H](CN(C)[C@@H]4c2ccccc2)C3c2ccccc2)cc1,4.9
COC(=O)c1ccc(C23CC4(C2)[C@H](CN(CC2CCCCC2)[C@@H]4c2ccccc2)C3c2ccc(C(F)(F)F)cc2)cc1,4.8
COC(=O)c1ccc(C23CC4(C2)[C@H](CN(CC2CCCCC2)[C@@H]4c2ccccc2)C3c2ccc(Cl)nc2)cc1,4.6
COC(=O)c1ccc(C23CC4(C2)[C@H](CN(CC2CCCCC2)[C@@H]4c2ccccc2)C3c2ccccc2)cc1,4.6
COC(=O)c1ccc(C23CC4(C2)[C@H](CN(Cc2ccc(C(F)(F)F)cc2)[C@@H]4c2ccccc2)C3c2ccccc2)cc1,4.6
COC(=O)c1ccc(C23CC4(C2)[C@H](CN(Cc2cccnc2)[C@@H]4c2ccccc2)C3c2ccc(C(F)(F)F)cc2)cc1,5.3
COC(=O)c1ccc(C23CC4(C2)[C@H](CN(Cc2cccnc2)[C@@H]4c2ccccc2)C3c2ccc(Cl)nc2)cc1,5.4
COC(=O)c1ccc(C23CC4(C2)[C@H](CN(Cc2cccnc2)[C@@H]4c2ccccc2)C3c2ccccc2)cc1,5.4
COC(=O)c1ccc(C2C(Oc3ccccc3)C(=O)N2CCc2ccc(OC)c(OC)c2)cc1,5.55
COC(=O)c1ccc(CCc2cc(O)ccc2O)cc1,5.5
COC(=O)c1ccc(CN2[C@@H]3C[C@@H](O)CC[C@@H]3C[C@H]2C(=O)OC)cc1,4.8
COC(=O)c1ccc(CN2[C@H](C(=O)OC)C[C@@]3(O)[C@H](O)[C@H](O)[C@H](O)C[C@@H]23)cc1,4.9
COC(=O)c1ccc(COc2ccc(/C=C(\C#N)c3nc4ccccc4[nH]3)cc2OC)o1,5.7
COC(=O)c1ccc(COc2ccc3cc(C(C(C)N(C)C)n4ccnc4)ccc3c2)cc1,7.7
COC(=O)c1ccc(COc2ccc3nc(N)sc3c2)cc1,5.0
COC(=O)c1ccc(COc2ccccc2/C=N/NS(=O)(=O)c2ccc(C)cc2)cc1,5.4
COC(=O)c1ccc(CS(=O)(=O)c2ccc3nc(N)sc3c2)cc1,5.0
COC(=O)c1ccc(CSc2nc3cc(Cl)ccc3s2)o1,4.6
COC(=O)c1ccc(CSc2nnc(NC(C)C)s2)cc1,4.65
COC(=O)c1ccc(N2CCN(c3ccccc3)CC2)c(NC(=O)C2CC2)c1,4.6
COC(=O)c1ccc(NC(=O)Cn2nc(-c3ccncc3)nc2SCC(=O)Nc2nccs2)cc1,5.7
COC(=O)c1ccc(NC(=O)c2ccccc2NS(=O)(=O)c2ccccc2)cc1,5.1
COC(=O)c1ccc(NC(=S)N2CCN(Cc3cccc(C)c3)CC2)cc1,4.9
COC(=O)c1ccc(OC/C(=N/O)c2ccc3c(c2)C(C)(C)CCC3(C)C)cc1,5.8
COC(=O)c1ccc(OC/C(=N\O)c2ccc3c(c2)C(C)(C)CCC3(C)C)cc1,5.9
COC(=O)c1ccc(OCC(=O)c2ccc3c(c2)C(C)(C)CCC3(C)C)cc1,5.53
COC(=O)c1ccc(OCC2c3cc(OC)c(OC)cc3CCN2C(=O)C2CC2)cc1,4.75
COC(=O)c1ccc(OCC2c3cc(OC)c(OC)cc3CCN2C(=O)c2ccco2)cc1,4.95
COC(=O)c1ccc(Oc2cc(C)nc(-n3nc(C)cc3C)n2)cc1,4.4
COC(=O)c1ccc(Oc2ccc(/C=C3\SC(=O)NC3=O)cc2OC)c(C(F)(F)F)c1,5.01
COC(=O)c1ccc(Oc2ccc(/C=C3\SC(=O)NC3=O)cc2OC)c(Cl)c1,5.6
COC(=O)c1ccc(Oc2ccc(/C=C3\SC(=O)NC3=O)cc2OC)c2ccccc12,6.1
COC(=O)c1ccc(Sc2ccccc2NS(=O)(=O)c2ccc(C)cc2)nc1,5.35
COC(=O)c1ccc2[nH]c3c(N4CCN(CCc5ccc(F)c(F)c5)CC4)ncnc3c2c1,5.6
COC(=O)c1ccc2c(c1)C(C)(C)C(/C=C/c1ccc(OC)c(OC)c1OC)=[N+]2C.[I-],4.7
COC(=O)c1ccc2cc(C(O)(c3c[nH]cn3)C(C)C)ccc2c1,5.85
COC(=O)c1ccc2ccn(CC(=O)NC3CCCCC3)c2c1,5.35
COC(=O)c1cccc(C#CC(NP(=O)(c2ccccc2)c2ccccc2)c2ccccc2)c1,4.9
COC(=O)c1cccc(C(=O)Nc2ccc(C)cc2)n1,4.9
COC(=O)c1cccc(C23CC4(C2)[C@H](CN(C)[C@@H]4c2ccccc2)C3c2ccc(C(F)(F)F)cc2)c1,4.9
COC(=O)c1cccc(C23CC4(C2)[C@H](CN(C)[C@@H]4c2ccccc2)C3c2ccc(Cl)nc2)c1,5.3
COC(=O)c1cccc(C23CC4(C2)[C@H](CN(C)[C@@H]4c2ccccc2)C3c2ccccc2)c1,5.1
COC(=O)c1cccc(C23CC4(C2)[C@H](CN(CC2CCCCC2)[C@@H]4c2ccccc2)C3c2ccc(C(F)(F)F)cc2)c1,4.8
COC(=O)c1cccc(C23CC4(C2)[C@H](CN(CC2CCCCC2)[C@@H]4c2ccccc2)C3c2ccc(Cl)nc2)c1,4.8
COC(=O)c1cccc(C23CC4(C2)[C@H](CN(CC2CCCCC2)[C@@H]4c2ccccc2)C3c2ccccc2)c1,4.8
COC(=O)c1cccc(C23CC4(C2)[C@H](CN(Cc2ccc(-c5ccccc5)cc2)[C@@H]4c2ccccc2)C3c2ccc(C(F)(F)F)cc2)c1,4.7
COC(=O)c1cccc(C23CC4(C2)[C@H](CN(Cc2ccc(-c5ccccc5)cc2)[C@@H]4c2ccccc2)C3c2ccccc2)c1,4.8
COC(=O)c1cccc(C23CC4(C2)[C@H](CN(Cc2ccc(C(F)(F)F)cc2)[C@@H]4c2ccccc2)C3c2ccc(C(F)(F)F)cc2)c1,4.9
COC(=O)c1cccc(C23CC4(C2)[C@H](CN(Cc2ccc(C(F)(F)F)cc2)[C@@H]4c2ccccc2)C3c2ccc(Cl)nc2)c1,5.4
COC(=O)c1cccc(C23CC4(C2)[C@H](CN(Cc2ccc(C(F)(F)F)cc2)[C@@H]4c2ccccc2)C3c2ccccc2)c1,4.9
COC(=O)c1cccc(C23CC4(C2)[C@H](CN(Cc2cccnc2)[C@@H]4c2ccccc2)C3c2ccc(C(F)(F)F)cc2)c1,5.6
COC(=O)c1cccc(C23CC4(C2)[C@H](CN(Cc2cccnc2)[C@@H]4c2ccccc2)C3c2ccc(Cl)nc2)c1,5.7
COC(=O)c1cccc(C23CC4(C2)[C@H](CN(Cc2cccnc2)[C@@H]4c2ccccc2)C3c2ccccc2)c1,5.8
COC(=O)c1cccc(COc2ccc3cc(C(C(C)N(C)C)n4ccnc4)ccc3c2)c1,6.74
COC(=O)c1cccc(NC(=O)/C=C/c2cccc([N+](=O)[O-])c2)c1,5.0
COC(=O)c1cccc(NC(=O)CCCOc2ccccc2)c1,4.9
COC(=O)c1cccc(NC(=O)COc2ccc(C34CC5CC(CC(C(=O)N6CCN(Cc7ccc(C(F)(F)F)cc7)CC6)(C5)C3)C4)cc2)c1,5.69
COC(=O)c1cccc(NC(=O)COc2ccc(C34CC5CC(CC(C(=O)N6CCN(Cc7ccc(OC)cc7)CC6)(C5)C3)C4)cc2)c1,6.05
COC(=O)c1cccc(NC(=O)COc2ccc(C34CC5CC(CC(C(=O)N6CCN(Cc7cccc(OC)c7)CC6)(C5)C3)C4)cc2)c1,6.09
COC(=O)c1cccc(NC(=O)Nc2ccc(-c3ccnc4[nH]cnc34)cc2)c1,7.09
COC(=O)c1cccc(NC(=O)Nc2ccc(Cl)c(Cl)c2)c1,4.65
COC(=O)c1ccccc1-c1ccc(/C=C2\C(=O)N(c3ccccc3)N=C2c2ccccc2)o1,5.55
COC(=O)c1ccccc1/N=C/C1=C(O)c2c(C)nn(-c3ccccn3)c2CC1,4.85
COC(=O)c1ccccc1NC(=O)C1CCN(C(=O)c2ccc(OC)cc2)CC1,5.2
COC(=O)c1ccccc1NC(=O)COc1ccc(C23CC4CC(CC(C(=O)N5CCc6cc(OC)c(OC)cc6C5)(C4)C2)C3)cc1,5.42
COC(=O)c1ccccc1NC(=O)CSc1nnc(C(CO)NC(=O)c2ccccc2Cl)n1C,4.65
COC(=O)c1ccccc1NC(=O)c1ccc(COc2ccc(C)c(C)c2)o1,5.85
COC(=O)c1ccccc1NC(=O)c1ccc(Cn2cc(Cl)cn2)o1,5.0
COC(=O)c1ccccc1NS(=O)(=O)c1ccc2c3c(cccc13)C(=O)N2,4.9
COC(=O)c1ccccc1OCC(=O)N1CCN(c2ccc(Cl)cc2)CC1,4.8
COC(=O)c1cn(CC(=O)N2CCCCC2C)c2ccccc12,4.55
COC(=O)c1cnn(C(=O)c2cc(OC)ccc2Br)c1N,4.55
COC(=O)c1nn(-c2ccc(OC)cc2)c(=O)cc1Oc1cccc(Cl)c1,4.4
COC(=O)c1nn(-c2cccc(C(F)(F)F)c2)c(=O)cc1Sc1ccccn1,4.7
COC(=O)c1nn(-c2ccccc2)c(-c2ccccc2)c1C(=O)c1ccccc1,4.85
COC(=O)c1nnn(-c2nonc2N)c1CSc1nc2ccccc2o1,5.65
COC(=O)c1sc2ccccc2c1-n1cccc1C(=O)C(=O)Nc1ccc(Cl)cc1,4.85
COC(=O)c1scc(C)c1NC(=O)Cc1ccccc1,4.65
COC(=O)c1sccc1-c1ccc(C(=O)Nc2cccc(Cl)c2)o1,4.55
COC(=O)c1sccc1-c1ccc(C(=O)Nc2cccnc2)o1,4.85
COC(=O)c1sccc1NC(=O)CSc1cc(Cl)ccc1Cl,4.65
COC(=O)c1sccc1NC(=O)CSc1ccccc1NS(=O)(=O)c1ccc(Cl)cc1,5.45
COC(=O)c1sccc1NC(=O)c1cc(-c2cc(C)ccc2C)nc2ccccc12,5.35
COC(=O)c1sccc1NC(=O)c1cc(-c2ccc(C)cc2C)nc2ccccc12,5.15
COC(C)(C)CC1n2cncc2CN([C@@H](C)c2ccc(Cl)cc2)S1(=O)=O,6.28
COC(C)(C)CCCC(C)C/C=C/C(C)=C/C(=O)OC(C)C,4.5
COC(C)C(O)(C(=O)OC1=CCN2CC[C@H](O)[C@H]12)C(C)C,4.3
COC(C1CCCCC1)C(C)C(OCc1cccc(Br)c1)C(C)CO,5.5
COC(c1ccc(Cl)cc1)(c1ccc2c(c1)c(-c1c(F)cccc1F)cc(=O)n2C)c1cncn1C,6.56
COC(c1ccc(Cl)cc1)(c1ccc2c(c1)c(-c1ccc(Cl)cc1)cc(=O)n2C)c1cncn1C,6.04
COC(c1ccc(Cl)cc1)(c1ccc2c(c1)c(-c1ccc(F)cc1)cc(=O)n2C)c1cncn1C,5.79
COC(c1ccc(Cl)cc1)(c1ccc2c(c1)c(-c1ccccc1)cc(=O)n2C)c1cncn1C,5.63
COC(c1ccccc1)C(C)C(OC)C(C)C(OC)C(C)C(C)=O,5.4
COC(c1ccccc1Br)C(C)/C=C/CCO,5.5
COC1(C#CC2C=CC(OC(C)=O)C(COC(C)=O)O2)CCCCC1,5.4
COC1(C)CCC2OC2(C)CCC2C1CC2(C)C,5.0
COC1(C[S+]([O-])c2ccccc2)CCN(CCc2c[nH]c3ccc(F)cc23)CC1,4.5
COC1/C=C\OC2(C)Oc3c(C)c(O)c4c(O)c(c(/C=N/N5CCN(C)CC5)c(O)c4c3C2=O)NC(=O)C(C)=C/C=C\C(C)C(O)C(C)C(O)C(C)C(OC(C)=O)C1C,4.7
COC1/C=C\O[C@@]2(C)Oc3c(C)c(O)c4c(O)c(c(C=NN5CCN(C)CC5)c(O)c4c3C2=O)NC(=O)/C(C)=C\C=C/C(C)C(O)[C@@H](C)C(O)C(C)[C@H](OC(C)=O)C1C,4.6
COC1/C=C\O[C@@]2(C)Oc3c(C)c(O)c4c(O)c(c5c(nc6cc(C)ccn65)c4c3C2=O)NC(=O)/C(C)=C\C=C/C(C)C(O)[C@@H](C)C(O)C(C)[C@@H](OC(C)=O)C1C,5.1
COC1=C(C(=O)c2ncc(C)cc2NS(=O)(=O)c2ccc(Cl)c(C(F)(F)F)c2)C2C=CNC2N=C1,5.52
COC1=C(OC)C(=O)C(CCCCCCCCCCO)=C(C)C1=O,5.16
COC1=C(OC)C(=O)c2ccccc2C1=O,4.7
COC1=CC(=O)C(C(=O)c2ccccc2)=CC1=O,5.0
COC1=CC(=O)C(O)=C/C1=C\C=C\c1ccccc1,4.6
COC1=CC(=O)C=C(OC)C1=O,4.6
COC1=CC(=O)CC(C)C12Oc1c(Cl)c(OC)cc(OC)c1C2=O,4.8
COC1=CC(=O)C[C@@H](C)[C@]12Oc1c(Cl)c(OC)cc(OC)c1C2=O,4.8
COC1=CC(=O)OC(CCc2ccc3c(c2)OCO3)C1,5.7
COC1=CC(=O)OC(CCc2ccccc2)C1,4.9
COC1=CC(=O)O[C@@H](/C=C/c2ccc3c(c2)OCO3)C1,5.6
COC1=CC23CCCN2CCc2cc4c(cc2C3C1O)OCO4,4.5
COC1=C[C@H]2[C@H]3Cc4ccc(OC)c(O)c4[C@@]2(CCN3C)CC1=O,4.5
COC1C=CC23c4cc5c(cc4CN(CC2O)C3C1)OCO5,4.4
COC1CCC(NC[C@@H](C(=O)N2CCN(c3ncnc4c3[C@H](C)CC(=O)N4)[C@H]3C[C@H]32)c2ccc(Cl)cc2)CC1,5.74
COC1CCN(c2cc(C)c3nc(-c4c(NC[C@@H](O)c5cccc(Cl)c5)cc[nH]c4=O)[nH]c3c2)CC1,9.0
COC1CCc2cc(-c3cccnc3)ccc2C1,4.91
COC1CN(c2cc(-c3ccc(F)cc3C)c(N(C)C(=O)C(C)(C)c3cc(C(F)(F)F)cc(C(F)(F)F)c3)cn2)CCC1CC(=O)O,5.26
COC1CN(c2cccc(-c3cc(NC(C)=O)nc(-n4nc(C)cc4C)n3)n2)C1,4.96
COC1C[C@@H](O[C@@H]2C(C)C(=O)OC(C)C(C)C(O)C(C)C(=O)[C@@]3(CO3)CC(C)C(OC3OC(C)CC(N(C)C)C3O)C2C)OC(C)[C@@H]1O.O=P(O)(O)O,5.2
COC1C[C@@H](O[C@@H]2C(C)C(=O)OC(C)C(C)[C@H](OC(C)=O)C(C)C(=O)[C@@]3(CO3)CC(C)C(OC3OC(C)CC(N(C)C)[C@H]3OC(C)=O)C2C)OC(C)[C@@H]1OC(C)=O,5.1
COCC#Cc1ccc(C2C(C)CCC3C(=O)N4C(CCC(C)C4c4ccc(C#CCOC)cc4)C(=O)N32)cc1,5.9
COCC(=O)N/N=C/c1ccc(Sc2nc3ccccc3s2)o1,4.65
COCC(=O)N1CCC2(CC1)CCN(C(c1ccccc1)c1ccccc1)CC2,4.6
COCC(=O)N1CCC2(CC1)CCN(c1ccc(-c3ccccc3)cc1)CC2,5.9
COCC(=O)N1CCC2(CC1)CCN(c1ccncc1)CC2,4.6
COCC(=O)N1CCC2(CC1)CN(C(c1ccccc1)c1ccccc1)C2,4.6
COCC(=O)N1CCC2(CC1)CN(c1ccc(-c3ccccc3)cc1)C2,4.9
COCC(=O)N1CCC2(CCCN(C(=O)Nc3ccc(OC)cc3)C2)CC1,4.4
COCC(=O)N1CCC2(CCCN(C(c3ccccc3)c3ccccc3)C2)CC1,4.9
COCC(=O)N1CCC2(CCCN(Cc3cc(C(F)(F)F)cc(C(F)(F)F)c3)C2)CC1,4.7
COCC(=O)N1CCC2(CCCN(Cc3ccncc3)C2)CC1,4.9
COCC(=O)N1CCC2(CCCN(c3ccc(-c4ccccc4)cc3)C2)CC1,4.8
COCC(=O)N1CCC2(CCCN(c3cccc(-c4ccccc4)c3)C2)CC1,4.9
COCC(=O)N1CCC2(CCCN(c3ccccc3)C2)CC1,5.1
COCC(=O)N1CCC2(CCCN(c3ccncc3)C2)CC1,4.6
COCC(=O)N1CCC2(CCN(Cc3ccncc3)CC2)CC1,4.8
COCC(=O)N1CCC[C@@]2(CCN(C(=O)Nc3cccc(F)c3)C2)C1,4.6
COCC(=O)N1CCC[C@@]2(CCN(C(c3ccccc3)c3ccccc3)C2)C1,5.0
COCC(=O)N1CCC[C@@]2(CCN(Cc3cc(C(F)(F)F)cc(C(F)(F)F)c3)C2)C1,5.3
COCC(=O)N1CCC[C@@]2(CCN(Cc3ccc(C#N)cc3)C2)C1,4.9
COCC(=O)N1CCC[C@@]2(CCN(Cc3ccccc3)C2)C1,4.6
COCC(=O)N1CCC[C@@]2(CCN(Cc3nccs3)C2)C1,4.7
COCC(=O)N1CCC[C@@]2(CCN(c3ccccc3)C2)C1,4.6
COCC(=O)N1CCC[C@@]2(CCN(c3ccncc3)C2)C1,4.8
COCC(=O)N1CCN(C2CCN(c3cc(C)c4nc(-c5c(NC[C@@H](O)c6cccc(Cl)c6)cc[nH]c5=O)[nH]c4c3)CC2)CC1,8.25
COCC(=O)N1CCN(c2cc(C)c3nc(-c4c(NC[C@@H](O)c5cccc(Cl)c5)cc[nH]c4=O)[nH]c3c2)CC1,6.1
COCC(=O)N1CC[C@H](n2c(C)nc3cnc4cc(F)c(-c5ccc(Oc6ncccn6)cc5Cl)cc4c32)[C@@H](F)C1,5.3
COCC(=O)N[C@@H](Cc1ccc(-c2nccs2)cc1)[C@H](O)CN[C@H]1CC2(CCC2)Oc2ncc(CC(C)(C)C)cc21,7.52
COCC(=O)N[C@@H](Cc1cccc(-c2ccccn2)c1)[C@H](O)CN[C@H]1CC2(CCC2)Oc2ncc(CC(C)(C)C)cc21,6.4
COCC(=O)N[C@@H](Cc1cccc(-c2ccncc2)c1)[C@H](O)CN[C@H]1CC2(CCC2)Oc2ncc(CC(C)(C)C)cc21,6.8
COCC(=O)N[C@@H](Cc1cccc(-c2cncs2)c1)[C@H](O)CN[C@H]1CC2(CCC2)Oc2ncc(CC(C)(C)C)cc21,7.52
COCC(=O)N[C@@H](Cc1cccc(-c2cscn2)c1)[C@H](O)CN[C@H]1CC2(CCC2)Oc2ncc(CC(C)(C)C)cc21,7.0
COCC(=O)N[C@@H](Cc1cccc(-c2nc(C)cs2)c1)[C@H](O)CN[C@H]1CC2(CCC2)Oc2ncc(CC(C)(C)C)cc21,7.0
COCC(=O)N[C@@H](Cc1cccc(-c2nccn2C)c1)[C@H](O)CN[C@H]1CC2(CCC2)Oc2ncc(CC(C)(C)C)cc21,7.3
COCC(=O)N[C@@H](Cc1cccc(-c2ncco2)c1)[C@H](O)CN[C@H]1CC2(CCC2)Oc2ncc(CC(C)(C)C)cc21,7.0
COCC(=O)N[C@@H](Cc1cccc(-c2nccs2)c1)[C@H](O)CN[C@H]1CC2(CCC2)Oc2ncc(CC(C)(C)C)cc21,7.0
COCC(=O)O[C@]1(CCN(C)CCCc2nc3ccccc3[nH]2)CCc2cc(F)ccc2[C@@H]1C(C)C,6.5
COCC(C)n1c(C)cc(C(=O)CSc2nnc(Nc3ccccc3F)s2)c1C,5.8
COCC/N=C1/OC(=O)N2C(=O)C3=C4[C@@H](C[C@H]5C(=O)N(c6ccccc6)C(=O)[C@H]5[C@H]4[C@@]12Cc1ccccc1)[C@H]1C(=O)N(c2ccccc2)C(=O)[C@H]1[C@H]3C,5.3
COCC/N=C1/Sc2nc3c(C)cccc3cc2CN1Cc1ccco1,4.85
COCC/N=C1\OC(=O)N2C(=O)C3=C4[C@@H](C[C@H]5C(=O)N(CC(=O)OC)C(=O)[C@H]5[C@H]4[C@@]12Cc1ccccc1)[C@H]1C(=O)N(CC(=O)OC)C(=O)[C@H]1[C@H]3C,4.8
COCC1C2CC[C@H]3C(OCc4ccc(F)cc4C(F)(F)F)OC[C@]4(C)[C@H]3C2=C(CN4C(=O)OC(C)(C)C)[C@H](C)C1COC,4.8
COCC1C2CC[C@H]3C(OCc4ccc(OC)cc4)OC[C@]4(C)[C@H]3C2=C(CN4C(=O)OC(C)(C)C)[C@H](C)C1COC,5.8
COCCC(C(=O)Nc1ccc2[nH]ncc2c1)n1cc(OC)c(-c2cc(Cl)ccc2C#N)cc1=O,6.05
COCCC(C(=O)Nc1ccc2c(=O)[nH][nH]c2c1)n1cc(OC)c(-c2cc(Cl)ccc2C#N)cc1=O,5.7
COCCCC(=O)NCCN1CCC[C@@H]1Cn1nc(Cc2ccc(Cl)cc2)c2ccccc2c1=O.Cl,5.89
COCCCC/C(=N/OCCN)c1ccc(C(F)(F)F)cc1,4.95
COCCCC/C(=N\OCCN)c1ccc(C(F)(F)F)cc1,4.8
COCCCC[C@@](O)(c1cccc(Cl)c1F)[C@@H]1CCCN(C(=O)NC[C@@H](N)CC2CCCCC2)C1,5.54
COCCCN1C(=O)C(O)=C(C(=O)c2ccc(OC)cc2C)C1c1cccnc1,4.7
COCCCN1C(=O)CCc2ccc(OC[C@H]3CNCC(=O)N3c3ccc(OCCCOCc4ccccc4OC)cc3)cc21,7.46
COCCCN1C(=O)COc2ccc(SC[C@H]3CNCC(=O)N3c3ccc(OCCCOCc4ccccc4OC)cc3)cc21,7.85
COCCCN1CC2C(CNC(=O)c3nn(C(C)C)c4ccccc34)C2C1,4.44
COCCCN1CCC(CNC(=O)c2nc(C(C)C)n3ccccc23)CC1,4.57
COCCCN1CCC(NC(=O)c2nc(C(C)C)n3ccccc23)CC1,4.79
COCCCN1CCC(c2nnc(-c3nn(C(C)C)c4ccccc34)o2)CC1.O=C(O)C(=O)O,5.04
COCCCN1CCCc2ccc(OC[C@H]3CNCC(=O)N3c3ccc(OCCCOCc4ccccc4OC)cc3)cc21,7.92
COCCCNC(=O)C1C2C=CC3(CN(Cc4ccc(C)cc4)C(=O)C13)O2,5.1
COCCCNC(=O)C1CC(=O)N(CCc2ccc(OC)c(OC)c2)C1,4.8
COCCCNC(=O)C1CC(=O)N(Cc2ccc(OC)cc2)C1,4.7
COCCCNC(=O)C1CCN(S(=O)(=O)N(CC(C)C)CC(C)C)CC1,4.65
COCCCNC(=O)CCC(=O)Nc1ccc2nc(N3CCOCC3)cc(C)c2c1,4.9
COCCCNC(=O)CN(c1ccc(OC)cc1)S(=O)(=O)c1ccc(NC(C)=O)cc1,4.9
COCCCNC(=O)c1c(N)n(/N=C/c2ccccn2)c2nc3ccccc3nc12,5.35
COCCCNC(=O)c1c(NC(=O)c2cccs2)sc2c1CCCC2,4.8
COCCCNc1nc2cc(C)c(C)cc2n1CC(=O)c1cc(C(C)(C)C)c(O)c(C(C)(C)C)c1,4.01
COCCCO[C@H]1CN(c2ccc(O[C@@H]3CCN(c4cc(OC)ncc4Cl)C[C@H]3C)cc2)[C@@H](CC(=O)O)[C@@H]1C,4.4
COCCCOc1cc(C(=O)N(C[C@@H]2CNC[C@H]2NC(=O)CCc2ccccc2)C(C)C)ccc1OC,5.51
COCCCOc1cc(C(=O)N(C[C@@H]2CNC[C@H]2NC(=O)OCC2CCCCC2)C(C)C)ccc1OC,5.484999999999999
COCCCOc1cc(C(=O)N(C[C@@H]2CNC[C@H]2NC(=O)OCc2ccccc2)C(C)C)ccc1OC,5.01
COCCCOc1cc(C(=O)N(C[C@@H]2CNC[C@H]2NCc2ccc3ccccc3c2)C(C)C)ccc1OC,5.725
COCCCOc1cc(C(=O)N(C[C@@H]2CNC[C@H]2NS(=O)(=O)CC2CCOCC2)C(C)C)ccc1OC,5.0
COCCCOc1cc(C(=O)N(C[C@@H]2CNC[C@H]2NS(=O)(=O)Cc2ccccc2)C(C)C)ccc1OC,5.36
COCCCOc1cc(C(=O)N(C[C@@H]2CNC[C@H]2OC(=O)NCc2ccccc2)C(C)C)ccc1OC,5.4
COCCCc1cc(C)c(C)c(CN(C(=O)[C@H]2CNCC[C@@]23OCc2cc(F)c(F)cc23)C2CC2)c1,5.46
COCCCc1cc(CCC(=O)N2CCOCC2)c(Cl)c(CN(C(=O)[C@H]2CNCC[C@@]23OCc2cc(F)c(F)cc23)C2CC2)c1,5.55
COCCCc1cc(CCCCNS(C)(=O)=O)c(Cl)c(CN(C(=O)[C@H]2CNCC[C@@]23OCc2cc(F)c(F)cc23)C2CC2)c1,5.66
COCCCc1cc(CCCN2CCOCC2)c(Cl)c(CN(C(=O)[C@H]2CNCC[C@@]23OCc2cc(F)c(F)cc23)C2CC2)c1,5.58
COCCCc1cc(CCCN2CCS(=O)(=O)CC2)c(Cl)c(CN(C(=O)[C@H]2CNCC[C@@]23OCc2cc(F)c(F)cc23)C2CC2)c1,5.62
COCCCc1cc(CCCNS(C)(=O)=O)c(Cl)c(CN(C(=O)[C@H]2CNCC[C@@]23OCc2cc(F)c(F)cc23)C2CC2)c1,5.7
COCCCc1cc(CN(C(=O)C2CNCCC2(O)c2ccc(F)c(F)c2)C2CC2)cc(OCCOC)c1,6.05
COCCCc1cc(CN(C(=O)[C@@H](CN)Cc2ccc(CCCOc3c(Cl)cc(C)cc3Cl)cc2)C2CC2)cc(OCCOC)c1,5.89
COCCCc1cc(CN(C(=O)[C@H]2CNCC[C@@H]2c2ccc(OCCOc3c(Cl)cc(C)cc3Cl)cc2)C2CC2)c(Cl)cn1,5.23
COCCCc1cc(CN(C(=O)[C@H]2CNCC[C@@H]2c2ccc(OCCOc3c(Cl)cc(C)cc3Cl)cc2)C2CC2)cc(OCC(C)(C)O)c1,5.25
COCCCc1cc(CN(C(=O)[C@H]2CNCC[C@@H]2c2ccc(OCCOc3c(Cl)cc(C)cc3Cl)cc2)C2CC2)cc(OCC2(CC#N)CC2)c1,5.279999999999999
COCCCc1cc(CN(C(=O)[C@H]2CNCC[C@@H]2c2ccc(OCCOc3c(Cl)cc(C)cc3Cl)cc2)C2CC2)cc(OCCCNS(C)(=O)=O)c1,5.18
COCCCc1cc(CN(C(=O)[C@H]2CNCC[C@@H]2c2ccc(OCCOc3c(Cl)cc(C)cc3Cl)cc2)C2CC2)cc(OCCN(C)C)c1,5.244999999999999
COCCCc1cc(CN(C(=O)[C@H]2CNCC[C@@H]2c2ccc(OCCOc3c(Cl)cc(C)cc3Cl)cc2)C2CC2)cc(OCCOC)c1,5.145
COCCCc1cc(CN(C(=O)[C@H]2CNCC[C@@H]2c2ccn(C)c(=O)c2)C2CC2)cc(Br)c1C,4.8
COCCCc1cc(CN(C(=O)[C@H]2CNCC[C@@]23OC(=O)Cc2ccccc23)C2CC2)cc(OCCOC)c1,5.25
COCCCc1cc(CN(C(=O)[C@H]2CNCC[C@@]23OC(=O)c2ccccc23)C2CC2)cc(OCCOC)c1,5.14
COCCCc1cc(CN(C(=O)[C@H]2CNCC[C@@]23OC=Cc2ccccc23)C2CC2)cc(OCCOC)c1,5.96
COCCCc1cc(CN(C(=O)[C@H]2CNCC[C@@]23OCCc2ccccc23)C2CC2)cc(OCCOC)c1,5.19
COCCCc1cc(CN(C(=O)[C@H]2CNCC[C@@]23OCc2cc(F)c(F)cc23)C2CC2)c2ccccc2c1,5.8
COCCCc1cc(CN(C(=O)[C@H]2CNCC[C@@]23OCc2cc(F)c(F)cc23)C2CC2)cc(OCCOC)c1,4.89
COCCCc1cc(CN(C(=O)[C@H]2CNCC[C@@]23OCc2ccccc23)C2CC2)cc(OCCOC)c1,5.22
COCCCc1cc(CN(C(=O)[C@H]2CNCC[C@]2(O)c2ccc(F)c(F)c2)C2CC2)cc(OCCOC)c1,6.05
COCCCc1cc(CN(C(=O)[C@H]2CNCC[C@]2(O)c2ccccc2)C2CC2)cc(OCCOC)c1,5.58
COCCCc1ccc(Cl)c(CN(C(=O)[C@@H](CN)Cc2ccc(OCCOc3c(Cl)cc(C)cc3Cl)cc2)C2CC2)c1,5.5
COCCCc1ccc(Cl)c(CN(C(=O)[C@H](CN)Cc2ccc(CCCOc3c(Cl)cc(C)cc3Cl)cc2)C2CC2)c1,6.89
COCCCc1ccc(Cl)c(CN(C(=O)[C@H]2CNCC[C@@H]2c2ccc(OCCOc3c(Cl)cc(C)cc3Cl)cc2)C2CC2)c1,5.205
COCCCc1cccc2cccc(CN(C(=O)[C@H]3CNCC[C@@]34OCc3cc(F)c(F)cc34)C3CC3)c12,4.82
COCCCn1c(N)c(C(=O)Nc2sc3c(c2C(=O)OC)CCCC3)c2nc3ccccc3nc21,4.8
COCCCn1c(SCc2nnc(-c3ccccc3)o2)nc2sc3c(c2c1=O)CCC3,4.95
COCCN(C)c1cccc(-c2cc(NC(C)=O)nc(-n3nc(C)cc3C)n2)n1,5.6
COCCN(C)c1nc(N)c(CN)c(-c2ccc(Cl)cc2Cl)n1,4.52
COCCN(CC(=O)N(C)C(CN1CCCC1)c1ccc(-c2ccc(C(N)=O)cc2)cc1)c1ccc(Cl)c(Cl)c1,5.58
COCCN(CC(=O)N1CCCC(c2ccccc2)C1CN1CCCC1)c1ccc(Cl)c(Cl)c1,5.92
COCCN(CC(=O)N1CCCC(c2ccccc2)C1CN1CCOCC1)c1ccc(Cl)c(Cl)c1,6.32
COCCN(CCOC)C1CCN(c2cc(C)c3nc(-c4c(NC[C@@H](O)c5cccc(Cl)c5)cc[nH]c4=O)[nH]c3c2)CC1,9.0
COCCN(CCOC)S(=O)(=O)c1ccc(C(=O)Nc2nc(C)c(C(C)=O)s2)cc1,5.5
COCCN(CCOC)c1nc(C)nc2c1nc(-c1ccccc1)n2CC1CCN(C)CC1,4.8
COCCN(CCOC)c1nc(C)nc2c1nc(-c1ccccc1)n2CCCN(C)C,5.1
COCCN(CCOC)c1nc(C)nc2c1nc(-c1ccccc1)n2CCCN1CCCCC1C,4.9
COCCN(CCOC)c1nc(C)nc2c1nc(-c1ccccc1)n2CCN(C)C,4.8
COCCN(CCOC)c1nc(C)nc2c1nc(-c1ccccc1)n2CCN1CCCC1,4.7
COCCN(CCOC)c1nc(C)nc2c1nc(-c1ccccc1)n2CCN1CCOCC1,6.0
COCCN1CCC(c2cc(C)c3nc(-c4c(NCCn5cc(Cl)cn5)cc[nH]c4=O)[nH]c3c2)CC1,4.71
COCCN1CCC(c2cc(C)c3nc(-c4c(NC[C@@H](O)c5ccc(OC)c(Cl)c5)cc[nH]c4=O)[nH]c3c2)CC1,5.11
COCCN1CCC(c2cc(C)c3nc(-c4c(NC[C@@H](O)c5cccc(Cl)c5)cc[nH]c4=O)[nH]c3c2)CC1,4.96
COCCN1CCN(C(=O)c2nc3cc(C(F)(F)F)c(C)c([N+](=O)[O-])c3s2)CC1,4.02
COCCN1CCN(C(=O)c2nc3cc(C(F)(F)F)cc([N+](=O)[O-])c3s2)CC1,4.71
COCCN1CCN(Cc2ccc(NC(=O)c3ccc(C)c(C#Cc4cnc5cccnn45)c3)cc2C2CC2)CC1,4.87
COCCN1CCN(c2cc(C)c3nc(-c4c(NC[C@@H](O)c5cccc(Cl)c5)cc[nH]c4=O)[nH]c3c2)CC1,5.54
COCCN1CCN(c2ccc(OCc3ccccc3)c(C(=O)Nc3ccnnc3)c2)CC1,5.0
COCCN1CSC(=S)N(Cc2ccco2)C1,4.8
COCCN1Cc2c(nc(C)c(CN)c2-c2ccc(Cl)cc2Cl)C1=O,4.66
COCCN1Cc2nc(C)c(CN)c(-c3ccc(Cl)cc3Cl)c2C1=O,4.64
COCCN=C(S)N1C2CCC1CC(NC(=O)NC13CC4CC(CC(C4)C1)C3)C2,5.5
COCCNC(=O)/C(C#N)=C/c1ccc(-c2ccc(OC)cc2[N+](=O)[O-])o1,5.5
COCCNC(=O)C(c1ccc(C)o1)N(CC1CCCO1)C(=O)Cn1nnc2ccccc21,4.8
COCCNC(=O)C1(C)C=CC2(CCCCC2)N1C(=O)c1ccccc1,4.8
COCCNC(=O)C1(CC(C)C)C=CCN1C(=O)OC,7.0
COCCNC(=O)C1(CC(C)C)C=CCN1C(=O)c1ccccc1,4.7
COCCNC(=O)CCCCCn1c(=S)[nH]c2ccccc2c1=O,5.05
COCCNC(=O)COc1ccc(OCCNC[C@@H](O)COc2ccccc2)cc1,4.5
COCCNC(=O)CSc1nc2cc(OC)c(OC)cc2c(=O)n1Cc1ccco1,5.45
COCCNC(=O)CSc1nc2ccc(N3CCOCC3)cc2c(=O)n1Cc1ccc(OC)cc1,5.3
COCCNC(=O)O[C@]1(CCN(C)CCC(C)(C)c2nc3ccccc3[nH]2)CCc2cc(F)ccc2[C@@H]1C(C)C,5.1
COCCNC(=O)O[C@]1(CCN(C)CCCc2nc3c(OC)ccc(OC)c3[nH]2)CCc2cc(F)ccc2[C@@H]1C(C)C,4.89
COCCNC(=O)[C@@]1(C)C=C[C@@H](Cc2ccccc2)N1C(=O)c1ccccc1,5.1
COCCNC(=O)[C@@]1(Cc2ccccc2)C=C[C@@H](C)N1C(C)=O,4.7
COCCNC(=O)[C@H](C)/C=C(\c1cccnc1)C(NC(=O)OCc1ccccc1)c1ccc(C(=O)OC)cc1,5.3
COCCNC(=O)[C@H](C)/C=C/C(NC(=O)OCc1ccccc1)c1ccc(C(=O)OC)cc1,5.1
COCCNC(=O)[C@H](C)[C@@H]1C[C@@]1(C)[C@@H](NC(=O)OCc1ccccc1)c1ccccc1,5.1
COCCNC(=O)[C@H](C)[C@H]1C[C@]1(C)[C@H](NC(=O)OCc1ccccc1)c1ccccc1,5.5
COCCNC(=O)[C@H]1C[C@@H]1[C@H](NP(=O)(c1ccccc1)c1ccccc1)c1ccccc1,5.1
COCCNC(=O)c1cc2c3ccccc3n(C)c2s1,4.55
COCCNC(=O)c1onc(CSc2ccc(Cl)cc2)c1C(=O)O,4.8
COCCNC(=O)c1onc(CSc2ccccc2F)c1C(=O)O,4.45
COCCNS(=O)(=O)c1cccc(CC(=O)Nc2nc(-c3c[nH]c4ncccc34)cs2)c1,5.47
COCCNc1cc(-c2ccccc2C(F)(F)F)ncn1,4.9
COCCNc1ccnc(-c2c(C)noc2C)n1,4.5
COCCNc1ccnc(-c2cccc(NS(C)(=O)=O)c2)n1,4.6
COCCNc1nc(-c2c(C)noc2C)nc2ccccc12,4.8
COCCNc1nc(-c2ccc(C(=O)N(C)C)cc2)nc2ccccc12,4.8
COCCNc1nc(-c2ccc(N(C)C)cc2)nc2ccccc12,4.9
COCCNc1nc(-c2cccc(NS(C)(=O)=O)c2)nc2ccccc12,4.9
COCCNc1nc(-c2cccc(OC)c2)nc2ccccc12,5.3
COCCNc1nc(-c2ccccc2C(F)(F)F)nc2ccccc12,4.9
COCCNc1nc(-c2ccccc2C)nc2ccccc12,4.9
COCCNc1nc(-c2ccccc2CN(C)C)nc2ccccc12,4.8
COCCNc1nc(-c2ccccc2Cl)nc2ccccc12,4.9
COCCNc1nc(-c2ccccc2OC)nc2ccccc12,4.7
COCCNc1nc(-c2ccoc2)nc2ccccc12,4.9
COCCNc1nc(C)nc2c1nc(-c1ccccc1)n2C1CCN(Cc2ccccc2)C1,4.9
COCCNc1nc(C)nc2c1nc(-c1ccccc1)n2CCCN1CCCCC1C,5.4
COCCNc1nc(C)nc2c1nc(-c1ccccc1)n2CCN1CCCC1,4.6
COCCNc1nc(C)nc2c1nc(-c1ccccc1)n2CCN1CCCCC1,5.0
COCCNc1nc(SCc2ccccc2)nc2sc3c(c12)CCC3,4.9
COCCNc1nc2cnc3cc(-c4c(C)noc4C)c(OC)cc3c2n1Cc1ccccn1,4.8
COCCNc1nc2cnc3cc(-c4c(C)noc4C)c(OC)cc3c2n1[C@H](C)c1ccccn1,5.1
COCCNc1ncnc2[nH]cc(C(=O)c3c(F)ccc(NS(=O)(=O)c4ccc(C(F)(F)F)cc4)c3F)c12,5.12
COCCNc1ncnc2ccc(-c3c(C)noc3C)cc12,4.5
COCCNc1ncnc2ccc(-c3ccc(C(=O)N(C)C)cc3)cc12,4.8
COCCNc1ncnc2ccc(-c3ccc(N(C)C)cc3)cc12,5.1
COCCNc1ncnc2ccc(-c3cccc(NS(C)(=O)=O)c3)cc12,4.8
COCCNc1ncnc2ccc(-c3cccc(OC)c3)cc12,4.9
COCCNc1ncnc2ccc(-c3ccccc3C(F)(F)F)cc12,4.8
COCCNc1ncnc2ccc(-c3ccccc3C)cc12,4.7
COCCNc1ncnc2ccc(-c3ccccc3CN(C)C)cc12,4.5
COCCNc1ncnc2ccc(-c3ccccc3OC)cc12,4.8
COCCNc1ncnc2ccc(-c3cccnc3)cc12,5.0
COCCNc1ncncc1-c1c(C)noc1C,5.3
COCCNc1ncncc1-c1ccccc1OC,6.5
COCCOC(=O)C1=C(C)NC(=O)N(C(C)=O)C1c1ccc(Cl)cc1,4.75
COCCOC(=O)C1=C(C)NC(C)=C(C(=O)OC(C)C)C1c1cccc([N+](=O)[O-])c1,5.75
COCCOC(=O)C1=C(C)NC(C)=C(C(=O)OC(C)C)[C@@H]1c1cccc([N+](=O)[O-])c1,5.7
COCCOC(=O)C1=C(C)NC(C)=C(C(=O)OC(C)C)[C@H]1c1cccc([N+](=O)[O-])c1,5.6
COCCOC(=O)N1CCN(C2CCN(c3cc(C)c4nc(-c5c(NC[C@@H](O)c6cccc(Cl)c6)cc[nH]c5=O)[nH]c4c3)CC2)CC1,8.62
COCCOC1CCN(c2cc(C)c3nc(-c4c(NC[C@@H](O)c5cccc(Cl)c5)cc[nH]c4=O)[nH]c3c2)CC1,9.05
COCCOCC(=O)N1CCN(C2CCN(c3cc(C)c4nc(-c5c(NC[C@@H](O)c6cccc(Cl)c6)cc[nH]c5=O)[nH]c4c3)CC2)CC1,8.52
COCCOCCOCCOc1cc(Nc2nccc(Oc3ccc(NC(=O)Nc4cc(C(C)(C)C)cc(NS(C)(=O)=O)c4OC)c4ccccc34)n2)cc(OC)c1,5.57
COCCOc1ccccc1N1CCN(C(=O)C2(Oc3ccc(C(F)(F)F)cc3)CCCN(C(=O)c3cnccc3C(F)(F)F)C2)CC1.Cl,5.914999999999999
COCCOc1ccccc1N1CCN(C(=O)[C@]2(Oc3ccc(C(F)(F)F)cc3)CCCN(C(=O)c3cnccc3C(F)(F)F)C2)CC1.Cl,5.914999999999999
COCCOc1ccccc1N1CCN(C(=O)[C@]2(Oc3ccc(C(F)(F)F)cc3)CCCN(C(=O)c3cnccc3C(F)(F)F)[C@@H]2CC(O)CO)CC1.Cl,5.12
COCCOc1ccccc1N1CCN(C(=O)[C@]2(Oc3ccc(C(F)(F)F)cc3)CCCN(C(=O)c3cnccc3C(F)(F)F)[C@@H]2CCO)CC1.Cl,5.465
COCCOc1cnc2ccc([C@H](C)n3nnc4ccn(-c5cc(C)ns5)c(=O)c43)cc2c1,5.25
COCCOc1cncc(-c2cc(NC(C)=O)nc(-n3nc(C)cc3C)n2)c1,4.85
COCCS(=O)(=O)N1CCN(c2ccc(OC[C@@H]3CO[C@@](Cn4ccnc4)(c4ccc(Cl)cc4Cl)O3)cc2)CC1,6.73
COCC[C@@H](C(=O)Nc1ccc(C(N)=O)c(F)c1)n1cc(OC)c(-c2cc(Cl)ccc2C#N)cc1=O,5.3
COCC[C@@H](C(=O)Nc1ccc(C(N)=O)nc1)n1cc(OC)c(-c2cc(Cl)ccc2C#N)cc1=O,4.82
COCC[C@@H](C(=O)Nc1ccc2nccnc2c1)n1cc(OC)c(-c2cc(Cl)ccc2C#N)cc1=O,5.24
COCC[C@@H](C(=O)Nc1ccc2nn(C)cc2c1)n1cc(OC)c(-c2cc(Cl)ccc2C#N)cc1=O,5.295
COCCc1ccc(Cl)c(CN(C(=O)[C@H]2CNCC[C@@H]2c2ccc(OCCOc3c(Cl)cc(C)cc3Cl)cc2)C2CC2)c1,5.5
COCCn1c(=O)[nH]c2cc(C(=O)N3CCN(c4ccccc4OC)CC3)ccc2c1=O,4.85
COCCn1c(=O)c(-c2cc(F)cc(F)c2)nc2cnc(N3CCNCC3)nc21,4.7
COCCn1c(=O)c(-c2cc(F)cc(F)c2)nc2cnc(Nc3cccc(OC)c3)nc21,5.1
COCCn1c(=O)c(-c2cc(F)cc(F)c2)nc2cnc(OC)nc21,4.8
COCCn1c(=O)c(-c2cc(F)cc(F)c2)nc2cnc(OCc3ccccc3)nc21,4.9
COCCn1c(=O)c(-c2cc(F)cc(F)c2)nc2cnc(Oc3ccc(OC)cc3)nc21,5.5
COCCn1c(=O)c(-c2cc(F)cc(F)c2)nc2cnc(Oc3cccc(Cl)c3)nc21,5.0
COCCn1c(=O)c(-c2cc(F)cc(F)c2)nc2cnc(Oc3ccccc3)nc21,4.7
COCCn1c(=O)c(-c2cc(F)cc(F)c2)nc2cncnc21,4.8
COCCn1c(=O)c(-c2ccc(Cl)cc2)nc2cnc(N3CCNCC3)nc21,4.8
COCCn1c(=O)c(-c2ccc(Cl)cc2)nc2cnc(OC)nc21,5.1
COCCn1c(=O)c(-c2ccc(Cl)cc2)nc2cnc(OCc3ccccc3)nc21,4.6
COCCn1c(=O)c(-c2ccc(Cl)cc2)nc2cnc(Oc3ccc(OC)cc3)nc21,5.3
COCCn1c(=O)c(-c2ccc(Cl)cc2)nc2cnc(Oc3cccc(Cl)c3)nc21,4.9
COCCn1c(=O)c(-c2ccc(Cl)cc2)nc2cnc(Oc3ccccc3)nc21,4.6
COCCn1c(=O)c(-c2ccc(Cl)cc2)nc2cncnc21,4.9
COCCn1c(=O)c(-c2ccc(F)c(F)c2)nc2cncnc21,4.9
COCCn1c(=O)c(-c2ccc(F)cc2)nc2cnc(Nc3cccc(OC)c3)nc21,5.1
COCCn1c(=O)c(-c2ccc(F)cc2)nc2cnc(OC)nc21,4.8
COCCn1c(=O)c(-c2ccc(F)cc2)nc2cnc(OCc3ccccc3)nc21,4.9
COCCn1c(=O)c(-c2ccc(F)cc2)nc2cnc(Oc3ccc(OC)cc3)nc21,5.7
COCCn1c(=O)c(-c2ccc(F)cc2)nc2cnc(Oc3cccc(Cl)c3)nc21,5.1
COCCn1c(=O)c(-c2ccc(F)cc2)nc2cnc(Oc3ccccc3)nc21,4.8
COCCn1c(=O)c(-c2ccc(F)cc2)nc2cncnc21,4.9
COCCn1c(=O)c(-c2ccc(OC)cc2)nc2cnc(N3CCNCC3)nc21,4.8
COCCn1c(=O)c(-c2ccc(OC)cc2)nc2cnc(Nc3cccc(OC)c3)nc21,5.3
COCCn1c(=O)c(-c2ccc(OC)cc2)nc2cnc(OC)nc21,4.8
COCCn1c(=O)c(-c2ccc(OC)cc2)nc2cnc(OCc3ccccc3)nc21,4.6
COCCn1c(=O)c(-c2ccc(OC)cc2)nc2cnc(Oc3ccc(OC)cc3)nc21,5.4
COCCn1c(=O)c(-c2ccc(OC)cc2)nc2cnc(Oc3cccc(Cl)c3)nc21,5.7
COCCn1c(=O)c(-c2ccc(OC)cc2)nc2cnc(Oc3ccccc3)nc21,5.1
COCCn1c(=O)c(-c2cccc(C#N)c2)nc2cnc(N3CCNCC3)nc21,4.7
COCCn1c(=O)c(-c2cccc(C#N)c2)nc2cnc(Nc3ccccc3)nc21,5.2
COCCn1c(=O)c(-c2cccc(C#N)c2)nc2cnc(OC)nc21,4.8
COCCn1c(=O)c(-c2cccc(C#N)c2)nc2cnc(OCc3ccccc3)nc21,5.0
COCCn1c(=O)c(-c2cccc(C#N)c2)nc2cnc(Oc3ccc(OC)cc3)nc21,5.6
COCCn1c(=O)c(-c2cccc(C#N)c2)nc2cnc(Oc3cccc(Cl)c3)nc21,4.5
COCCn1c(=O)c(-c2cccc(C#N)c2)nc2cnc(Oc3ccccc3)nc21,4.6
COCCn1c(=O)c(-c2cccc(Cl)c2)nc2cncnc21,4.8
COCCn1c(=O)c(-c2cccc(F)c2)nc2cncnc21,4.8
COCCn1c(=O)c(-c2ccccc2)nc2cnc(N(C)C)nc21,4.4
COCCn1c(=O)c(-c2ccccc2)nc2cnc(N3CCNCC3)nc21,4.8
COCCn1c(=O)c(-c2ccccc2)nc2cnc(Nc3ccccc3)nc21,4.9
COCCn1c(=O)c(-c2ccccc2)nc2cnc(OC)nc21,4.6
COCCn1c(=O)c(-c2ccccc2)nc2cnc(OCc3ccccc3)nc21,4.6
COCCn1c(=O)c(-c2ccccc2)nc2cnc(Oc3ccc(OC)cc3)nc21,6.0
COCCn1c(=O)c(-c2ccccc2)nc2cnc(Oc3cccc(Cl)c3)nc21,4.7
COCCn1c(=O)c(-c2ccccc2)nc2cnc(Oc3ccccc3)nc21,4.5
COCCn1c(=O)c(-c2cccs2)nc2cnc(N(C)C)nc21,5.1
COCCn1c(=O)c(-c2cccs2)nc2cnc(N3CCN(C)CC3)nc21,4.5
COCCn1c(=O)c(-c2cccs2)nc2cnc(N3CCNCC3)nc21,4.8
COCCn1c(=O)c(-c2cccs2)nc2cnc(N3CCOCC3)nc21,4.9
COCCn1c(=O)c(-c2cccs2)nc2cnc(Nc3ccccc3)nc21,5.2
COCCn1c(=O)c(-c2cccs2)nc2cnc(OC)nc21,5.0
COCCn1c(=O)c(-c2cccs2)nc2cnc(OCc3ccccc3)nc21,5.5
COCCn1c(=O)c(-c2cccs2)nc2cnc(Oc3ccc(OC)cc3)nc21,6.1
COCCn1c(=O)c(-c2cccs2)nc2cnc(Oc3ccccc3)nc21,4.7
COCCn1c(=O)c(-c2cccs2)nc2cncnc21,4.8
COCCn1c(=O)c(-c2cn(C)c3ccccc23)nc2cnc(N3CCNCC3)nc21,4.6
COCCn1c(=O)c(-c2cn(C)c3ccccc23)nc2cnc(OCc3ccccc3)nc21,5.1
COCCn1c(=O)c(-c2cn(C)c3ccccc23)nc2cnc(Oc3ccc(OC)cc3)nc21,5.4
COCCn1c(=O)c(-c2cn(C)c3ccccc23)nc2cnc(Oc3ccccc3)nc21,5.5
COCCn1c(=O)c(-c2cn(C)c3ccccc23)nc2cncnc21,5.5
COCCn1c(=O)c(C)nc2cnc(Nc3cccc(OC)c3)nc21,4.8
COCCn1c(=O)c(C)nc2cnc(Nc3ccccc3)nc21,4.7
COCCn1c(=O)c(C)nc2cnc(OC)nc21,4.5
COCCn1c(=O)c(C)nc2cnc(OCc3ccccc3)nc21,4.9
COCCn1c(=O)c(C)nc2cnc(Oc3ccc(OC)cc3)nc21,4.8
COCCn1c(=O)c(C)nc2cnc(Oc3cccc(Cl)c3)nc21,4.9
COCCn1c(=O)c(C)nc2cnc(Oc3ccccc3)nc21,4.6
COCCn1c(=O)c(C)nc2cncnc21,4.9
COCCn1c(=O)c(CCc2ccccc2)nc2cnc(N(C)C)nc21,4.8
COCCn1c(=O)c(CCc2ccccc2)nc2cnc(N3CCNCC3)nc21,4.9
COCCn1c(=O)c(CCc2ccccc2)nc2cnc(Nc3cccc(OC)c3)nc21,5.4
COCCn1c(=O)c(CCc2ccccc2)nc2cnc(Nc3ccccc3)nc21,5.3
COCCn1c(=O)c(CCc2ccccc2)nc2cnc(OC)nc21,4.9
COCCn1c(=O)c(CCc2ccccc2)nc2cnc(OCc3ccccc3)nc21,5.6
COCCn1c(=O)c(CCc2ccccc2)nc2cnc(Oc3ccc(OC)cc3)nc21,5.5
COCCn1c(=O)c(CCc2ccccc2)nc2cnc(Oc3cccc(Cl)c3)nc21,6.1
COCCn1c(=O)c(CCc2ccccc2)nc2cnc(Oc3ccccc3)nc21,5.5
COCCn1c(=O)c(CCc2ccccc2)nc2cncnc21,5.1
COCCn1c(=O)cnc2cnc(Nc3cccc(OC)c3)nc21,4.8
COCCn1c(=O)cnc2cnc(OCc3ccccc3)nc21,4.7
COCCn1c(=O)cnc2cnc(Oc3ccc(OC)cc3)nc21,4.8
COCCn1c(=O)cnc2cnc(Oc3cccc(Cl)c3)nc21,4.5
COCCn1c(=O)cnc2cnc(Oc3ccccc3)nc21,4.6
COCCn1c(=O)n(C2CCN(C(=O)C3CCN(Cc4ccncc4)CC3)CC2)c2ccccc21,4.96
COCCn1c(C(=O)N(C)C)cc2c1C[C@H]1CN(C(=O)c3ccccc3)[C@@](Cc3ccc(F)cc3)(C(=O)OC)[C@@H]21,5.8
COCCn1c(C(=O)N2CCCC2)cc2c1C[C@H]1CN(C(=O)c3ccccc3)[C@@](Cc3ccc(F)cc3)(C(=O)OC)[C@@H]21,5.7
COCCn1c(C(=O)N2CCCC2)cc2c1C[C@H]1CN(C(=O)c3ccccc3)[C@@](Cc3ccc(OC)cc3)(C(=O)OC)[C@@H]21,5.5
COCCn1c(C(=O)N2CCCC2)cc2c1C[C@H]1CN(C(=O)c3ccccc3)[C@@](Cc3ccccc3)(C(=O)OC)[C@@H]21,5.5
COCCn1c(C)cc2c(c1=O)C(c1ccccc1F)C(C#N)=C(N)O2,5.25
COCCn1c(Cc2ccccc2)nnc1SCc1nc(O)c2ccccc2n1,5.5
COCO[C@@H]([C@@H]1OC(C)(C)O[C@H]1CO)[C@@H](CNC(=O)c1ccccc1)c1ccc2c(c1)OCO2,5.81
COCO[C@@H]([C@@H]1OC(C)(C)O[C@H]1COC(C)=O)[C@@H](CNC(=O)c1ccccc1)c1ccc2c(c1)OCO2,5.995
COCO[C@@H]([C@@H]1OC(C)(C)O[C@H]1COS(=O)(=O)c1ccc(C)cc1)[C@@H](CNC(=O)c1ccccc1)c1ccc2c(c1)OCO2,7.155
COCO[C@@H]([C@@H]1OC(C)(C)O[C@H]1CO[Si](C)(C)C(C)(C)C)[C@@H](CNC(=O)OC(C)(C)C)c1ccc2c(c1)OCO2,6.5
COCO[C@@H]([C@@H]1OC(C)(C)O[C@H]1CO[Si](C)(C)C(C)(C)C)[C@@H](CNC(=O)c1ccccc1)c1ccc2c(c1)OCO2,7.51
COCO[C@@H]([C@@H]1OC(C)(C)O[C@H]1CO[Si](c1ccccc1)(c1ccccc1)C(C)(C)C)[C@@H](CNC(=O)c1ccccc1)c1ccc2c(c1)OCO2,6.24
COCO[C@H]([C@@H]1OC(C)(C)O[C@H]1CO)[C@H](CNC(=O)c1ccccc1)c1ccc2c(c1)OCO2,5.75
COCO[C@H]([C@@H]1OC(C)(C)O[C@H]1COS(=O)(=O)c1ccc(C)cc1)[C@H](CNC(=O)c1ccccc1)c1ccc2c(c1)OCO2,7.16
COCO[C@H]([C@@H]1OC(C)(C)O[C@H]1CO[Si](C)(C)C(C)(C)C)[C@H](CNC(=O)OC(C)(C)C)c1ccc2c(c1)OCO2,6.62
COCO[C@H]([C@@H]1OC(C)(C)O[C@H]1CO[Si](C)(C)C(C)(C)C)[C@H](CNC(=O)c1ccccc1)c1ccc2c(c1)OCO2,7.529999999999999
COCOc1cc(OC)ccc1C(=O)/C=C\c1ccc2c(c1)OCO2,6.0
COCOc1ccc(Br)cc1C(=O)/C=C\c1ccc2c(c1)OCO2,5.5
COCOc1ccc(Br)cc1C(=O)[C@H]1O[C@H]1c1cccc(OC)c1,5.4
COC[C@@H](C)n1c(C2CCOCC2)nc2cnc3cc(-c4c(C)noc4C)c(OC)cc3c21,4.6
COC[C@@H](O)COc1cn2ncnc(Oc3ccc4[nH]c(C)cc4c3F)c2c1C,6.0
COC[C@@H](Oc1cc(C[C@@H]2C[S@@+]([O-])C[C@H](NCc3cc(C(C)(C)C)ccc3F)[C@H]2O)cc(F)c1N)C(F)(F)F,7.0
COC[C@@H](Oc1cc(C[C@@H]2C[S@@+]([O-])C[C@H](NCc3cc(C(C)(C)C)ccn3)[C@H]2O)cc(F)c1N)C(F)(F)F,5.8
COC[C@@H](Oc1cc(C[C@@H]2C[S@@+]([O-])C[C@H](NCc3cc(CC(C)(C)C)on3)[C@H]2O)cc(F)c1N)C(F)(F)F,5.96
COC[C@@H](Oc1cc(C[C@@H]2C[S@@+]([O-])C[C@H](NCc3cccc(C(C)(C)C)c3)[C@H]2O)cc(F)c1N)C(F)(F)F,6.7
COC[C@@H](Oc1cc(C[C@@H]2C[S@@+]([O-])C[C@H](NCc3cccc(C(C)(C)CO)c3)[C@H]2O)cc(F)c1N)C(F)(F)F,6.0
COC[C@@H](Oc1cc(C[C@@H]2C[S@@+]([O-])C[C@H](NCc3cccc(C(C)(C)O)c3)[C@H]2O)cc(F)c1N)C(F)(F)F,5.62
COC[C@@H](Oc1cc(C[C@@H]2C[S@@+]([O-])C[C@H](NCc3cccc(C(C)C)c3)[C@H]2O)cc(F)c1N)C(F)(F)F,6.16
COC[C@@H](Oc1cc(C[C@@H]2C[S@@+]([O-])C[C@H](NCc3cccc(OC(C)C)c3)[C@H]2O)cc(F)c1N)C(F)(F)F,6.05
COC[C@@H](Oc1cc(C[C@@H]2C[S@@+]([O-])C[C@H](NCc3cccc(OC(F)(F)F)c3)[C@H]2O)cc(F)c1N)C(F)(F)F,5.33
COC[C@@H](Oc1cc(C[C@@H]2C[S@@+]([O-])C[C@H](NCc3cnn(CC(C)(C)C)c3)[C@H]2O)cc(F)c1N)C(F)(F)F,5.44
COC[C@@H](Oc1cc(C[C@@H]2C[S@@+]([O-])C[C@H](N[C@H](C)c3cccc(C(C)(C)C)c3)[C@H]2O)cc(F)c1N)C(F)(F)F,7.0
COC[C@@]12CNCC[C@]1(c1ccc(Cl)c(Cl)c1)C2,5.0
COC[C@@]12CNCC[C@]1(c1ccc3ccccc3c1)C2,5.1
COC[C@H](C)COCc1ccc([C@@]2(O)CCNC[C@@H]2c2noc(-c3ccccc3CCNC(C)=O)c2Br)cc1,4.54
COC[C@H](C)N1Cc2nc(C)c(CN)c(-c3ccc(Cl)cc3Cl)c2C1=O,4.89
COC[C@H](Cc1ccccc1)NC[C@@H](O)c1cc(C(F)(F)F)nc2c(C(F)(F)F)cccc12,5.545
COC[C@H](NC(=O)N(C)Cc1csc(C(C)C)n1)C(=O)N[C@H](CC[C@H](Cc1ccccc1)NC(=O)OCc1cncs1)Cc1ccccc1,6.82
COC[C@H]1OC(=O)c2coc3c2[C@@]1(C)C1=C(C3=O)[C@H]2CCC(=O)[C@@]2(C)C[C@H]1OC(C)=O,5.1
COC[C@]1(c2ccccc2)CCN([C@@H](C)c2ccc(-c3ccn(C)c(=O)c3)cc2)C(=O)O1,4.33
COCc1c(C(=O)NCc2ccncc2)cnn1-c1ncc(C)c(-c2cccs2)n1,5.54
COCc1cc(C)nc(OCC(=O)N/N=C/c2ccc(-c3cccc([N+](=O)[O-])c3)o2)c1C#N,5.65
COCc1cnc(N2CCC([C@H]3C[C@H]3COCc3ccc(S(C)(=O)=O)cc3F)CC2)nc1,4.4
COCc1nc(N2CCN(CCc3ccc(F)c(F)c3)CC2)c2c(n1)c1c(Cl)nccc1n2C,4.43
COCc1nc2c([nH]1)c(=O)n(C)c(=O)n2CC(C)C,5.9
COCc1nc2cnc3cc(-c4c(C)noc4C)c(OC[C@H]4CCNC4)cc3c2n1[C@H](C)c1ccccc1,5.6
COCc1nn(Cc2ccc(Cn3ccccc3=O)cc2)cc1C(=O)NCc1c(F)ccc(OC)c1F,4.84
COCc1nnc(N2C[C@@H]3C[C@]3(c3ccc(F)cc3Cl)C2)n1-c1ccc(OC)nc1,4.7
CON(C)C(=O)c1c(Cn2c(C)nc(Cl)c2Cl)sc2c1c(=O)n(C)c(=O)n2CC(C)C,4.36
CON(C)C(=O)c1nnc2c3ccccc3n(S(=O)(=O)c3ccc(C)cc3)c2n1,5.45
CON(c1nc(N(C)C)nc(N(C)C)n1)S(=O)(=O)c1ccccc1Cl,4.9
CON=C1CCC(CNc2cc(F)c(S(=O)(=O)Nc3nccs3)cc2Cl)CC1,4.86
CONC(=O)c1cc(Nc2ncnn3cc(-c4ncc(C)o4)c(C(C)C)c23)c(F)cc1F,5.29
COP(=O)(OC)O/C(=C\Cl)c1cc(Cl)c(Cl)cc1Cl,5.1
COP(=O)(OC)OC=C(Cl)Cl,4.8
COP(=S)(OC)Oc1ccc(SC)c(C)c1,4.9
COP(=S)(OC)Oc1ccc([N+](=O)[O-])cc1,5.4
COP(=S)(OC)SCn1nnc2ccccc2c1=O,5.1
CO[C@@H]1/C=C\CC(=O)N[C@@H](C)C(=O)OC[C@@H](OC)[C@H](C)/C=C\CC(=O)OC[C@H]1C,5.4
CO[C@@H]1/C=C\CC(=O)N[C@@H](C)C(=O)OC[C@@H](OC)[C@H](C)CCCC(=O)OC[C@H]1C,5.5
CO[C@@H]1/C=C\CC(=O)N[C@@H](C)C(=O)OC[C@H](NS(=O)(=O)c2ccc(C)cc2)[C@H](C)/C=C\CC(=O)OC[C@H]1C,5.4
CO[C@@H]1/C=C\O[C@@]2(C)Oc3c(C)c(O)c4c(c3C2=O)/C(=N/[C@H]2CC[C@H](O)O[C@@H]2C)C=C(NC(=O)/C(C)=C\C(=O)[C@@H]2C[C@@H]2[C@@H](O)[C@H](C)[C@@H](O)[C@H](C)[C@H](OC(C)=O)[C@@H]1C)C4=O,5.9
CO[C@@H]1/C=C\O[C@]2(C)Oc3c(C)c(O)c4c(O)c(c(CN5CCN(C)CC5)c(O)c4c3C2=O)NC(=O)/C(C)=C\C=C[C@@H](C)[C@@H](O)[C@H](C)[C@@H](O)[C@H](C)[C@H](OC(C)=O)[C@@H]1C,5.4
CO[C@@H]1/C=C\O[C@]2(C)Oc3c(C)c(O)c4c(O)c(cc(O)c4c3C2=O)NC(=O)/C(C)=C\C=C[C@H](C)[C@@H](O)[C@H](C)[C@H](O)[C@H](C)[C@H](OC(C)=O)[C@@H]1C,5.4
CO[C@@H]1CC=C2CCN3CCC4=C(CC(=O)OC4)[C@]23C1,4.4
CO[C@@H]1COC(=O)C/C=C/[C@@H](C)[C@@H]2C=C[C@H](O)[C@@H](COC(=O)C/C=C\[C@H]1C)O2,5.2
CO[C@@H]1COC(=O)C/C=C\[C@@H](C)COC(=O)[C@H](COCc2ccccc2)NC(=O)C/C=C\[C@H]1C,5.4
CO[C@@H]1COC(=O)C/C=C\[C@@H](C)COC(=O)[C@H](Cc2ccccc2)NC(=O)C/C=C\[C@H]1C,5.8
CO[C@@H]1COC(=O)C/C=C\[C@@H](C)[C@@H]2C=C[C@H](O)[C@@H](COC(=O)CCC[C@H]1C)O2,5.4
CO[C@@H]1COC(=O)C/C=C\[C@@H](C)[C@H](OC)COC(=O)C/C=C\[C@H]1C,5.2
CO[C@@H]1COC(=O)C/C=C\[C@@H](C)[C@H](OC)COC(=O)[C@H](COCc2ccccc2)NC(=O)C/C=C\[C@H]1C,5.3
CO[C@@H]1COC(=O)C/C=C\[C@H](C)COC(=O)[C@H](Cc2ccccc2)NC(=O)C/C=C\[C@H]1C,5.2
CO[C@@H]1COC(=O)C/C=C\[C@H](C)[C@@H](NS(=O)(=O)c2ccc(C)cc2)COC(=O)C/C=C\[C@@H]1C,5.45
CO[C@@H]1COC(=O)CCC[C@@H](C)[C@H](OC)COC(=O)[C@H](Cc2ccccc2)NC(=O)C/C=C\[C@H]1C,5.4
CO[C@@H]1COC(=O)[C@@H](C)NC(=O)C/C=C\[C@@H](C)[C@H](NS(=O)(=O)c2ccc(C)cc2)COC(=O)[C@H](C)NC(=O)C/C=C\[C@H]1C,5.3
CO[C@@H]1COC(=O)[C@@H](CCSC)NC(=O)C/C=C\[C@@H](C)COC(=O)CCC[C@H]1C,5.4
CO[C@@H]1COC(=O)[C@H](COCc2ccccc2)NC(=O)C/C=C\[C@@H](C)[C@H](OC)COC(=O)[C@@H](C)NC(=O)C/C=C\[C@H]1C,5.5
CO[C@@H]1COC(=O)[C@H]2CCCN2C(=O)[C@@H](C)COC(=O)[C@H](COCc2ccccc2)NC(=O)C/C=C\[C@H]1C,5.4
CO[C@@H]1COCC[C@@H]1N[C@@H]1C[C@H]2CCC[C@@]2(C(=O)N2CCc3ncc(C(F)(F)F)cc3C2)C1,5.12
CO[C@@H]1C[C@H](O[C@H]2[C@@H](C)[C@H](O[C@@H]3O[C@@H](C)C[C@@H](N(C)C)[C@@H]3OC(C)=O)[C@H](C)C[C@]3(CO3)C(=O)[C@H](C)[C@H](OC(C)=O)[C@H](C)[C@H](C)OC(=O)[C@@H]2C)O[C@H](C)[C@@H]1OC(C)=O,5.5
CO[C@@H]1OC[C@H](Cc2ccc3c(c2)OCO3)[C@H]1Cc1ccc2c(c1)OCO2,5.11
CO[C@@H]1[C@H](OC(=O)N[C@@H](C(N)=O)C(C)C)CC[C@]2(CO2)[C@H]1[C@@]1(C)O[C@@H]1CC=C(C)C,4.24
CO[C@@]12C[C@@H](COC(=O)c3cncc(Br)c3)CN(C)[C@H]1Cc1cn(C)c3cccc2c13,5.25
CO[C@H](C)C(=O)N[C@@H](Cc1ccc2c(c1)OCO2)[C@H](O)CN[C@H]1CC2(CCC2)Oc2ncc(CC(C)(C)C)cc21,7.3
CO[C@H]1/C=C\O[C@@]2(C)Oc3c(C)c(O)c4c(O)c(c5c(c4c3C2=O)=NC2(CCN(CC(C)C)CC2)N=5)NC(=O)/C(C)=C\C=C/[C@H](C)[C@H](O)[C@@H](C)[C@@H](O)[C@@H](C)[C@H](OC(C)=O)[C@@H]1C,4.8
CO[C@H]1CC[C@@H](C(=O)c2ccc3nc4c(cc3c2)CCCO4)CC1,5.3
CO[C@H]1COC(=O)C/C=C\[C@@H](C)COC(=O)[C@@H](CCSC)NC(=O)C/C=C\[C@@H]1C,5.35
CO[C@H]1COC(=O)C/C=C\[C@@H](C)COC(=O)[C@@H](OCc2ccccc2)/C=C\[C@@H]1C,5.4
CO[C@H]1COC(=O)C/C=C\[C@@H](C)[C@H](OC)COC(=O)CCC[C@@H]1C,5.5
CO[C@H]1COC(=O)C/C=C\[C@H](C)COC(=O)[C@@H](OCc2ccccc2)/C=C\[C@@H]1C,5.4
CO[C@H]1COC(=O)C/C=C\[C@H](C)[C@@H](NS(=O)(=O)c2ccc(C)cc2)COC(=O)C/C=C\[C@@H]1C,5.5
CO[C@H]1COC(=O)C/C=C\[C@H](C)[C@@H](NS(=O)(=O)c2ccc(C)cc2)COC(=O)CCC[C@@H]1C,5.4
CO[C@H]1COC(=O)C/C=C\[C@H](C)[C@@H](OC)COC(=O)[C@@H](C)COC(=O)C/C=C\[C@@H]1C,5.4
CO[C@H]1COC(=O)C/C=C\[C@H](C)[C@@H](OC)COC(=O)[C@H](C)COC(=O)C/C=C\[C@@H]1C,5.3
CO[C@H]1COC(=O)C/C=C\[C@H](C)[C@@H](OC)COC(=O)[C@H](Cc2ccccc2)NC(=O)C/C=C\[C@@H]1C,5.5
CO[C@H]1COC(=O)C/C=C\[C@H](C)[C@H](OC)COC(=O)[C@@H](C)COC(=O)C/C=C\[C@@H]1C,5.35
CO[C@H]1COC(=O)CCC[C@@H](C)[C@H](OC)COC(=O)[C@H]2CCCN2C(=O)C/C=C\[C@@H]1C,5.3
CO[C@H]1COC(=O)[C@@H](C)COC(=O)[C@@H](COCc2ccccc2)NC(=O)C/C=C\[C@H]1C,5.4
CO[C@H]1COC(=O)[C@@H](C)COC(=O)[C@@H](Cc2ccccc2)NC(=O)C/C=C\[C@H]1C,5.2
CO[C@H]1COC(=O)[C@@H](CCSC)NC(=O)C/C=C\[C@@H](C)COC(=O)[C@@H](OCc2ccccc2)/C=C\[C@@H]1C,5.3
CO[C@H]1COC(=O)[C@@H](Cc2ccccc2)NC(=O)[C@@H](C)COC(=O)C/C=C\[C@@H]1C,5.2
CO[C@H]1COC(=O)[C@@H](Cc2ccccc2)NC(=O)[C@@H](C)COC(=O)CCC[C@@H]1C,5.5
CO[C@H]1COC(=O)[C@H](C)COC(=O)C/C=C\[C@@H](C)[C@H](OC)COC(=O)C/C=C\[C@@H]1C,5.4
CO[C@H]1COC(=O)[C@H](C)COC(=O)[C@@H](Cc2ccccc2)NC(=O)C/C=C\[C@H]1C,5.2
CO[C@H]1COC(=O)[C@H](C)NC(=O)C/C=C\[C@@H](C)[C@@H](NS(=O)(=O)c2ccc(C)cc2)COC(=O)C/C=C\[C@@H]1C,5.4
CO[C@H]1COC(=O)[C@H](C)NC(=O)C/C=C\[C@@H](C)[C@@H](NS(=O)(=O)c2ccc(C)cc2)COC(=O)[C@H](OCc2ccccc2)/C=C\[C@@H]1C,5.5
CO[C@H]1COC(=O)[C@H](C)NC(=O)C/C=C\[C@@H](C)[C@H](OC)COC(=O)C/C=C\[C@@H]1C,5.3
CO[C@H]1COC(=O)[C@H](Cc2ccccc2)NC(=O)C/C=C\[C@@H](C)[C@H](OC)COC(=O)C/C=C\[C@@H]1C,5.4
CO[C@H]1COC(=O)[C@H]2CCCN2C(=O)C/C=C\[C@@H](C)[C@H](OC)COC(=O)C/C=C\[C@@H]1C,5.4
CO[C@H]1COC(=O)[C@H]2CCCN2C(=O)C/C=C\[C@@H](C)[C@H](OC)COC(=O)[C@@H](OCc2ccccc2)/C=C\[C@@H]1C,5.4
CO[C@H]1C[C@@H](O[C@@H]2[C@H](C)[C@H](O[C@@H]3O[C@@H](C)C[C@@H](N(C)C)[C@@H]3O)[C@H](C)C[C@]3(CO3)C(=O)[C@H](C)[C@H](O)[C@H](C)[C@H](C)OC(=O)[C@@H]2C)O[C@@H](C)[C@H]1O,4.9
CO[C@H]1C[C@@H]2CC[C@@H](C)[C@@](O)(O2)C(=O)C(=O)N2CCCC[C@H]2C(=O)O[C@H]([C@H](C)C[C@@H]2CC[C@@H](O)[C@H](OC)C2)CC(=O)[C@H](C)/C=C(\C)[C@@H](O)[C@@H](OC)C(=O)[C@H](C)C[C@H](C)/C=C/C=C/C=C/1C,5.7
CO[C@H]1C[C@H](O[C@H]2[C@H](C)[C@@H](O[C@@H]3O[C@H](C)C[C@H](N(C)C)[C@H]3OC(C)=O)[C@@H](C)C[C@@]3(CO3)C(=O)[C@H](C)[C@@H](OC(C)=O)[C@@H](C)[C@@H](C)OC(=O)[C@@H]2C)O[C@@H](C)[C@@H]1OC(C)=O,4.7
CO[C@H]1OC[C@@]2(C)[C@@H]3C4=C(CN2C(=O)OC(C)(C)C)[C@H](C)[C@H](CO)[C@H](CO)[C@H]4CC[C@H]13,5.0
CO[C@H]1[C@H](O[C@H]2O[C@@H](C)[C@@H](O[C@@H]3C[C@](C)(O)[C@H](OC(=O)CC(C)C)[C@H](C)O3)[C@@H](N(C)C)[C@@H]2O)[C@@H](CC=O)C[C@@H](C)[C@@H](O)/C=C\C=C/C[C@@H](C)OC(=O)C[C@H]1OC(C)=O,4.9
CO[C@](c1ccc(Cl)cc1)(c1ccc2c(c1)c(-c1cccc(Cl)c1C)cc(=O)n2C)c1cncn1C,6.06
CO[C@]1(c2ccc(F)c(F)c2)CCNC[C@@H]1c1noc(-c2ccccc2CCNC(C)=O)c1Br,4.55
CO[C@]12C(COC(N)=O)C3=C(C(=O)C(C)=C(N)C3=O)N1CC1NC12,4.4
CO[C@]12CC(COC(=O)c3cncc(Br)c3)CN(C)[C@@H]1Cc1cn(C)c3cccc2c13,4.7
COc1[nH]c2ccc(F)cc2c1C(=O)OCC1CCN(CCNS(C)(=O)=O)CC1.NS(=O)(=O)O,4.7
COc1c(-c2ccc(O)cc2)oc2cc(O)cc(O)c2c1=O,4.44
COc1c(-c2ccccc2)oc2c(ccc3occc32)c1=O,5.5
COc1c(-c2coc3cc4c(cc3c2=O)CC(O)C(C)(C)O4)ccc2c1C=CC(C)(C)O2,5.6
COc1c(-c2coc3cc4c(cc3c2=O)CC(OC(C)=O)C(C)(C)O4)ccc2c1C=CC(C)(C)O2,5.3
COc1c(/C=C/c2ccc(NS(C)(=O)=O)cc2)cc(-c2ccc[nH]c2=O)cc1C(C)(C)C,5.96
COc1c(/C=N/Nc2nc(N3CCCCC3)nc(N3CCCCC3)n2)cccc1[N+](=O)[O-],5.4
COc1c(C(C)(C)C)cc(C(=O)Cn2c(NCCCO)nc3cc(C)c(C)cc32)cc1C(C)(C)C,4.17
COc1c(C)c2c(c(O)c1C/C=C(\C)CCC(=O)O)C(=O)OC2,4.85
COc1c(C2CC2c2ccc(NS(C)(=O)=O)cc2)cc(-c2ccc[nH]c2=O)cc1C(C)(C)C,7.4
COc1c(CC(=O)c2cc3c(cc2O)OC(C)(C)C(O)C3)ccc2c1C=CC(C)(C)O2,4.6
COc1c(CC=C(C)C)c2c(c3oc(=O)c(-c4ccc(O)cc4)c(O)c13)C=CC(C)(C)O2,4.7
COc1c(CCc2ccc(NS(C)(=O)=O)cc2)cc(-c2ccc[nH]c2=O)cc1C(C)(C)C,6.47
COc1c(N2CC[C@@H](C3(N)CC3)C2)ccc2c(=O)c(C(=O)O)cn([C@@H]3C[C@@H]3F)c12,4.17
COc1c(O)c(O)cc2c1oc1c3cc(C)ccc3oc(=O)c21,4.6
COc1c(O)c(O)cc2c1oc1c3ccccc3oc(=O)c21,4.6
COc1c(O)cc2c(-c3ccccc3)cc(=O)oc2c1OC,4.5
COc1c(O)cc2oc3cc(O)c(CC=C(C)C)c(O)c3c(=O)c2c1CC=C(C)C,4.4
COc1c(O)ccc2c1CN1CCc3cc4c(cc3[C@@H]1C2)OCO4,5.3
COc1c(OC)c2occc2c2oc(=O)ccc12,5.0
COc1c(OCC2CC2)cc2oc3cc4c(c(OCc5ccncc5)c3c(=O)c2c1CC=C(C)C)C=CC(C)(C)O4,5.21
COc1c2c(c(CC=C(C)C)c3oc(=O)c(-c4ccc(O)cc4)c(O)c13)OC(C)(C)C=C2,4.9
COc1c2c(cc3c1OCO3)C13C=CC(OC)CC1N(C2)CC3O,4.4
COc1c2c(cc3occ(-c4ccc5c(c4)OCO5)c(=O)c13)OC(C)(C)C=C2,5.6
COc1c2c(nc3ccccc13)O[C@@H]([C@@](C)(O)CO)C2,5.9
COc1c2ccoc2c(OC)c2oc(=O)ccc12,5.7
COc1c2ccoc2cc2oc(=O)ccc12,5.0
COc1c2ccoc2cc2oc(C)cc(=O)c12,5.5
COc1c2ccoc2nc2c(OC)c(OCC(O)C(C)(C)O)ccc12,4.8
COc1c2ccoc2nc2c(OC)c(OC[C@H](O)C(C)(C)O)ccc12,4.8
COc1c2occc2c(OC)c2c(=O)cc(C)oc12,5.3
COc1c2occc2cc2ccc(=O)oc12,4.9
COc1cc(-c2cc(-c3ccccc3)nc(SCC(=O)Nc3nccs3)c2C#N)cc(OC)c1OC,5.75
COc1cc(-c2cc(=O)c3c(O)c(OC)c(OC)c(OC)c3o2)cc(OC)c1OC,5.5
COc1cc(-c2cc(=O)c3ccccc3o2)ccc1O,4.8
COc1cc(-c2cc(C(F)(F)F)ccc2C)ccc1-n1c(=O)ccc2cc(S(=O)(=O)Nc3ccon3)ccc21,5.66
COc1cc(-c2ccc(/N=N\c3ccc4c(S(=O)(=O)O)cc(S(=O)(=O)O)c(N)c4c3O)c(OC)c2)ccc1/N=N\c1ccc2c(S(=O)(=O)O)cc(S(=O)(=O)O)c(N)c2c1O,4.8
COc1cc(-c2ccc(/N=N\c3ccc4c(S(=O)(=O)[O-])cc(S(=O)(=O)[O-])c(N)c4c3O)c(OC)c2)ccc1/N=N\c1ccc2c(S(=O)(=O)[O-])cc(S(=O)(=O)[O-])c(N)c2c1O.[Na+].[Na+].[Na+].[Na+],5.0
COc1cc(-c2ccc(Cl)c(C)c2)c(F)cc1-n1c(=O)ccc2cc(S(=O)(=O)Nc3cnccn3)ccc21,5.390000000000001
COc1cc(-c2ccc(Cl)c(C)c2)c(F)cc1-n1c(=O)ccc2cc(S(=O)(=O)Nc3ncccn3)ccc21,4.5
COc1cc(-c2ccc(Cl)c(C)c2)ccc1-n1c(=O)ccc2cc(S(=O)(=O)Nc3ccon3)ccc21,4.5
COc1cc(-c2ccc(N)c(OC)c2)ccc1N,4.9
COc1cc(-c2ccc(N=C=O)c(OC)c2)ccc1N=C=O,4.9
COc1cc(-c2ccc(OC[C@@H](N)CC(C)C)c(C#N)c2)ccn1,6.27
COc1cc(-c2cccc(C(F)(F)F)c2)c(C)cc1-n1c(=O)ccc2cc(S(=O)(=O)Nc3ccon3)ccc21,5.55
COc1cc(-c2cccc(C(F)(F)F)c2)ccc1-n1c(=O)ccc2cc(S(=O)(=O)Nc3ccon3)ccc21,4.35
COc1cc(-c2cccc(F)c2)ccc1-c1nccc2cc(S(=O)(=O)Nc3ccncn3)ccc12,5.89
COc1cc(-c2ccnc(C)c2)ccc1NS(=O)(=O)c1cc(C(F)(F)F)cc(C(F)(F)F)c1,5.66
COc1cc(-c2ccnc(NC(C)=O)c2)ccc1OC[C@@H](N)CC(C)C,5.16
COc1cc(-c2cn(C)c(=O)c(C)c2C)cc(OC)c1CN1CC[C@H](N2CCN(C(=O)c3ccc(NC4CCC(=O)NC4=O)cc3F)CC2)C(F)(F)C1,4.57
COc1cc(-c2cn(C)c(=O)c3cnccc23)cc(Cl)c1CN1CCC(C2CCN(C(=O)c3ccc(NC4CCC(=O)NC4=O)cc3C(F)(F)F)CC2)CC1,5.25
COc1cc(-c2cncc(-c3ccc(N4CCNCC4)cc3)c2C)cc(OC)c1F,4.84
COc1cc(-c2coc3cc(OCc4ccccc4)c(OC)c(O)c3c2=O)cc(O)c1OC,4.8
COc1cc(-c2nc(SCC(=O)NC(=O)Nc3ccccn3)nc(Nc3cccc(Cl)c3)c2C#N)cc(OC)c1OC,4.76
COc1cc(-c2nc3ccccn3c2/N=C/c2ccccc2)ccc1O,5.15
COc1cc(-c2nc3n(n2)CCC[C@H]3c2ccc(F)cc2C)ccc1-n1cnc(C)c1,5.16
COc1cc(-c2nc3n(n2)CCC[C@H]3c2ccccc2C(F)(F)F)ccc1-n1cnc(C)c1,7.0
COc1cc(-c2nc3n(n2)CCO[C@H]3c2ccccc2C(F)(F)F)ccc1-n1cnc(C)c1,5.96
COc1cc(-c2ncc(COc3cccc([C@@H](CC(=O)O)C4CC4)c3)nc2CC(C)C)c(F)cn1,5.1
COc1cc(-c2nnc(-c3ccc(N4CCOCC4)cc3)o2)cc(OC)c1OC,5.1
COc1cc(-c2nnc(COC(=O)c3c4c(nc5ccccc35)CCCC4)o2)cc(OC)c1OC,5.35
COc1cc(-c2nnc(SC/C=C/c3ccccc3)n2N)cc(OC)c1OC,4.5
COc1cc(-c2nnc(SCC(=O)Nc3ccc4c(c3)OCCO4)o2)cc(OC)c1OC,5.05
COc1cc(-c2nnc(SCC3(c4ccc(Br)cc4)OCCO3)o2)cc(OC)c1OC,4.9
COc1cc(-c2nnc(SCC3(c4ccccc4)OCCO3)o2)cc(OC)c1OC,5.35
COc1cc(-c2oc3cc(O)ccc3c(=O)c2O)ccc1O,5.0
COc1cc(-n2ccnc2SC)c(Cl)cc1Cl,4.85
COc1cc(-n2cnc3cc(-c4ccc(Cl)cc4)sc3c2=O)ccc1OCCN1CCCC1,5.16
COc1cc(/C=C(/C#N)C(=O)NCCc2c[nH]c3ccccc23)ccc1OCc1ccccc1F,5.05
COc1cc(/C=C(/C#N)c2nc3ccccc3[nH]2)ccc1OCC(=O)Nc1ccccc1C,5.9
COc1cc(/C=C(/C#N)c2nc3ccccc3[nH]2)ccc1Oc1ncccc1[N+](=O)[O-],5.8
COc1cc(/C=C(/NC(=O)c2ccccc2)C(=O)Nc2ccccc2)c([N+](=O)[O-])cc1OC,6.1
COc1cc(/C=C(/NC(=O)c2ccccc2Cl)C(=O)O)cc(OC)c1OC,4.85
COc1cc(/C=C(\C#N)C(=O)c2ccc(O)c(O)c2)cc(I)c1O,4.9
COc1cc(/C=C(\C#N)C(N)=O)cc(CSc2nc3ccccc3s2)c1O,5.4
COc1cc(/C=C(\C#N)c2nc3c(s2)CC(C)CC3)ccc1O,4.6
COc1cc(/C=C/C(=O)/C=C/c2cc(OC)c(O)c(OC)c2)cc(OC)c1O,4.88
COc1cc(/C=C/C(=O)CC(=O)/C=C/c2ccc(O)c(OC)c2)ccc1O,4.8
COc1cc(/C=C/C(=O)N2CCC=CC2=O)cc(OC)c1OC,7.3
COc1cc(/C=C/C(=O)N2CCN(CC(O)COc3ccccc3)CC2)cc(OC)c1OC.Cl,5.0
COc1cc(/C=C/C(=O)Nc2ccccc2C(F)(F)F)cc(OC)c1OC,4.85
COc1cc(/C=C/C(=O)c2cccs2)cc(OC)c1OC,5.5
COc1cc(/C=C/c2ccccc2)oc(=O)c1,4.8
COc1cc(/C=C2/C(=N)N3C=CSC3=NC2=O)ccc1OCCCOc1c(C)cccc1C,4.7
COc1cc(/C=C2/C(=N)N3C=CSC3=NC2=O)ccc1OCCCOc1ccccc1C,4.8
COc1cc(/C=C2/C(=N)N3OC(C)=CC3=NC2=O)ccc1OCCOc1ccc(C)cc1,4.95
COc1cc(/C=C2\CC/C(=C\c3cc(OC)c(O)c(OC)c3)C2=O)cc(OC)c1O,4.42
COc1cc(/C=C2\CC/C(=C\c3ccc(O)c(OC)c3)C2=O)ccc1O,4.19
COc1cc(/C=C2\CCCN3C2=NO[C@H](c2cc(F)c(F)c(F)c2)[C@@H]3C)ccc1-n1cnc(C)c1,4.54
COc1cc(/C=C2\CCCN3C2=NO[C@H](c2cc(F)cc(F)c2)[C@@H]3C)ccc1-n1cnc(C)c1,4.8
COc1cc(/C=C2\SC(=O)NC2=O)ccc1Oc1ccc(C#N)c2ccccc12,5.35
COc1cc(/C=C2\SC(=O)NC2=O)ccc1Oc1ccc(C(F)(F)F)cc1Br,5.42
COc1cc(/C=C2\SC(=O)NC2=O)ccc1Oc1ccccc1C(F)(F)F,5.72
COc1cc(/C=C2\SC(=S)N(Nc3ccccc3)C2=O)cc(OC)c1OC,4.8
COc1cc(/C=C\c2ccc(OC)cc2OC)cc(OC)c1,4.8
COc1cc(/C=N/NC(=O)c2cccc([N+](=O)[O-])c2)ccc1OCc1ccc(C)cc1,5.85
COc1cc(/C=N/NC(=O)c2cccnc2)ccc1OC(=O)c1ccc2c(c1)OCO2,5.9
COc1cc(/C=N/NC(=O)c2cccnc2)ccc1OC(=O)c1ccco1,4.85
COc1cc(/C=N/NC(=O)c2cccs2)ccc1OCc1ccccc1,4.8
COc1cc(/C=N/NC(=O)c2ccncc2)ccc1OC(=O)c1ccc([N+](=O)[O-])cc1,6.05
COc1cc(/C=N/NC(N)=O)c(Br)cc1OCC(=O)Nc1ccccc1C,5.45
COc1cc(/C=N/Nc2snc(SC)c2C#N)cc(OC)c1OC,5.1
COc1cc(/C=N/O)cc(Br)c1OCc1ccc(Cl)cc1,4.8
COc1cc(/C=N/O)cc(Br)c1OCc1cccc(Cl)c1,4.85
COc1cc(/C=N\Nc2ccc([N+](=O)[O-])cc2)ccc1OCC(=O)Nc1ccc(C)c(C)c1,5.4
COc1cc(/N=N\c2cccc(S(N)(=O)=O)c2)c2ccccc2c1N,5.5
COc1cc(/N=c2\ssnc2Cl)cc(OC)c1OC,4.5
COc1cc(=O)n(C)c2c(OC[C@@H](O)C(C)(C)O)cccc12,4.8
COc1cc(Br)c(C(C)NC(=O)c2cccc(Br)c2)cc1OC,6.55
COc1cc(Br)cc(/C=N/NC(=O)C(C)n2cc([N+](=O)[O-])c(OC)n2)c1O,5.0
COc1cc(C#N)cc(-c2csc([C@]34CN(c5ncc(F)cn5)C[C@H]3C(=O)N(C)C(=N)N4)c2)c1,5.8
COc1cc(C(=O)/C=C/c2ccc3cnccc3c2)cc(OC)c1OC,6.11
COc1cc(C(=O)N2CCC(NC(=O)C(Cc3ccc(C(C)C)cc3)NC(C)=O)CC2)cc(OC)c1OC,4.75
COc1cc(C(=O)N2CCOC[C@H]2Cc2cc(-n3nccn3)ccc2F)c(-n2nccn2)cc1C,4.72
COc1cc(C(=O)N2CCOC[C@H]2Cc2cc(-n3nccn3)ccc2F)c(-n2nccn2)cc1Cl,4.89
COc1cc(C(=O)N2CCOC[C@H]2Cc2cccc(-n3nccn3)c2)c(-n2nccn2)cc1C,4.77
COc1cc(C(=O)N2CCOC[C@H]2Cc2cccc(-n3nccn3)c2)c(-n2nccn2)cc1Cl,4.89
COc1cc(C(=O)N2CCOC[C@H]2Cc2cccc(-n3nccn3)c2)c(-n2nccn2)cc1F,4.66
COc1cc(C(=O)NC(=S)Nc2ccc3oc(=O)ccc3c2)cc(OC)c1OC,5.35
COc1cc(C(=O)NC(=S)Nc2cccc(-c3cc4ccccc4oc3=O)c2)cc(OC)c1OC,5.2
COc1cc(C(=O)NC(c2nc(C(=O)Nc3ccccc3C(=O)c3ccccc3)cs2)C(C)C)cc(OC)c1OC,5.08
COc1cc(C(=O)NCCC(=O)NCc2ccc3c(c2)OCO3)cc(OC)c1OC,6.35
COc1cc(C(=O)NCCC(C)C)c([N+](=O)[O-])cc1OC,4.8
COc1cc(C(=O)NCc2cccc3ccccc23)cc(Cl)c1OC,5.0
COc1cc(C(=O)N[C@@H](CC(=O)O)c2ccccc2C)nn1-c1ccccc1F,7.58
COc1cc(C(=O)Nc2cc(C(F)(F)F)ccc2Cl)cc(OC)c1OC,4.8
COc1cc(C(=O)Nc2ccc(-c3nnc(-c4ccco4)o3)cc2)cc(OC)c1OC,5.15
COc1cc(C(=O)Nc2ccc3c(c2)OCCO3)c(-n2cnnn2)cc1OC,4.6
COc1cc(C(=O)OC(C)C(=O)Nc2ccc3c(c2)OCO3)ccc1OCc1c(C)noc1C,6.2
COc1cc(C(=O)OC2CC[C@]3(C)C4CCC5[C@]6(O)CC(O)[C@]7(O)C(CN8CC(C)CCC8[C@]7(C)O)[C@]6(O)C[C@@]53O[C@]24O)cc(OC)c1OC,4.7
COc1cc(C(=O)OCC(=O)Nc2cc(C)on2)cc(OC)c1OC,4.8
COc1cc(C(=O)OCCCN2CCCN(CCCOC(=O)c3cc(OC)c(OC)c(OC)c3)CC2)cc(OC)c1OC,5.0
COc1cc(C(C)(C)C)c(O)cc1C(C)(C)C,4.9
COc1cc(C(F)(F)F)ccc1-c1nccc2cc(S(=O)(=O)Nc3ccncn3)ccc12,5.14
COc1cc(C)c(C(=O)Oc2cc(C)c(C(=O)O)c(O)c2C)c(OC)c1C,4.6
COc1cc(C)c(C(=O)Oc2cc(C)c(O)c(C(=O)O)c2C)c(O)c1C=O,4.4
COc1cc(C)c2c(=O)cc(-c3ccccc3)oc2c1,4.9
COc1cc(C)c2c(c1C=O)Oc1c(c(C)c(O)c3c1C(O)OC3=O)OC2=O,4.9
COc1cc(C)c2nc3[nH]nc(C)c3c(C(C#N)c3ccccc3)c2c1,5.4
COc1cc(C)c2nc3[nH]nc(C)c3c(C(C)(O)c3ccncc3)c2c1,5.0
COc1cc(C)c2nc3[nH]nc(C)c3c(C(F)c3ccncc3)c2c1,5.72
COc1cc(C)c2nc3[nH]nc(C)c3c(C(O)c3ccccn3)c2c1,5.154999999999999
COc1cc(C)c2nc3[nH]nc(C)c3c(C(O)c3cccnc3)c2c1,5.57
COc1cc(C)c2nc3[nH]nc(C)c3c(C(O)c3ccnc(F)c3)c2c1,5.8
COc1cc(C)c2nc3[nH]nc(C)c3c(C(O)c3ccncc3)c2c1,5.529999999999999
COc1cc(C)c2nc3[nH]nc(C)c3c(C(O)c3cncn3C)c2c1,5.615
COc1cc(C)c2nc3[nH]nc(C)c3c(C(O)c3cncs3)c2c1,6.16
COc1cc(C)c2nc3[nH]nc(C)c3c(C(O)c3ncco3)c2c1,5.235
COc1cc(C)ccc1NC(=O)C1(c2ccccc2C(C)C)CCN(C(=O)CO)CC1,5.0
COc1cc(C)ccc1NC(=O)C1(c2ccccc2C(C)C)CCN(C)CC1,4.92
COc1cc(C)ccc1NC(=O)C1(c2ccccc2C(C)C)CCN(CCO)CC1,4.82
COc1cc(C)ccc1NC(=O)C1(c2ccccc2C(C)C)CCN(C[C@H](O)CO)CC1,4.57
COc1cc(C)ccc1NC(=O)C1(c2ccccc2C(C)C)CCNCC1,5.15
COc1cc(C)ccc1NC(=O)C1(c2ccccc2C(C)C)CNC1,7.0
COc1cc(C)ccc1OCCCOc1ccccc1Cl,4.75
COc1cc(C)nc(N2CCCC(C(=O)Nc3cc(Cl)ccc3OC)C2)n1,5.15
COc1cc(C)ncc1NC(=O)C1(c2ccccc2C(C)C)CNC1,6.3
COc1cc(C/C=C/c2ccccc2)c(OC)cc1O,4.4
COc1cc(C2=CC3=NOC[C@H](c4cc(F)c(F)c(F)c4)N3CCC2)ccc1-n1cnc(C)c1,4.52
COc1cc(C2=CC3=NO[C@H](c4cc(F)c(F)c(F)c4)CN3CCC2)ccc1-n1cnc(C)c1,4.47
COc1cc(C2=NC(c3ccc(Cl)cc3F)C(C(=O)Nc3cc4cn[nH]c4cc3F)=C(C)N2)ccn1,5.28
COc1cc(C2=NC(c3ccc(Cl)cc3F)C(C(=O)Nc3ccc4[nH]ncc4c3)=C(C)N2)ccn1,5.37
COc1cc(C2C(=O)N(C3CCCC3)CC(=O)N2Cc2ccco2)ccc1OC(C)C,5.05
COc1cc(C2C(C#N)=C(N)N(Nc3ccccc3)C3=C2C(=O)CC(C)(C)C3)ccc1OCc1cccc(F)c1,5.6
COc1cc(C2C(C#N)=C(N)N(Nc3ccccc3)C3=C2C(=O)CC(C)(C)C3)ccc1OCc1ccccc1,5.55
COc1cc(C2C(C#N)=C(N)N(c3sc4c(c3C#N)CCCC4)C3=C2C(=O)CC(C)(C)C3)cc(OC)c1OC,6.3
COc1cc(C2C(C#N)=C(N)OC3=C2C(=O)CCC3)c([N+](=O)[O-])cc1OC,4.95
COc1cc(C2C(C#N)=C(N)OC3=C2C(=O)CCC3)cc(OC)c1OC(=O)N1CCOCC1,4.6
COc1cc(C2C(C#N)=C(N)Oc3c2ccc2ccccc32)ccc1OCC(=O)Nc1ccccc1C,5.65
COc1cc(C2C(C#N)=C(N)Oc3cc(O)ccc32)cc(OC)c1OC,5.35
COc1cc(C2C(C(=O)c3cccs3)=C(O)C(=O)N2Cc2ccco2)cc(OC)c1OC,4.6
COc1cc(C2C3=C(N=C(C)/C2=C(/O)OCCC#N)c2ccccc2S3(=O)=O)cc(OC)c1OC,5.3
COc1cc(C2NC(=O)NC(O)(C(F)(F)F)C2C(=O)c2ccc(Cl)cc2)ccc1O,4.8
COc1cc(C2Oc3cc([C@H]4Oc5cc(O)cc(O)c5C(=O)[C@@H]4O)ccc3OC2CO)ccc1O,4.9
COc1cc(C2c3cc4c(c(O)c3CC3COC(=O)C32)OCO4)cc(OC)c1OC,6.0
COc1cc(C2c3cc4c(cc3C(O)C3COC(=O)C23)OCO4)cc(OC)c1O,5.2
COc1cc(C2c3cc4c(cc3C(O)[C@H]3COC(=O)C23)OCO4)cc(OC)c1OC,6.05
COc1cc(C2c3cc4c(cc3C(OC(C)=O)[C@H]3COC(=O)C23)OCO4)cc(OC)c1OC,5.9
COc1cc(C2c3cc4c(cc3C(OC3OC5COC(C)O[C@@H]5C(O)C3O)C3COC(=O)C23)OCO4)cc(OC)c1O,4.4
COc1cc(C2c3cc4c(cc3C(O[C@@H]3OC5COC(c6cccs6)OC5C(O)C3O)C3COC(=O)C23)OCO4)cc(OC)c1O,5.2
COc1cc(C=C(C#N)C#N)cc(O)c1O,5.0
COc1cc(C=O)c([N+](=O)[O-])cc1OC,4.6
COc1cc(CC(=O)Nc2cc(-n3nc(C)cc3C)nc(-c3ccccn3)n2)cc(OC)c1,5.89
COc1cc(CC(=O)O)ccc1Oc1ccc2[nH]c(C)cc2c1NS(=O)(=O)c1ccc(Cl)cc1Cl,4.75
COc1cc(CCNc2nc(C#Cc3ccccc3)nc3c2ncn3[C@H]2[C@H](O)[C@H](O)[C@@H]3C[C@@H]32)ccc1O,5.65
COc1cc(CF)cc(Nc2ncc(C)c(Nc3ccc4oc(=O)[nH]c4c3)n2)c1,5.1
COc1cc(CN2CCN(C(=O)COc3ccccc3)CC2)cc(OC)c1OC,4.65
COc1cc(CNC(=O)CC2(C)CC3(CCCCC3)OO2)cc(OC)c1,5.77
COc1cc(CNC(=O)CC2(C)CC3(CCCCC3)OO2)cc(OC)c1OC,5.72
COc1cc(CNC(=O)CCCC/C=C/C(C)C)ccc1O,5.6
COc1cc(CNC(=O)CCCC/C=C\C(C)C)ccc1O,5.4
COc1cc(CNC(=O)CCCCCCC(C)C)ccc1O,4.9
COc1cc(CNC2CCCC2)cc(Cl)c1OCc1ccccc1Cl.Cl,5.25
COc1cc(CNCCN2CCOCC2)ccc1OCc1ccc(Cl)cc1Cl.Cl,5.0
COc1cc(CNCCN2CCOCC2)ccc1OCc1ccccc1Cl.Cl,4.8
COc1cc(CNCCO)cc(Br)c1OCc1ccccc1Cl.Cl,5.4
COc1cc(CNCCc2c[nH]c3ccccc23)ccc1OCc1ccccc1F.Cl,5.15
COc1cc(CNCc2ccccn2)ccc1OCc1ccc(Cl)cc1Cl.Cl,6.3
COc1cc(CNCc2cccs2)cc(Br)c1OC.Cl,5.15
COc1cc(CNCc2cccs2)ccc1OCC(=O)NC(C)(C)C.Cl,5.35
COc1cc(CNc2ccc(Cc3c[nH]c4ncc(C)cc34)c(F)n2)c(F)cn1,5.3
COc1cc(CNn2nnnc2N)ccc1OCc1c(Cl)cccc1Cl,6.25
COc1cc(COc2cc(N)c(Cl)cc2C(=O)CCC2CCN(CCNS(C)(=O)=O)CC2)cc(OC)c1,5.7
COc1cc(CSc2nc3ccc(OC)cc3[nH]2)cc(OC)c1,6.14
COc1cc(C[C@@H](CO)[C@H](CO)Cc2ccc(O)c(OC)c2)ccc1O,4.33
COc1cc(C[C@@H](CO)[C@H](CO)Cc2ccc3c(c2)OCO3)cc(OC)c1OC,6.685
COc1cc(C[C@@H]2COC(=O)[C@H]2Cc2cc(OC)c(O)c(OC)c2)ccc1O,5.96
COc1cc(C[C@@H]2C[S@@+]([O-])C[C@H](NCc3cccc(C(C)(C)C)c3)[C@H]2O)cc(F)c1N,6.52
COc1cc(C[C@@H]2[C@@H](Cc3cc(OC)c4c(c3)OCO4)CO[C@@H]2O)cc(OC)c1OC,6.08
COc1cc(C[C@H](C)N)c(OC)cc1I,5.15
COc1cc(C[C@H]2C(=O)OC[C@@H]2Cc2ccc(OC)c(OC)c2)ccc1O,4.8
COc1cc(C[C@H]2C(=O)OC[C@@H]2Cc2ccc3c(c2)OCO3)cc(OC)c1OC,6.375
COc1cc(C[C@H]2C(O)OC[C@@H]2Cc2ccc3c(c2)OCO3)cc(OC)c1OC,6.585
COc1cc(C[C@H]2COC(=O)[C@@H]2Cc2cc(OC)c(OC)c(OC)c2)cc(OC)c1OC,4.83
COc1cc(C[C@H]2COC(=O)[C@@H]2Cc2cc(OC)c3c(c2)OCO3)cc(OC)c1O,5.13
COc1cc(C[C@H]2COC(O)[C@@H]2Cc2cc(OC)c(OC)c(OC)c2)cc(OC)c1OC,4.82
COc1cc(C[C@H]2CO[C@H](c3ccc(O)c(O)c3)[C@H]2CO)ccc1O,4.07
COc1cc(C[C@H]2CO[C@H](c3ccc(O)c(OC)c3)[C@H]2CO)ccc1O,4.59
COc1cc(Cc2cnc(N)nc2N)cc(OC)c1OC,4.9
COc1cc(Cl)c(CC(=O)c2c[nH]c3ccccc23)cc1OC,5.6
COc1cc(F)c([C@@H]2CNC(=O)[C@H]2NC(=O)Nc2ccc(Cl)s2)c(F)c1,5.25
COc1cc(N)[nH]c2nc(-c3ccc(F)cc3)c(-c3ccncc3)c1-2,6.0
COc1cc(N)c(Cl)cc1C(=O)CCC1CCN(CCNS(C)(=O)=O)CC1,4.8
COc1cc(N)c(Cl)cc1C(=O)NC1CCN(CCCOc2ccc(F)cc2)CC1OC,6.52
COc1cc(N)c(Cl)cc1C(=O)NC1CCN(Cc2ccccc2)CC1,5.5
COc1cc(N)c(Cl)cc1C(=O)NC1CCN(Cc2ccccc2)CC1.O=C(O)/C=C\C(=O)O,4.9
COc1cc(N)c(Cl)cc1C(=O)N[C@H]1CCN(CCCOc2ccc(F)cc2)C[C@@H]1OC,5.8
COc1cc(N)c(Cl)cc1C(=O)N[C@H]1CCN(CCCOc2ccc(F)cc2)C[C@H]1OC,6.1
COc1cc(N)c(Cl)cc1C(=O)OCCCN1CCCCC1,4.6
COc1cc(N)c(Cl)cc1C(=O)OCCN1CCCCC1,4.8
COc1cc(N2C(=O)CN(Cc3ccc(F)cc3Cl)C2=S)ccc1N(C)C,5.11
COc1cc(N2C(=O)N(c3ccc(-c4ccc5nc[nH]c5c4)cc3)C(=O)C23CCN(Cc2ncccc2C)CC3)ncn1,4.75
COc1cc(N2CC=C(Oc3ccc(C4CC4)cc3)C2=O)ccc1OCCN1CC(C)(O)C1,5.17
COc1cc(N2CC=C(Oc3ccc(C4CC4)cc3)C2=O)ccc1OCCN1CC(OC)C1,4.7
COc1cc(N2CC=C(Oc3ccc(C4CC4)cc3)C2=O)ccc1OCCN1CCC[C@@H]1CO,4.7
COc1cc(N2CC=C(Oc3ccc(C4CC4)cc3)C2=O)ccc1OCCN1CCC[C@H]1CO,4.7
COc1cc(N2CCC(N3CCOCC3)CC2)ccc1-c1nc2c(N[C@H]3[C@@H](C(N)=O)[C@@H]4C=C[C@H]3C4)c(Cl)cnc2[nH]1,4.85
COc1cc(N2CCN(C)CC2)ccc1-c1nc2c(N[C@H]3[C@@H](C(N)=O)[C@@H]4C=C[C@H]3C4)c(Cl)cnc2[nH]1,4.965
COc1cc(N2CCOCC2)ccc1-c1nc2c(N[C@H]3[C@@H](C(N)=O)[C@@H]4C=C[C@H]3C4)c(Cl)cnc2[nH]1,5.275
COc1cc(N2CC[C@@H](Oc3ccc(N4N=C(C(F)(F)F)[C@@H](C)[C@@H]4CC(=O)O)cc3)[C@H](C)C2)c(Cl)cn1,5.47
COc1cc(N2Cc3cn(-c4cccc(S(C)(=O)=O)c4)nc3[C@H]2C(C)C)nc(C)n1,4.89
COc1cc(NC(=O)C2CCN(S(=O)(=O)c3cccc4nonc34)CC2)cc(OC)c1,5.5
COc1cc(NC(=O)C[C@@]2(C)C[C@H](c3cccc(Cl)c3)[C@@H](c3ccc(Cl)c(F)c3)N([C@H](CS(=O)(=O)C(C)(C)C)C3CC3)C2=O)ccc1C(=O)O,9.48
COc1cc(NC(=O)C[C@@]2(C)C[C@H](c3cccc(Cl)c3)[C@@H](c3ccc(Cl)cc3)N([C@H](CS(=O)(=O)C(C)(C)C)C3CC3)C2=O)ccc1C(=O)O,10.3
COc1cc(NC(=O)Cc2c(C(=O)O)[nH]c3ccccc23)cc(OC)c1OC,4.9
COc1cc(NC(=O)Cc2nc(N3CCOCC3)cc(=O)[nH]2)ccc1F,4.4
COc1cc(NC(=O)c2cc(=O)c3ccccc3o2)c(-c2nnn(-c3ccc(CCN4CCc5cc(-n6ccnc6)ccc5C4)cc3)n2)cc1OC,6.52
COc1cc(NC(=O)c2cc(=O)c3ccccc3o2)c(-c2nnn(-c3ccc(CCN4CCc5ccc(-n6ccnc6)cc5C4)cc3)n2)cc1OC,6.4
COc1cc(NC(=O)c2cc(=O)c3ccccc3o2)c(-c2nnn(-c3ccc(CCN4CCc5ccncc5C4)cc3)n2)cc1OC,5.98
COc1cc(NC(=O)c2cc(=O)c3ccccc3o2)c(-c2nnn(-c3ccc(CCN4CCc5cnccc5C4)cc3)n2)cc1OC,5.97
COc1cc(NC(=O)c2cc(=O)c3ccccc3o2)c(-c2nnn(-c3ccc(CCN4CCc5cnccc5C4)cc3)n2)cc1OCc1ccccc1,5.91
COc1cc(NC(=O)c2cc(=O)c3ccccc3o2)c(-c2nnn(-c3ccc(CCN4CCn5cncc5C4)cc3)n2)cc1OC,6.83
COc1cc(NC(=O)c2cc(=O)c3ccccc3o2)c(-c2nnn(-c3ccc(CCN4CCn5cncc5C4)cc3)n2)cc1OCc1ccccc1,5.69
COc1cc(NC(=O)c2cc(=O)c3ccccc3o2)c(C(=O)Nc2ccc(C3CCN(Cc4ccc5c(c4)OCO5)CC3)cc2)cc1OC,5.550000000000001
COc1cc(NC(=O)c2cc(=O)c3ccccc3o2)c(C(=O)Nc2ccc(C3CCN(Cc4ccc5c(cnn5C)c4)CC3)cc2)cc1OC,5.574999999999999
COc1cc(NC(=O)c2cc(=O)c3ccccc3o2)c(C(=O)Nc2ccc(C3CCN(Cc4cccc(-c5cccnc5)c4)CC3)cc2)cc1OC,6.449999999999999
COc1cc(NC(=O)c2cc(=O)c3ccccc3o2)c(C(=O)Nc2ccc(C3CCN(Cc4cccc(-c5ccncc5)c4)CC3)cc2)cc1OC,6.305
COc1cc(NC(=O)c2cc(=O)c3ccccc3o2)c(C(=O)Nc2ccc(C3CCN(Cc4cccc(-n5ccnc5)c4)CC3)cc2)cc1OC,6.65
COc1cc(NC(=O)c2cc(=O)c3ccccc3o2)c(C(=O)Nc2ccc(C3CCN(Cc4cccc(-n5cncn5)c4)CC3)cc2)cc1OC,6.205
COc1cc(NC(=O)c2cc(=O)c3ccccc3o2)c(C(=O)Nc2ccc(N3CCN(Cc4ccc5c(c4)OCO5)CC3)cc2)cc1OC,5.5600000000000005
COc1cc(NC(=O)c2cc(=O)c3ccccc3o2)c(C(=O)Nc2ccc(N3CCN(Cc4ccc5c(cnn5C)c4)CC3)cc2)cc1OC,5.535
COc1cc(NC(=O)c2cc(=O)c3ccccc3o2)c(C(=O)Nc2ccc(N3CCN(Cc4cccc(-c5cccnc5)c4)CC3)cc2)cc1OC,6.34
COc1cc(NC(=O)c2cc(=O)c3ccccc3o2)c(C(=O)Nc2ccc(N3CCN(Cc4cccc(-c5ccncc5)c4)CC3)cc2)cc1OC,6.07
COc1cc(NC(=O)c2cc(=O)c3ccccc3o2)c(C(=O)Nc2ccc(N3CCN(Cc4cccc(-n5ccnc5)c4)CC3)cc2)cc1OC,6.205
COc1cc(NC(=O)c2cc(=O)c3ccccc3o2)c(C(=O)Nc2ccc(N3CCN(Cc4cccc(-n5cncn5)c4)CC3)cc2)cc1OC,6.375
COc1cc(NC(=O)c2cc(Cl)ccc2Cl)ccc1-c1cc2ccccc2oc1=O,6.0
COc1cc(NC(=O)c2cc3ccccc3o2)c(OC)cc1Br,5.0
COc1cc(NC(=O)c2cc3nc(-c4ccccc4)cc(-c4ccccc4)n3n2)cc(OC)c1OC,5.0
COc1cc(NC(=O)c2ccc(COCC(F)(F)F)cc2)cc(OC)c1OC,4.65
COc1cc(NC(=O)c2ccccc2)c(OC)cc1NC(=O)CN1CCN(c2ccccn2)CC1,4.9
COc1cc(NC(=O)c2ccccc2Cl)ccc1NC(=O)c1ccco1,4.85
COc1cc(NC(=O)c2ccccc2F)ccc1-c1nnc(NCCCN2CCCCC2)o1,4.220000000000001
COc1cc(NC(=O)c2cnc3ccccc3c2)c(-c2nnn(-c3ccc(CCN4CCc5cnccc5C4)cc3)n2)cc1OCc1ccccc1,6.07
COc1cc(NC(=O)c2cnc3ccccc3c2)c(C(=O)Nc2ccc(C3CCN(Cc4ccc5c(c4)OCO5)CC3)cc2)cc1OC,5.27
COc1cc(NC(=O)c2cnc3ccccc3c2)c(C(=O)Nc2ccc(C3CCN(Cc4ccc5c(cnn5C)c4)CC3)cc2)cc1OC,5.234999999999999
COc1cc(NC(=O)c2cnc3ccccc3c2)c(C(=O)Nc2ccc(C3CCN(Cc4cccc(-c5cccnc5)c4)CC3)cc2)cc1OC,6.3100000000000005
COc1cc(NC(=O)c2cnc3ccccc3c2)c(C(=O)Nc2ccc(C3CCN(Cc4cccc(-c5ccncc5)c4)CC3)cc2)cc1OC,5.720000000000001
COc1cc(NC(=O)c2cnc3ccccc3c2)c(C(=O)Nc2ccc(C3CCN(Cc4cccc(-n5ccnc5)c4)CC3)cc2)cc1OC,6.195
COc1cc(NC(=O)c2cnc3ccccc3c2)c(C(=O)Nc2ccc(C3CCN(Cc4cccc(-n5cncn5)c4)CC3)cc2)cc1OC,5.965
COc1cc(NC(=O)c2cnc3ccccc3c2)c(C(=O)Nc2ccc(N3CCN(Cc4ccc5c(c4)OCO5)CC3)cc2)cc1OC,5.47
COc1cc(NC(=O)c2cnc3ccccc3c2)c(C(=O)Nc2ccc(N3CCN(Cc4ccc5c(cnn5C)c4)CC3)cc2)cc1OC,5.470000000000001
COc1cc(NC(=O)c2cnc3ccccc3c2)c(C(=O)Nc2ccc(N3CCN(Cc4cccc(-c5cccnc5)c4)CC3)cc2)cc1OC,6.255
COc1cc(NC(=O)c2cnc3ccccc3c2)c(C(=O)Nc2ccc(N3CCN(Cc4cccc(-c5ccncc5)c4)CC3)cc2)cc1OC,6.01
COc1cc(NC(=O)c2cnc3ccccc3c2)c(C(=O)Nc2ccc(N3CCN(Cc4cccc(-n5ccnc5)c4)CC3)cc2)cc1OC,6.145
COc1cc(NC(=O)c2cnc3ccccc3c2)c(C(=O)Nc2ccc(N3CCN(Cc4cccc(-n5cncn5)c4)CC3)cc2)cc1OC,6.4350000000000005
COc1cc(NC(=S)NC(=O)c2c(OC)cccc2OC)ccc1NC(=O)c1cccs1,5.5
COc1cc(NC(S)=Nc2ccc(S(=O)(=O)N3CCOCC3)cc2)cc(OC)c1OC,4.8
COc1cc(NC2CN(CCCF)C2)ccc1[C@@H]1c2ccc3[nH]ncc3c2C[C@@H](C)N1CC1(F)CC1,4.96
COc1cc(NCC2CCNCC2)nc2c1nnn2-c1cccc(OC(F)(F)F)c1,5.35
COc1cc(NS(=O)(=O)c2ccc(N)cc2)nc(OC)n1,4.4
COc1cc(NS(C)(=O)=O)ccc1Nc1c2ccccc2nc2ccccc12,4.7
COc1cc(N[C@@H](C)CCCN)c2ncccc2c1,4.9
COc1cc(Nc2c(C#N)cnc3cc(OCCON4CCN(C)CC4)c(OC)cc23)c(Cl)cc1Cl,4.61
COc1cc(Nc2cc(Oc3ccc(NC(=O)Nc4cc(C(C)(C)C)cc(NS(C)(=O)=O)c4OC)c4ccccc34)ccn2)cc(C(=O)NCCN2CCOCC2)c1,5.05
COc1cc(Nc2ncc(C)c(Nc3ccc4oc(=O)[nH]c4c3)n2)cc(C(F)(F)F)c1,5.72
COc1cc(Nc2ncc(C)c(Nc3ccc4oc(=O)[nH]c4c3)n2)cc(C(F)F)c1,5.52
COc1cc(Nc2ncc(C)c(Nc3ccc4oc(=O)[nH]c4c3)n2)cc(C)c1C,5.54
COc1cc(Nc2ncc(C)c(Nc3ccc4oc(=O)[nH]c4c3)n2)cc(C)c1OC,5.57
COc1cc(Nc2ncc(C)c(Nc3ccc4oc(=O)[nH]c4c3)n2)cc(OC)c1OC,5.96
COc1cc(O)c(C(=O)/C=C/c2ccc(O)c(OC)c2)c(OC)c1,5.1
COc1cc(O)c(C(=O)/C=C/c2ccc(OC)c(O)c2)c(OC)c1,5.2
COc1cc(O)c(C(=O)/C=C/c2ccc3cnccc3c2)c(OC)c1,7.08
COc1cc(O)c(C(=O)/C=C/c2ccc3cnccc3c2)c(OC)c1OC,6.99
COc1cc(O)c(C(=O)/C=C/c2ccc3cnccc3c2)cc1OC,6.59
COc1cc(O)c(C(=O)/C=C/c2ccccc2)c(OC)c1,4.8
COc1cc(O)c(C(=O)/C=C\c2ccc3c(c2)OCO3)c(OC)c1,5.3
COc1cc(O)c(C(=O)c2ccccc2)cc1O,6.1
COc1cc(O)c(C(C)=O)c(OC)c1,4.6
COc1cc(O)c(C)c(O)c1,4.4
COc1cc(O)c2c(=O)c(O)c(-c3ccc(O)c(O)c3)oc2c1,4.4
COc1cc(O)c2c(=O)cc(-c3ccccc3)oc2c1,5.0
COc1cc(O)c2c(=O)cc(C)oc2c1CC=C(C)C,4.4
COc1cc(O)cc(/C=C/c2ccccc2)c1,4.5
COc1cc(O)cc(OC)c1OC,4.5
COc1cc(O)oc1/C=N/c1ccc(C(F)(F)F)cc1,5.05
COc1cc(O)oc1/C=N/c1ccc(Cl)cc1,4.8
COc1cc(OC)c(/C=C2/C(=O)Nc3ccccc32)c(OC)c1,5.6
COc1cc(OC)c(C#N)c(S(=O)(=O)Cc2ccccc2)c1,4.6
COc1cc(OC)c(C(=O)C(C)=O)cc1OC,4.13
COc1cc(OC)c(C(=O)CCCCN2CCC3(CC2)NC(=O)NC3=O)cc1NS(=O)(=O)c1ccc(C(F)(F)F)cc1,5.1
COc1cc(OC)c(C(C)=O)c(O)c1C,6.5
COc1cc(OC)c(C2C(C(=O)Nc3ccc(C)cc3C)=C(C)Nc3ncnn32)cc1OC,5.05
COc1cc(OC)c(C2C(C(=O)O)c3ccccc3C(=O)N2C)cc1OC,6.45
COc1cc(OC)c(Cl)c(NC(=O)N(C)c2cc(Nc3ccc(CCCN(C)C)cc3)ncn2)c1Cl,6.0
COc1cc(OC)c(Cl)c(NC(=O)N(C)c2cc(Nc3ccc(OCCN4CCCC4)cc3)ncn2)c1Cl,5.6
COc1cc(OC)c(Cl)c(NC(=O)N(C)c2cc(Nc3cccc(CN(C)C)c3)ncn2)c1Cl,5.6
COc1cc(OC)c(Cl)c(NC(=O)N(C)c2cc(Nc3cccc(CN4CCN(C)CC4)c3)ncn2)c1Cl,6.3
COc1cc(OC)c(Cl)c(NC(=O)N(C)c2cc(Nc3cccc(N4CCN(C)CC4)c3)ncn2)c1Cl,5.96
COc1cc(OC)c(NC(S)=Nc2cccc(C(C)=O)c2)cc1Cl,5.3
COc1cc(OC)c(OC)cc1/C=N\CC1(c2ccccc2)CCCC1.Cl,4.6
COc1cc(OC)c(OC)cc1CC(C)=O,4.54
COc1cc(OC)c([C@@H]2[C@H](C)[C@@H](C)[C@H]2c2cc(OC)c(OC)cc2OC)cc1OC,4.07
COc1cc(OC)c2c(=O)c(-c3ccc4c(c3)OCO4)coc2c1,5.2
COc1cc(OC)c2c(=O)c(-c3ccccc3)c(C)oc2c1OC,4.7
COc1cc(OC)c2c(=O)c(-c3ccccc3)coc2c1,4.8
COc1cc(OC)c2c(=O)c(O)c(-c3ccc(OC)c(OC)c3)oc2c1,5.6
COc1cc(OC)c2c(=O)c(OC)c(-c3ccc(OC)c(OC)c3)oc2c1,5.9
COc1cc(OC)c2c(OC)c(-c3ccc4c(c3)OCO4)c(=O)oc2c1,5.6
COc1cc(OC)c2c(c1)C(=O)c1cc(OC)cc(OC)c1C2=O,5.45
COc1cc(OC)c2c(c1)OC(c1ccccc1)CC2=O,4.9
COc1cc(OC)c2c(c1Cl)O[C@@]1(C2=O)[C@H](C)CC(=O)C[C@@H]1OC,4.9
COc1cc(OC)c2cc(-c3ccncc3)cnc2c1,6.5
COc1cc(OC)c2ccc(=O)oc2c1,4.5
COc1cc(OC)c2nc(C)c3c(c2c1)N(c1ccc(O)cc1)CC3,5.0
COc1cc(OC)cc(-c2cc(NC(C)=O)nc(-n3nc(C)cc3C)n2)c1,6.42
COc1cc(OC)cc(C(=O)NC(=S)NCCc2ccccc2)c1,5.4
COc1cc(OC)cc(C(=O)NCC(=O)OC2CCOC2=O)c1,4.6
COc1cc(OC)cc(C(=O)Nn2cc(C(=O)N3CCN(C)CC3)c3ccccc3c2=O)c1,4.55
COc1cc(OC)nc(NCCn2cc(NC(=O)c3ncoc3-c3cccc(C)c3)cn2)n1,4.77
COc1cc(OC)nc(OCCn2cc(NC(=O)c3ncoc3-c3cccc(C)c3)cn2)n1,4.32
COc1cc(OC)nc(Oc2ccccc2C(=O)Oc2ccc(C)cc2)n1,4.85
COc1cc(OC)nc(Oc2ccccc2C(=O)Oc2cccc(C)c2)n1,4.75
COc1cc([C@@H]2Oc3cc(CCCO)ccc3O[C@H]2CO)ccc1O,4.27
COc1cc([C@@H]2Oc3cc([C@H]4Oc5cc(O)cc(O)c5C(=O)[C@H]4O)ccc3O[C@H]2CO)ccc1O,4.9
COc1cc([C@@H]2c3cc4c(cc3[C@@H](O[C@@H]3O[C@H]5CO[C@@H](C)O[C@@H]5[C@@H](O)[C@H]3O)[C@@H]3COC(=O)[C@@H]23)OCO4)cc(OC)c1O,4.6
COc1cc([C@@H]2c3cc4c(cc3[C@H](O)[C@H]3COC(=O)[C@H]23)OCO4)cc(OC)c1OC,5.7
COc1cc([C@H](O)CO)ccc1O,7.5
COc1cc([C@H]2CCN(CCO)C[C@@H]2O)ccc1Nc1ncc2ccc(-c3ccccc3OC)n2n1,4.92
COc1cc([C@H]2COc3ccccc3[C@@H]2O)ccc1O,4.0
COc1cc([C@H]2OC[C@@H]3C(c4cc(OC)c(O)c(OC)c4)OC[C@H]23)ccc1O,4.86
COc1cc([C@H]2OC[C@H]([C@@H](O)c3ccc(O)c(OC)c3)[C@@H]2CO)ccc1O,4.18
COc1cc([C@H]2Oc3cc([C@H]4Oc5cc(O)cc(O)c5C(=O)[C@@H]4O)ccc3O[C@@H]2CO)ccc1O,5.0
COc1cc([C@H]2c3cc(O)c(OC)cc3C[C@H]3C(=O)OC[C@H]23)ccc1O,6.7
COc1cc([C@H]2c3cc4c(cc3[C@@H](O)[C@@H]3COC(=O)[C@H]23)OCO4)cc(OC)c1OC,5.65
COc1cc([C@H]2c3cc4c(cc3[C@@H](O[C@@H]3O[C@H]5CO[C@@H](C)O[C@]5(O)C[C@H]3O)[C@@H]3COC(=O)[C@H]23)OCO4)cc(OC)c1O,5.1
COc1cc([N+](=O)[O-])ccc1NC(=O)CCCOc1cccc(C)c1,5.3
COc1cc2c(=O)n(Cc3ccccc3C#N)c(N3CCC[C@@H](N)C3)nc2cc1F,6.6
COc1cc2c(C(=O)N3CCN(C)CC3)c(C)n(-c3ccccc3)c2cc1Br,5.95
COc1cc2c(C(=O)c3ccccc3)c3c4c(cc(OC)c(OC)c4c2cc1OC)CCN3C,5.9
COc1cc2c(C)c3c4c(cc(OC)c(OC)c4c2cc1OC)CCN3C,4.8
COc1cc2c(C=O)c3c4c(cc(OC)c(OC)c4c2cc1OC)CCN3C,5.7
COc1cc2c(CCNC(C)=O)c[nH]c2cc1Cl,4.8
COc1cc2c(CCNC(C)=O)c[nH]c2cc1O,4.8
COc1cc2c(Cc3c4c5c(cc(OC)c(OC)c5c5c(OC)c(OC)ccc35)CCN4C)c3c4c(cc(OC)c(OC)c4c2cc1OC)CCN3C,5.5
COc1cc2c(NC3CCCCC3)c(C(N)=O)cnc2cc1-c1c(C)noc1C,5.21
COc1cc2c(Nc3cccc4cccnc34)c(C(N)=O)cnc2cc1-c1c(C)noc1C,5.41
COc1cc2c(Nc3ccccc3C(=O)N3CCCCC3)c(C(N)=O)cnc2cc1-c1c(C)noc1C,5.75
COc1cc2c(Nc3ccccc3C(=O)c3ccccn3)c(C(N)=O)cnc2cc1-c1c(C)noc1C,5.51
COc1cc2c(Nc3ccccc3C(C)(C)C)c(C(N)=O)cnc2cc1-c1c(C)noc1C,5.72
COc1cc2c(Nc3ccccc3CCN3CCOCC3)c(C(N)=O)cnc2cc1-c1c(C)noc1C,5.72
COc1cc2c(Nc3ccccc3F)c(C(N)=O)cnc2cc1-c1c(C)noc1C,5.33
COc1cc2c(Nc3ccccc3N3CCOCC3)c(C(N)=O)cnc2cc1-c1c(C)noc1C,5.82
COc1cc2c(c(OC)c1OC)-c1c(cc3c(c1OC)OCO3)C[C@H](C)[C@](C)(O)[C@H]2OC(=O)c1ccccc1,6.4
COc1cc2c(c(OC)c1OC)-c1ccc(O)c(=O)cc1[C@H](N)CC2,5.5
COc1cc2c(c(OC)c1OC)-c1ccc(OC)c(=O)cc1[C@@H](NC(C)=O)CC2,5.6
COc1cc2c(cc1-c1c(C)noc1C)ncc1[nH]c(=O)n(-c3ccccc3C(C)(C)C)c12,5.77
COc1cc2c(cc1-c1c(C)noc1C)ncc1[nH]c(=O)n(-c3ccccc3OC(F)(F)F)c12,5.7
COc1cc2c(cc1-c1c(C)noc1C)ncc1[nH]c(=O)n(C(C)c3ccccc3)c12,5.7
COc1cc2c(cc1-c1c(C)noc1C)ncc1[nH]c(=O)n(Cc3ccccc3)c12,5.43
COc1cc2c(cc1-c1c(C)noc1C)ncc1[nH]c(=O)n(Cc3ccccn3)c12,4.89
COc1cc2c(cc1-c1c(C)noc1C)ncc1[nH]c(=O)n([C@H](C)c3ccccc3)c12,5.82
COc1cc2c(cc1-c1c(C)noc1C)ncc1[nH]c(=O)n([C@H](C)c3ccccn3)c12,4.9350000000000005
COc1cc2c(cc1-c1c(C)noc1C)ncc1nc(N(C)C)n(CC3CCOCC3)c12,5.0
COc1cc2c(cc1-c1cc3cc4ccoc4cc3oc1=O)OCO2,6.4
COc1cc2c(cc1-c1cccnc1)CCC(=O)N2C,4.05
COc1cc2c(cc1-n1cnc3ccc(-c4ccnc5[nH]ccc45)cc31)CNC2,5.44
COc1cc2c(cc1C(F)(F)F)N(C(=O)Nc1cc(F)cc(-c3cccnc3)c1)CC2,5.6
COc1cc2c(cc1NC(=O)c1cc(-c3cccnc3)nc3ccc(C)cc13)oc1ccccc12,5.4
COc1cc2c(cc1Nc1ncc(Cl)c(Nc3ccc(N4CCOCC4)cc3OC)n1)CCN(CC(=O)N(C)C)CC2,5.7
COc1cc2c(cc1O)-c1c(O)c(OC)cc3c1[C@H](C2)N(C)CC3,4.7
COc1cc2c(cc1O)-c1cc3ccc(OC)c(OC)c3c[n+]1CC2,4.51
COc1cc2c(cc1O)CC1c3c(cc(O)c(OC)c3-2)CCN1C,4.6
COc1cc2c(cc1O)CCC1C2CCC2(C)C(O)CCC12,4.5
COc1cc2c(cc1O)CC[C@@H]1[C@@H]2CC[C@@]2(C)[C@H](O)CC[C@H]12,4.6
COc1cc2c(cc1O)CC[n+]1cc3c(OC)c(OC)ccc3cc1-2,5.68
COc1cc2c(cc1O)C[C@H]1c3c(cc(O)c(OC)c3-2)CCN1C,4.8
COc1cc2c(cc1O)C[C@H]1c3c(cc(OC)c(O)c3-2)CCN1C,4.7
COc1cc2c(cc1O)[C@H]1Cc3ccc(OC)c(O)c3CN1CC2,4.9
COc1cc2c(cc1OC(C)C)[C@H](c1ccc(Cl)cc1)N(c1ccc(N(C)C[C@H]3CC[C@H](N(C)C)CC3)cc1)C(=O)C2,5.03
COc1cc2c(cc1OC(C)C)[C@H](c1ccc(Cl)cc1)N(c1ccc(N(C)C[C@H]3CC[C@H](N(C)C)CC3)nc1)C(=O)C2,5.3
COc1cc2c(cc1OC(C)C)[C@H](c1ccc(Cl)cc1)N(c1ccc(N(C)C[C@H]3CC[C@H](N4CC(=O)N(C)C4)CC3)nc1)C(=O)C2,4.88
COc1cc2c(cc1OC(C)C)[C@H](c1ccc(Cl)cc1)N(c1ccc(N(C)C[C@H]3CC[C@H](N4CCN(C)C(=O)C4)CC3)cc1)C(=O)C2,4.77
COc1cc2c(cc1OC(C)C)[C@H](c1ccc(Cl)cc1)N(c1ccc(N(C)C[C@H]3CC[C@H](N4CCNC(=O)C4)CC3)cc1)C(=O)C2,4.95
COc1cc2c(cc1OC)-c1c(O)c(OC)cc3c1[C@H](C2)N(C)CC3,5.1
COc1cc2c(cc1OC)-c1c(OC)c(OC)c(C=O)c3c1[C@H](C2)N(C)CC3,5.1
COc1cc2c(cc1OC)-c1c(OC)c(OC)c(CO)c3c1C(C2)N(C)CC3,4.5
COc1cc2c(cc1OC)-c1c(OC)c(OC)cc3ccnc(c13)C2=O,5.6
COc1cc2c(cc1OC)-c1c(oc3cc(O)cc(O)c3c1=O)CO2,5.0
COc1cc2c(cc1OC)-c1c/c(=N/c3c(C)cc(C)cc3C)n(C)c(=O)n1CC2,4.9
COc1cc2c(cc1OC)-c1c/c(=N\c3c(C)cc(C)cc3C)n(C)c(=O)n1CC2.Cl,4.8
COc1cc2c(cc1OC)-c1cc3ccc(OC)c(OC)c3c[n+]1CC2.[Cl-],4.4
COc1cc2c(cc1OC)-c1cc3nc4ccccc4nc3n1C(C)(C)C2,4.6
COc1cc2c(cc1OC)C(=O)C(CC1CCN(Cc3ccccc3)CC1)C2,4.26
COc1cc2c(cc1OC)C(=O)OC2,4.9
COc1cc2c(cc1OC)C(C(=O)N1CCN(c3ccccn3)CC1)C(c1cccs1)N(C)C2=O,5.35
COc1cc2c(cc1OC)C(C(=O)N1CCOCC1)C(c1cccs1)N(C)C2=O,4.6
COc1cc2c(cc1OC)C(C(=O)NCc1cccnc1)C(c1cccnc1)N(C)C2=O,4.85
COc1cc2c(cc1OC)C(C(=O)Nc1ccc3c(c1)OCCO3)C(c1cccnc1)N(C)C2=O,4.55
COc1cc2c(cc1OC)C(C(=O)Nc1cccc(C)n1)C(c1cccnc1)N(C)C2=O,4.8
COc1cc2c(cc1OC)C(CCN)=NCC2,5.4
COc1cc2c(cc1OC)C(c1ccc(N)cc1)=NNC(=O)C2,4.9
COc1cc2c(cc1OC)C1C(=O)c3c(O)cc4c(c3OC1CO2)C=CC(C)(C)O4,4.8
COc1cc2c(cc1OC)C1C(=O)c3c(cc4c(c3O)C=CC(C)(C)O4)OC1CO2,4.8
COc1cc2c(cc1OC)C1C(=O)c3ccc4c(c3OC1CO2)C=CC(C)(C)O4,4.5
COc1cc2c(cc1OC)C1Cc3ccc(OC)c(OC)c3CN1CC2,4.5
COc1cc2c(cc1OC)CN(C(=O)C13CC4CC(C1)CC(c1ccc(OCC(=O)Nc5cccc6cccnc56)cc1)(C4)C3)CC2,5.55
COc1cc2c(cc1OC)CN(C(S)=Nc1ccccc1)CC2,4.9
COc1cc2c(cc1OC)CN(CC(=O)Nc1ccc3c(c1)OCO3)CC2,5.45
COc1cc2c(cc1OC)CN(CCc1ccc(-n3nnc(-c4cc(OC)c(OC)cc4NC(=O)c4cc(=O)c5cc(-n6ccnc6)ccc5o4)n3)cc1)CC2,5.48
COc1cc2c(cc1OC)CN(CCc1ccc(-n3nnc(-c4cc(OC)c(OC)cc4NC(=O)c4ccc(-n5ccnc5)cc4)n3)cc1)CC2,6.29
COc1cc2c(cc1OC)CN(CCc1ccc(-n3nnc(-c4cc(OCCc5cccnc5)ccc4NC(=O)c4cc(=O)c5ccccc5o4)n3)cc1)CC2,6.14
COc1cc2c(cc1OC)CN(CCc1ccc(-n3nnc(-c4cc(Oc5cccnc5)ccc4NC(=O)c4cc(=O)c5ccccc5o4)n3)cc1)CC2,5.83
COc1cc2c(cc1OC)CN(CCc1ccc(N3Cc4cc(OC)c5c(c4-c4c(cc(OC)c6c4OCO6)C3)OCO5)cc1)CC2,5.58
COc1cc2c(cc1OC)Cc1cc(OC)c(OC)cc1Cc1cc(OC)c(OC)cc1C2,4.9
COc1cc2c(cc1OC)[C@@H]1C(=O)c3ccc(OC)c(CC=C(C)C)c3OC1CO2,5.5
COc1cc2c(cc1OC)[C@@H]1C(=O)c3ccc4c(c3OC1CO2)CC(C(C)C)O4,4.6
COc1cc2c(cc1OC)[C@@H]1C(=O)c3ccc4c(c3O[C@@H]1CO2)C=CC(C)(C)O4,4.8
COc1cc2c(cc1OC)[C@@H]1C(=O)c3ccc4oc(C(C)C)cc4c3OC1CO2,4.4
COc1cc2c(cc1OC)[C@H](c1ccccc1)CN(C)CC2,4.9
COc1cc2c(cc1OC)[C@]13CC[N@+]4(C)CC5=CCO[C@H]6CC(=O)N2[C@@H]1[C@@H]6[C@@H]5C[C@]34O,6.0
COc1cc2c3cc1Oc1c(OC)c(OC)cc4c1[C@@H](Cc1ccc(O)c(c1)Oc1ccc(cc1)C[C@@H]3N(C)CC2)CN(C)C4,5.6
COc1cc2c3cc1Oc1c(OC)c(OC)cc4c1[C@@H](Cc1ccc(O)c(c1)Oc1ccc(cc1)C[C@@H]3N(C)CC2)N(C)CC4,4.7
COc1cc2cc(CN(CCCO)S(=O)(=O)c3ccccc3Cl)c(O)nc2cc1OC,4.85
COc1cc2cc(Oc3ccc4ccc(=O)oc4c3)c(=O)oc2cc1O,6.3
COc1cc2cc3c(N)c(C(=O)Nc4sc(C)c(C)c4C#N)sc3nc2cc1OC,5.05
COc1cc2cc3c4c(cc(OC)c(OC)c4c2cc1OC)CCN3C,5.4
COc1cc2cc3c4cc(OC)c(OC)cc4cc[n+]3c(C)c2cc1OC.O.[Cl-],5.0
COc1cc2cc3c4cc(OC)c(OC)cc4cc[n+]3c(C)c2cc1OC.[Cl-],4.8
COc1cc2cc[n+]3cc4c(OC)c(OC)ccc4cc3c2cc1OC.O,4.7
COc1cc2ccc(=O)oc2c(O)c1OCC=C(C)C,4.9
COc1cc2ccc(=O)oc2c2ccoc12,5.4
COc1cc2ccc(Br)cc2cc1[C@@H](c1ccccc1)[C@@](O)(CCN(C)C)c1ccc2occc2c1,5.01
COc1cc2ccc(Br)cc2cc1[C@@H](c1cccnc1OC)[C@@](O)(CCN(C)C)c1cccc2ccoc12,5.11
COc1cc2ccc(Br)cc2cc1[C@@H](c1ccnc(OC)c1OC)[C@@](O)(CCN(C)C)c1ccc2occc2c1,5.16
COc1cc2ccc(C(O)(c3c[nH]cn3)C(C)C)cc2cc1OC,5.8
COc1cc2ccc(C(O)(c3cc[nH]n3)C(C)C)cc2cc1OC,5.75
COc1cc2ccc(C(O)(c3cccnc3)C(C)C)cc2cc1OC,5.03
COc1cc2ccc(C(O)(c3ccncc3)C(C)C)cc2cc1OC,5.35
COc1cc2ccc(C(O)(c3ccncn3)C(C)C)cc2cc1OC,4.75
COc1cc2ccc(C(O)(c3cn[nH]c3)C(C)C)cc2cc1OC,4.57
COc1cc2ccc(C(O)(c3cnco3)C(C)C)cc2cc1OC,5.19
COc1cc2ccc(C(O)(c3cncs3)C(C)C)cc2cc1OC,6.11
COc1cc2ccc(C(O)(c3cnn[nH]3)C(C)C)cc2cc1OC,4.24
COc1cc2ccc(C(O)(c3nc[nH]n3)C(C)C)cc2cc1OC,4.0
COc1cc2ccnc(Oc3ccc(F)cc3)c2cc1OC,5.72
COc1cc2cnc(C(O)(c3cnn[nH]3)C(C)C)cc2cc1OC,4.64
COc1cc2nc(C)nc(N[C@H](C)c3cc(N)cc(C(F)(F)F)c3)c2cc1OCC1(CN(C)C(=O)CCCCCCNc2cccc3c2C(=O)N(C2CCC(=O)NC2=O)C3=O)CC1,6.5
COc1cc2nc(C)nc(N[C@H](C)c3cc(N)cc(C(F)(F)F)c3)c2cc1O[C@H]1CCOC1,4.62
COc1cc2nc(N3CCC[C@@H](N)C3)n(Cc3ccccc3C#N)c(=O)c2cc1OC,6.3
COc1cc2nc(N3CCN(C(=O)OCc4ccccc4)[C@H](C(=O)NC(C)(C)C)C3)nc(N)c2cc1OC,5.4
COc1cc2nc(N3CCN(C(=O)[C@@H]4COc5ccccc5O4)CC3)nc(N)c2cc1OC.CS(=O)(=O)O,5.3
COc1cc2nc(N3CCN(C(=O)[C@H]4COc5ccccc5O4)CC3)nc(N)c2cc1OC.CS(=O)(=O)O,4.9
COc1cc2nc(N3CCN(C(=O)c4ccco4)CC3)nc(N)c2cc1OC,4.9
COc1cc2nc(N3CCN(C(=O)c4ccco4)CC3)nc(N)c2cc1OC.Cl,4.9
COc1cc2nc(SCc3ccc(Cl)cc3Cl)n(Cc3cccs3)c(=N)c2cc1OC,5.7
COc1cc2nc([C@@H](CNC(=O)c3c(Cl)cc(-n4cnc(C)n4)cc3Cl)c3cccc(F)c3)[nH]c2cc1Cl,4.48
COc1cc2nc3c(c([Si](C)(C)C(C)(C)C)c2cc1OC)Cn1c-3cccc1=O,5.4
COc1cc2nccc(Oc3ccc4c(C(=O)Nc5cc(C)no5)cccc4c3)c2cc1OC,4.4
COc1cc2nccc(Oc3ccc4c(C(=O)Nc5ccccn5)cccc4c3)c2cc1OC,4.89
COc1cc2nccc(Oc3ccc4c(C(=O)Nc5cccnc5)cccc4c3)c2cc1OC,5.7
COc1cc2nccc(Oc3ccc4c(C(=O)Nc5ccncc5)cccc4c3)c2cc1OC,7.0
COc1cc2ncnc(-c3c(-c4ccccc4)n(Cc4ccccc4Br)c4ccccc34)c2cc1OCCCN1CCOCC1,5.39
COc1cc2ncnc(Nc3cccc(Br)c3)c2cc1OC,5.3
COc1cc2ncnc(Nc3cccc(Cl)c3)c2cc1OC,5.5
COc1cc2nncc(SCc3ccc(Cl)c(Cl)c3)c2cc1OC,5.7
COc1cc2oc(-c3ccccc3)cc(=O)c2cc1OC,4.8
COc1cc2occc2c2oc(=O)ccc12,4.9
COc1ccc(-c2[nH]nc(C)c2-c2ccc(Cl)cc2)c(O)c1,4.85
COc1ccc(-c2c(C(C)=O)c(C)nc3sc4c(c23)NC(c2ccccc2)NC4=O)cc1,5.2
COc1ccc(-c2c(C)nn(Cc3ccccc3)c2N)cc1,4.85
COc1ccc(-c2c(C3CCCC3)c3ccc(C(=O)NC4(C(=O)Nc5ccc(/C=C/C(=O)O)cc5)CCC4)cc3n2C)cn1,5.82
COc1ccc(-c2c(CO)n(Cc3ccccc3Cl)c3ccc(OC(F)(F)F)cc23)cn1,4.85
COc1ccc(-c2c(O)c3c(OC)c4c(cc3oc2=O)OC(C)(C)C=C4)cc1,5.2
COc1ccc(-c2c(O)c3c(OC)c4c(cc3oc2=O)OC(C)(C)CC4)cc1,4.6
COc1ccc(-c2c(O)ccc3cc(-c4cccc(O)c4)ccc23)cn1,5.69
COc1ccc(-c2c[n+]3c4n2CCCCC4=C(c2ccccc2)C3)cc1.[Br-],5.5
COc1ccc(-c2cc(-c3c(O)c(OC)c4occc4c3OC)[nH]n2)cc1OC,5.1
COc1ccc(-c2cc(-c3cc(F)ccc3O)[nH]n2)cc1OC,4.7
COc1ccc(-c2cc(-c3ccc(NCc4cccnc4)cc3)no2)cc1,5.38
COc1ccc(-c2cc(=O)c3c(O)c(OC)c(OC)c(OC)c3o2)cc1OC,5.0
COc1ccc(-c2cc(=O)c3c(O)cc(O)c(-c4cc(-c5cc(=O)c6c(O)cc(O)cc6o5)ccc4OC)c3o2)cc1,5.4
COc1ccc(-c2cc(=O)c3c(O)cc(O)cc3o2)cc1,5.5
COc1ccc(-c2cc(=O)c3c(OC(C)=O)cc(OC(C)=O)cc3o2)cc1,4.6
COc1ccc(-c2cc(=O)c3c(OC)c(OC)c(OC)c(OC)c3o2)cc1,4.9
COc1ccc(-c2cc(=O)c3c(OC)c(OC)c(OC)c(OC)c3o2)cc1OC,4.6
COc1ccc(-c2cc(=O)c3cc(OC)ccc3o2)cc1,5.5
COc1ccc(-c2cc(=O)c3ccc(O)cc3o2)cc1,5.1
COc1ccc(-c2cc(=O)c3ccccc3o2)cc1,5.7
COc1ccc(-c2cc(=O)c3ccccc3o2)cc1OC,5.1
COc1ccc(-c2cc(=O)oc3cc4occ(C)c4cc23)cc1,4.95
COc1ccc(-c2cc(C(=O)NCc3cccnc3)no2)cc1OC,5.6
COc1ccc(-c2cc(C(=O)Nc3cc(OC)c(OC)c(OC)c3)no2)cc1OC,5.0
COc1ccc(-c2cc(C(=O)Nc3nc4c(C)cccc4s3)c3ccccc3n2)cc1OC,4.95
COc1ccc(-c2cc(C(F)(F)F)n3nc(C(=O)N4CCCCC4)cc3n2)cc1,4.85
COc1ccc(-c2cc(C(F)(F)F)n3nc(C(=O)NCc4ccco4)c(Cl)c3n2)cc1,5.5
COc1ccc(-c2cc(C(F)(F)F)n3ncc(C(=O)NCC4CCCO4)c3n2)cc1OC,5.45
COc1ccc(-c2cc(C(F)(F)F)nc(N3CCCCC3)n2)cc1OC,4.6
COc1ccc(-c2cc(C(F)(F)F)nc(N3CCOCC3)n2)cc1OC,4.8
COc1ccc(-c2cc(C(F)(F)F)nc(NC3CCCC3)n2)cc1OC,4.6
COc1ccc(-c2cc(C(F)(F)F)nc(NCc3cccnc3)n2)cc1,5.35
COc1ccc(-c2cc(C(F)(F)F)nc(SCc3cccc(C(=O)O)c3)n2)cc1,4.85
COc1ccc(-c2cc(C(F)F)nc(-n3nc(C)cc3C)n2)cc1,5.0
COc1ccc(-c2cc(C)c3nc(-c4c(N[C@H](CO)Cc5ccccc5)cc[nH]c4=O)[nH]c3c2)cc1,5.17
COc1ccc(-c2cc(C3CCN(c4cc(Cl)nc(N)n4)CC3)[nH]n2)cc1,4.55
COc1ccc(-c2cc(C3CCN(c4ccc(C(C)=O)cc4[N+](=O)[O-])CC3)[nH]n2)cc1,5.35
COc1ccc(-c2cc(CC3CCOCC3)nc(N3CCNCC3)c2)cc1,5.48
COc1ccc(-c2cc(CCCC(=O)NCCc3ccc(OC)cc3OC)no2)cc1,5.95
COc1ccc(-c2cc(CNS(=O)(=O)c3ccccc3)on2)cc1,4.48
COc1ccc(-c2cc(Nc3ccnc(N4CCOCC4)n3)on2)cc1,4.795
COc1ccc(-c2cc3c(N[C@@H]4CC[C@](C)(N)C4(C)C)c(C(N)=O)cnn3c2)cn1,4.96
COc1ccc(-c2cc3ccccc3n2CC(O)CNCCO)cc1.O=C(O)C(=O)O,4.8
COc1ccc(-c2ccc(/C=C3\C(=O)N(c4ccccc4)N=C3c3ccccc3)o2)c([N+](=O)[O-])c1,5.7
COc1ccc(-c2ccc(C(=O)O)cc2C)cc1-c1ncc(C(F)(F)F)cc1[C@@H]1CC[C@H]2[C@@H](c3cc(C(F)(F)F)cc(C(F)(F)F)c3)OC(=O)N12,5.05
COc1ccc(-c2ccc(C(=S)N3CCN(C(C)=O)CC3)o2)cc1,4.6
COc1ccc(-c2ccc(C(O)(c3c[nH]cn3)C(C)C)cc2)cc1,5.31
COc1ccc(-c2ccc(CCNc3nc4cc(Cl)ccc4c(=O)n3C)cc2)cc1,5.1
COc1ccc(-c2ccc(CO[C@H]3C[C@@H](N=C=S)C3)nc2)cc1F,5.58
COc1ccc(-c2ccc(Cn3c(CC(C)(C)C(=O)O)c(SC(C)(C)C)c4cc(OCc5ccccn5)ccc43)cc2)nn1,7.82
COc1ccc(-c2ccc([C@H](C)N3CC[C@](CC(C)(C)O)(c4ccccc4)OC3=O)cc2)cn1,4.94
COc1ccc(-c2ccc3c(c2)CC=C3c2ccncc2)cc1.Cl,5.62
COc1ccc(-c2ccc3c(c2)CCC3(O)c2ccncc2)cc1,5.48
COc1ccc(-c2ccc3c(c2)CCC3(O)c2ccncc2)cc1F,5.47
COc1ccc(-c2ccc3c(c2)CCCC3(O)c2ccncc2)cc1F,4.82
COc1ccc(-c2cccc(C(=O)Nc3ccc(OC)c(OC)c3)c2)cc1,5.5
COc1ccc(-c2cccc(C(O)(c3c[nH]cn3)C(C)C)c2)cc1,5.7
COc1ccc(-c2ccccc2C2NC(C(=O)O)CCC2C)cc1,5.3
COc1ccc(-c2cn3c(C)c(C(=O)NCCN4CCOCC4)sc3n2)cc1,4.9
COc1ccc(-c2cnnc(CCCn3ccnc3-c3ccccc3)n2)cc1,5.2
COc1ccc(-c2cnnn2-c2ccc(NC(=O)c3ccco3)cc2)cc1OC,6.0
COc1ccc(-c2coc3c(O)c(OC)ccc3c2=O)cc1,4.5
COc1ccc(-c2coc3c(OC)c(OC)cc(O)c3c2=O)cc1,4.4
COc1ccc(-c2coc3cc(O)cc(O)c3c2=O)cc1,4.7
COc1ccc(-c2coc3cc(O)ccc3c2=O)c(OC)c1,4.4
COc1ccc(-c2coc3cc(O)ccc3c2=O)cc1,4.8
COc1ccc(-c2coc3cc(OC(C)=O)cc(OC(C)=O)c3c2=O)cc1,4.5
COc1ccc(-c2coc3cc(OC)cc(OC)c3c2=O)cc1,4.7
COc1ccc(-c2coc3ccc(OC4OC(COC(C)=O)C(OC(C)=O)C(OC(C)=O)C4OC(C)=O)c(OC(C)=O)c3c2=O)cc1,4.8
COc1ccc(-c2coc3ccc(OC4OC(COC(C)=O)C(OC(C)=O)C(OC(C)=O)C4OC(C)=O)cc3c2=O)cc1,5.8
COc1ccc(-c2csc(-n3ncc(-c4cccs4)c3N)n2)cc1,5.05
COc1ccc(-c2csc(NC(=O)CCn3cnc4ccccc4c3=O)n2)cc1OC,4.95
COc1ccc(-c2csc(NC(=O)Cn3nc(C)cc3C)n2)cc1,4.8
COc1ccc(-c2csc3c2[N+]2=CCC=C2C3[O-])cc1,5.5
COc1ccc(-c2nc(-c3cc([N+](=O)[O-])ccc3C)c(-c3ccccc3)[nH]2)cc1O,5.3
COc1ccc(-c2nc(-c3ccc(O)cc3)cs2)c(OC)c1,5.83
COc1ccc(-c2nc(-c3cccnc3)cs2)c(OC)c1,5.8
COc1ccc(-c2nc(C#N)c(N3CCC(C(N)=O)CC3)o2)cc1OC,4.4
COc1ccc(-c2nc(C(=O)N3CCN(C)CC3)sc2-c2ccc(OC)cc2)cc1,5.1
COc1ccc(-c2nc(C)nn2-c2cccc(C(=O)NCCCCc3ccccc3)c2)cc1,4.43
COc1ccc(-c2nc(CCOc3cccc(C[C@@H]4C(=O)N(c5ccc(C(C)(C)C)cc5)[C@@H]4C(=O)O)c3)c(C)o2)cc1,4.92
COc1ccc(-c2nc(CS(=O)(=O)CC(=O)NCCc3cc(OC)ccc3OC)c(C)o2)cc1,5.35
COc1ccc(-c2nc(CS(=O)(=O)c3cccc(Cl)c3)nc3ccsc23)cn1,5.17
COc1ccc(-c2nc(CSCC(=O)NCC3CCCO3)c(C)o2)cc1OC,4.4
COc1ccc(-c2nc3c(=O)n(C)c(=O)n(C)c3[nH]2)c(OC)c1,5.8
COc1ccc(-c2nc3c(c4c2CC(C)OC4)CN(CCC(C)C)CC3)cc1,5.5
COc1ccc(-c2nc3cnc(N(C)C)nc3n(C[C@H]3CCCO3)c2=O)cc1,5.2
COc1ccc(-c2nc3cnc(N(C)C)nc3n(Cc3cccs3)c2=O)cc1,4.9
COc1ccc(-c2nc3cnc(N4CCN(C)CC4)nc3n(CCC#N)c2=O)cc1,4.4
COc1ccc(-c2nc3cnc(N4CCN(C)CC4)nc3n(CCc3ccccc3)c2=O)cc1,5.5
COc1ccc(-c2nc3cnc(N4CCN(C)CC4)nc3n(Cc3ccc(F)cc3)c2=O)cc1,4.6
COc1ccc(-c2nc3cnc(N4CCNCC4)nc3n(-c3ccccc3)c2=O)cc1,5.6
COc1ccc(-c2nc3cnc(N4CCNCC4)nc3n(C)c2=O)cc1,4.5
COc1ccc(-c2nc3cnc(N4CCNCC4)nc3n(C3CC3)c2=O)cc1,5.0
COc1ccc(-c2nc3cnc(N4CCNCC4)nc3n(CCC#N)c2=O)cc1,4.9
COc1ccc(-c2nc3cnc(N4CCNCC4)nc3n(CCc3ccccc3)c2=O)cc1,4.7
COc1ccc(-c2nc3cnc(N4CCNCC4)nc3n(Cc3ccc(F)cc3)c2=O)cc1,4.8
COc1ccc(-c2nc3cnc(N4CCNCC4)nc3n(Cc3cccc(OC)c3)c2=O)cc1,4.8
COc1ccc(-c2nc3cnc(N4CCNCC4)nc3n(Cc3cccs3)c2=O)cc1,5.4
COc1ccc(-c2nc3cnc(Nc4cccc(OC)c4)nc3n(CCC#N)c2=O)cc1,5.4
COc1ccc(-c2nc3cnc(Nc4cccc(OC)c4)nc3n(C[C@H]3CCCO3)c2=O)cc1,5.3
COc1ccc(-c2nc3cnc(Nc4cccc(OC)c4)nc3n(Cc3cccs3)c2=O)cc1,5.2
COc1ccc(-c2nc3cnc(Nc4ccccc4)nc3n(C[C@H]3CCCO3)c2=O)cc1,4.9
COc1ccc(-c2nc3cnc(OC)nc3n(-c3ccc(OC)cc3)c2=O)cc1,4.8
COc1ccc(-c2nc3cnc(OC)nc3n(C)c2=O)cc1,4.6
COc1ccc(-c2nc3cnc(OC)nc3n(C3CC3)c2=O)cc1,7.3
COc1ccc(-c2nc3cnc(OC)nc3n(CCC#N)c2=O)cc1,4.9
COc1ccc(-c2nc3cnc(OC)nc3n(CCc3ccccc3)c2=O)cc1,5.0
COc1ccc(-c2nc3cnc(OC)nc3n(C[C@H]3CCCO3)c2=O)cc1,4.6
COc1ccc(-c2nc3cnc(OC)nc3n(Cc3ccc(F)cc3)c2=O)cc1,5.5
COc1ccc(-c2nc3cnc(OC)nc3n(Cc3cccc(OC)c3)c2=O)cc1,5.6
COc1ccc(-c2nc3cnc(OC)nc3n(Cc3cccs3)c2=O)cc1,5.4
COc1ccc(-c2nc3cnc(OCc4ccccc4)nc3n(CCC#N)c2=O)cc1,5.0
COc1ccc(-c2nc3cnc(Oc4cccc(Cl)c4)nc3n(C3CC3)c2=O)cc1,5.0
COc1ccc(-c2nc3cnc(Oc4cccc(Cl)c4)nc3n(C[C@H]3CCCO3)c2=O)cc1,5.3
COc1ccc(-c2nc3cnc(Oc4ccccc4)nc3n(C3CC3)c2=O)cc1,4.8
COc1ccc(-c2nc3cncnc3n(-c3ccccc3)c2=O)cc1,4.7
COc1ccc(-c2nn(-c3ccccc3)cc2/C=N/NC(=O)c2ccc(Br)o2)cc1,4.8
COc1ccc(-c2nn(-c3ccccc3)cc2/C=N/NC(=O)c2ccc3c(c2)OCO3)cc1,5.3
COc1ccc(-c2nn3cnnc3s2)cc1OC,4.85
COc1ccc(-c2nnc(-c3cccnc3)o2)cc1,5.8
COc1ccc(-c2nnc(SCc3cccc(C)c3)n2N)cc1,5.0
COc1ccc(-c2nnn(CC(=O)N(CC(=O)NCCC(C)C)Cc3cccs3)n2)cc1OC,4.9
COc1ccc(-c2nnn(CC(=O)NCCc3c[nH]c4ccccc34)n2)cc1OC,5.05
COc1ccc(-c2nnn(Cc3nc(N)nc(N4CCOCC4)n3)n2)cc1OC,4.55
COc1ccc(-c2noc(C3CCCN(C(=O)c4ccccc4OC)C3)n2)cc1OC,5.3
COc1ccc(-c2noc(CCCC(=O)NCCc3ccccc3)n2)cc1OC,4.95
COc1ccc(-c2noc(CSc3nnc(C)n3-c3ccc(OC)cc3)n2)cc1,5.24
COc1ccc(-c2noc(N(C)CC(=O)Nc3cccc(C(F)(F)F)c3)n2)cc1,4.9
COc1ccc(-c2oc3cc(O)cc(O)c3c(=O)c2OC)cc1,4.66
COc1ccc(-c2oc3cc(OC)c(OC(C)=O)c(OC)c3c(=O)c2OC)cc1OC(C)=O,5.3
COc1ccc(-c2oc3cc(OC)ccc3c(=O)c2O)cc1,4.9
COc1ccc(-c2oc3cc(OC)ccc3c2C(=O)c2ccc(C#N)cc2)cc1,5.4
COc1ccc(-c2oc3cc(O[C@@H]4OC(CO)C(O)C(O)C4O)c(OC)c(O)c3c(=O)c2OC)cc1O,4.6
COc1ccc(-c2oc3ccc(C)cc3c(=O)c2O)cc1OC,5.4
COc1ccc(-c2oc3ccccc3c(=O)c2O)cc1,5.4
COc1ccc(-c2oc3ccccc3c(=O)c2O)cc1OC,4.7
COc1ccc(-c2sc(/N=C/c3ccc(N(C)CCC#N)cc3)c(C#N)c2C)cc1OC,4.48
COc1ccc(-n2c(-c3ccccc3)nc(=S)c3c2CCCC3)cc1,4.7
COc1ccc(-n2c(=O)[nH]cc(C(=O)Nc3ccc4c(c3)OCCO4)c2=O)cc1,4.85
COc1ccc(-n2c(=O)c(-c3cc(F)cc(F)c3)nc3cnc(N4CCNCC4)nc32)cc1,4.6
COc1ccc(-n2c(=O)c(-c3cc(F)cc(F)c3)nc3cnc(N4CCOCC4)nc32)cc1,4.8
COc1ccc(-n2c(=O)c(-c3cc(F)cc(F)c3)nc3cncnc32)cc1,4.9
COc1ccc(-n2c(=O)c(-c3ccc(Cl)cc3)nc3cnc(N(C)C)nc32)cc1,4.9
COc1ccc(-n2c(=O)c(-c3ccc(Cl)cc3)nc3cncnc32)cc1,4.8
COc1ccc(-n2c(=O)c(-c3ccc(F)c(F)c3)nc3cncnc32)cc1,4.9
COc1ccc(-n2c(=O)c(-c3ccc(F)cc3)nc3cnc(OC)nc32)cc1,4.8
COc1ccc(-n2c(=O)c(-c3cccc(Cl)c3)nc3cncnc32)cc1,4.9
COc1ccc(-n2c(=O)c(-c3cccc(F)c3)nc3cncnc32)cc1,4.7
COc1ccc(-n2c(=O)c(-c3ccccc3)nc3cnc(N4CCN(C)CC4)nc32)cc1,4.6
COc1ccc(-n2c(=O)c(-c3ccccc3)nc3cncnc32)cc1,4.8
COc1ccc(-n2c(=O)c(-c3cccs3)nc3cnc(N4CCN(C)CC4)nc32)cc1,4.6
COc1ccc(-n2c(=O)c(-c3cccs3)nc3cnc(N4CCNCC4)nc32)cc1,4.8
COc1ccc(-n2c(=O)c(-c3cccs3)nc3cnc(N4CCOCC4)nc32)cc1,4.7
COc1ccc(-n2c(=O)c(-c3cccs3)nc3cnc(Nc4cccc(OC)c4)nc32)cc1,5.8
COc1ccc(-n2c(=O)c(-c3cccs3)nc3cnc(OC)nc32)cc1,5.1
COc1ccc(-n2c(=O)c(-c3cn(C)c4ccccc34)nc3cnc(N4CCNCC4)nc32)cc1,4.7
COc1ccc(-n2c(=O)c(-c3cn(C)c4ccccc34)nc3cnc(OC)nc32)cc1,5.8
COc1ccc(-n2c(=O)c(-c3cn(C)c4ccccc34)nc3cncnc32)cc1,4.7
COc1ccc(-n2c(=O)c(C)nc3cnc(N(C)C)nc32)cc1,4.7
COc1ccc(-n2c(=O)c(C)nc3cnc(N4CCNCC4)nc32)cc1,4.6
COc1ccc(-n2c(=O)c(C)nc3cnc(N4CCOCC4)nc32)cc1,4.5
COc1ccc(-n2c(=O)c(C)nc3cnc(Nc4cccc(OC)c4)nc32)cc1,5.0
COc1ccc(-n2c(=O)c(C)nc3cnc(Nc4ccccc4)nc32)cc1,4.9
COc1ccc(-n2c(=O)c(C)nc3cnc(OC)nc32)cc1,4.6
COc1ccc(-n2c(=O)c(C)nc3cnc(Oc4cccc(Cl)c4)nc32)cc1,5.5
COc1ccc(-n2c(=O)c(C)nc3cnc(Oc4ccccc4)nc32)cc1,4.8
COc1ccc(-n2c(=O)c(C)nc3cncnc32)cc1,5.3
COc1ccc(-n2c(=O)c(CCc3ccccc3)nc3cnc(N(C)C)nc32)cc1,5.5
COc1ccc(-n2c(=O)c(CCc3ccccc3)nc3cnc(N4CCN(C)CC4)nc32)cc1,4.9
COc1ccc(-n2c(=O)c(CCc3ccccc3)nc3cnc(N4CCNCC4)nc32)cc1,4.6
COc1ccc(-n2c(=O)c(CCc3ccccc3)nc3cnc(N4CCOCC4)nc32)cc1,4.9
COc1ccc(-n2c(=O)c(CCc3ccccc3)nc3cnc(OC)nc32)cc1,4.8
COc1ccc(-n2c(=O)c(CCc3ccccc3)nc3cncnc32)cc1,4.9
COc1ccc(-n2c(=O)cnc3cnc(N(C)C)nc32)cc1,4.4
COc1ccc(-n2c(=O)cnc3cnc(Nc4ccccc4)nc32)cc1,6.7
COc1ccc(-n2c(=O)cnc3cnc(Oc4cccc(Cl)c4)nc32)cc1,5.0
COc1ccc(-n2c(=O)cnc3cnc(Oc4ccccc4)nc32)cc1,4.8
COc1ccc(-n2c(C)nnc2SCc2nc(-c3ccc(OC)c(OC)c3)no2)cc1,5.28
COc1ccc(-n2c(CNc3ccc(C)cc3)nnc2SCC(=O)Nc2nc(-c3ccccc3)cs2)cc1,5.5
COc1ccc(-n2c(N)c(C(=O)NCc3ccco3)sc2=S)cc1,4.6
COc1ccc(-n2c(S)nnc2-c2cnccn2)cc1,4.85
COc1ccc(-n2c(S)nnc2CNC(=O)c2cc(OC)c(OC)c(OC)c2)cc1,5.1
COc1ccc(-n2c(S)nnc2CNC(=O)c2ccc(S(=O)(=O)N3CCCC3)cc2)cc1,4.9
COc1ccc(-n2c(SC)nc(=O)c(Cc3ccccc3)c2O)cc1,4.65
COc1ccc(-n2c(SCc3nc(-c4ccc(C)cc4)no3)nnc2-c2ccncc2)cc1,5.77
COc1ccc(-n2c3c(c(=O)[nH]c2=O)C(C(F)(F)F)(C(F)(F)F)NC(CC(C)C)=N3)cc1,4.75
COc1ccc(-n2ccnc2SCC(=O)Nc2ccc(OC)cc2OC)cc1,5.4
COc1ccc(-n2ccnc2SCC(=O)Nc2ccccc2)cc1,4.95
COc1ccc(-n2cnnc2SCC(=O)Nc2ccc(N3CCOCC3)cc2)cc1,5.3
COc1ccc(-n2nc(C(=O)NCC(=O)Nc3ccccn3)c3ccccc3c2=O)cc1,5.45
COc1ccc(-n2nc(C(=O)NCC(=O)Nc3ccccn3)c3ccccc3c2=O)cc1Cl,5.4
COc1ccc(-n2nc(C(F)(F)F)cc2-c2ccc(Cl)cc2)cc1,4.4
COc1ccc(-n2nc(C)nc2-c2cccc(C(=O)NCCCCc3ccccc3)c2)cc1,4.42
COc1ccc(-n2nccn2)c(C(=O)N2CCOC[C@H]2Cc2cc(-n3nccn3)ccc2F)c1,4.46
COc1ccc(-n2nccn2)c(C(=O)N2CCOC[C@H]2Cc2cc(-n3nccn3)ccc2F)c1F,4.43
COc1ccc(-n2nnnc2SCC(=O)Nc2ccccc2)cc1,4.85
COc1ccc(/C(C#N)=C/c2c(-c3ccc(Cl)cc3)nc3c(C)cccn23)cc1,5.55
COc1ccc(/C(C)=N/NC(=O)c2ccc(CSc3cccc4cccnc34)cc2)cc1OC,5.5
COc1ccc(/C(O)=C(\C#N)c2nc3ccccc3n2C)cc1OC,5.45
COc1ccc(/C=C(/C#N)C(=O)NC2CCCCC2)cc1Br,4.6
COc1ccc(/C=C(/C(=O)Nc2ccccc2C(=O)NC(C)C)c2ccccc2)cc1,4.95
COc1ccc(/C=C(\C#N)C(N)=O)c(OC)c1,5.6
COc1ccc(/C=C(\NC(=O)c2ccccc2)C(=O)N/N=C/c2ccncc2)cc1,5.65
COc1ccc(/C=C/C(=O)NCc2c(C)nn(C)c2C)cc1COc1ccc(Br)cc1,5.4
COc1ccc(/C=C/C(=O)NCc2cn(C)nc2C)cc1COc1ccc(Br)cc1,5.5
COc1ccc(/C=C/C(=O)Nc2cc(C(F)(F)F)ccc2Cl)cc1,5.0
COc1ccc(/C=C/C(=O)Nc2ccccc2C(=O)N2CCCC2)cc1,6.0
COc1ccc(/C=C/C(=O)Nc2ccccc2C(=O)O)cc1OC,5.0
COc1ccc(/C=C/C(=O)c2ccc(O)cc2O)cc1,5.6
COc1ccc(/C=C/C(=O)c2ccc(O)cc2O)cc1OC,5.9
COc1ccc(/C=C/C(=O)c2ccc(OC)cc2O)cc1,5.5
COc1ccc(/C=C/C(=O)c2ccccc2)cc1,5.42
COc1ccc(/C=C/C(=O)c2cccnc2)c(OC)c1OC,4.93
COc1ccc(/C=C/C(=O)c2cccnc2)cc1OC,4.28
COc1ccc(/C=C/C(=O)c2cccs2)c(OC)c1,5.2
COc1ccc(/C=C/C(=O)c2cccs2)cc1OC,5.6
COc1ccc(/C=C/C2=CC3(C)CC2(C)C(c2ccc(OC)cc2)CC3=O)cc1,5.3
COc1ccc(/C=C/N(CCc2ccc(OC)c(OC)c2)C(=O)C(F)(F)F)cc1,5.7
COc1ccc(/C=C/N(CCc2ccc(OC)c(OC)c2)C(=O)c2ccccn2)cc1,5.4
COc1ccc(/C=C/N(CCc2ccc(OC)c(OC)c2)C(C)=O)cc1,5.7
COc1ccc(/C=C/NC(=O)Cc2ccc(OC)c(OC)c2)cc1,5.5
COc1ccc(/C=C/NC(=O)c2ccc(OC)cc2)cc1,5.5
COc1ccc(/C=C/c2ccncc2)cc1,5.8
COc1ccc(/C=C2/SC(N/N=C3\CC4CCC3(C)C4(C)C)=NC2=O)cc1,4.9
COc1ccc(/C=C2\CCCC3C2=NN(C(=O)c2ccco2)C3c2ccc(OC)c(OC)c2)cc1OC,5.1
COc1ccc(/C=C2\N=C(SC)N(C)C2=O)cc1,4.55
COc1ccc(/C=C2\NC(=S)N(CC3CCCO3)C2=O)c(OC)c1,5.55
COc1ccc(/C=C2\OC(=O)c3c(OC)cccc32)cc1OC,5.0
COc1ccc(/C=C2\SC(=O)N(CCNC(=O)C3CC(=O)N(c4ccccc4)C3)C2=O)cc1,5.55
COc1ccc(/C=C\C(=O)Nc2ccccc2C(=O)O)cc1OC,4.4
COc1ccc(/C=N/C(CO)C(O)c2ccc([N+](=O)[O-])cc2)cc1,5.0
COc1ccc(/C=N/NC(=O)C2CCN(c3ncc(C(F)(F)F)cc3Cl)CC2)cc1,4.95
COc1ccc(/C=N/NC(=O)CCCC(=O)NC2CCCCC2)cc1,4.9
COc1ccc(/C=N/NC(=O)CCCOc2ccc(Cl)cc2Cl)cc1[N+](=O)[O-],4.85
COc1ccc(/C=N/NC(=O)CCc2ccccc2)cc1O,4.65
COc1ccc(/C=N/NC(=O)Cc2csc(Nc3cccc(C(F)(F)F)c3)n2)c(OC)c1,5.3
COc1ccc(/C=N/NC(=O)Cc2csc(Nc3cccc(C(F)(F)F)c3)n2)cc1C,4.85
COc1ccc(/C=N/NC(=S)NC2CCS(=O)(=O)C2)cc1OC,4.65
COc1ccc(/C=N/NC(N)=S)cc1OC(=O)c1cccc2ccccc12,5.65
COc1ccc(/C=N/Nc2snc(SC)c2C#N)cc1OC,5.05
COc1ccc(/C=N/OCc2nc3c4c(ncn3n2)Oc2ccc3ccccc3c2C4c2ccccc2)cc1,4.4
COc1ccc(/C=N/n2c(S)nnc2-c2cccs2)cc1,5.05
COc1ccc(/C=N/n2cnc3c4cc(Br)ccc4nc-3c2O)cc1CN1CCOCC1,5.3
COc1ccc(/C=N\NC(=O)C2C(=O)NCC2c2ccccc2)cc1O,4.4
COc1ccc(/C=N\c2c(O)ccc3ccccc23)cc1OC,5.2
COc1ccc(/N=C/c2ccc(CNS(=O)(=O)c3ccc(Cl)cc3)o2)cc1,4.5
COc1ccc(/N=C2/S/C(=C\c3ccc(C)s3)C(=O)N2CC(C)C)cc1,5.3
COc1ccc(Br)cc1-c1csc(Nc2ccc(-n3cnc(C)c3)c(OC)c2)n1,5.66
COc1ccc(Br)cc1-c1csc(Nc2ccc(-n3cnc(C)c3)cc2)n1,5.92
COc1ccc(Br)cc1/C=C/C(=O)Nc1c(C)cccc1C,5.35
COc1ccc(Br)cc1C(=O)Nc1ccc(Cc2ccncc2)cc1,6.15
COc1ccc(C#CC2C=CC(OC(C)=O)C(COC(C)=O)O2)cc1,5.6
COc1ccc(C#CC2C=CC(Oc3cc(C)cc(C)c3)C(CO)O2)cc1,5.8
COc1ccc(C(=O)/C=C(/C)N(C)C)cc1,5.3
COc1ccc(C(=O)/C=C/Nc2ccc(NC(C)=O)cc2)cc1OC,4.85
COc1ccc(C(=O)/C=C/c2ccc3cnccc3c2)c(OC)c1,7.16
COc1ccc(C(=O)/C=C/c2ccc3cnccc3c2)c(OC)c1OC,6.92
COc1ccc(C(=O)/C=C/c2ccc3cnccc3c2)cc1,7.11
COc1ccc(C(=O)/C=C/c2ccc3cnccc3c2)cc1OC,7.03
COc1ccc(C(=O)/C=C/c2ccc3ncccc3c2)cc1,5.92
COc1ccc(C(=O)/C=C/c2ccc3nccnc3c2)cc1,5.92
COc1ccc(C(=O)/C=C/c2cccnc2)c(OC)c1,4.96
COc1ccc(C(=O)/C=C2/c3ccccc3CC(C)(C)N2C)cc1,5.15
COc1ccc(C(=O)C(OC(=O)CNC(=O)c2ccco2)c2ccccc2)cc1,4.85
COc1ccc(C(=O)C2=C(O)C(=O)N(Cc3cccnc3)C2c2ccco2)cc1OC,4.85
COc1ccc(C(=O)C2=C(O)C(=O)N(c3cc(C)on3)C2c2ccc(OC)c(OC)c2)cc1OC,4.65
COc1ccc(C(=O)C2C3C4COC(O4)C(=O)C3C3C=Cc4ccccc4N32)c(OC)c1,4.5
COc1ccc(C(=O)C2CCN(C(=O)c3cc(C(F)(F)F)c(C(=O)NC4CCN(Cc5ccc(C#N)cc5)CC4)cn3)CC2)cc1,5.55
COc1ccc(C(=O)C2CCN(C(=O)c3ccc(C(=O)N[C@@H]4CCN(Cc5ccc(C#N)cc5)C[C@@H]4C)cn3)CC2)cc1,5.525
COc1ccc(C(=O)CC(=O)c2c(O)cc(OC)cc2OC)cc1,5.4
COc1ccc(C(=O)CCN(C)C)c2ccccc12,6.5
COc1ccc(C(=O)CN(C(=O)c2ccc(Cl)cc2)N2C(=O)c3ccccc3C2=O)cc1,5.05
COc1ccc(C(=O)CN2C(=O)NC(C)(c3ccccc3)C2=O)cc1OC,5.35
COc1ccc(C(=O)CN2CCN(c3ccc(F)cc3)CC2)cc1OC,4.55
COc1ccc(C(=O)N/C(=C/c2cccs2)C(=O)NCCCn2ccnc2)cc1OC,5.8
COc1ccc(C(=O)N/N=C/c2cccc3cccnc23)cc1,4.65
COc1ccc(C(=O)N/N=C2/C(=O)c3c(C)cc(C)cc3CC2(C)C)cc1,5.5
COc1ccc(C(=O)N/N=C2/SCC(=O)N2Cc2ccc3c(c2)OCO3)cc1OC,5.95
COc1ccc(C(=O)N2CC3(CC(c4ccc(Cl)cc4)=NO3)C[C@H]2C(=O)NCC(N)=O)cc1,4.5
COc1ccc(C(=O)N2CCC3(CC2)CCN(C(c2ccccc2)c2ccccc2)CC3)cc1,5.5
COc1ccc(C(=O)N2CCC3(CC2)CCN(c2ccccc2)CC3)cc1,5.6
COc1ccc(C(=O)N2CCC3(CC2)CCN(c2ccncc2)CC3)cc1,4.8
COc1ccc(C(=O)N2CCC3(CC2)CCN(c2ncccn2)CC3)cc1,5.3
COc1ccc(C(=O)N2CCC3(CC2)CN(C(=O)Nc2cccc(C#N)c2)C3)cc1,4.8
COc1ccc(C(=O)N2CCC3(CC2)CN(Cc2ccc(C#N)cc2)C3)cc1,6.2
COc1ccc(C(=O)N2CCC3(CC2)CN(c2cccc(-c4ccccc4)c2)C3)cc1,4.9
COc1ccc(C(=O)N2CCC3(CC2)CN(c2ccccn2)C3)cc1,5.0
COc1ccc(C(=O)N2CCC3(CC2)CN(c2ccncc2)C3)cc1,4.8
COc1ccc(C(=O)N2CCC3(CCCN(C(=O)NC(C)C)C3)CC2)cc1,4.7
COc1ccc(C(=O)N2CCC3(CCCN(C(=O)Nc4cccc(C#N)c4)C3)CC2)cc1,5.2
COc1ccc(C(=O)N2CCC3(CCCN(C(=O)Nc4cccc(F)c4)C3)CC2)cc1,4.9
COc1ccc(C(=O)N2CCC3(CCCN(C(c4ccccc4)c4ccccc4)C3)CC2)cc1,5.1
COc1ccc(C(=O)N2CCC3(CCCN(CC(C)C)C3)CC2)cc1,4.6
COc1ccc(C(=O)N2CCC3(CCCN(Cc4cc(C(F)(F)F)cc(C(F)(F)F)c4)C3)CC2)cc1,5.0
COc1ccc(C(=O)N2CCC3(CCCN(Cc4ccc(C#N)cc4)C3)CC2)cc1,5.3
COc1ccc(C(=O)N2CCC3(CCCN(Cc4ccccc4)C3)CC2)cc1,4.5
COc1ccc(C(=O)N2CCC3(CCCN(Cc4ccccc4OC)C3)CC2)cc1,4.8
COc1ccc(C(=O)N2CCC3(CCCN(Cc4ccncc4)C3)CC2)cc1,5.1
COc1ccc(C(=O)N2CCC3(CCCN(Cc4nccs4)C3)CC2)cc1,5.1
COc1ccc(C(=O)N2CCC3(CCCN(c4ccc(-c5ccccc5)cc4)C3)CC2)cc1,5.0
COc1ccc(C(=O)N2CCC3(CCCN(c4cccc(-c5ccccc5)c4)C3)CC2)cc1,5.1
COc1ccc(C(=O)N2CCC3(CCCN(c4ccccc4)C3)CC2)cc1,4.9
COc1ccc(C(=O)N2CCC3(CCCN(c4ccccn4)C3)CC2)cc1,4.9
COc1ccc(C(=O)N2CCC3(CCCN(c4ccncc4)C3)CC2)cc1,4.6
COc1ccc(C(=O)N2CCC3(CCCN(c4ncccn4)C3)CC2)cc1,4.4
COc1ccc(C(=O)N2CCC3(CCN(C(=O)Nc4cccc(C#N)c4)CC3)CC2)cc1,4.6
COc1ccc(C(=O)N2CCC3(CCN(Cc4cc(C(F)(F)F)cc(C(F)(F)F)c4)CC3)CC2)cc1,4.6
COc1ccc(C(=O)N2CCC3(CCN(Cc4ccncc4)CC3)CC2)cc1,4.8
COc1ccc(C(=O)N2CCC3(CCN(Cc4nccs4)CC3)CC2)cc1,5.3
COc1ccc(C(=O)N2CCCCC2)cc1S(=O)(=O)Nc1ccccc1,4.9
COc1ccc(C(=O)N2CCC[C@@]3(CCN(C(=O)NC(C)C)C3)C2)cc1,4.7
COc1ccc(C(=O)N2CCC[C@@]3(CCN(C(=O)Nc4cccc(C#N)c4)C3)C2)cc1,5.1
COc1ccc(C(=O)N2CCC[C@@]3(CCN(C(=O)Nc4cccc(F)c4)C3)C2)cc1,5.1
COc1ccc(C(=O)N2CCC[C@@]3(CCN(C(=O)Nc4ccccc4)C3)C2)cc1,4.8
COc1ccc(C(=O)N2CCC[C@@]3(CCN(C)C3)C2)cc1,4.5
COc1ccc(C(=O)N2CCC[C@@]3(CCN(CC(C)C)C3)C2)cc1,5.1
COc1ccc(C(=O)N2CCC[C@@]3(CCN(Cc4cc(C(F)(F)F)cc(C(F)(F)F)c4)C3)C2)cc1,5.5
COc1ccc(C(=O)N2CCC[C@@]3(CCN(Cc4ccc(C#N)cc4)C3)C2)cc1,5.0
COc1ccc(C(=O)N2CCC[C@@]3(CCN(Cc4ccccc4)C3)C2)cc1,5.0
COc1ccc(C(=O)N2CCC[C@@]3(CCN(Cc4ccccc4OC)C3)C2)cc1,4.9
COc1ccc(C(=O)N2CCC[C@@]3(CCN(Cc4ccncc4)C3)C2)cc1,5.4
COc1ccc(C(=O)N2CCC[C@@]3(CCN(Cc4nccs4)C3)C2)cc1,5.1
COc1ccc(C(=O)N2CCC[C@@]3(CCN(c4cccc(-c5ccccc5)c4)C3)C2)cc1,5.5
COc1ccc(C(=O)N2CCC[C@@]3(CCN(c4ccccc4)C3)C2)cc1,5.1
COc1ccc(C(=O)N2CCC[C@@]3(CCN(c4ccccn4)C3)C2)cc1,5.3
COc1ccc(C(=O)N2CCC[C@@]3(CCN(c4ccncc4)C3)C2)cc1,5.9
COc1ccc(C(=O)N2CCC[C@@]3(CCN(c4ncccn4)C3)C2)cc1,5.1
COc1ccc(C(=O)N2CCOC[C@H]2Cc2cc(-n3nccn3)ccc2F)c(-n2nccn2)c1,4.31
COc1ccc(C(=O)N2CCc3ccccc32)cc1CSc1nc2cc(F)ccc2n1CC(=O)O,5.095
COc1ccc(C(=O)NC(=S)NC(C)(C)C)cc1Br,4.85
COc1ccc(C(=O)NC(=S)NNC(=O)CCc2ccccc2)cc1,4.95
COc1ccc(C(=O)NC(=S)Nc2cccc(Cl)c2N2CCOCC2)cc1[N+](=O)[O-],5.4
COc1ccc(C(=O)NC(C)Cc2ccccn2)cc1OC1CCN(C(C)C)CC1,4.55
COc1ccc(C(=O)NC(C)c2cc(OC)c(OC)cc2Br)cc1,6.3
COc1ccc(C(=O)NC(N=C(S)Nc2ccc(S(N)(=O)=O)cc2)C(Cl)(Cl)Cl)cc1,5.0
COc1ccc(C(=O)NC2CCN(C(S)=Nc3cccc(C)c3)CC2)cc1,4.8
COc1ccc(C(=O)NCC(=O)OCc2cccc(Br)c2)cc1,5.1
COc1ccc(C(=O)NCS(=O)(=O)c2ccc(C)cc2)cc1,4.85
COc1ccc(C(=O)NCc2ccc(-c3nc4ccccc4s3)cc2)cc1,5.6
COc1ccc(C(=O)NCc2cccc(C(=O)NCCc3ccncc3)c2)cc1OC,5.04
COc1ccc(C(=O)NCc2cccc(C(=O)Nc3ccc(CN(C)C)cc3)c2)cc1C,4.87
COc1ccc(C(=O)NCc2cccc(C(=O)Nc3ccc(CN(C)C)cc3)c2)cc1OC,5.09
COc1ccc(C(=O)NCc2cccc(C(=O)Nc3ccc4c(c3)CN(C)CC4)c2)cc1OC,5.77
COc1ccc(C(=O)NCc2cccnc2)cc1C(=O)NCc1cccnc1,5.5
COc1ccc(C(=O)NCc2cccnc2)cc1C(=O)NCc1cccnc1.O,5.5
COc1ccc(C(=O)NCc2cn3ccccc3n2)cc1,4.55
COc1ccc(C(=O)NN)cc1COc1ccc(Br)cc1,5.9
COc1ccc(C(=O)NNC(=O)CSc2nnc(COc3ccc4ccccc4c3)n2C)cc1,6.3
COc1ccc(C(=O)NNC(=O)Cc2ccc(-c3ccccc3)cc2)cc1OC,5.2
COc1ccc(C(=O)Nc2cc(Cl)ccc2OC(=O)c2ccc(OC)cc2)cc1,4.65
COc1ccc(C(=O)Nc2cc(OC)cc(OC)c2)cc1,4.85
COc1ccc(C(=O)Nc2cc3c(cc2OC)CCCC3)cc1Br,4.85
COc1ccc(C(=O)Nc2ccc(Cl)cc2C(=O)NCCN2CCOCC2)cc1,4.85
COc1ccc(C(=O)Nc2ccc(Cl)cn2)cc1Cl,4.55
COc1ccc(C(=O)Nc2ccc(F)cc2F)cc1OC,4.6
COc1ccc(C(=O)Nc2cccc(-c3cnc4ccccc4n3)c2)cc1,5.6
COc1ccc(C(=O)Nc2cccc(OC(=O)c3ccc(C)c(C)c3)c2)cc1,5.45
COc1ccc(C(=O)Nc2ccccc2)cc1[N+](=O)[O-],4.8
COc1ccc(C(=O)Nc2n[nH]c(-c3ccncc3)n2)cc1,5.3
COc1ccc(C(=O)Nc2nc3c(s2)Cc2cc(OC)ccc2-3)cc1,4.95
COc1ccc(C(=O)Nc2scc(-c3ccc(Cl)cc3Cl)c2C(N)=O)cc1,4.55
COc1ccc(C(=O)Nn2cnc3ccccc3c2=O)c(OC)c1,4.6
COc1ccc(C(=O)c2c(C)n(CCN3CCOCC3)c3cc(I)ccc23)cc1,5.3
COc1ccc(C(=O)c2ccc(N(C)C)cc2)c(OC)c1,4.9
COc1ccc(C(=O)c2ccc(O)cc2)c(O)c1O,4.6
COc1ccc(C(=O)c2ccc(OC)c(OC)c2)cc1OC,4.8
COc1ccc(C(=O)c2ccccc2O)c(O)c1,4.4
COc1ccc(C(=O)c2cnc3ccccc3c2-c2ccccc2)cc1,4.9
COc1ccc(C(C#N)c2c3cc(OC)cc(C)c3nc3[nH]nc(C)c23)cc1,5.705
COc1ccc(C(C(=O)NC(C)(C)C)N(C(=O)CNC(=O)c2cccs2)c2ccc(C(C)C)cc2)cc1OC,5.7
COc1ccc(C(C(=O)NC(C)(C)C)N(C(=O)CNC(=O)c2cccs2)c2ccc(C)cc2)cc1OC,5.5
COc1ccc(C(C(=O)NC2CCCC2)N(C(=O)c2snc(-c3ccc(F)cc3)c2N)c2ccc(F)cc2)cc1,4.9
COc1ccc(C(C(=O)NC2CCCC2)N(Cc2ccc(F)cc2)C(=O)c2cc[nH]n2)cc1OC,5.4
COc1ccc(C(C(=O)NC2CCCCC2)N(C(=O)CCCC(=O)Nc2ccccn2)c2ccc3c(c2)OCCO3)cc1,5.9
COc1ccc(C(C(=O)NC2CCCCC2)N(C(=O)Cc2c[nH]c3ccccc23)c2ccc(NC(C)=O)cc2)cc1OC,5.5
COc1ccc(C(C(=O)NC2CCCCC2)N(C(=O)c2sc(C)nc2C)c2ccc(C(C)=O)cc2)cc1,4.6
COc1ccc(C(C(=O)NC2CCCCC2)N(C(=O)c2sc(C)nc2C)c2ccc(OC)cc2)cc1,4.9
COc1ccc(C(C(=O)NC2CCCCC2)N2CCC3(CC2)OCCO3)cc1,5.35
COc1ccc(C(C(=O)NCc2ccccc2)N(Cc2cccs2)C(=O)c2cnccn2)cc1,6.15
COc1ccc(C(C(=O)Nc2ccc(F)cc2)N(C(=O)Cn2nnc3ccccc32)C2CC2)cc1,5.45
COc1ccc(C(C)(C)C)cc1NC(=O)c1cncc(Br)c1,4.95
COc1ccc(C(C)=O)c(O)c1,5.9
COc1ccc(C(C)=O)cc1CSc1nc2cc(F)ccc2n1CC(=O)O,4.91
COc1ccc(C(C)=O)cc1CSc1nc2ccccc2n1CC(=O)O,4.43
COc1ccc(C(C)C(=O)c2ccc(O)cc2O)cc1,5.4
COc1ccc(C(CC(=O)Nc2ccc(F)cc2)c2ccccc2)cc1,4.85
COc1ccc(C(CNC(=O)c2cc(O)nc3ccccc23)N2CCCC2)cc1,4.8
COc1ccc(C(F)(F)F)cc1N/C=C\c1nnnn1-c1ccccc1,4.5
COc1ccc(C(NC(=O)c2ccc(-c3ccccc3)cc2)c2ccccc2)cc1,7.45
COc1ccc(C(O)c2c3cc(OC)cc(C)c3nc3[nH]nc(C)c23)cc1,5.92
COc1ccc(C(OCCN2CCC[C@@H](C(=O)O)C2)(c2ccc(OC)cc2)c2ccc(OC)cc2)cc1,4.5
COc1ccc(C(S)=Nc2ccccc2)cc1,4.5
COc1ccc(C)cc1N,4.5
COc1ccc(C)cc1NC(=O)CN1CCN(S(=O)(=O)c2ccc(F)cc2)CC1,5.1
COc1ccc(C)cc1NC(=O)CSc1nnc(-c2ccc(OC)c(OC)c2)n1N,5.1
COc1ccc(C)cc1NC1=C(Cl)C(=O)N(C2CCCCC2)C1=O,4.85
COc1ccc(C2(C(=O)N3CCOCC3)CCCC2)cc1,4.9
COc1ccc(C2(C)NC(=O)N(CC(=O)Nc3ccc4c(c3)OCO4)C2=O)cc1OC,5.7
COc1ccc(C2(CNC(=O)/C=C/c3ccco3)CCCC2)cc1OC,5.45
COc1ccc(C2(c3ccc(OC)cc3)NC(=N)N(C3CCCCC3)C2=O)cc1,6.35
COc1ccc(C2=C(C#N)C(=O)OC2)cc1,4.5
COc1ccc(C2=NC(c3ccc(Cl)cc3F)C(C(=O)Nc3ccc4[nH]ncc4c3)=C(C)N2)cc1,5.57
COc1ccc(C2=NC(c3ccc(Cl)cc3F)C(C(=O)Nc3ccc4[nH]ncc4c3)=C(C)N2)cn1,5.6
COc1ccc(C2=NCC(CSc3nccc(O)n3)S2)cc1,4.6
COc1ccc(C2=NOC(C(=O)N3CCCc4ccccc43)C2)cc1,4.9
COc1ccc(C2=NOC(C(=O)NC(C)(C)C)C2)cc1,5.4
COc1ccc(C2=NOC(C(=O)Nc3ccc(C(C)=O)cc3)C2)cc1OC,5.05
COc1ccc(C2=Nc3c(c(=O)n(C)c(=O)n3C)C(C(F)(F)F)(C(F)(F)F)N2)cc1,4.85
COc1ccc(C2C(=O)N(C3CCCCC3)CC(=O)N2CC2COc3ccccc3O2)cc1,5.4
COc1ccc(C2C(=O)N(C3CCCCCC3)CC(=O)N2Cc2ccccc2)cc1OC,5.35
COc1ccc(C2C(=O)N(CCc3ccccc3)CC(=O)N2C2CCCC2)cc1,5.2
COc1ccc(C2C(C#N)=C(N)N(Nc3ccccc3)C3=C2C(=O)CC(C)(C)C3)cc1C,5.7
COc1ccc(C2C(C#N)=C(N)OC3=C2C(=O)CC(C)(C)C3)c([N+](=O)[O-])c1OC,5.3
COc1ccc(C2C(C#N)=C(N)Oc3[nH]nc(C)c32)cc1CN1CCN(c2ccc(F)cc2)CC1,5.05
COc1ccc(C2C(C(=O)N3CCN(C)CC3)c3ccccc3C(=O)N2C2CCCCC2)cc1,5.3
COc1ccc(C2C(C(=O)N3CCOCC3)CCC(=O)N2c2ccc(OC)cc2)cc1,4.75
COc1ccc(C2C(C(=O)N3CCOCC3)c3ccccc3C(=O)N2c2ccc(OC)cc2)cc1,5.05
COc1ccc(C2C(C(=O)c3ccc(Cl)cc3)=C(O)C(=O)N2CCN2CCOCC2)c(OC)c1,4.7
COc1ccc(C2C(C(=O)c3ccc4c(c3)CC(C)O4)=C(O)C(=O)N2CCN2CCOCC2)cc1,4.55
COc1ccc(C2C(C(C)=O)=C(O)C(=O)N2CCCn2ccnc2)cc1,4.9
COc1ccc(C2C(Oc3ccccc3)C(=O)N2c2cc(C)ccc2C)cc1OC,5.75
COc1ccc(C2C3=C(CC(C)(C)CC3=O)Oc3ncn(CC(C)C)c(=N)c32)cc1,4.9
COc1ccc(C2C3=C(O)CC(C)(C)CC3=NC(C)=C2C(=O)N2CCOCC2)c(OC)c1,4.75
COc1ccc(C2CC(=O)CC(=O)C2n2cncn2)cc1,5.65
COc1ccc(C2CC(=O)c3c(O)cc(O)cc3O2)cc1O,4.8
COc1ccc(C2CC(=O)c3ccc(OC)cc3O2)cc1,4.7
COc1ccc(C2CC(=O)c3cnc(Nc4cc(C)cc(C)c4)nc3C2)cc1,5.35
COc1ccc(C2CC(C(F)(F)F)n3nc(C(=O)N(C)Cc4cn(C)nc4C)c(Cl)c3N2)cc1,5.6
COc1ccc(C2CNC(=O)C2)cc1OC1CCCC1,4.7
COc1ccc(C2COc3c(ccc(O)c3OC)C2)c(OC)c1O,4.6
COc1ccc(C2N(c3ccccn3)C(=O)C3CCCN32)c(OC)c1,4.65
COc1ccc(C2NC(=O)c3sc4nc(C)c(C(C)=O)c(-c5ccc(Cl)cc5)c4c3N2)cc1,5.65
COc1ccc(C2NC(S)=NC3=C2CCc2cc(OC)ccc23)cc1,6.05
COc1ccc(C2NCc3ccc4c(c3-n3cccc32)OCO4)cc1OC.Cl,5.3
COc1ccc(C2Nc3ccccc3C(=O)N2Cc2ccco2)cc1COc1ccc([N+](=O)[O-])cc1,5.35
COc1ccc(C2OCC3(COC(C)=O)C(C)C=C(C)C2C3C)cc1,4.8
COc1ccc(C2Oc3c(I)c(OC)cc(OC)c3CC2O)cc1OC,5.5
COc1ccc(C2Oc3cc(OC)cc(OC)c3CC2O)cc1,4.7
COc1ccc(C2SCC(=O)Nc3c2c(C)nn3-c2ccccc2)cc1OC,4.9
COc1ccc(C2SCC(=O)Nc3c2c(C)nn3C2CCOC(C)(C)C2)cc1,4.55
COc1ccc(C2c3c(ncn(CCN4CCOCC4)c3=N)Oc3ccc4ccccc4c32)cc1OC,5.5
COc1ccc(C=C(C#N)C#N)cc1,4.7
COc1ccc(CC(=N)NOC(=O)Cc2ccc(OC)cc2)cc1,5.0
COc1ccc(CC(=N)NOC(=O)Cc2ccccc2)cc1OC,5.5
COc1ccc(CC(=O)N2CCC3(CC2)CN([C@@H]2CCc4cc(-c5ncccn5)ccc42)C3)cc1,5.6
COc1ccc(CC(=O)NC(=S)Nc2ccc(S(=O)(=O)NC(C)(C)C)cc2)cc1,5.2
COc1ccc(CC(=O)Nc2cc(-n3nc(C)cc3C)nc(-c3ccccn3)n2)cc1,5.75
COc1ccc(CC(=O)Nc2ccc(-c3noc(-c4cccc(OC)c4)n3)cc2)cc1,6.0
COc1ccc(CC(=O)Nc2cccc(-c3nnc(-c4ccco4)o3)c2)cc1,5.7
COc1ccc(CC(=O)Nc2cccc(/C(C)=N/NC(=O)c3cccc([N+](=O)[O-])c3)c2)cc1,5.7
COc1ccc(CC(=O)O)cc1Oc1ccc(NC(=O)C(C)(C)C)cc1CSC(C)(C)C,4.58
COc1ccc(CC(=O)c2ccc(O)cc2O)cc1,4.9
COc1ccc(CC(C)NCC(O)c2ccc(O)c(NC=O)c2)cc1,4.9
COc1ccc(CC(N)C(=O)NC2C(CO)OC(n3cnc4c(N(C)C)ncnc43)C2O)cc1.Cl.Cl,4.5
COc1ccc(CC2CCN(C(=O)c3ccc(C(=O)NC4CCN(Cc5ccc(C#N)cc5)CC4)nc3)CC2)cc1,5.7
COc1ccc(CCCC(=O)NC2CCCCC2)cc1,4.7
COc1ccc(CCCOC(Cn2ccnc2)c2ccc(OC)cc2)cc1,7.35
COc1ccc(CCCO[C@@H](Cn2ccnc2)c2ccc(OC)cc2)cc1,6.5
COc1ccc(CCCOc2cc(CCn3ccnc3)ccc2OC)cc1,6.6
COc1ccc(CCN(C(=O)C(F)(F)F)C(C(=O)NC2CCCC2)c2cccs2)cc1,5.45
COc1ccc(CCN(C)CCC(=O)Nc2c(C)cc(C)cc2C)cc1OC,5.1
COc1ccc(CCN(C)CCCC(C#N)(c2ccc(OC)c(OC)c2)C(C)C)cc1OC,5.09
COc1ccc(CCN(C)CCCC(C#N)(c2ccc(OC)c(OC)c2)C(C)C)cc1OC.Cl,5.6
COc1ccc(CCN(C)CCCN2CCc3cc(OC)c(OC)cc3CC2=O)cc1OC.Cl,4.9
COc1ccc(CCN(C)CCCOc2ccc(S(=O)(=O)c3[nH]c4ccccc4c3C(C)C)cc2)cc1OC,5.6
COc1ccc(CCN(C)CCC[C@@](C#N)(c2cc(OC)c(OC)c(OC)c2)C(C)C)cc1OC,5.7
COc1ccc(CCN(C)CCC[C@@](C#N)(c2ccc(OC)c(OC)c2)C(C)C)cc1OC,5.6
COc1ccc(CCN(C)CCC[C@](C#N)(c2ccc(OC)c(OC)c2)C(C)C)cc1OC,5.24
COc1ccc(CCN(C)CCNC(=O)c2ccccc2NC(=O)c2cnc3ccccc3c2)cc1OC,5.45
COc1ccc(CCN(C)CCc2ccc(OC)c(OC)c2)cc1OC,4.9
COc1ccc(CCN(C)Cc2ccc(OCc3ccccc3)c(OC)c2)cc1OC,6.2
COc1ccc(CCN)cc1O,4.4
COc1ccc(CCN2C(=O)C(O)=C(C(=O)c3ccco3)C2c2cccs2)cc1OC,4.6
COc1ccc(CCN2C(=O)C(Oc3ccccc3C)C2c2ccc3c(c2)OCO3)cc1OC,6.3
COc1ccc(CCN2C(=O)N(NS(C)(=O)=O)C[C@H]2c2ccc(OC)cc2)cc1,4.43
COc1ccc(CCN2CC(=O)C(c3nc(C)cs3)=C2N)cc1OC,4.9
COc1ccc(CCN2CC34C=CC(O3)C(C(=O)NCc3ccccc3)C4C2=O)cc1OC,5.55
COc1ccc(CCN2CCC(Nc3nc4ccccc4n3Cc3ccc(F)cc3)CC2)cc1,4.9350000000000005
COc1ccc(CCNC(=O)C2CCCN(Cc3nc(-c4cccc(Cl)c4)oc3C)C2)cc1OC,5.7
COc1ccc(CCNC(=O)C2CCN(S(=O)(=O)N3CC(C)CC(C)C3)CC2)cc1OC,5.15
COc1ccc(CCNC(=O)C2CCN(S(=O)(=O)c3cccc4nsnc34)CC2)cc1OC,5.4
COc1ccc(CCNC(=O)CC(NS(=O)(=O)c2ccc(NC(C)=O)cc2)C(C)C)cc1OC,4.8
COc1ccc(CCNC(=O)CCCCCN2C(=O)c3ccccc3C2=O)cc1,5.2
COc1ccc(CCNC(=O)CCN2C(=O)C(C)Oc3ccc(C)cc32)cc1OC,5.75
COc1ccc(CCNC(=O)CCN2C(=O)COc3ccc(C)cc32)cc1OC,5.65
COc1ccc(CCNC(=O)COC(=O)c2cnc(C)cn2)cc1,4.65
COc1ccc(CCNC(=O)COc2ccc(S(=O)(=O)NC3CCCCC3)cc2Cl)cc1,5.15
COc1ccc(CCNC(=O)Cc2cc(OC)c(OC)cc2[N+](=O)[O-])cc1OC,6.6
COc1ccc(CCNC(=O)Cn2c(=O)oc3ccccc32)cc1OC,4.65
COc1ccc(CCNC(=O)Cn2cnc3c2c(=O)n(C)c(=O)n3C)cc1OC,4.8
COc1ccc(CCNC(=O)c2cc(-c3cc(Cl)cc(Cl)c3)oc2C)cc1,5.55
COc1ccc(CCNC(=O)c2ccc(CS(=O)(=O)c3ccc(Cl)cc3)o2)cc1OC,5.45
COc1ccc(CCNC(=O)c2ccc3c(=O)n(Cc4ccco4)c(=S)[nH]c3c2)cc1OC,6.2
COc1ccc(CCNC(=O)c2ccccc2NC(=O)c2ccco2)cc1OC,5.15
COc1ccc(CCNC(=O)c2nnc(O)c3ccccc23)cc1,5.15
COc1ccc(CCNC(=O)c2nnn(CC(=O)Nc3ccccc3C)c2N)cc1OC,4.9
COc1ccc(CCNC=C2C(=O)CC(C)(C)CC2=O)cc1,4.85
COc1ccc(CCNCCCC(C#N)(c2ccc(OC)c(OC)c2)C(C)C)cc1OC,5.23
COc1ccc(CCNC[C@H](O)c2ccc(O)cc2)cc1OC,4.6
COc1ccc(CCNc2c([N+](=O)[O-])nn(-c3ccccc3)[n+]2[O-])cc1OC,5.1
COc1ccc(CCNc2cc(-c3ccccc3)nc3ncnn23)cc1,5.25
COc1ccc(CCNc2cc(N3CCN(C(=O)c4ccccc4F)CC3)ccc2[N+](=O)[O-])cc1OC,5.5
COc1ccc(CCNc2ccncn2)cc1.Cl,6.25
COc1ccc(CCNc2nc(-c3cccnc3)cs2)cc1OC,5.5
COc1ccc(CCNc2nc(-c3ccco3)cc(C(F)(F)F)n2)cc1OC,5.3
COc1ccc(CCNc2nc3cc(C)ccc3c(=O)n2C)cc1,5.32
COc1ccc(CCNc2nc3cc(Cl)ccc3c(=O)n2C)cc1,5.37
COc1ccc(CCNc2nc3cc(Cl)ccc3c(=O)n2C)nc1,5.13
COc1ccc(CCNc2nc3cc(OC)ccc3c(=O)n2C)cc1,5.0
COc1ccc(CC[C@@H](OC(=O)[C@@H]2CCCCN2C(=O)[C@@H]2CCC[C@@H]3CCCC[C@H]32)c2cccc(OCC(=O)O)c2)cc1OC,5.08
COc1ccc(CCn2c(=N)c(C(=O)NCc3ccco3)cc3c(=O)n4ccccc4nc32)cc1,4.85
COc1ccc(CCn2c(C)cc(C(=O)CSc3nc(N)cc(O)n3)c2C)cc1,5.6
COc1ccc(CCn2c3c(c(=O)[nH]c2=O)C(NC(=O)c2cccs2)(C(F)(F)F)C(=O)N3)cc1OC,4.85
COc1ccc(CN(C(=O)Cc2cccs2)C(C(=O)NC2CCCC2)c2ccncc2)cc1,6.0
COc1ccc(CN(C(=O)c2cccs2)C(C(=O)NC2CCCCC2)c2ccc3ncccc3c2)cc1,5.55
COc1ccc(CN(CCC#N)C(=S)NC(=O)c2ccccc2)cc1,4.85
COc1ccc(CN(CCN(C)C)c2ccccn2)cc1,6.2
COc1ccc(CN2C(=O)CN(C3CCCCCC3)C(=O)C2c2ccc(OC)c(OC)c2)cc1,5.8
COc1ccc(CN2C(=O)c3ccccc3C(/C=N\OCc3ccc(F)cc3)C2=O)cc1,5.45
COc1ccc(CN2CC(C(=O)NCCC3=CCCCC3)CC2=O)cc1,4.65
COc1ccc(CN2CCC(N(c3ccc(C(F)(F)F)cc3)c3cccnc3)CC2)cc1,4.96
COc1ccc(CN2CCN(C(=O)C[C@H](N)Cc3cc(F)c(F)cc3F)CC2=O)cc1,5.97
COc1ccc(CN2CCN(c3ccc(NC(=O)c4cc(OC)c(OC)cc4NC(=O)c4cnc5ccccc5c4)cc3)CC2)cc1OC,6.16
COc1ccc(CN2CCN(c3ccc(NC(=O)c4ccccc4NC(=O)c4cnc5ccccc5c4)cc3)CC2)cc1OC,5.075
COc1ccc(CN2CN(c3ccc(Cl)cc3)C(=O)N(n3cnnc3)C2)cc1,4.85
COc1ccc(CN2CN=C(Nc3nc4ccccc4s3)NC2)cc1,5.0
COc1ccc(CN=O)c(C(=O)CCNC(C)=O)c1,6.3
COc1ccc(CNC(=O)/C=C/c2ccc(OCCCF)cc2)cc1,5.3
COc1ccc(CNC(=O)/C=C\c2ccc3[nH]cc(CCN(C)C)c3c2)cc1,4.8
COc1ccc(CNC(=O)C(C)Cc2ccccc2)cc1O,5.2
COc1ccc(CNC(=O)C(c2ccc(C)cc2)N(Cc2cccs2)C(=O)c2ccc3c(c2)OCCO3)cc1,6.0
COc1ccc(CNC(=O)C2CC(c3cccc([N+](=O)[O-])c3)=NO2)cc1,5.2
COc1ccc(CNC(=O)C2CCN(C(=O)N3CCOc4ccc(C)cc43)CC2)cc1,5.15
COc1ccc(CNC(=O)CN(CC2CCCO2)C(=O)CNS(=O)(=O)c2ccccc2)cc1,5.4
COc1ccc(CNC(=O)Cc2csc(Nc3nc(S)nc4ccccc34)n2)cc1,5.9
COc1ccc(CNC(=O)Nc2cccs2)cc1OC,4.65
COc1ccc(CNC(=O)[C@H](C)[C@@H]2C[C@@]2(C)[C@@H](NC(=O)OCc2ccccc2)c2ccccc2)cc1OC,5.4
COc1ccc(CNC(=O)[C@H](C)[C@H]2C[C@]2(C)[C@H](NC(=O)OCc2ccccc2)c2ccccc2)cc1OC,5.8
COc1ccc(CNC(=O)[C@H]2C[C@@H]2[C@H](NP(=O)(c2ccccc2)c2ccccc2)c2ccccc2)cc1OC,5.7
COc1ccc(CNC(=O)c2cc(-c3cncc(C)c3)ncc2-c2ccccc2)nc1OC,5.25
COc1ccc(CNC(=O)c2cc(-c3cncc(C)c3)ncc2-c2nccs2)nc1OC,4.74
COc1ccc(CNC(=O)c2cc(-c3cncc(Cl)c3)cnc2-c2ccccn2)nc1OC,4.785
COc1ccc(CNC(=O)c2cnc(C)cn2)cc1,5.7
COc1ccc(CNC(=O)c2csc(Cc3ccc(Cl)cc3)n2)cc1,5.45
COc1ccc(CNC(=O)c2csc(Cc3ccc(OC)cc3)n2)cc1,5.5
COc1ccc(CNCCC(c2ccc(OC(C)C)cc2)C(C)C)cc1OC,5.85
COc1ccc(CNCCc2ccccc2)cc1OCC(N)=O,4.75
COc1ccc(CNc2c3c(nc4cc(Cl)ccc24)CCCC3)cc1OC,4.86
COc1ccc(CNc2c3c(nc4ccccc24)CCCC3)cc1OC,5.43
COc1ccc(CNc2cc(-c3cccc(C#N)c3)ncn2)c(OC)c1,5.6
COc1ccc(CNc2cc(-c3cccc(NS(C)(=O)=O)c3)ncn2)c(OC)c1,5.6
COc1ccc(CNc2cc(-c3ccccc3C)ncn2)c(OC)c1,5.3
COc1ccc(CNc2cc(-c3ccccc3CN(C)C)ncn2)c(OC)c1,4.8
COc1ccc(CNc2cc(-c3ccccc3Cl)ncn2)c(OC)c1,5.2
COc1ccc(CNc2cc(-c3ccccc3OC)ncn2)c(OC)c1,5.2
COc1ccc(CNc2cc(-c3cccnc3)ncn2)c(OC)c1,5.8
COc1ccc(CNc2cc(-c3ccoc3)ncn2)c(OC)c1,4.8
COc1ccc(CNc2ccc(Cc3c[nH]c4ncc(C)cc34)c(F)n2)c(OC)n1,5.3
COc1ccc(CNc2ccc(Cc3c[nH]c4ncc(C)cc34)c(F)n2)cn1,5.3
COc1ccc(CNc2ccc(Cc3c[nH]c4ncc(F)cc34)c(F)n2)cn1,5.3
COc1ccc(CNc2ccnc(-c3c(C)noc3C)n2)c(OC)c1,5.6
COc1ccc(CNc2ccnc(-c3ccc(C(=O)N(C)C)cc3)n2)c(OC)c1,5.4
COc1ccc(CNc2ccnc(-c3ccc(N(C)C)cc3)n2)c(OC)c1,4.9
COc1ccc(CNc2ccnc(-c3ccc4c(c3)OCO4)n2)c(OC)c1,6.0
COc1ccc(CNc2ccnc(-c3cccc(C#N)c3)n2)c(OC)c1,5.7
COc1ccc(CNc2ccnc(-c3cccc(NS(C)(=O)=O)c3)n2)c(OC)c1,5.4
COc1ccc(CNc2ccnc(-c3ccccc3C(F)(F)F)n2)c(OC)c1,5.5
COc1ccc(CNc2ccnc(-c3ccccc3CN(C)C)n2)c(OC)c1,5.3
COc1ccc(CNc2ccnc(-c3ccccc3Cl)n2)c(OC)c1,5.5
COc1ccc(CNc2ccnc(-c3ccccc3OC)n2)c(OC)c1,5.2
COc1ccc(CNc2ccnc(-c3cccnc3)n2)c(OC)c1,6.2
COc1ccc(CNc2ccnc(-c3ccoc3)n2)c(OC)c1,5.5
COc1ccc(CNc2nc(-c3c(C)noc3C)nc3ccccc23)c(OC)c1,5.6
COc1ccc(CNc2nc(-c3ccc(C(=O)N(C)C)cc3)nc3ccccc23)c(OC)c1,5.4
COc1ccc(CNc2nc(-c3ccc(N(C)C)cc3)nc3ccccc23)c(OC)c1,5.3
COc1ccc(CNc2nc(-c3ccc4c(c3)OCO4)nc3ccccc23)c(OC)c1,5.9
COc1ccc(CNc2nc(-c3cccc(C#N)c3)nc3ccccc23)c(OC)c1,5.6
COc1ccc(CNc2nc(-c3cccc(NS(C)(=O)=O)c3)nc3ccccc23)c(OC)c1,5.6
COc1ccc(CNc2nc(-c3ccccc3CN(C)C)nc3ccccc23)c(OC)c1,5.1
COc1ccc(CNc2nc(-c3ccccc3OC)nc3ccccc23)c(OC)c1,5.2
COc1ccc(CNc2nc(-c3cccnc3)nc3ccccc23)c(OC)c1,5.9
COc1ccc(CNc2nc(-c3ccoc3)nc3ccccc23)c(OC)c1,5.0
COc1ccc(CNc2nc3ccccc3n2Cc2ccccc2)cc1OC,5.4
COc1ccc(CNc2nc3nc4c(c(O)n3n2)CCC4)cc1,4.4
COc1ccc(CNc2ncc(Cc3c[nH]c4ncc(C)cc34)cc2F)cn1,5.3
COc1ccc(CNc2ncnc3ccc(-c4c(C)noc4C)cc23)c(OC)c1,5.5
COc1ccc(CNc2ncnc3ccc(-c4ccc(C(=O)N(C)C)cc4)cc23)c(OC)c1,5.6
COc1ccc(CNc2ncnc3ccc(-c4ccc(N(C)C)cc4)cc23)c(OC)c1,5.4
COc1ccc(CNc2ncnc3ccc(-c4ccc5c(c4)OCO5)cc23)c(OC)c1,6.1
COc1ccc(CNc2ncnc3ccc(-c4cccc(C#N)c4)cc23)c(OC)c1,5.8
COc1ccc(CNc2ncnc3ccc(-c4cccc(NS(C)(=O)=O)c4)cc23)c(OC)c1,5.7
COc1ccc(CNc2ncnc3ccc(-c4ccccc4C#N)cc23)c(OC)c1,6.0
COc1ccc(CNc2ncnc3ccc(-c4ccccc4CN(C)C)cc23)c(OC)c1,5.1
COc1ccc(CNc2ncnc3ccc(-c4ccccc4OC)cc23)c(OC)c1,5.7
COc1ccc(CNc2ncnc3ccc(-c4cccnc4)cc23)c(OC)c1,5.9
COc1ccc(CNc2ncnc3ccc(-c4ccoc4)cc23)c(OC)c1,5.5
COc1ccc(CNc2ncncc2-c2c(C)noc2C)c(OC)c1,5.9
COc1ccc(CNc2ncncc2-c2ccc(C(=O)N(C)C)cc2)c(OC)c1,6.3
COc1ccc(CNc2ncncc2-c2ccc(N(C)C)cc2)c(OC)c1,6.7
COc1ccc(CNc2ncncc2-c2ccc3c(c2)OCO3)c(OC)c1,6.9
COc1ccc(CNc2ncncc2-c2cccc(C#N)c2)c(OC)c1,6.5
COc1ccc(CNc2ncncc2-c2cccc(NS(C)(=O)=O)c2)c(OC)c1,6.6
COc1ccc(CNc2ncncc2-c2ccccc2C(F)(F)F)c(OC)c1,6.5
COc1ccc(CNc2ncncc2-c2ccccc2C)c(OC)c1,6.4
COc1ccc(CNc2ncncc2-c2ccccc2CN(C)C)c(OC)c1,6.4
COc1ccc(CNc2ncncc2-c2ccccc2Cl)c(OC)c1,6.9
COc1ccc(CNc2ncncc2-c2ccccc2OC)c(OC)c1,6.5
COc1ccc(CNc2ncncc2-c2cccnc2)c(OC)c1,6.3
COc1ccc(CNc2ncncc2-c2ccoc2)c(OC)c1,6.0
COc1ccc(CNn2c(C)nc3ccccc3c2=O)cc1,5.4
COc1ccc(COC(=O)N/N=C(\C)CC(=O)Nc2c(C)cc(C)cc2C)cc1,5.75
COc1ccc(COC(=O)N/N=C2/C[C@@H](O)[C@@H](O)[C@@H]3[C@@H]4C(=O)N(C(C)(C)C)C(=O)[C@H]4CC[C@H]23)cc1,5.4
COc1ccc(COC(=O)N/N=C2/C[C@@H](O)[C@@H](O)[C@@H]3[C@@H]4C(=O)N(C5CCCCC5)C(=O)[C@H]4CC[C@@H]23)cc1,5.4
COc1ccc(COC(=O)N/N=C2/C[C@@H](O)[C@@H](O)[C@@H]3[C@@H]4C(=O)N(C5CCCCC5)C(=O)[C@H]4CC[C@H]23)cc1,5.5
COc1ccc(COC(=O)N/N=C2/C[C@@H](O)[C@@H](O)[C@@H]3[C@@H]4C(=O)N(Cc5ccc6c(c5)OCO6)C(=O)[C@H]4CC[C@@H]23)cc1,6.1
COc1ccc(COC(=O)N/N=C2/C[C@@H](O)[C@@H](O)[C@@H]3[C@@H]4C(=O)N(Cc5ccc6c(c5)OCO6)C(=O)[C@H]4CC[C@H]23)cc1,5.4
COc1ccc(COC(=O)N/N=C2/C[C@@H](O)[C@@H](O)[C@@H]3[C@@H]4C(=O)N(Cc5ccccc5)C(=O)[C@H]4CC[C@H]23)cc1,5.4
COc1ccc(COC(=O)N/N=C2/C[C@@H](O)[C@@H](O)[C@@H]3[C@@H]4C(=O)N([C@@H](C)c5ccccc5)C(=O)[C@H]4CC[C@@H]23)cc1,5.4
COc1ccc(COC(=O)N/N=C2/C[C@@H](O)[C@@H](O)[C@@H]3[C@@H]4C(=O)N([C@@H](C)c5ccccc5)C(=O)[C@H]4CC[C@H]23)cc1,5.4
COc1ccc(COC(=O)N/N=C2/C[C@@H](O)[C@@H](O)[C@@H]3[C@@H]4C(=O)N(c5cccc(Oc6ccccc6)c5)C(=O)[C@H]4CC[C@@H]23)cc1,5.4
COc1ccc(COC(=O)N/N=C2/C[C@@H](O)[C@@H](O)[C@@H]3[C@@H]4C(=O)N(c5cccc(Oc6ccccc6)c5)C(=O)[C@H]4CC[C@H]23)cc1,5.5
COc1ccc(COC(=O)N/N=C2/C[C@@H](O)[C@@H](O)[C@@H]3[C@H]4C(=O)N(c5ccc(F)cc5F)C(=O)[C@@H]4CC[C@@H]23)cc1,5.5
COc1ccc(COC(=O)N/N=C2/C[C@@H](O)[C@@H](O)[C@@H]3[C@H]4C(=O)N(c5ccc(F)cc5F)C(=O)[C@@H]4CC[C@H]23)cc1,5.2
COc1ccc(COC2OC[C@]3(C)[C@H]4C5=C(CN3C(=O)OC(C)(C)C)[C@H](C)C(CO)C(CO)C5CC[C@@H]24)cc1,5.1
COc1ccc(CONS(=O)(=O)c2ccc(NC(C)=O)cc2)cc1Cl,5.5
COc1ccc(COc2ccc(Cn3cnc4cc(C#CC5CCNC5)cnc43)cc2OC)cn1,5.18
COc1ccc(COc2ccsc2C(=O)Nc2ccc(Cl)c(Cl)c2)cc1,5.15
COc1ccc(COc2cnn(CC(=O)c3ccc(CN(C)C)cc3C)c(=O)c2)nc1,4.75
COc1ccc(C[C@@H]2C(=O)N[C@H](C)C(=O)N(C)[C@@H]3C(=O)N(C)[C@@H](Cc4ccc(O)c(c4)Oc4ccc(cc4)[C@H]3O)C(=O)N[C@@H](C)C(=O)N[C@H](C)C(=O)N2C)cc1,5.5
COc1ccc(C[C@@H]2C(=O)N[C@H](C)C(=O)N(C)[C@@H]3Cc4ccc(cc4)Oc4cc(ccc4O)C[C@H](C(=O)N[C@@H](C)C(=O)N[C@H](C)C(=O)N2C)N(C)C3=O)cc1,5.4
COc1ccc(C[C@@H]2COCCN2C(=O)c2cc(C)ccc2-n2nccn2)cc1-c1ncon1,4.38
COc1ccc(C[C@@H]2COCCN2C(=O)c2ccc(C)cc2-n2nccn2)cc1-c1ncon1,4.39
COc1ccc(C[C@@H]2COCCN2C(=O)c2ccc(F)cc2-n2nccn2)cc1-c1ncon1,4.38
COc1ccc(C[C@@H]2COCCN2C(=O)c2ccccc2-n2nccn2)cc1-c1ccccn1,4.68
COc1ccc(C[C@@H]2COCCN2C(=O)c2ccccc2-n2nccn2)cc1-c1cccnc1,5.92
COc1ccc(C[C@@H]2COCCN2C(=O)c2ccccc2-n2nccn2)cc1-c1cnccn1,4.58
COc1ccc(C[C@@H]2COCCN2C(=O)c2ccccc2-n2nccn2)cc1-c1ncco1,5.08
COc1ccc(C[C@@H]2COCCN2C(=O)c2ccccc2-n2nccn2)cc1-c1nccs1,5.5
COc1ccc(C[C@@H]2COCCN2C(=O)c2ccccc2-n2nccn2)cc1-c1ncon1,4.5
COc1ccc(C[C@@H]2c3cc(OC)c(OC)cc3CC[N@+]2(C)CCC(=O)OCCCCCOC(=O)CC[N@@+]2(C)CCc3cc(OC)c(OC)cc3[C@H]2Cc2ccc(OC)c(OC)c2)cc1OC.O=S(=O)([O-])c1ccccc1.O=S(=O)([O-])c1ccccc1,5.0
COc1ccc(C[C@H](N)C(=O)N[C@@H]2[C@H](O)[C@H](n3cnc4c(N(C)C)ncnc43)O[C@@H]2CO)cc1,5.3
COc1ccc(Cc2nc(C(=O)NCc3ccccc3OC)cs2)cc1,5.3
COc1ccc(Cc2nc3c(n2C)CCc2cc(-c4ccnc(C)c4)ccc2C3=O)cc1,6.52
COc1ccc(Cc2nc3c(n2C)CCc2cc(-n4cnc(C)c4)ccc2C3=O)cc1,6.52
COc1ccc(Cc2nc3c(o2)CCc2cc(-c4ccnc(C)c4)ccc2C3=O)cc1,6.52
COc1ccc(Cc2nc3cc(S(=O)(=O)N4CCOCC4)ccc3[nH]2)cc1OC,4.9
COc1ccc(Cc2nccc3cc(OC)c(OC)cc23)cc1OC,5.65
COc1ccc(Cc2nccc3cc(OC)c(OC)cc23)cc1OC.Cl,5.75
COc1ccc(Cc2nnc(NC(=O)CSc3ccc(C)cc3)s2)cc1OC,5.05
COc1ccc(Cc2nnc(NC(=O)c3ccc(Cl)c([N+](=O)[O-])c3)s2)cc1,6.2
COc1ccc(Cc2nnc(NC(=O)c3cccc([N+](=O)[O-])c3C)s2)cc1,5.0
COc1ccc(Cc2nnc(O)c3ccccc23)cc1OC,4.65
COc1ccc(Cl)c(S(=O)(=O)Nc2ccc(-c3cnc4c(C)n[nH]c4n3)cc2)c1,4.65
COc1ccc(Cl)cc1/N=N\c1ncc[nH]1,5.0
COc1ccc(Cl)cc1C(=O)NCCc1ccc(S(=O)(=O)NC(=O)NC2CCCCC2)cc1,5.4
COc1ccc(Cl)cc1C(=O)Nn1cnc2ccccc2c1=O,4.6
COc1ccc(Cl)cc1NC(=O)C12CCC(C)(C(=O)O1)C2(C)C,4.8
COc1ccc(Cl)cc1NC(=O)CN1C(=O)CSC1=O,5.1
COc1ccc(Cl)cc1S(=O)(=O)N1CCN(C(=O)c2cc(OC)c(OC)c(OC)c2)CC1,4.6
COc1ccc(Cn2c(=O)n(C3CCN(C(=O)C4CCN(Cc5ccncc5)CC4)CC3)c3ccccc32)cc1,6.4
COc1ccc(Cn2c(C3CCCN(C4CCCCC4)C3)nc3ccccc32)cc1,5.48
COc1ccc(Cn2c(C3CNCCS3)nc3ccccc32)cc1,4.8
COc1ccc(Cn2c(N)c(C(=O)NCc3ccco3)c3nc4ccccc4nc32)cc1,4.95
COc1ccc(Cn2c(SCc3ccccc3C)nc3cc(OC)c(OC)cc3c2=N)cc1,5.05
COc1ccc(Cn2c([C@H]3CNCCS3)nc3ccccc32)cc1,5.24
COc1ccc(Cn2nnnc2C(c2ccccc2Cl)N2CCC(C(N)=O)CC2)cc1,4.9
COc1ccc(F)c(-c2ccc(Cc3ccc(N4C[C@H](C(F)(F)F)C[C@@H]4CC(=O)O)cc3)c(C)c2)c1,5.77
COc1ccc(F)cc1C(C)(C)CC(O)(Cc1cc2cc(C)nc(C)c2[nH]1)C(F)(F)F,6.7
COc1ccc(F)cc1C(C)(C)CC(O)(Cc1cc2cc(N3CCOCC3)ncc2[nH]1)C(F)(F)F,6.7
COc1ccc(F)cc1C(C)(C)CC(O)(Cc1cc2cc(S(C)(=O)=O)ncc2[nH]1)C(F)(F)F,5.7
COc1ccc(F)cc1S(=O)(=O)NC(Cc1ccccc1)C(N)=O,4.8
COc1ccc(N(C(=O)COc2ccccc2OC)S(=O)(=O)c2ccc(C)cc2)cc1,4.6
COc1ccc(N(C(=O)Cn2nnc3ccccc32)C2(C(=O)NC3CCCC3)CCCCC2)cc1,5.7
COc1ccc(N(C)C(=O)c2ccc3nc(-c4ccccc4)c(-c4ccccc4)nc3c2)cc1,5.1
COc1ccc(N(C)S(=O)(=O)c2ccc3c(c2)CCC(=O)N3)cc1,5.45
COc1ccc(N(C)c2nc(C)nc3ccccc23)cc1OC(C(=O)NO)C(C)C,4.03
COc1ccc(N(CC(=O)N/N=C/c2cccs2)S(=O)(=O)c2ccc(OC)c(OC)c2)cc1,5.95
COc1ccc(N(CC(=O)NCc2cccc(OC)c2)S(=O)(=O)c2c(C)noc2C)cc1,5.75
COc1ccc(N(CC(=O)NN=C2CCCC2)S(=O)(=O)c2ccccc2)cc1,5.55
COc1ccc(N(CC(=O)Nc2cccc(C)c2)S(=O)(=O)c2c(C)n[nH]c2C)cc1,5.5
COc1ccc(N(Cc2c(C(F)(F)F)nn(C)c2Cl)S(=O)(=O)c2ccc(C)cc2)cc1,5.0
COc1ccc(N(Cc2c(C(F)(F)F)nn(C)c2Cl)S(=O)(=O)c2ccccc2)cc1,4.6
COc1ccc(N)c(OC)c1.Cl,4.6
COc1ccc(N)cc1.Cl,4.6
COc1ccc(N2C(=O)CC(SC(=N)N/N=C(\C)c3cccs3)C2=O)cc1,4.85
COc1ccc(N2C(=O)CCC(C(=O)N3CCC(C(N)=O)CC3)C2c2ccc(F)cc2)cc1,4.65
COc1ccc(N2C(=O)CCC(C(=O)Nc3ccccn3)C2c2ccc(OC)c(OC)c2)cc1,4.7
COc1ccc(N2C(=O)CN(Cc3ccccc3)C2=S)cc1Cl,5.4
COc1ccc(N2C(=O)CSC2c2cccc(F)c2)c(OC)c1,4.9
COc1ccc(N2C(=O)NC(NC(=O)c3ccncc3)(C(F)(F)F)C2=O)cc1,4.65
COc1ccc(N2C(=O)NC3CC2(C)Oc2ccccc23)cc1OC,4.65
COc1ccc(N2C(=O)[C@@H](Cc3ccc(OCCc4nc(-c5ccccc5)oc4C)cc3)[C@H]2C(=O)O)cc1,4.53
COc1ccc(N2C(=O)[C@@H](Cc3cccc(OCCc4nc(-c5ccccc5)oc4C)c3)[C@H]2C(=O)O)cc1,5.1899999999999995
COc1ccc(N2C(=O)c3ccccc3NC2c2ccc(OC)c(CSc3ccccn3)c2)cc1,6.0
COc1ccc(N2CC(C(=O)OCC(=O)c3cccc(OC)c3)CC2=O)cc1,4.85
COc1ccc(N2CCC(CNC(=O)Nc3ccc(OC)cc3OC)C2)cc1,5.15
COc1ccc(N2CCN(C(=O)CSc3nnc4c5cc(C)ccc5n(C)c4n3)CC2)cc1,5.95
COc1ccc(N2CCN(C(=O)c3ccc(OCc4c(C)noc4C)c(OC)c3)CC2)cc1,5.2
COc1ccc(N2CCN(C(CNC(=O)C3CCCCC3)c3cccnc3)CC2)cc1,5.35
COc1ccc(N2CCN(C(S)=Nc3cc(C)cc(C)c3)CC2)cc1,5.6
COc1ccc(N2CCN(C(S)=Nc3cc(C)ccc3C)CC2)cc1,5.5
COc1ccc(N2CCN(C(S)=Nc3cccc(C)c3)CC2)cc1,5.65
COc1ccc(N2CCN(CCNC(=O)c3c(C)cc(=O)oc3C)CC2)cc1,4.85
COc1ccc(N2CCN(Cc3nc4c(c(=O)[nH]c(=O)n4C)n3CCCc3ccccc3)CC2)cc1,5.65
COc1ccc(N2CCN(S(=O)(=O)c3ccc4c(c3)CCCC4)CC2)c([N+](=O)[O-])c1,5.35
COc1ccc(N2CCN(c3nc(-c4ccncn4)cc(=O)n3C)[C@H](C)C2)cc1,4.6
COc1ccc(N2CCN(c3nc(Nc4ccc(F)cc4)nc(OC)n3)CC2)cc1,5.5
COc1ccc(N2CCN(c3oc(Cc4cccc5ccccc45)nc3C#N)CC2)cc1,5.55
COc1ccc(N2CCN(c3oc(Cc4ccccc4)nc3C#N)CC2)cc1,5.15
COc1ccc(N2CCc3c(C)nc4c(OC)cc(OC)cc4c32)c(OC)c1,5.3
COc1ccc(N2Cc3c(nc(C)c(CN)c3-c3ccc(Cl)cc3Cl)C2=O)cc1,5.6
COc1ccc(N2Cc3nc(C)c(CN)c(-c4ccc(Cl)cc4Cl)c3C2=O)cc1,6.05
COc1ccc(N=C(S)Nc2ncccc2C)c(OC)c1,4.4
COc1ccc(NC(=O)/C(=C\c2cc(OC)c(OC)cc2[N+](=O)[O-])NC(=O)c2ccccc2)cc1,6.05
COc1ccc(NC(=O)/C=C\c2ccc(Cl)cc2)cc1,4.6
COc1ccc(NC(=O)C(=O)NNC(=O)c2cccs2)c(OC)c1,4.75
COc1ccc(NC(=O)C23CC4CC(C2)CC(n2cnc(Br)n2)(C4)C3)c(C)c1,4.85
COc1ccc(NC(=O)C2CCN(C(=O)c3cccs3)CC2)c(OC)c1,4.55
COc1ccc(NC(=O)C2c3cc(OC)c(OC)cc3C(=O)N(C)C2c2cccnc2)cc1OC,4.6
COc1ccc(NC(=O)CC2C(=O)N(c3cccc(OC)c3)C(=O)N2C2CCCCC2)cc1,5.05
COc1ccc(NC(=O)CCC(=O)c2ccc(-c3ccccc3)cc2)cc1,6.3
COc1ccc(NC(=O)CCCCC#Cc2ccccc2)cc1,6.5
COc1ccc(NC(=O)CCNS(=O)(=O)c2ccc3c(c2)CCC(=O)N3)cc1,4.8
COc1ccc(NC(=O)CCOc2ccccc2)cc1,4.8
COc1ccc(NC(=O)CCSc2cc(C)c3ccccc3n2)cc1,5.4
COc1ccc(NC(=O)CN(C)S(=O)(=O)c2ccc(Cl)cc2)c([N+](=O)[O-])c1,5.75
COc1ccc(NC(=O)CN2C(=O)c3cccc4cccc2c34)c(OC)c1,6.05
COc1ccc(NC(=O)CN2CCN(CC(=O)Nc3ccccc3Cl)CC2)cc1,5.0
COc1ccc(NC(=O)CN2c3cccc4cccc(c34)S2(=O)=O)cc1,5.35
COc1ccc(NC(=O)COC(=O)CCCc2c[nH]c3ccccc23)cc1OC,4.8
COc1ccc(NC(=O)COC(=O)c2c(-c3ccccc3)noc2C)cc1,5.15
COc1ccc(NC(=O)COC(=O)c2c3c(nc4ccccc24)CCCC3)cc1,6.05
COc1ccc(NC(=O)COC(=O)c2ccc(OCc3c(C)noc3C)cc2)cc1OC,4.95
COc1ccc(NC(=O)CSc2ccc3c4c(cccc24)C(=O)c2ccccc2-3)cc1,6.0
COc1ccc(NC(=O)CSc2nc(C)c3c(c2C#N)CCCC3)cc1,4.75
COc1ccc(NC(=O)CSc2nc3ccccc3c(=O)n2CCC(=O)N2CCCCC2)cc1,5.7
COc1ccc(NC(=O)CSc2nc3ccccc3cc2Cc2ccccc2)cc1,5.4
COc1ccc(NC(=O)CSc2ncnc3c2cnn3CCc2ccccc2)cc1,5.85
COc1ccc(NC(=O)CSc2nnc(C3CC3)n2-c2ccccc2)cc1,5.5
COc1ccc(NC(=O)CSc2nnc(CNC(=O)c3ccco3)n2-c2ccccc2OC)cc1,4.4
COc1ccc(NC(=O)CSc2nnc(Cc3cccn3C)n2CCc2ccccc2)c(OC)c1,5.65
COc1ccc(NC(=O)CSc2nncn2C)c([N+](=O)[O-])c1,4.65
COc1ccc(NC(=O)N(C2CCCCC2)C(C)c2cccnc2)c(OC)c1,5.0
COc1ccc(NC(=O)N2CC3(CCN(C(=O)c4cc(C(F)(F)F)cc(C(F)(F)F)c4)CC3)C2)cc1,6.9
COc1ccc(NC(=O)N2CC3(CCN(C(=O)c4ccc(OC)cc4)CC3)C2)cc1,4.6
COc1ccc(NC(=O)N2CC3(CCN(C(=O)c4ccncc4)CC3)C2)cc1,4.8
COc1ccc(NC(=O)N2CC3(CCN(S(=O)(=O)c4ccccc4)CC3)C2)cc1,4.8
COc1ccc(NC(=O)N2CCC3(CC2)CCN(C(=O)c2cc(C(F)(F)F)cc(C(F)(F)F)c2)CC3)cc1,4.4
COc1ccc(NC(=O)N2CCC3(CC2)CCN(C(=O)c2cccc(F)c2)CC3)cc1,4.9
COc1ccc(NC(=O)N2CCC3(CC2)CCN(C(=O)c2cccn2C)CC3)cc1,5.0
COc1ccc(NC(=O)N2CCC3(CC2)CCN(C(=O)c2ccncc2)CC3)cc1,4.8
COc1ccc(NC(=O)N2CCC3(CC2)CCN(C(=O)c2csnn2)CC3)cc1,4.9
COc1ccc(NC(=O)N2CCC3(CC2)CCN(S(=O)(=O)c2ccccc2)CC3)cc1,4.7
COc1ccc(NC(=O)N2CCCC3(CCN(C(=O)Oc4ccccc4)CC3)C2)cc1,4.9
COc1ccc(NC(=O)N2CCCC3(CCN(C(=O)c4c(C)noc4C)CC3)C2)cc1,4.6
COc1ccc(NC(=O)N2CCCC3(CCN(C(=O)c4cc(C(F)(F)F)cc(C(F)(F)F)c4)CC3)C2)cc1,5.0
COc1ccc(NC(=O)N2CCCC3(CCN(C(=O)c4ccc(OC)cc4)CC3)C2)cc1,4.9
COc1ccc(NC(=O)N2CCCC3(CCN(C(=O)c4cccc(F)c4)CC3)C2)cc1,4.8
COc1ccc(NC(=O)N2CCCC3(CCN(C(=O)c4cccn4C)CC3)C2)cc1,4.6
COc1ccc(NC(=O)N2CCCC3(CCN(C(=O)c4ccco4)CC3)C2)cc1,4.8
COc1ccc(NC(=O)N2CCCC3(CCN(C(=O)c4ccncc4)CC3)C2)cc1,6.1
COc1ccc(NC(=O)N2CCCC3(CCN(C(=O)c4cnccn4)CC3)C2)cc1,4.8
COc1ccc(NC(=O)N2CCCC3(CCN(C(=O)c4csnn4)CC3)C2)cc1,4.8
COc1ccc(NC(=O)N2CCCC3(CCN(S(=O)(=O)c4ccccc4)CC3)C2)cc1,5.1
COc1ccc(NC(=O)N2CCCC3(CCN(S(C)(=O)=O)CC3)C2)cc1,4.5
COc1ccc(NC(=O)N2CCCC3(CCNCC3)C2)cc1,4.6
COc1ccc(NC(=O)N2CCN(c3nc(N)nc4sc(-c5cccnc5)nc34)CC2)cc1,5.8
COc1ccc(NC(=O)N2CC[C@@]3(CCCN(C(=O)Oc4ccccc4)C3)C2)cc1,4.4
COc1ccc(NC(=O)N2CC[C@@]3(CCCN(C(=O)c4c(C)noc4C)C3)C2)cc1,5.1
COc1ccc(NC(=O)N2CC[C@@]3(CCCN(C(=O)c4cc(C(F)(F)F)cc(C(F)(F)F)c4)C3)C2)cc1,4.7
COc1ccc(NC(=O)N2CC[C@@]3(CCCN(C(=O)c4ccc(OC)cc4)C3)C2)cc1,4.8
COc1ccc(NC(=O)N2CC[C@@]3(CCCN(C(=O)c4cccc(F)c4)C3)C2)cc1,4.8
COc1ccc(NC(=O)N2CC[C@@]3(CCCN(C(=O)c4cccn4C)C3)C2)cc1,5.7
COc1ccc(NC(=O)N2CC[C@@]3(CCCN(C(=O)c4ccco4)C3)C2)cc1,4.4
COc1ccc(NC(=O)N2CC[C@@]3(CCCN(C(=O)c4ccncc4)C3)C2)cc1,4.8
COc1ccc(NC(=O)N2CC[C@@]3(CCCN(C(=O)c4cnccn4)C3)C2)cc1,5.5
COc1ccc(NC(=O)N2CC[C@@]3(CCCN(C(=O)c4csnn4)C3)C2)cc1,4.5
COc1ccc(NC(=O)N2CC[C@@]3(CCCN(S(C)(=O)=O)C3)C2)cc1,4.4
COc1ccc(NC(=O)N2C[C@H]3C[C@@H](c4ccccc4C(F)(F)F)C[C@H]3C2)c(C(=O)O)c1,5.1
COc1ccc(NC(=O)NCc2cccn2C)c(OC)c1,4.65
COc1ccc(NC(=O)Nc2ccc(-c3ccnc4[nH]cnc34)cc2)cc1,6.7
COc1ccc(NC(=O)OCC2COc3c(cc(Cl)c4nc(-c5cc(C)cc6nc(OC)cnc56)sc34)O2)cc1,6.16
COc1ccc(NC(=O)OCC2COc3c(cc(Cl)c4nc(-c5cc(C)cc6nc(OC)cnc56)sc34)O2)cn1,6.16
COc1ccc(NC(=O)c2c(C(F)(F)F)nn(C)c2SCc2ccccc2)cc1,5.35
COc1ccc(NC(=O)c2cc(-c3ccccc3)nc3ccccc23)cc1,5.51
COc1ccc(NC(=O)c2cc(-c3ccccc3Cl)no2)cc1,4.7
COc1ccc(NC(=O)c2cc(-c3ccccn3)nc3ccccc23)cc1,4.92
COc1ccc(NC(=O)c2cc(-c3cccnc3)nc3ccc(C)cc23)cc1OC,5.85
COc1ccc(NC(=O)c2cc(-c3ccncc3)nc3ccccc23)cc1,6.27
COc1ccc(NC(=O)c2cc(-c3ccncn3)nc3ccccc23)cc1,5.66
COc1ccc(NC(=O)c2cc(-c3cnccn3)nc3ccccc23)cc1,4.7
COc1ccc(NC(=O)c2cc(Oc3cncc(F)c3)cn3ccnc23)nc1,5.7
COc1ccc(NC(=O)c2cc(S(=O)(=O)N3CCS(=O)(=O)CC3)ccc2Cl)cc1,4.85
COc1ccc(NC(=O)c2cc3sccc3n2Cc2ccc(F)cc2)cc1OC,5.35
COc1ccc(NC(=O)c2ccc(-c3ccc(-c4noc(C)n4)cc3C)cc2)cc1N1CCN(C)CC1,6.1
COc1ccc(NC(=O)c2ccc(-c3ccc(-c4noc(C)n4)cc3C)cc2)cc1OCCN(C)C,4.8
COc1ccc(NC(=O)c2ccc(C)cc2Cl)c([N+](=O)[O-])c1,4.7
COc1ccc(NC(=O)c2ccc(COc3ccccc3)o2)cc1,4.65
COc1ccc(NC(=O)c2ccc(C[S+](C)[O-])c3ccccc23)c(C(=O)NCC2CCOCC2)n1,5.06
COc1ccc(NC(=O)c2ccc(Cn3ccnn3)c3ccccc23)c(C(=O)NCC2CCOCC2)n1,6.44
COc1ccc(NC(=O)c2ccccc2NC(=O)CSc2ccc(C)cc2)cc1,5.35
COc1ccc(NC(=O)c2cccs2)c([N+](=O)[O-])c1,4.85
COc1ccc(NC(=O)c2cn(-c3ccccc3)nc2-c2cc3ccccc3o2)cc1,4.8
COc1ccc(NC(=S)N(CCc2nc3cc(C)c(C)cc3[nH]2)Cc2cccnc2)cc1,6.05
COc1ccc(NC(=S)N2CCN(C/C=C/c3ccccc3)CC2)cc1OC,4.75
COc1ccc(NC(C)=O)cc1NC(=O)CN1CCN(C2c3ccccc3-c3ccccc32)CC1,5.0
COc1ccc(NC(C)=O)cc1NC(=O)CN1CCN(CC(=O)Nc2ccccc2Cl)CC1,4.9
COc1ccc(NC2=NCC(=O)N2Cc2cccs2)cc1.Cl,4.85
COc1ccc(NCc2nnc(SCc3ccccc3)n2-c2ccc(OC)cc2)cc1,5.3
COc1ccc(NS(=O)(=O)c2ccc(Br)cc2)cc1N1CCN(C)CC1,5.22
COc1ccc(NS(=O)(=O)c2ccc(NC(=O)c3cnn4c(C(F)F)cc(-c5ccc(C)cc5)nc34)cc2)cc1,5.9
COc1ccc(NS(=O)(=O)c2sc3ccc(Cl)cc3c2C)cc1N1CCNCC1.Cl,4.4
COc1ccc(Nc2cc(=O)n(C3CCCCC3)c(=O)[nH]2)c(OC)c1,4.9
COc1ccc(Nc2nc(N)nc(CSc3n[nH]c(-c4ccccc4)n3)n2)cc1,5.4
COc1ccc(Nc2ncc(C)c(Nc3ccc4oc(=O)[nH]c4c3)n2)cc1C(F)(F)F,5.86
COc1ccc(Nc2ncc3c(n2)CC(c2ccc(C)cc2)CC3=O)cc1,5.05
COc1ccc(Nc2ncnc3sc(-c4ccccc4)cc23)cc1,4.95
COc1ccc(Nc2nnc(-c3ccc(N4CCOCC4)c([N+](=O)[O-])c3)c3ccccc23)cc1,5.1
COc1ccc(O)c(/C=N/NC(=O)CSc2nnc(C)n2-c2ccccc2)c1,5.1
COc1ccc(O)c(/C=N/NC(=O)c2ccc(OCc3cccc(Br)c3)cc2)c1,5.15
COc1ccc(O)c(C(=O)/C=C/c2ccc3cnccc3c2)c1,6.57
COc1ccc(OC)c(-c2ccccc2/C=N/NS(=O)(=O)c2ccc(C)cc2)c1,5.5
COc1ccc(OC)c(-n2c(S)nnc2-c2ccc(C)cc2)c1,5.65
COc1ccc(OC)c(C(=O)CN2C(=O)NC(C)(c3ccccc3)C2=O)c1,5.0
COc1ccc(OC)c(C(=O)CSc2nnc(Cc3cccs3)n2CCc2ccccc2)c1,4.4
COc1ccc(OC)c(C2C3=C(O)CCCC3=NC(C)=C2C(=O)Nc2nc3ccccc3s2)c1,5.65
COc1ccc(OC)c(C2C3=C(O)OCC3=Nc3cc4c(cc32)OCO4)c1,5.15
COc1ccc(OC)c(C2CC(=O)C3=C(C2)NC(=O)CC3c2ccc(O)c(OC)c2)c1,5.05
COc1ccc(OC)c(N2CC(=O)C(c3nc4ccccc4s3)=C2N)c1,4.95
COc1ccc(OC)c(NC(=O)CSCc2cnn(-c3ccccc3)c2-n2cccc2)c1,5.0
COc1ccc(OC)c(NC(=O)CSc2nc3ccccc3cc2Cc2ccccc2)c1,5.6
COc1ccc(OC)c(NC(=O)Cn2cccc2)c1,4.8
COc1ccc(OC)c(NC(=O)c2c3c(nc4ccccc24)CCC3)c1,5.15
COc1ccc(OC)c(NC(=O)c2cc3n(n2)C(C(F)(F)F)CC(c2ccc4c(c2)OCO4)N3)c1,5.4
COc1ccc(OC)c(Nc2nc(-c3cccc([N+](=O)[O-])c3)nc3ccccc23)c1,5.55
COc1ccc(OC)c(Nc2nc(-c3sc(NC(=O)c4ccccc4)nc3C)cs2)c1,4.55
COc1ccc(OC)c(S(=O)(=O)N2CCC(C(=O)NCCc3ccccc3)CC2)c1,4.4
COc1ccc(OC)c(S(=O)(=O)N2CCC(C(=O)Nc3ccc(C)c(C)c3)CC2)c1,5.3
COc1ccc(OC)c2c(=S)c3ccccc3[nH]c12,5.1
COc1ccc(OC)c2nc(O)c(CCNC(=O)C3CCCCC3)cc12,5.05
COc1ccc(OC)c2nc(O)c(CCNC(=O)COc3ccccc3)cc12,5.0
COc1ccc(OC)c2nc(O)c(CCNC(=O)c3ccc(S(=O)(=O)N4CCCC4)cc3)cc12,4.8
COc1ccc(OC)c2nc(O)c(CCNS(=O)(=O)c3ccc(C)cc3)cc12,5.1
COc1ccc(OC)c2nc(O)c(CCNS(=O)(=O)c3ccc(Cl)cc3)cc12,5.25
COc1ccc(OC)c2nc(O)c(CCNS(=O)(=O)c3ccccc3)cc12,4.85
COc1ccc(OC2C(O)COC2/C=C/C#Cc2ccc(F)cc2F)cc1,5.45
COc1ccc(OC2C(O)COC2/C=C/C#Cc2ccccc2)cc1,5.4
COc1ccc(OC2C(O)COC2/C=C/c2ccccc2)cc1,5.45
COc1ccc(OC2C=CC(C#Cc3ccc(Br)cc3)OC2CO)c(C(C)(C)C)c1,5.4
COc1ccc(OC2C=CC(C#Cc3ccc(C(C)(C)C)cc3)OC2CO)cc1,5.4
COc1ccc(OC2C=CC(C#Cc3ccc(F)cc3F)OC2CO)cc1,5.45
COc1ccc(OC2C=CC(C#Cc3ccccc3)OC2CO)cc1,5.4
COc1ccc(OC2C=CC(c3ccccc3)OC2CO)c(C(C)(C)C)c1,6.1
COc1ccc(OC2C=CC(c3ccccc3)OC2CO)c(C(C)=O)c1,5.4
COc1ccc(OC2C=CC(c3ccccc3)OC2CO)cc1,5.4
COc1ccc(OCC(=O)Nc2cc(-n3nc(C)cc3C)nc(-c3ccc(C)o3)n2)c(CN(C)C)c1,5.8
COc1ccc(OCC(=O)Nc2ccc(Cl)cc2C(=O)c2ccccc2)cc1,5.65
COc1ccc(OCC2CC3C(CCC(C)C3c3ccc(Br)cc3)C(=O)O2)cc1,5.4
COc1ccc(OCC2CN3C(CCC(C)C3c3ccc(Br)cc3)C(=O)O2)cc1,5.4
COc1ccc(OCC2Cc3c(-c4ccccc4)nc4c(c3CO2)CN(CCOc2ccccc2)CC4)cc1,5.4
COc1ccc(OCCNS(=O)(=O)c2ccc3oc4ccccc4c3c2)cc1,5.15
COc1ccc(OCCSc2nc[nH]n2)cc1,4.85
COc1ccc(OCCn2c(C)c(/C=N/n3cnnc3)c3ccccc32)cc1,6.3
COc1ccc(OCCn2cc(C(=N)NO)c3ccccc32)cc1,4.9
COc1ccc(OCc2nnc(SCC(=O)N3c4ccccc4Sc4ccc(Cl)cc43)o2)cc1,5.45
COc1ccc(O[C@H]2C=C[C@@H](c3ccccc3)O[C@@H]2CO/N=C(\C)CCN2CCCCc3nc(C)c(C)cc32)cc1,5.4
COc1ccc(O[C@H]2C=C[C@@H](c3ccccc3)O[C@@H]2CO/N=C(\C)CCN2CCCc3nc(C)c(C)cc32)cc1,5.5
COc1ccc(O[C@H]2C=C[C@@H](c3ccccc3)O[C@@H]2CO/N=C\[C@@H](C)[C@H](OCc2ccccc2)C(C)C)cc1,5.4
COc1ccc(O[C@H]2C=C[C@@H](c3ccccc3)O[C@@H]2CON=C(C)C)cc1,5.4
COc1ccc(O[C@H]2C=C[C@@H](c3ccccc3)O[C@H]2CO/N=C(/C)CCC(=O)OC[C@@H]2O[C@H](C#Cc3ccccc3)C=C[C@@H]2Oc2ccc(C)cc2)cc1,5.5
COc1ccc(O[C@H]2C=C[C@@H](c3ccccc3)O[C@H]2CO/N=C(/C)CCC(=O)OC[C@@H]2O[C@H](c3ccccc3)C=C[C@@H]2Oc2ccc(OC)cc2)cc1,5.4
COc1ccc(O[C@H]2C=C[C@@H](c3ccccc3)O[C@H]2CO/N=C2/[C@H]3O[C@@H]3[C@@H](O)[C@H]3[C@H]2CCn2c(=O)n(-c4ccccc4)c(=O)n23)cc1,5.5
COc1ccc(O[C@H]2C=C[C@@H](c3ccccc3)O[C@H]2CO/N=C2/c3cc(OC)ccc3O[C@@H](c3cccc(OC)c3)[C@H]2O)cc1,5.5
COc1ccc(O[C@H]2C=C[C@@H](c3ccccc3)O[C@H]2CO/N=C\C[C@@H]2C=C[C@H](OC(C)=O)[C@H](COC(C)=O)O2)cc1,5.4
COc1ccc(O[C@H]2C=C[C@@H](c3ccccc3)O[C@H]2COC(=O)CC/C(C)=N/OCC[C@@H]2C=C[C@H](OC(C)=O)[C@H](COC(C)=O)O2)cc1,5.4
COc1ccc(O[C@H]2C=C[C@@H](c3ccccc3)O[C@H]2COC(=O)CC/C(C)=N/O[C@@H]2O[C@H](COC(C)=O)[C@H](OC(C)=O)[C@H](OC(C)=O)[C@H]2OC(C)=O)cc1,5.3
COc1ccc(O[C@H]2C=C[C@@H](c3ccccc3)O[C@H]2COC(=O)CC/C(C)=N\OC[C@@H](C)[C@H](OCc2ccccc2)C(C)C)cc1,5.5
COc1ccc(O[C@H]2C=C[C@@H](c3ccccc3)O[C@H]2COC(=O)CC/C(C)=N\OC[C@@H](O)COCc2ccco2)cc1,5.5
COc1ccc(O[C@H]2C=C[C@@H](c3ccccc3)O[C@H]2COC(=O)CC/C(C)=N\OC[C@@H](O)[C@H]2O[C@H]3OC(C)(C)O[C@H]3[C@@H]2O)cc1,5.4
COc1ccc(O[C@H]2C=C[C@@H](c3ccccc3)O[C@H]2COC(=O)CC/C(C)=N\O[C@@H](C)CN2CCCCc3nc(C)c(C)cc32)cc1,5.4
COc1ccc(O[C@H]2C=C[C@@H](c3ccccc3)O[C@H]2COC(=O)CC/C(C)=N\O[C@@H](C)CN2CCCc3nc(C)c(C)cc32)cc1,5.5
COc1ccc(O[C@H]2C=C[C@@H](c3ccccc3)O[C@H]2COC(=O)CC/C(C)=N\O[C@@H](C)c2cc(-c3c(C)cc(C)cc3C)no2)cc1,5.5
COc1ccc(O[C@H]2C=C[C@@H](c3ccccc3)O[C@H]2COC(=O)CC/C(C)=N\O[C@@H](C)c2cn([C@H](CO)Cc3ccccc3)nn2)cc1,5.35
COc1ccc(O[C@H]2C=C[C@@H](c3ccccc3)O[C@H]2COC(=O)CC/C(C)=N\O[C@@H](C)c2cn([C@H]3COC[C@H]3O)nn2)cc1,5.4
COc1ccc(Oc2c(C=O)c3ccccc3n2C)cc1,4.75
COc1ccc(Oc2c(Cl)cnn(-c3ccccc3)c2=O)cc1,4.85
COc1ccc(Oc2coc3cc(OC(=O)c4cccs4)ccc3c2=O)cc1,5.0
COc1ccc(Oc2nc(C)cc(C)c2S(=O)(=O)c2ccc(C)cc2)cc1,5.95
COc1ccc(Oc2nc(SC)nc3ccsc23)cc1,4.75
COc1ccc(Oc2ncc3nc(-c4cc(F)cc(F)c4)c(=O)n(C)c3n2)cc1,5.3
COc1ccc(Oc2ncc3nc(-c4cc(F)cc(F)c4)c(=O)n(C4CC4)c3n2)cc1,5.1
COc1ccc(Oc2ncc3nc(-c4cc(F)cc(F)c4)c(=O)n(CCC#N)c3n2)cc1,5.9
COc1ccc(Oc2ncc3nc(-c4cc(F)cc(F)c4)c(=O)n(C[C@H]4CCCO4)c3n2)cc1,5.6
COc1ccc(Oc2ncc3nc(-c4ccc(Cl)cc4)c(=O)n(C)c3n2)cc1,5.3
COc1ccc(Oc2ncc3nc(-c4ccc(Cl)cc4)c(=O)n(C4CC4)c3n2)cc1,5.1
COc1ccc(Oc2ncc3nc(-c4ccc(Cl)cc4)c(=O)n(CCC#N)c3n2)cc1,5.3
COc1ccc(Oc2ncc3nc(-c4ccc(Cl)cc4)c(=O)n(C[C@H]4CCCO4)c3n2)cc1,5.3
COc1ccc(Oc2ncc3nc(-c4ccc(F)cc4)c(=O)n(C)c3n2)cc1,5.4
COc1ccc(Oc2ncc3nc(-c4ccc(F)cc4)c(=O)n(C4CC4)c3n2)cc1,5.1
COc1ccc(Oc2ncc3nc(-c4ccc(F)cc4)c(=O)n(CCC#N)c3n2)cc1,5.3
COc1ccc(Oc2ncc3nc(-c4ccc(F)cc4)c(=O)n(C[C@H]4CCCO4)c3n2)cc1,6.0
COc1ccc(Oc2ncc3nc(-c4ccc(F)cc4)c(=O)n(Cc4cccs4)c3n2)cc1,4.8
COc1ccc(Oc2ncc3nc(-c4ccc(OC)cc4)c(=O)n(C)c3n2)cc1,5.4
COc1ccc(Oc2ncc3nc(-c4ccc(OC)cc4)c(=O)n(C4CC4)c3n2)cc1,5.4
COc1ccc(Oc2ncc3nc(-c4ccc(OC)cc4)c(=O)n(CCC#N)c3n2)cc1,5.5
COc1ccc(Oc2ncc3nc(-c4ccc(OC)cc4)c(=O)n(Cc4cccs4)c3n2)cc1,5.5
COc1ccc(Oc2ncc3nc(-c4cccc(C#N)c4)c(=O)n(C)c3n2)cc1,5.0
COc1ccc(Oc2ncc3nc(-c4cccc(C#N)c4)c(=O)n(CCC#N)c3n2)cc1,5.5
COc1ccc(Oc2ncc3nc(-c4cccc(C#N)c4)c(=O)n(Cc4cccc(OC)c4)c3n2)cc1,5.7
COc1ccc(Oc2ncc3nc(-c4ccccc4)c(=O)n(C4CC4)c3n2)cc1,5.4
COc1ccc(Oc2ncc3nc(-c4ccccc4)c(=O)n(CCC#N)c3n2)cc1,5.5
COc1ccc(Oc2ncc3nc(-c4ccccc4)c(=O)n(C[C@H]4CCCO4)c3n2)cc1,6.0
COc1ccc(Oc2ncc3nc(-c4ccccc4)c(=O)n(Cc4cccs4)c3n2)cc1,5.0
COc1ccc(Oc2ncc3nc(-c4cccs4)c(=O)n(-c4ccccc4)c3n2)cc1,5.6
COc1ccc(Oc2ncc3nc(-c4cccs4)c(=O)n(C)c3n2)cc1,5.4
COc1ccc(Oc2ncc3nc(-c4cccs4)c(=O)n(CCC#N)c3n2)cc1,5.6
COc1ccc(Oc2ncc3nc(-c4cccs4)c(=O)n(Cc4cccc(OC)c4)c3n2)cc1,5.4
COc1ccc(Oc2ncc3nc(-c4cccs4)c(=O)n(Cc4cccs4)c3n2)cc1,5.4
COc1ccc(Oc2ncc3nc(-c4cn(C)c5ccccc45)c(=O)n(C)c3n2)cc1,4.8
COc1ccc(Oc2ncc3nc(-c4cn(C)c5ccccc45)c(=O)n(C4CC4)c3n2)cc1,4.9
COc1ccc(Oc2ncc3nc(-c4cn(C)c5ccccc45)c(=O)n(CCC#N)c3n2)cc1,5.0
COc1ccc(Oc2ncc3nc(C)c(=O)n(-c4ccc(OC)cc4)c3n2)cc1,5.4
COc1ccc(Oc2ncc3nc(C)c(=O)n(-c4ccccc4)c3n2)cc1,5.3
COc1ccc(Oc2ncc3nc(C)c(=O)n(C)c3n2)cc1,4.6
COc1ccc(Oc2ncc3nc(C)c(=O)n(C4CC4)c3n2)cc1,4.8
COc1ccc(Oc2ncc3nc(C)c(=O)n(CCC#N)c3n2)cc1,4.9
COc1ccc(Oc2ncc3nc(C)c(=O)n(CCc4ccccc4)c3n2)cc1,6.1
COc1ccc(Oc2ncc3nc(C)c(=O)n(C[C@H]4CCCO4)c3n2)cc1,5.4
COc1ccc(Oc2ncc3nc(C)c(=O)n(Cc4ccc(F)cc4)c3n2)cc1,6.4
COc1ccc(Oc2ncc3nc(C)c(=O)n(Cc4cccc(OC)c4)c3n2)cc1,5.6
COc1ccc(Oc2ncc3nc(C)c(=O)n(Cc4cccs4)c3n2)cc1,5.5
COc1ccc(Oc2ncc3nc(CCc4ccccc4)c(=O)n(C)c3n2)cc1,5.1
COc1ccc(Oc2ncc3nc(CCc4ccccc4)c(=O)n(C4CC4)c3n2)cc1,5.3
COc1ccc(Oc2ncc3nc(CCc4ccccc4)c(=O)n(CCC#N)c3n2)cc1,5.8
COc1ccc(Oc2ncc3nc(CCc4ccccc4)c(=O)n(C[C@H]4CCCO4)c3n2)cc1,6.0
COc1ccc(Oc2ncc3ncc(=O)n(-c4ccc(OC)cc4)c3n2)cc1,5.2
COc1ccc(Oc2ncc3ncc(=O)n(C)c3n2)cc1,4.6
COc1ccc(Oc2ncc3ncc(=O)n(C4CC4)c3n2)cc1,4.6
COc1ccc(Oc2ncc3ncc(=O)n(CCC#N)c3n2)cc1,4.6
COc1ccc(Oc2ncc3ncc(=O)n(CCc4ccccc4)c3n2)cc1,5.9
COc1ccc(Oc2ncc3ncc(=O)n(C[C@H]4CCCO4)c3n2)cc1,4.9
COc1ccc(Oc2ncc3ncc(=O)n(Cc4ccc(F)cc4)c3n2)cc1,5.7
COc1ccc(Oc2ncc3ncc(=O)n(Cc4cccc(OC)c4)c3n2)cc1,5.6
COc1ccc(Oc2ncc3ncc(=O)n(Cc4cccs4)c3n2)cc1,5.5
COc1ccc(Oc2nccc(-c3ccc(F)cc3)c2C#N)cc1,4.9
COc1ccc(S(=O)(=O)/N=C2/C=CC(=O)C(C)=C2C)cc1,5.7
COc1ccc(S(=O)(=O)N(C)CC(=O)NCc2ccco2)cc1,4.8
COc1ccc(S(=O)(=O)N(CC(=O)N2CCCC2)Cc2ccccc2)cc1,5.35
COc1ccc(S(=O)(=O)N(CC(=O)NCC2CCCO2)c2ccc(F)cc2)cc1OC,5.05
COc1ccc(S(=O)(=O)N(CCc2ccccc2)CC(=O)N2CCOCC2)cc1,5.15
COc1ccc(S(=O)(=O)N/N=C(/C)c2cccc(NC(=O)c3ccccc3Cl)c2)cc1,5.65
COc1ccc(S(=O)(=O)N2CC3C4C=CC(C4)C3C2)cc1,4.85
COc1ccc(S(=O)(=O)N2CC3CCCN3c3ccc(C(F)(F)F)cc32)cc1,6.0
COc1ccc(S(=O)(=O)N2CCC(=CC#Cc3cccc(C)n3)CC2)cc1,5.72
COc1ccc(S(=O)(=O)N2CCC(C(=O)NCC3CCCO3)CC2)cc1C,4.8
COc1ccc(S(=O)(=O)N2CCC(NC(=O)Nc3ccc(C)cc3)CC2)cc1,5.05
COc1ccc(S(=O)(=O)N2CCCN(CC(=O)C(C)(C)C)CC2)cc1,4.9
COc1ccc(S(=O)(=O)N2CCCN(CC(=O)Nc3ccc(OC)c(Cl)c3)CC2)cc1,5.1
COc1ccc(S(=O)(=O)N2CCCN(CC(=O)Nc3ccc4c(c3)OCO4)CC2)cc1,5.95
COc1ccc(S(=O)(=O)N2CCCN(CCC(=O)Nc3cccc(C(F)(F)F)c3)CC2)cc1,4.4
COc1ccc(S(=O)(=O)N2CCC[C@H]2C(=O)NC2=NCCS2)cc1,4.75
COc1ccc(S(=O)(=O)N2CCC[C@H]2C(=O)Nc2cc(C)cc(C)c2)cc1,4.82
COc1ccc(S(=O)(=O)N2CCC[C@H]2C(=O)Nc2cccc(SC)c2)cc1,5.1
COc1ccc(S(=O)(=O)N2CCN(CC(=O)Nc3cc(C(F)(F)F)ccc3Cl)CC2)cc1,5.45
COc1ccc(S(=O)(=O)N2CCN(CC(=O)Nc3cc(OC)cc(OC)c3)CC2)cc1,5.4
COc1ccc(S(=O)(=O)N2CCN(CC(=O)Nc3cccc(F)c3)CC2)cc1,5.1
COc1ccc(S(=O)(=O)N2CCOc3ccc(Cl)cc32)cc1NC1CCN(C)CC1,5.55
COc1ccc(S(=O)(=O)N2CCc3ccccc3C2)cc1OC,4.8
COc1ccc(S(=O)(=O)N2Cc3ccccc3CC2C(=O)Nc2nccs2)cc1,5.45
COc1ccc(S(=O)(=O)N2c3cc(C)ccc3OCC2C(C)(C)C)cc1,5.15
COc1ccc(S(=O)(=O)N2c3ccc(Cl)cc3[C@](O)(c3ccccc3Cl)[C@@H]2C(=O)N2CCC[C@H]2C(N)=O)cc1OC,5.7
COc1ccc(S(=O)(=O)NC(CC(=O)NC2CCCC2)c2ccco2)cc1,4.85
COc1ccc(S(=O)(=O)NCCC(=O)NC(C)c2ccccc2)cc1,4.65
COc1ccc(S(=O)(=O)NCCC(=O)NCc2ccc(F)cc2)cc1,4.55
COc1ccc(S(=O)(=O)NCCCNc2cc(-c3cn(C(C)(C)C)nc3-c3cccc(O)c3)ccn2)cc1,6.42
COc1ccc(S(=O)(=O)NCc2ccc(C(=O)N3CCN(c4ccccn4)CC3)cc2)cc1,4.8
COc1ccc(S(=O)(=O)NNC(=O)C2Cc3c(ccc4ccccc34)O2)cc1,5.0
COc1ccc(S(=O)(=O)Nc2cc(Cl)cc(Cl)c2OC)cc1NC1CCN(C)CC1,5.07
COc1ccc(S(=O)(=O)Nc2cc3c4c(oc3c3ccccc23)CC(C)(C)CC4=O)cc1,6.05
COc1ccc(S(=O)(=O)Nc2ccc(F)cc2)c(C)c1C,5.0
COc1ccc(S(=O)(=O)Nc2cccc(Cl)c2)cc1OC,5.2
COc1ccc(S(=O)(=O)n2cc(C(F)F)c3ccc(Cl)cc32)cc1N1CCNCC1,5.4
COc1ccc(S(=O)(=O)n2cc(C)c3cc(Cl)ccc32)cc1NC1CCN(C)CC1,5.19
COc1ccc(S(=O)(=O)n2cc(C)c3cc(Cl)cnc32)cc1NC1CCN(C)CC1,5.0
COc1ccc(S(=O)(=O)n2ccc(-c3cnc(-c4ccccc4)s3)n2)cc1,5.4
COc1ccc(S(=O)(=O)n2nc(C)c3cc(Cl)ccc32)cc1NC1CCN(C)CC1.O=C(O)[C@H](O)[C@@H](O)C(=O)O,5.0
COc1ccc(Sc2ccc(NC(=O)c3ccccc3Cl)cc2C#N)cc1,5.45
COc1ccc([C@@H](C)c2cc3c(cc2O)OCO3)cc1,5.6
COc1ccc([C@@H](Nc2ccccn2)c2cc(C(C)(C)C)cc(C(C)(C)C)c2O)cc1,5.7
COc1ccc([C@@H](Nc2ncccn2)c2cc3c(cc2O)OCO3)cc1,5.6
COc1ccc([C@@H]2CC(=O)c3c(O)cc(O)cc3O2)cc1O,5.0
COc1ccc([C@@H]2CNC(=O)C2)cc1OC1CCCC1,4.8
COc1ccc([C@@H]2Sc3ccccc3N(CCN(C)C)C(=O)[C@@H]2OC(C)=O)cc1,5.4
COc1ccc([C@@H]2Sc3ccccc3N(CCN(C)C)C(=O)[C@@H]2OC(C)=O)cc1.Cl,4.8
COc1ccc([C@H](C)NC(=O)COc2cc(C(F)(F)F)c3c(-c4ccccc4)nn(C)c3n2)cc1,5.1
COc1ccc([C@H](Cc2nnn[nH]2)NC(=O)c2ncnc3[nH]ccc23)cc1,4.59
COc1ccc([C@H](O)CNc2cc[nH]c(=O)c2-c2nc3c(C)cc(C4CCN(CCCF)CC4)cc3[nH]2)cc1Cl,5.0
COc1ccc([C@H]2C[C@H](C(=O)O)C2)cc1-c1ccc(C(F)(F)F)cc1[C@@H]1CC[C@H]2[C@@H](c3cc(C(F)(F)F)cc(C(F)(F)F)c3)OC(=O)N12,5.22
COc1ccc([C@H]2Sc3ccccc3N(CCN(C)C)C(=O)[C@H]2OC(C)=O)cc1,5.300000000000001
COc1ccc([N+](=O)[O-])cc1N(CC(O)CN(CC(C)C)CC(C)C)S(=O)(=O)c1ccccc1,5.95
COc1ccc([N+](=O)[O-])cc1N=C(S)NC(NC(=O)Cc1ccc(OC)c(OC)c1)C(Cl)(Cl)Cl,5.8
COc1ccc([N+](=O)[O-])cc1NC(=O)CC(C)c1ccccc1,5.15
COc1ccc([N+](=O)[O-])cc1NC1C2CC3CC(C2)CC1C3,4.95
COc1ccc([N+](=O)[O-])cc1NCc1ccccc1C,4.9
COc1ccc2[nH]c(-c3ccccc3)c(CCNC(C)=O)c2c1,4.9
COc1ccc2[nH]c(C(=O)c3ccccc3)cc2c1,5.1
COc1ccc2[nH]c(I)c(CCNC(C)=O)c2c1,4.8
COc1ccc2[nH]c(SCC(=O)c3ccco3)nc2c1,4.95
COc1ccc2[nH]c(SCC(C)(C)C)nc2c1,4.3
COc1ccc2[nH]c(SCC(C)C)nc2c1,4.3
COc1ccc2[nH]c(SCC3CC3)nc2c1,4.79
COc1ccc2[nH]c(SCC3CCCCC3)nc2c1,5.21
COc1ccc2[nH]c(SCCCO)nc2c1,5.26
COc1ccc2[nH]c(SCc3ccc(Br)cc3)nc2c1,5.37
COc1ccc2[nH]c(SCc3ccc(C(=O)O)cc3)nc2c1,4.3
COc1ccc2[nH]c(SCc3ccc(C(C)(C)C)cc3)nc2c1,4.91
COc1ccc2[nH]c(SCc3ccc(C(C)C)cc3)nc2c1,5.08
COc1ccc2[nH]c(SCc3ccc(C)cc3)nc2c1,5.05
COc1ccc2[nH]c(SCc3ccc(Cl)cc3)nc2c1,5.31
COc1ccc2[nH]c(SCc3ccc(I)cc3)nc2c1,5.31
COc1ccc2[nH]c(SCc3ccc(OCc4ccccc4)cc3)nc2c1,5.45
COc1ccc2[nH]c(SCc3ccc4ccccc4n3)nc2c1,5.55
COc1ccc2[nH]c(SCc3cccc(-c4ccccc4)c3)nc2c1,5.73
COc1ccc2[nH]c(SCc3cccc(Oc4ccccc4)c3)nc2c1,5.6
COc1ccc2[nH]c(SCc3ccccn3)nc2c1,5.4
COc1ccc2[nH]c(Sc3c([N+](=O)[O-])nc(C)n3Cc3ccccc3)nc2c1,4.85
COc1ccc2[nH]c([S+]([O-])Cc3ncc(C)c(OC)c3C)nc2c1,5.0
COc1ccc2[nH]c3c(NCCCN4CCCC4=O)ncnc3c2c1,4.75
COc1ccc2[nH]c3c(c2c1)CCN=C3C,5.3
COc1ccc2[nH]c3nc(SCC(=O)NNC(=O)c4ccc(OC)c(OC)c4)nnc3c2c1,6.4
COc1ccc2[nH]cc(C3=CCNCC3)c2c1,5.9
COc1ccc2[nH]cc(CC(N)C(=O)O)c2c1,4.5
COc1ccc2[nH]cc(CCNC(C)=O)c2c1,4.7
COc1ccc2[nH]cc(CCNc3cc(-c4c(C)noc4C)ncn3)c2c1,5.4
COc1ccc2[nH]cc(CCNc3cc(-c4ccc(C(=O)N(C)C)cc4)ncn3)c2c1,5.2
COc1ccc2[nH]cc(CCNc3cc(-c4ccc5c(c4)OCO5)ncn3)c2c1,5.7
COc1ccc2[nH]cc(CCNc3cc(-c4cccc(C#N)c4)ncn3)c2c1,5.4
COc1ccc2[nH]cc(CCNc3cc(-c4ccccc4C(F)(F)F)ncn3)c2c1,5.3
COc1ccc2[nH]cc(CCNc3cc(-c4ccccc4C)ncn3)c2c1,5.3
COc1ccc2[nH]cc(CCNc3cc(-c4ccccc4Cl)ncn3)c2c1,5.3
COc1ccc2[nH]cc(CCNc3cc(-c4ccccc4OC)ncn3)c2c1,5.2
COc1ccc2[nH]cc(CCNc3cc(-c4cccnc4)ncn3)c2c1,5.4
COc1ccc2[nH]cc(CCNc3cc(-c4ccoc4)ncn3)c2c1,5.0
COc1ccc2[nH]cc(CCNc3ccnc(-c4c(C)noc4C)n3)c2c1,5.6
COc1ccc2[nH]cc(CCNc3ccnc(-c4ccc(C(=O)N(C)C)cc4)n3)c2c1,5.5
COc1ccc2[nH]cc(CCNc3ccnc(-c4ccc(N(C)C)cc4)n3)c2c1,5.3
COc1ccc2[nH]cc(CCNc3ccnc(-c4ccc5c(c4)OCO5)n3)c2c1,5.6
COc1ccc2[nH]cc(CCNc3ccnc(-c4cccc(C#N)c4)n3)c2c1,5.5
COc1ccc2[nH]cc(CCNc3ccnc(-c4cccc(NS(C)(=O)=O)c4)n3)c2c1,5.6
COc1ccc2[nH]cc(CCNc3ccnc(-c4ccccc4C(F)(F)F)n3)c2c1,5.7
COc1ccc2[nH]cc(CCNc3ccnc(-c4ccccc4C)n3)c2c1,5.5
COc1ccc2[nH]cc(CCNc3ccnc(-c4ccccc4Cl)n3)c2c1,5.7
COc1ccc2[nH]cc(CCNc3ccnc(-c4cccnc4)n3)c2c1,5.9
COc1ccc2[nH]cc(CCNc3ccnc(-c4ccoc4)n3)c2c1,5.5
COc1ccc2[nH]cc(CCNc3nc(-c4c(C)noc4C)nc4ccccc34)c2c1,5.7
COc1ccc2[nH]cc(CCNc3nc(-c4ccc(C(=O)N(C)C)cc4)nc4ccccc34)c2c1,5.6
COc1ccc2[nH]cc(CCNc3nc(-c4ccc(N(C)C)cc4)nc4ccccc34)c2c1,5.6
COc1ccc2[nH]cc(CCNc3nc(-c4cccc(C#N)c4)nc4ccccc34)c2c1,6.0
COc1ccc2[nH]cc(CCNc3nc(-c4cccc(NS(C)(=O)=O)c4)nc4ccccc34)c2c1,5.6
COc1ccc2[nH]cc(CCNc3nc(-c4ccccc4CN(C)C)nc4ccccc34)c2c1,5.7
COc1ccc2[nH]cc(CCNc3nc(-c4ccccc4OC)nc4ccccc34)c2c1,5.6
COc1ccc2[nH]cc(CCNc3nc(-c4cccnc4)nc4ccccc34)c2c1,5.8
COc1ccc2[nH]cc(CCNc3nc(-c4ccoc4)nc4ccccc34)c2c1,5.5
COc1ccc2[nH]cc(CCNc3ncnc4ccc(-c5c(C)noc5C)cc34)c2c1,5.5
COc1ccc2[nH]cc(CCNc3ncnc4ccc(-c5ccc(C(=O)N(C)C)cc5)cc34)c2c1,5.6
COc1ccc2[nH]cc(CCNc3ncnc4ccc(-c5ccc6c(c5)OCO6)cc34)c2c1,5.7
COc1ccc2[nH]cc(CCNc3ncnc4ccc(-c5cccc(C#N)c5)cc34)c2c1,5.6
COc1ccc2[nH]cc(CCNc3ncnc4ccc(-c5ccccc5C#N)cc34)c2c1,5.7
COc1ccc2[nH]cc(CCNc3ncnc4ccc(-c5ccccc5CN(C)C)cc34)c2c1,5.8
COc1ccc2[nH]cc(CCNc3ncnc4ccc(-c5ccccc5OC)cc34)c2c1,6.1
COc1ccc2[nH]cc(CCNc3ncnc4ccc(-c5cccnc5)cc34)c2c1,6.0
COc1ccc2[nH]cc(CCNc3ncnc4ccc(-c5ccoc5)cc34)c2c1,5.4
COc1ccc2[nH]cc(CCNc3ncncc3-c3c(C)noc3C)c2c1,6.1
COc1ccc2[nH]cc(CCNc3ncncc3-c3ccc(C(=O)N(C)C)cc3)c2c1,6.0
COc1ccc2[nH]cc(CCNc3ncncc3-c3ccc(N(C)C)cc3)c2c1,6.3
COc1ccc2[nH]cc(CCNc3ncncc3-c3ccc4c(c3)OCO4)c2c1,6.3
COc1ccc2[nH]cc(CCNc3ncncc3-c3cccc(C#N)c3)c2c1,6.0
COc1ccc2[nH]cc(CCNc3ncncc3-c3cccc(NS(C)(=O)=O)c3)c2c1,6.4
COc1ccc2[nH]cc(CCNc3ncncc3-c3ccccc3C(F)(F)F)c2c1,6.6
COc1ccc2[nH]cc(CCNc3ncncc3-c3ccccc3C)c2c1,6.5
COc1ccc2[nH]cc(CCNc3ncncc3-c3ccccc3CN(C)C)c2c1,6.2
COc1ccc2[nH]cc(CCNc3ncncc3-c3ccccc3Cl)c2c1,6.4
COc1ccc2[nH]cc(CCNc3ncncc3-c3ccccc3OC)c2c1,6.9
COc1ccc2[nH]cc(CCNc3ncncc3-c3cccnc3)c2c1,6.1
COc1ccc2[nH]cc(CCNc3ncncc3-c3ccoc3)c2c1,5.8
COc1ccc2c(-n3c(=O)n(Cc4cccc([C@@]5(C)OC(=O)NC5=O)c4)c4ccccc43)noc2c1,4.66
COc1ccc2c(=O)c(-c3ccccc3)coc2c1,4.4
COc1ccc2c(=O)c(O)c(-c3ccc4c(c3)OCO4)oc2c1,5.22
COc1ccc2c(=O)c(OC)c(-c3ccccc3)oc2c1,5.0
COc1ccc2c(=O)cc(-c3ccc(O)cc3)oc2c1,5.5
COc1ccc2c(=O)cc(-c3ccccc3)oc2c1O,4.4
COc1ccc2c(=O)cc(-c3ccncc3)oc2c1OC,5.4
COc1ccc2c(C)cc(SCC(=O)c3ccc4c(c3)OCO4)nc2c1,6.3
COc1ccc2c(Cc3c4ccccc4cc4ccccc34)cncc2c1O,6.0
COc1ccc2c(Cl)c(-c3nnco3)sc2c1,5.15
COc1ccc2c(Cl)c(C(=O)NCCCn3ccnc3)sc2c1Cl,6.3
COc1ccc2c(Cl)cc(NC(=S)Nc3ccccc3)nc2c1,5.5
COc1ccc2c(NCc3nnc4ccc(-c5ccccc5)nn34)ccnc2c1,4.3
COc1ccc2c(OC)c3ccoc3nc2c1OC,5.1
COc1ccc2c(OCc3nnc4ccc(-c5cc(C)ns5)nn34)ccnc2c1,5.045
COc1ccc2c(OCc3nnc4ccc(-c5cc(F)c(F)c(F)c5)nn34)ccnc2c1,5.12
COc1ccc2c(OCc3nnc4ccc(-c5cc(F)cc(F)c5)nn34)ccnc2c1,5.08
COc1ccc2c(OCc3nnc4ccc(-c5ccc(F)c(F)c5)nn34)ccnc2c1,5.19
COc1ccc2c(OCc3nnc4ccc(-c5ccccc5)nn34)ccnc2c1,4.945
COc1ccc2c(O[C@@H](C)c3nnc4ccc(-c5ccccc5)nn34)ccnc2c1,5.13
COc1ccc2c(O[C@H](C)c3nnc4ccc(-c5ccccc5)nn34)ccnc2c1,4.9
COc1ccc2c(SCc3nnc4ccc(-c5ccccc5)nn34)ccnc2c1,5.255
COc1ccc2c(c1)-c1nc(NC(=O)c3cccs3)sc1CC2,5.1
COc1ccc2c(c1)/C(=C/c1cnc[nH]1)C(=O)N2,6.1
COc1ccc2c(c1)/C(=C\c1ccc3c(/C=C/c4ccc(N5CCN(C)CC5)nc4)n[nH]c3c1)C(=O)N2,5.0
COc1ccc2c(c1)C(=NN)c1cc(OC)ccc1-2,4.7
COc1ccc2c(c1)C(=O)N(CCc1ccc(S(=O)(=O)NC(=O)NC3CCCCC3)cc1)C(=O)C2(C)C,5.0
COc1ccc2c(c1)C(=O)N(Cc1ccco1)C(=O)/C2=C\Nc1c(C)n(C)n(-c2ccccc2)c1=O,5.05
COc1ccc2c(c1)C(=O)N(c1ccccc1)C(=O)C2,5.65
COc1ccc2c(c1)C(c1ccc([N+](=O)[O-])cc1)=NNC(c1ccco1)=N2,4.85
COc1ccc2c(c1)C1CC1(C(=O)N1C3CC1CN(Cc1ccccc1)C3)Cn1c-2c(C2CCCCC2)c2ccc(C(=O)NS(=O)(=O)N(C)C)cc21,4.89
COc1ccc2c(c1)CCc1c(C(=O)N3CCCCCC3)noc1-2,4.85
COc1ccc2c(c1)CCc1sc(NC(=O)c3ccc(C)cc3)nc1-2,5.0
COc1ccc2c(c1)CN([C@H](C)[C@@H]1CC[C@@H]3[C@H]4CC[C@H]5C[C@@H](O)CC[C@@]5(C)[C@H]4CC[C@]31C)CO2,5.4
COc1ccc2c(c1)Cc1cc(/N=[N+](\[O-])c3ccc4c(c3)Cc3cc(OC)ccc3-4)ccc1-2,5.3
COc1ccc2c(c1)Cc1sc(NC(=O)c3ccco3)nc1-2,4.95
COc1ccc2c(c1)N(C[C@@H](C)CN(C)C)c1ccccc1S2,5.1
COc1ccc2c(c1)OC/C(=C/c1ccc(O)c(O)c1)C2=O,4.5
COc1ccc2c(c1)OC/C(=C/c1ccc(OC)c(OC)c1)C2=O,5.1
COc1ccc2c(c1)OC/C(=C\c1ccc(OC)c(O)c1)C2=O,5.0
COc1ccc2c(c1)OC1(O)COc3cc(OC)c(OC)cc3C1=C2,5.1
COc1ccc2c(c1)OCC(Cc1ccc(O)c(OC)c1)C2=O,5.7
COc1ccc2c(c1)OCC(Cc1ccc(OC)c(O)c1)C2=O,4.6
COc1ccc2c(c1)OCC(Cc1ccc(OC)c(OC(C)=O)c1)C2=O,4.4
COc1ccc2c(c1)OCC(Cc1ccc(OC)c(OC)c1)C2=O,4.8
COc1ccc2c(c1)OCC(Cc1ccc(OC)c(OC)c1)C2O,5.0
COc1ccc2c(c1)OCc1c-2oc2cc(OC)ccc12,4.4
COc1ccc2c(c1)[C@@H]1C[C@]1(C(=O)N1C3CC1CN(C)C3)Cn1c-2c(C2CCCCC2)c2ccc(C(=O)NS(=O)(=O)N(C)C)cc21,4.85
COc1ccc2c(c1)[C@@]1(C)CCC[C@](C)(CO)C1CC2,5.0
COc1ccc2c(c1)[C@]1(C)CCC(=O)C[C@H]1CC2,5.5
COc1ccc2c(c1)[C@]1(C[C@H]1c1ccc3c(/C=C/c4ccc(CN(C)C)cc4)n[nH]c3c1)C(=O)N2,5.12
COc1ccc2c(c1)[C@]1(C[C@H]1c1ccc3c(/C=C/c4ccc(CN5CCCCC5)cc4)n[nH]c3c1)C(=O)N2,5.27
COc1ccc2c(c1)[C@]1(C[C@H]1c1ccc3c(/C=C/c4ccc(CN5CCOCC5)cc4)n[nH]c3c1)C(=O)N2,5.405
COc1ccc2c(c1)[C@]1(C[C@H]1c1ccc3c(/C=C/c4ccc(CN5CCOCC5)cc4)n[nH]c3c1)C(=O)N2C,4.96
COc1ccc2c(c1)[C@]1(C[C@H]1c1ccc3c(/C=C/c4ccc(CN5C[C@@H](C)O[C@@H](C)C5)cc4)n[nH]c3c1)C(=O)N2,5.425
COc1ccc2c(c1)[C@]1(C[C@H]1c1ccc3c(/C=C/c4ccc(CN5C[C@@H](C)O[C@@H](C)C5)cc4)n[nH]c3c1)C(=O)N2C,5.0
COc1ccc2c(c1)[C@]1(C[C@H]1c1ccc3c(/C=C/c4ccc(CN5[C@H](C)CN(C)C[C@@H]5C)cc4)n[nH]c3c1)C(=O)N2,5.4
COc1ccc2c(c1)[C@]1(C[C@H]1c1ccc3c(/C=C/c4ccc(N5CCN(C)CC5)nc4)n[nH]c3c1)C(=O)N2,5.25
COc1ccc2c(c1)[C@]1(C[C@H]1c1ccc3c(/C=C/c4ccc([C@H](C)N5CCOCC5)cc4)n[nH]c3c1)C(=O)N2C,5.654999999999999
COc1ccc2c(c1)[C@]13CCCC[C@@H]1[C@H](C2)NCC3,4.8
COc1ccc2c(c1)[n+]([O-])c(/C(C)=N/NC(N)=S)c(C)[n+]2[O-],5.2
COc1ccc2c(c1)[nH]c1c(C)nccc12,4.8
COc1ccc2c(c1)[nH]c1c(N3CCN(CCc4ccc(F)c(F)c4)CC3)ncnc12,5.82
COc1ccc2c(c1)[nH]c1c(N3CCN(Cc4ccc5c(c4)OCO5)CC3)ncnc12,6.7
COc1ccc2c(c1)c(=O)oc1c(C)c(OCC(=O)N3CCc4ccccc4C3)ccc12,5.5
COc1ccc2c(c1)c(C1=CCNCC1)cn2S(=O)(=O)c1ccc2cccnc2c1,4.7
COc1ccc2c(c1)c(C1=CCNCC1)cn2S(=O)(=O)c1cncc2ccccc12,4.58
COc1ccc2c(c1)c(CC(=O)N1CCOCC1)c(C)n2C(=O)c1ccc(Cl)cc1,5.3
COc1ccc2c(c1)c(CC(=O)O)c(C)n2Cc1ccc(Cl)cc1,5.0
COc1ccc2c(c1)c(CC(=O)O)c(C)n2Cc1ccc(F)cc1,4.6
COc1ccc2c(c1)c(CCN1CCOCC1)c(C)n2C(=O)c1cccc(Cl)c1Cl,5.5
COc1ccc2c(c1)c(CN1CCCN(C)CC1)cn2S(=O)(=O)c1ccc(C(C)C)cc1.Cl.Cl,5.66
COc1ccc2c(c1)c(CN1CCN(C)CC1)cn2S(=O)(=O)c1ccc(C(C)C)cc1.CS(=O)(=O)O.CS(=O)(=O)O,5.73
COc1ccc2c(c1)c(CN1CCN(C)CC1)cn2S(=O)(=O)c1ccc(F)cc1.CS(=O)(=O)O.CS(=O)(=O)O,5.77
COc1ccc2c(c1)c(CN1CCN(C)CC1)cn2S(=O)(=O)c1ccccc1Br.CS(=O)(=O)O.O,5.7
COc1ccc2c(c1)c1c(C)c3cnccc3c(C)c1n2CCCN,5.8
COc1ccc2c(c1O)-c1c(OC)c(OC)cc3c1[C@H](C2)N(C)CC3,4.6
COc1ccc2c(c1O)-c1cccc3c1[C@H](C2)N(C)CC3,4.8
COc1ccc2c(c1OC)C(=O)OC2C1c2cc3c(cc2CCN1C)OCO3,5.9
COc1ccc2c(c1OC)C(=O)OC2[C@H]1c2cc3c(cc2CCN1C)OCO3,5.7
COc1ccc2c(c1OC)C(=O)O[C@@H]2C1c2cc3c(cc2CCN1C)OCO3,5.6
COc1ccc2c(c1OC)C(=O)O[C@@H]2[C@H]1c2c(cc3c(c2OC)OCO3)CCN1C,5.7
COc1ccc2c(c1OC)C(=O)O[C@@H]2[C@H]1c2c(cc3c(c2OC)OCO3)CCN1C.Cl,5.6
COc1ccc2c(c1OC)C(=O)O[C@H]2C1c2c(cc3c(c2OC)OCO3)CCN1C,5.6
COc1ccc2c(c1OC)C(=O)O[C@H]2C1c2c(cc3c(c2OC)OCO3)CCN1C.Cl,5.4
COc1ccc2c(c1OC)C(=O)O[C@H]2[C@H]1c2cc3c(cc2CCN1C)OCO3,5.5
COc1ccc2c(c1OC)C(Cc1ccccc1)N1CCc3cc4c(cc3C1=C2)OCO4,6.7
COc1ccc2c(c1OC)C(Cc1ccccc1)N1CCc3cc4c(cc3C1C2)OCO4,6.0
COc1ccc2c(c1OC)CN1CCc3cc4c(cc3[C@H]1C2)OCO4,5.1
COc1ccc2c(c1[N+](=O)[O-])CCC/C2=N/OC(=O)c1ccccc1SC,4.8
COc1ccc2c(c[n+](C)c3c4cc5c(cc4ccc23)OCO5)c1OC,4.5
COc1ccc2c3c([nH]c2c1)C(C)=NCC3,4.7
COc1ccc2c3c([nH]c2c1)C(C)=NCC3.Cl.O.O,5.6
COc1ccc2c3c([nH]c2c1)[C@@H]1N(CC3)C(=O)c2c(OC)cccc2N1C,5.0
COc1ccc2c3c1O[C@@H]1C(=O)CC[C@@]4(O)[C@@H](C2)N(CC2CC2)CC[C@]314,4.6
COc1ccc2c3nc[nH]c(N4CCN(CCc5ccc(F)c(F)c5)CC4)c-3nc2c1[N+](=O)[O-],5.75
COc1ccc2cc(-c3cc(-c4cc(Cl)cc(Cl)c4)nn3[C@@H](C)c3ccc(C(=O)NCCC(=O)O)cc3)ccc2c1,4.22
COc1ccc2cc(-c3cncc(C(C)=O)c3)ccc2c1,5.04
COc1ccc2cc(-c3cncc4ccccc34)ccc2c1,5.45
COc1ccc2cc(-c3cnccc3N)ccc2c1,4.68
COc1ccc2cc(C#N)c(SCC(=O)NNC(=O)Cc3ccccc3)nc2c1,5.9
COc1ccc2cc(C(=O)/C=C/c3cccnc3)ccc2c1,4.97
COc1ccc2cc(C)c3nnc(SCC(=O)Nc4nc(-c5ccccc5)cs4)n3c2c1,5.65
COc1ccc2cc(CCC(C)=O)ccc2c1,4.9
COc1ccc2cc1Oc1ccc(cc1)CC1c3c(cc4c(c3Oc3cc5c(cc3OC)CCN(C)C5C2)OCO4)CCN1C,4.4
COc1ccc2cc3[n+](cc2c1OC)CCc1cc2c(cc1-3)OCO2,4.9
COc1ccc2cc3[n+](cc2c1OC)CCc1cc2c(cc1-3)OCO2.[Cl-],4.85
COc1ccc2cc3cc(C(=O)NCCCN4CCOCC4)oc3nc2c1,5.0
COc1ccc2cc3cc(C(=O)NCCN4CCN(c5ccccc5F)CC4)oc3nc2c1,4.85
COc1ccc2cc3cc(C(=O)NCCc4ccc(OC)c(OC)c4)oc3nc2c1,5.9
COc1ccc2cc3cc(C(=O)NCc4ccc5c(c4)OCO5)oc3nc2c1,6.15
COc1ccc2cc3cc(C(=O)NCc4ccccn4)oc3nc2c1,4.4
COc1ccc2cc3cc(C(=O)Nc4ccc5c(c4)OCO5)oc3nc2c1,6.45
COc1ccc2ccc(-c3cccnc3)c(Cl)c2c1,5.45
COc1ccc2ccc(-c3cccnc3)c(Cl)c2c1F,6.0
COc1ccc2ccc(-c3cncc(O)c3)c(Cl)c2c1,5.17
COc1ccc2ccc(=O)oc2c1CC=C(C)C,4.8
COc1ccc2cccc(N3CCN(CCNC(=O)c4ccc(F)cc4)CC3)c2c1,5.1
COc1ccc2ccccc2c1/C=C\C(=O)c1ccccc1,5.5
COc1ccc2nc(C)cc(SCC(=O)NNC(=O)COc3ccc(C)cc3)c2c1,5.65
COc1ccc2nc(C)cc(SCC(=O)NNC(=O)COc3ccccc3)c2c1,5.55
COc1ccc2nc(C)cc(SCC(=O)Nc3c(C)cc(C)cc3C)c2c1,5.6
COc1ccc2nc(N)sc2c1,4.5
COc1ccc2nc(N3CCC[C@@H](N)C3)n(Cc3ccccc3C#N)c(=O)c2c1,6.7
COc1ccc2nc(NC(=O)C3CCN(S(=O)(=O)c4cccc5nsnc45)CC3)sc2c1,4.85
COc1ccc2nc(NC(=O)CSc3nnc(C)s3)sc2c1,5.4
COc1ccc2nc(NC(=O)Cc3ccc(-c4ccncc4)cc3)sc2c1,6.1
COc1ccc2nc(NC(C)=O)sc2c1,4.55
COc1ccc2nc(O)c(CN(CCO)C(=O)c3cccs3)cc2c1,4.8
COc1ccc2nc(O)c(CN(CCc3ccccc3)C(C)=O)cc2c1,4.75
COc1ccc2nc(SCC(=O)NN)cc(C)c2c1,5.55
COc1ccc2nc(SCC(=O)Nc3ccc4c(c3)OCCO4)[nH]c2c1,5.2
COc1ccc2nc(SCc3ccc4ccccc4c3)[nH]c2c1,5.51
COc1ccc2nc3c(c(-c4ccccc4)c2c1)CCC3,5.3
COc1ccc2nc3c(c([Si](C)(C)C(C)(C)C)c2c1)Cn1c-3cccc1=O,5.8
COc1ccc2nc3c(cc2c1)Cc1ccccc1-3,5.2
COc1ccc2nc3cc(Cl)ccc3c(Nc3ccc(O)c(CN4CCN(C)CC4)c3)c2c1,6.0
COc1ccc2oc(-c3ccc(C)c(NC(=O)CSc4ccc(Cl)cc4)c3)nc2c1,4.95
COc1ccc2oc(-c3ccc(C)c(NC(=O)c4ccc(N5CCOCC5)c([N+](=O)[O-])c4)c3)nc2c1,5.2
COc1ccc2oc(-c3ccc(O)cc3)cc(=O)c2c1,5.4
COc1ccc2oc(-c3ccccc3)c(OC)c(=O)c2c1,4.5
COc1ccc2oc(C(=O)c3ccccc3)c(N)c2c1,4.85
COc1ccc2sc3ccccc3c(=O)c2c1OC,4.75
COc1cccc(-c2[nH]nc3c2C(c2ccsc2)C(C#N)=C(N)O3)c1,5.15
COc1cccc(-c2c(C)n(Cc3c(F)cccc3C(F)(F)F)c(=O)n(C[C@@H](c3ccccc3)N(C)CCCC(=O)O)c2=O)c1F,4.16
COc1cccc(-c2c(C)n(Cc3c(F)cccc3C(F)(F)F)c(=O)n(C[C@H](N)c3ccccc3)c2=O)c1F,6.64
COc1cccc(-c2c(C)n(Cc3c(F)cccc3C(F)(F)F)c(=O)n(C[C@H](NCC(=O)O)c3ccccc3)c2=O)c1F,4.44
COc1cccc(-c2c(C)n(Cc3c(F)cccc3C(F)(F)F)c(=O)n(C[C@H](NCCC(=O)O)c3ccccc3)c2=O)c1F,4.16
COc1cccc(-c2c(C)n(Cc3c(F)cccc3C(F)(F)F)c(=O)n(C[C@H](NCCCC(=O)[O-])c3ccccc3)c2=O)c1F.[Na+],4.25
COc1cccc(-c2c(C)n(Cc3c(F)cccc3C(F)(F)F)c(=O)n(C[C@H](NCCCCC(=O)O)c3ccccc3)c2=O)c1F,4.54
COc1cccc(-c2c(C)n(Cc3c(F)cccc3Cl)c(=O)n(C[C@H](NCCCC(=O)O)c3ccccc3)c2=O)c1F,4.96
COc1cccc(-c2c(C)n(Cc3c(F)cccc3F)c(=O)n(C[C@H](N)c3ccccc3)c2=O)c1F,6.16
COc1cccc(-c2cc(-c3ccc(NCc4cccnc4)cc3)no2)c1,5.42
COc1cccc(-c2cc(=O)c3cc(O)ccc3o2)c1,4.8
COc1cccc(-c2cc(=O)c3ccc(OC)cc3o2)c1,5.1
COc1cccc(-c2cc(=O)c3ccccc3o2)c1N,5.1
COc1cccc(-c2cc(C(=O)N/N=C/c3ccc(OC)c(COC(C)=O)c3)c3ccccc3n2)c1,5.75
COc1cccc(-c2cc(C(=O)Nc3cccc(O)c3)no2)c1,5.0
COc1cccc(-c2cc(C(F)(F)F)n3ncc(S(=O)(=O)c4ccccc4)c3n2)c1,5.4
COc1cccc(-c2cc(C(F)(F)F)nc(N3CCCCC3)n2)c1,4.7
COc1cccc(-c2cc(C(F)(F)F)nc(N3CCOCC3)n2)c1,4.55
COc1cccc(-c2cc(N(C)Cc3ccco3)ncn2)c1,4.6
COc1cccc(-c2cc(NC(C)=O)nc(-n3nc(C)cc3C)n2)c1,6.13
COc1cccc(-c2cc(NCCc3c[nH]c4ccc(OC)cc34)ncn2)c1,5.1
COc1cccc(-c2cc(NCc3ccc(OC)cc3OC)ncn2)c1,5.6
COc1cccc(-c2cc(NCc3cccc(C)c3)ncn2)c1,5.1
COc1cccc(-c2cc(NCc3ccccc3)ncn2)c1,4.6
COc1cccc(-c2cc(NCc3ccccc3OC)ncn2)c1,4.8
COc1cccc(-c2cc(NCc3cccnc3)ncn2)c1,5.4
COc1cccc(-c2cc(NCc3cccs3)ncn2)c1,5.1
COc1cccc(-c2cc(NCc3cnc(C)cn3)ncn2)c1,4.6
COc1cccc(-c2cc3nc(-c4ccccc4)cc(N4CCC5(CC4)OCCO5)n3n2)c1,4.7
COc1cccc(-c2ccc(C(CN3CCOCC3)N(C)C(=O)CN3C(=O)COc4cc(Cl)c(Cl)cc43)cc2)c1,6.0
COc1cccc(-c2ccc(NC(=O)Nc3ccc(-c4ccnc5[nH]cnc45)cc3)cc2)c1,7.32
COc1cccc(-c2ccc3ncnc(N(C)C)c3c2)c1,5.1
COc1cccc(-c2ccc3ncnc(N(C)Cc4ccco4)c3c2)c1,4.9
COc1cccc(-c2ccc3ncnc(N4CCN(C)CC4)c3c2)c1,4.8
COc1cccc(-c2ccc3ncnc(N4CCNCC4)c3c2)c1,5.0
COc1cccc(-c2ccc3ncnc(N4CCOCC4)c3c2)c1,5.0
COc1cccc(-c2ccc3ncnc(NC4CC4)c3c2)c1,5.7
COc1cccc(-c2ccc3ncnc(NC4CCNCC4)c3c2)c1,4.5
COc1cccc(-c2ccc3ncnc(NCCN4CCOCC4)c3c2)c1,5.0
COc1cccc(-c2ccc3ncnc(NCCNC(C)=O)c3c2)c1,4.8
COc1cccc(-c2ccc3ncnc(NCCc4c[nH]c5ccc(OC)cc45)c3c2)c1,5.9
COc1cccc(-c2ccc3ncnc(NCc4ccc(OC)cc4OC)c3c2)c1,5.6
COc1cccc(-c2ccc3ncnc(NCc4ccccc4)c3c2)c1,5.3
COc1cccc(-c2ccc3ncnc(NCc4ccccc4OC)c3c2)c1,5.8
COc1cccc(-c2ccc3ncnc(NCc4cccnc4)c3c2)c1,6.0
COc1cccc(-c2ccc3ncnc(NCc4cccs4)c3c2)c1,5.1
COc1cccc(-c2ccc3ncnc(NCc4cnc(C)cn4)c3c2)c1,5.1
COc1cccc(-c2ccc3ncnc(Nc4ccccc4)c3c2)c1,5.0
COc1cccc(-c2cn(Cc3c(F)cccc3C(F)(F)F)c(=O)n(C[C@H](N)c3ccccc3)c2=O)c1F,7.0
COc1cccc(-c2cn(Cc3c(F)cccc3C(F)(F)F)c(=O)n(C[C@H](NCCCC(=O)O)c3ccccc3)c2=O)c1F,4.44
COc1cccc(-c2cn(Cc3c(F)cccc3F)c(=O)n(C[C@H](N)c3ccccc3)c2=O)c1F,6.22
COc1cccc(-c2cn(Cc3c(F)cccc3F)c(=O)n(C[C@H](NCCCC(=O)O)c3ccccc3)c2=O)c1F,4.48
COc1cccc(-c2cn(Cc3c(F)cccc3S(C)(=O)=O)c(=O)n(C[C@H](N)c3ccccc3)c2=O)c1F,6.42
COc1cccc(-c2cncnc2-n2ccnc2)c1,6.5
COc1cccc(-c2cncnc2N(C)Cc2ccco2)c1,5.6
COc1cccc(-c2cncnc2NCCN2CCOCC2)c1,5.5
COc1cccc(-c2cncnc2NCCc2c[nH]c3ccc(OC)cc23)c1,6.3
COc1cccc(-c2cncnc2NCCc2cnc[nH]2)c1,6.2
COc1cccc(-c2cncnc2NCc2ccc(OC)cc2OC)c1,6.3
COc1cccc(-c2cncnc2NCc2cccc(C)c2)c1,6.4
COc1cccc(-c2cncnc2NCc2ccccc2)c1,6.5
COc1cccc(-c2cncnc2NCc2ccccc2OC)c1,6.3
COc1cccc(-c2cncnc2NCc2cccnc2)c1,5.9
COc1cccc(-c2cncnc2NCc2cccs2)c1,5.8
COc1cccc(-c2cncnc2NCc2cnc(C)cn2)c1,5.8
COc1cccc(-c2cncnc2Nc2ccc(F)cc2)c1,6.1
COc1cccc(-c2cncnc2Nc2ccccc2)c1,6.0
COc1cccc(-c2csc(N3CCN(C(S)=Nc4ccccc4)CC3)n2)c1,5.05
COc1cccc(-c2csc(N3CCN(CC(=O)NNC(=O)c4ccc(Cl)cc4)CC3)n2)c1,4.95
COc1cccc(-c2nc(CCOc3cccc(C[C@@H]4C(=O)N(c5ccc(C(C)(C)C)cc5)[C@@H]4C(=O)O)c3)c(C)o2)c1,4.72
COc1cccc(-c2nc(CS(=O)(=O)CC(=O)NCCCOC(C)C)c(C)o2)c1,5.1
COc1cccc(-c2nc(C[S+]([O-])CC(=O)N3CCC4(CC3)OCCO4)c(C)o2)c1,4.9
COc1cccc(-c2nc(N(C)C)c3ccccc3n2)c1,5.3
COc1cccc(-c2nc(N(C)Cc3ccco3)c3ccccc3n2)c1,5.0
COc1cccc(-c2nc(N3CCN(C)CC3)c3ccccc3n2)c1,4.8
COc1cccc(-c2nc(N3CCNCC3)c3ccccc3n2)c1,4.6
COc1cccc(-c2nc(NC3CC3)c3ccccc3n2)c1,5.9
COc1cccc(-c2nc(NC3CCNCC3)c3ccccc3n2)c1,4.6
COc1cccc(-c2nc(NCCN3CCOCC3)c3ccccc3n2)c1,4.9
COc1cccc(-c2nc(NCCNC(C)=O)c3ccccc3n2)c1,4.9
COc1cccc(-c2nc(NCCc3c[nH]c4ccc(OC)cc34)c3ccccc3n2)c1,5.7
COc1cccc(-c2nc(NCc3ccc(OC)cc3OC)c3ccccc3n2)c1,5.4
COc1cccc(-c2nc(NCc3ccccc3)c3ccccc3n2)c1,4.9
COc1cccc(-c2nc(NCc3ccccc3OC)c3ccccc3n2)c1,5.4
COc1cccc(-c2nc(NCc3cccnc3)c3ccccc3n2)c1,5.7
COc1cccc(-c2nc(NCc3cccs3)c3ccccc3n2)c1,5.5
COc1cccc(-c2nc(NCc3cnc(C)cn3)c3ccccc3n2)c1,5.6
COc1cccc(-c2nc(Nc3ccncc3)c3ccccc3n2)c1,5.6
COc1cccc(-c2nc(OC)c3ccccc3n2)c1,4.89
COc1cccc(-c2nc(SC)c3ccccc3n2)c1,4.64
COc1cccc(-c2nccc(-n3ccnc3)n2)c1,6.0
COc1cccc(-c2nccc(N(C)Cc3ccco3)n2)c1,4.7
COc1cccc(-c2nccc(NCCc3c[nH]c4ccc(OC)cc34)n2)c1,5.5
COc1cccc(-c2nccc(NCc3ccc(OC)cc3OC)n2)c1,5.5
COc1cccc(-c2nccc(NCc3cccc(C)c3)n2)c1,5.4
COc1cccc(-c2nccc(NCc3ccccc3)n2)c1,5.4
COc1cccc(-c2nccc(NCc3ccccc3OC)n2)c1,5.6
COc1cccc(-c2nccc(NCc3cccnc3)n2)c1,5.9
COc1cccc(-c2nccc(NCc3cccs3)n2)c1,5.3
COc1cccc(-c2nccc(NCc3cnc(C)cn3)n2)c1,5.2
COc1cccc(-c2nnc3n2N=C(C(C)(C)C)CS3)c1,4.6
COc1cccc(-c2nnc3sc(-c4ccc(C)cc4)nn23)c1,5.1
COc1cccc(-c2noc(-c3cccnc3)n2)c1,5.3
COc1cccc(-c2noc(Cn3nc(C)c([N+](=O)[O-])c3C)n2)c1,4.85
COc1cccc(-c2oc3ccccc3c(=O)c2O)c1,4.9
COc1cccc(-n2ccnc2SCC(=O)Nc2nccs2)c1,5.45
COc1cccc(/C=C/C(=O)c2cc(OC)c(OC)cc2O)c1,4.56
COc1cccc(/C=C/C(=O)c2cccnc2)c1,5.89
COc1cccc(/C=C/C2=CC3(C)CC2(C)C(c2cccc(OC)c2)CC3=O)c1,5.4
COc1cccc(/C=N/NC(=O)CO/N=C(\C)c2cccs2)c1OC,4.9
COc1cccc(/C=N/NC(=O)CSc2nnc(C)n2-c2ccccc2)c1O,5.35
COc1cccc(/C=N/NC(=O)c2cccc([N+](=O)[O-])c2)c1OS(=O)(=O)c1ccc(C)cc1,5.95
COc1cccc(/C=N/Nc2nc(N3CCCC3)nc(N3CCCC3)n2)c1O,5.0
COc1cccc(/C=N\C=N/c2cccc(OC)c2)c1,4.7
COc1cccc(/C=N\NC(=O)C2C(=O)NCC2c2ccccc2)c1O,4.6
COc1cccc(/C=N\NC(=O)c2cc(OCC(F)(F)F)ccc2OCC(F)(F)F)c1,4.45
COc1cccc(/N=C/c2c[nH]nc2O)c1,4.85
COc1cccc(/N=c2\oc3c(C)ncc(CO)c3cc2C(N)=O)c1,4.75
COc1cccc(=O)c2c(C)n(-c3cc(C)cc(C)c3)c(C)c12,5.35
COc1cccc(C(=O)/C=C/c2ccc(SC)cc2)c1,5.4
COc1cccc(C(=O)/C=C/c2ccc3cnccc3c2)c1,7.05
COc1cccc(C(=O)/C=C/c2ccc3cnccc3c2)c1OC,6.65
COc1cccc(C(=O)C2=C(O)C(=O)N(Cc3cccnc3)C2c2ccco2)c1,4.85
COc1cccc(C(=O)C2=C(O)C(=O)N(c3cc(C)on3)C2c2cccs2)c1,4.55
COc1cccc(C(=O)C2=C(O)C(=O)N(c3ccccn3)C2c2ccc(OC)c(OC)c2)c1,4.75
COc1cccc(C(=O)N(C)c2nnc(-c3ccncc3)s2)c1,5.2
COc1cccc(C(=O)N(Cc2ccccc2)Cc2cc3cc4c(cc3nc2O)OCCO4)c1,5.4
COc1cccc(C(=O)N/N=C/c2c[nH]nc2-c2ccc(OC)cc2OC)c1,5.9
COc1cccc(C(=O)N2CCC(=CC#Cc3cccc(C)n3)CC2)c1,5.34
COc1cccc(C(=O)N2N=C(c3cccc(OC)c3)CC2(O)C(F)(F)F)c1,5.1
COc1cccc(C(=O)NCCN2CCN(c3ccc(Cl)cc3)CC2)c1,4.8
COc1cccc(C(=O)Nc2cc(C(F)(F)F)ccc2Cl)c1,5.1
COc1cccc(C(=O)Nc2ccc(-c3nnc(-c4ccco4)o3)cc2)c1,5.35
COc1cccc(C(C(=O)Nc2ccc(F)cc2)N(C(=O)Cn2nnc3ccccc32)C2CC2)c1,5.55
COc1cccc(C(CC(=O)Nc2cccc3ccccc23)NC(=O)c2ccccc2)c1,5.65
COc1cccc(C(O)(CCN(C)C)C(c2cc3cc(Br)ccc3nc2OC)c2cccc3c2OCO3)n1,5.12
COc1cccc(C2=NC(C(F)(F)F)(C(F)(F)F)c3c(n(-c4ccc(Cl)cc4)c(=O)[nH]c3=O)N2)c1,4.78
COc1cccc(C2=NOC(C(=O)NCc3ccccc3)C2)c1,4.6
COc1cccc(C2=NOC(C(=O)NCc3ccccn3)C2)c1,4.8
COc1cccc(C2=NOC(C(=O)Nc3ccc(OC)c(OC)c3)C2)c1,5.2
COc1cccc(C2=NOC(C(=O)Nc3cccnc3)C2)c1,4.9
COc1cccc(C2C(C(=O)c3cc4ccccc4o3)=C(O)C(=O)N2c2cc(C)on2)c1OC,4.55
COc1cccc(C2C(C)CCC3C(=O)N(C)C(C(C)C)C(=O)N32)c1,5.7
COc1cccc(C2C3=C(CC(C)(C)CC3=O)OC(N)=C2[N+](=O)[O-])c1,4.8
COc1cccc(C2CC(C(F)(F)F)n3ncc(C(=O)NC(C)(C)C)c3N2)c1,4.85
COc1cccc(C2NC(c3cccc(OC)c3O)C(C)C(=O)C2C)c1O,4.9
COc1cccc(CC(=O)Nc2cc(-c3ccnc(Cl)c3)cs2)c1,5.3
COc1cccc(CC(=O)Nc2cc(-c3ccnc(F)c3)cs2)c1,5.42
COc1cccc(CC(=O)Nc2cc(-c3ccnc(N)c3)cs2)c1,5.25
COc1cccc(CC(=O)Nc2cc(-c3ccncc3)cs2)c1,6.32
COc1cccc(CC(=O)Nc2cc(-c3ccncn3)cs2)c1,5.7
COc1cccc(CC(=O)Nc2nc(-c3ccnc(C)c3)cs2)c1,5.13
COc1cccc(CC(=O)Nc2nc(-c3ccnc(Cl)c3)cs2)c1,5.44
COc1cccc(CC(=O)Nc2nc(-c3ccnc(F)c3)cs2)c1,5.82
COc1cccc(CC(=O)Nc2nc(-c3ccnc(N(C)C)c3)cs2)c1,5.46
COc1cccc(CC(=O)Nc2nc(-c3ccnc(N)c3)cs2)c1,4.58
COc1cccc(CC(=O)Nc2nc(-c3ccnc(OC)c3)cs2)c1,5.08
COc1cccc(CC(=O)Nc2nc(-c3ccncc3)cs2)c1,6.12
COc1cccc(CC(=O)Nc2nc(-c3ccncn3)cs2)c1,5.0
COc1cccc(CC(C(=O)Nc2cc(C)ccc2C)c2nn[nH]n2)c1OC,4.6
COc1cccc(CCN(Cc2ccccc2-c2ccc(CN3C[C@@H](C)N[C@@H](C)C3)cc2)C(=O)NC2CCCCC2)c1,6.550000000000001
COc1cccc(CCc2ccccc2OCC[C@@H]2C[C@@H](O)CN2C)c1.Cl,5.5
COc1cccc(CN(C(=O)C2=C(c3ccc(CCCOc4c(F)ccc(F)c4Cl)cc3)C[C@H]3COC[C@H]2N3)C2CC2)c1C,6.0
COc1cccc(CN(CCN(C)C)C(=O)Nc2ccc(-c3cn[nH]c3)cc2)c1,4.1
COc1cccc(CN(CCO)C(=O)Nc2ccc(-c3cn[nH]c3)cc2)c1,4.46
COc1cccc(CN(C[C@@H](Cc2ccccc2)NC(=O)OCc2nccs2)C[C@H](Cc2ccccc2)NC(=O)OCc2cncs2)c1,7.3
COc1cccc(CNC(=O)C2CCN(S(=O)(=O)N3CCCCC3)CC2)c1,4.65
COc1cccc(CNC(=O)CC2(C)CC3(CCCCC3)OO2)c1,5.43
COc1cccc(CNC(=O)CCNC(=O)Cn2ccc3ccccc3c2=O)c1,4.85
COc1cccc(CNC(=O)c2c3n(c4c(N5CCN(CCc6ccc(F)c(F)c6)CC5)ncnc24)CCCC3)c1OC,5.61
COc1cccc(CNC(=O)c2ccc(-c3ccncc3)cc2)c1,6.07
COc1cccc(CNCCc2c[nH]c3ccccc23)c1OCc1ccccc1F.Cl,5.35
COc1cccc(CNC[C@@H](O)[C@H](Cc2ccccc2)NC(=O)c2cc(C(=O)N[C@H](C)c3ccccc3)cc(N(C)S(C)(=O)=O)c2)c1,6.16
COc1cccc(CNCc2ccc(SC)cc2)c1OC,4.95
COc1cccc(CNc2ccc(F)c(Cl)c2)c1O,4.45
COc1cccc(CNc2ccc3nc(-c4ccc(N)cc4)c(OC)n3n2)c1,5.3
COc1cccc(CSc2nnc(C(F)(F)F)n2Cc2ccc(F)cc2)c1,4.55
COc1cccc(Cn2c(=O)c(-c3cc(F)cc(F)c3)nc3cnc(N4CCN(C)CC4)nc32)c1,4.6
COc1cccc(Cn2c(=O)c(-c3cc(F)cc(F)c3)nc3cnc(N4CCNCC4)nc32)c1,4.6
COc1cccc(Cn2c(=O)c(-c3cc(F)cc(F)c3)nc3cnc(OC)nc32)c1,5.1
COc1cccc(Cn2c(=O)c(-c3cc(F)cc(F)c3)nc3cncnc32)c1,5.0
COc1cccc(Cn2c(=O)c(-c3ccc(Cl)cc3)nc3cnc(N4CCN(C)CC4)nc32)c1,4.8
COc1cccc(Cn2c(=O)c(-c3ccc(Cl)cc3)nc3cnc(N4CCNCC4)nc32)c1,4.8
COc1cccc(Cn2c(=O)c(-c3ccc(Cl)cc3)nc3cnc(OC)nc32)c1,5.4
COc1cccc(Cn2c(=O)c(-c3ccc(Cl)cc3)nc3cncnc32)c1,5.3
COc1cccc(Cn2c(=O)c(-c3ccc(F)c(F)c3)nc3cncnc32)c1,5.3
COc1cccc(Cn2c(=O)c(-c3ccc(F)cc3)nc3cnc(N(C)C)nc32)c1,4.6
COc1cccc(Cn2c(=O)c(-c3ccc(F)cc3)nc3cnc(N4CCNCC4)nc32)c1,4.8
COc1cccc(Cn2c(=O)c(-c3ccc(F)cc3)nc3cnc(N4CCOCC4)nc32)c1,5.4
COc1cccc(Cn2c(=O)c(-c3ccc(F)cc3)nc3cnc(OC)nc32)c1,5.1
COc1cccc(Cn2c(=O)c(-c3ccc(F)cc3)nc3cncnc32)c1,5.0
COc1cccc(Cn2c(=O)c(-c3cccc(C#N)c3)nc3cnc(N4CCN(C)CC4)nc32)c1,4.6
COc1cccc(Cn2c(=O)c(-c3cccc(C#N)c3)nc3cnc(Nc4ccccc4)nc32)c1,6.1
COc1cccc(Cn2c(=O)c(-c3cccc(C#N)c3)nc3cnc(OC)nc32)c1,5.5
COc1cccc(Cn2c(=O)c(-c3cccc(Cl)c3)nc3cncnc32)c1,5.1
COc1cccc(Cn2c(=O)c(-c3cccc(F)c3)nc3cncnc32)c1,5.1
COc1cccc(Cn2c(=O)c(-c3ccccc3)nc3cnc(N(C)C)nc32)c1,5.2
COc1cccc(Cn2c(=O)c(-c3ccccc3)nc3cnc(N4CCN(C)CC4)nc32)c1,4.5
COc1cccc(Cn2c(=O)c(-c3ccccc3)nc3cnc(N4CCNCC4)nc32)c1,4.7
COc1cccc(Cn2c(=O)c(-c3ccccc3)nc3cnc(OC)nc32)c1,5.1
COc1cccc(Cn2c(=O)c(-c3ccccc3)nc3cncnc32)c1,5.0
COc1cccc(Cn2c(=O)c(-c3cccs3)nc3cnc(N(C)C)nc32)c1,4.8
COc1cccc(Cn2c(=O)c(-c3cccs3)nc3cnc(N4CCN(C)CC4)nc32)c1,4.9
COc1cccc(Cn2c(=O)c(-c3cccs3)nc3cnc(N4CCNCC4)nc32)c1,4.8
COc1cccc(Cn2c(=O)c(-c3cccs3)nc3cnc(N4CCOCC4)nc32)c1,5.0
COc1cccc(Cn2c(=O)c(-c3cccs3)nc3cnc(Nc4cccc(OC)c4)nc32)c1,4.9
COc1cccc(Cn2c(=O)c(-c3cccs3)nc3cnc(OC)nc32)c1,5.4
COc1cccc(Cn2c(=O)c(-c3cccs3)nc3cnc(OCc4ccccc4)nc32)c1,5.1
COc1cccc(Cn2c(=O)c(-c3cccs3)nc3cncnc32)c1,5.3
COc1cccc(Cn2c(=O)c(-c3cn(C)c4ccccc34)nc3cnc(N4CCNCC4)nc32)c1,4.8
COc1cccc(Cn2c(=O)c(-c3cn(C)c4ccccc34)nc3cnc(OC)nc32)c1,5.1
COc1cccc(Cn2c(=O)c(-c3cn(C)c4ccccc34)nc3cncnc32)c1,5.0
COc1cccc(Cn2c(=O)c(C)nc3cnc(N(C)C)nc32)c1,4.9
COc1cccc(Cn2c(=O)c(C)nc3cnc(N4CCN(C)CC4)nc32)c1,4.8
COc1cccc(Cn2c(=O)c(C)nc3cnc(N4CCNCC4)nc32)c1,4.8
COc1cccc(Cn2c(=O)c(C)nc3cnc(N4CCOCC4)nc32)c1,5.3
COc1cccc(Cn2c(=O)c(C)nc3cnc(Nc4cccc(OC)c4)nc32)c1,5.5
COc1cccc(Cn2c(=O)c(C)nc3cnc(Nc4ccccc4)nc32)c1,5.4
COc1cccc(Cn2c(=O)c(C)nc3cnc(OC)nc32)c1,4.9
COc1cccc(Cn2c(=O)c(C)nc3cnc(OCc4ccccc4)nc32)c1,5.0
COc1cccc(Cn2c(=O)c(C)nc3cnc(Oc4cccc(Cl)c4)nc32)c1,5.3
COc1cccc(Cn2c(=O)c(C)nc3cnc(Oc4ccccc4)nc32)c1,5.2
COc1cccc(Cn2c(=O)c(CCc3ccccc3)nc3cnc(N(C)C)nc32)c1,5.6
COc1cccc(Cn2c(=O)c(CCc3ccccc3)nc3cnc(N4CCN(C)CC4)nc32)c1,4.8
COc1cccc(Cn2c(=O)c(CCc3ccccc3)nc3cnc(N4CCNCC4)nc32)c1,4.8
COc1cccc(Cn2c(=O)c(CCc3ccccc3)nc3cnc(OC)nc32)c1,5.6
COc1cccc(Cn2c(=O)c(CCc3ccccc3)nc3cncnc32)c1,5.6
COc1cccc(Cn2c(=O)cnc3cnc(N(C)C)nc32)c1,4.9
COc1cccc(Cn2c(=O)cnc3cnc(N4CCN(C)CC4)nc32)c1,4.8
COc1cccc(Cn2c(=O)cnc3cnc(N4CCOCC4)nc32)c1,4.8
COc1cccc(Cn2c(=O)cnc3cnc(Nc4cccc(OC)c4)nc32)c1,5.7
COc1cccc(Cn2c(=O)cnc3cnc(Nc4ccccc4)nc32)c1,5.0
COc1cccc(Cn2c(=O)cnc3cnc(OC)nc32)c1,5.0
COc1cccc(Cn2c(=O)cnc3cnc(OCc4ccccc4)nc32)c1,4.9
COc1cccc(Cn2c(=O)cnc3cnc(Oc4cccc(Cl)c4)nc32)c1,5.3
COc1cccc(Cn2c(=O)cnc3cnc(Oc4ccccc4)nc32)c1,4.9
COc1cccc(Cn2c(=O)cnc3cncnc32)c1,4.7
COc1cccc(Cn2c(=O)n(C3CCN(C(=O)C4CCN(Cc5ccncc5)CC4)CC3)c3ccccc32)c1,6.7
COc1cccc(Cn2c(NCc3cccnc3)nc3c2c(=O)n(C)c(=O)n3C)c1,5.5
COc1cccc(Cn2nnc3c(O)nc(C4CCCN(C(=O)c5ccccc5Cl)C4)nc32)c1,5.7
COc1cccc(F)c1C1C[C@@H](O)C(=O)N1Cc1ccc2oc3ccccc3c2c1,4.34
COc1cccc(F)c1[C@@H]1C[C@H](F)C(=O)N1Cc1ccc2oc3ccccc3c2c1,4.68
COc1cccc(N(C(=O)Cn2nnc(-c3ccc(C)cc3)n2)C(C(=O)NC(C)(C)C)c2c[nH]c3ccccc23)c1,5.55
COc1cccc(N(C(=O)Cn2nnc(-c3cccs3)n2)C(C(=O)NC2CCCCC2)c2ccncc2)c1,6.1
COc1cccc(N(CC(=O)Nc2cccc(C(C)=O)c2)S(C)(=O)=O)c1,4.95
COc1cccc(N)c1,4.5
COc1cccc(N2C(=O)C(CC(=O)Nc3ccccc3)N(C3CCCCC3)C2=O)c1,5.3
COc1cccc(N2C(=O)N(Cc3ccccc3F)C3(CCN(Cc4ccc(-c5cccnc5)cc4)CC3)C2=O)c1,5.96
COc1cccc(N2C(=O)N(Cc3ccccc3F)C3(CCN(Cc4ccc(-c5ccncc5)cc4)CC3)C2=O)c1,6.52
COc1cccc(N2C(=O)N(Cc3ccccc3F)C3(CCN(Cc4ccc(-c5cncc(C#N)c5)cc4)CC3)C2=O)c1,5.21
COc1cccc(N2C(=O)N(Cc3ccccc3F)C3(CCN(Cc4ccc(-c5cnccc5OC)cc4)CC3)C2=O)c1,5.77
COc1cccc(N2C(=O)N(Cc3ccccc3F)C3(CCN(Cc4ccc(-n5ccnc5)cc4)CC3)C2=O)c1,7.46
COc1cccc(N2C(=O)NC(=O)/C(=C\NCc3ccc4c(c3)OCO4)C2=O)c1,5.15
COc1cccc(N2CCN(C(S)=Nc3cccc(C)c3)CC2)c1,5.45
COc1cccc(N2CCN(c3nc(-c4ccncn4)cc(=O)n3C)[C@H](C)C2)c1,5.02
COc1cccc(NC(=O)/C=C\c2ccc(Cl)cc2)c1,4.9
COc1cccc(NC(=O)C2c3cc(OC)c(OC)cc3C(=O)N(C)C2c2cccnc2)c1,4.9
COc1cccc(NC(=O)COC(=O)c2c3c(nc4ccccc24)CCC(C)C3)c1,5.45
COc1cccc(NC(=O)CSc2nc3ccccc3cc2Cc2ccccc2)c1,5.45
COc1cccc(NC(=O)Cc2c(C(=O)O)[nH]c3ccccc23)c1,4.8
COc1cccc(NC(=O)Cc2nc(N3CCOCC3)cc(=O)[nH]2)c1,4.4
COc1cccc(NC(=O)c2cc(-c3cccnc3)nc3c(Cl)cccc23)c1,5.65
COc1cccc(NC(=O)c2oc3ccccc3c2NC(=O)c2ccc3c(c2)OCO3)c1,5.75
COc1cccc(NC(=O)c2oc3ccccc3c2NC(C)=O)c1,4.95
COc1cccc(NC(=S)N(CCc2nc3cc(C)c(C)cc3[nH]2)Cc2cccnc2)c1,5.6
COc1cccc(NS(=O)(=O)c2ccc3ncc(C(=O)NCCN4CCOCC4)c(O)c3c2)c1,5.55
COc1cccc(Nc2nc(-c3ccc(O)cc3)cs2)c1,5.15
COc1cccc(Nc2ncc3nc(-c4cc(F)cc(F)c4)c(=O)n(CCC#N)c3n2)c1,5.0
COc1cccc(Nc2ncc3nc(-c4cc(F)cc(F)c4)c(=O)n(C[C@H]4CCCO4)c3n2)c1,5.2
COc1cccc(Nc2ncc3nc(-c4ccc(Cl)cc4)c(=O)n(CCC#N)c3n2)c1,5.7
COc1cccc(Nc2ncc3nc(-c4ccc(Cl)cc4)c(=O)n(C[C@H]4CCCO4)c3n2)c1,4.8
COc1cccc(Nc2ncc3nc(-c4ccc(F)cc4)c(=O)n(CCC#N)c3n2)c1,5.5
COc1cccc(Nc2ncc3nc(-c4ccc(F)cc4)c(=O)n(C[C@H]4CCCO4)c3n2)c1,5.5
COc1cccc(Nc2ncc3nc(-c4ccccc4)c(=O)n(C[C@H]4CCCO4)c3n2)c1,5.0
COc1cccc(Nc2ncc3nc(-c4cccs4)c(=O)n(-c4ccccc4)c3n2)c1,4.7
COc1cccc(Nc2ncc3nc(-c4cccs4)c(=O)n(CCC#N)c3n2)c1,5.2
COc1cccc(Nc2ncc3nc(-c4cccs4)c(=O)n(C[C@H]4CCCO4)c3n2)c1,4.9
COc1cccc(Nc2ncc3nc(-c4cn(C)c5ccccc45)c(=O)n(CCC#N)c3n2)c1,5.8
COc1cccc(Nc2ncc3nc(-c4cn(C)c5ccccc45)c(=O)n(C[C@H]4CCCO4)c3n2)c1,4.8
COc1cccc(Nc2ncc3nc(C)c(=O)n(-c4ccccc4)c3n2)c1,4.8
COc1cccc(Nc2ncc3nc(C)c(=O)n(C4CC4)c3n2)c1,5.2
COc1cccc(Nc2ncc3nc(C)c(=O)n(CCC#N)c3n2)c1,4.9
COc1cccc(Nc2ncc3nc(C)c(=O)n(CCc4ccccc4)c3n2)c1,5.1
COc1cccc(Nc2ncc3nc(C)c(=O)n(C[C@H]4CCCO4)c3n2)c1,5.0
COc1cccc(Nc2ncc3nc(C)c(=O)n(Cc4cccs4)c3n2)c1,5.4
COc1cccc(Nc2ncc3nc(CCc4ccccc4)c(=O)n(C4CC4)c3n2)c1,5.0
COc1cccc(Nc2ncc3nc(CCc4ccccc4)c(=O)n(CCC#N)c3n2)c1,5.7
COc1cccc(Nc2ncc3nc(CCc4ccccc4)c(=O)n(C[C@H]4CCCO4)c3n2)c1,5.1
COc1cccc(Nc2ncc3nc(CCc4ccccc4)c(=O)n(Cc4cccs4)c3n2)c1,5.2
COc1cccc(Nc2ncc3ncc(=O)n(C)c3n2)c1,4.9
COc1cccc(Nc2ncc3ncc(=O)n(C4CC4)c3n2)c1,5.2
COc1cccc(Nc2ncc3ncc(=O)n(CCC#N)c3n2)c1,4.8
COc1cccc(Nc2ncc3ncc(=O)n(CCc4ccccc4)c3n2)c1,5.1
COc1cccc(Nc2ncc3ncc(=O)n(C[C@H]4CCCO4)c3n2)c1,4.9
COc1cccc(Nc2ncc3ncc(=O)n(Cc4ccc(F)cc4)c3n2)c1,5.4
COc1cccc(Nc2ncc3ncc(=O)n(Cc4cccs4)c3n2)c1,5.5
COc1cccc(O)c1C(=O)/C=C/c1ccc2cnccc2c1,6.73
COc1cccc(O)c1O,4.7
COc1cccc(OC)c1/C(O)=C(\C#N)c1nc2ccccc2[nH]1,5.7
COc1cccc(OC)c1C(=O)Nc1cc(C)on1,4.7
COc1cccc(OC)c1C1CC(F)(F)C(=O)N1Cc1ccc(OC(F)(F)F)cc1,5.28
COc1cccc(OC)c1C1CCC(=O)N1Cc1ccc2oc3ccccc3c2c1,5.16
COc1cccc(OC)c1OCCNCC1COc2ccccc2O1.Cl,5.5
COc1cccc(OC)c1OCCNC[C@@H]1COc2ccccc2O1,5.65
COc1cccc(OC)c1OCCNC[C@@H]1CSc2ccccc2O1,5.6
COc1cccc(OC)c1[C@@H]1C[C@@H](O)C(=O)N1Cc1ccc(OC(F)(F)F)cc1,4.6
COc1cccc(OC)c1[C@@H]1C[C@@H](O)C(=O)N1Cc1ccc2oc3ccccc3c2c1,4.75
COc1cccc(OC)c1[C@@H]1C[C@H](C)C(=O)N1Cc1ccc(OC(F)(F)F)cc1,5.06
COc1cccc(OC)c1[C@@H]1C[C@H](Cl)C(=O)N1Cc1ccc(OC(F)(F)F)cc1,5.18
COc1cccc(OC)c1[C@@H]1C[C@H](F)C(=O)N1Cc1ccc(OC(F)(F)F)cc1,5.0
COc1cccc(OC)c1[C@@H]1C[C@H](F)C(=O)N1Cc1ccc2oc3ccccc3c2c1,5.06
COc1cccc(OC)c1[C@@H]1C[C@H](OC)C(=O)N1Cc1ccc(OC(F)(F)F)cc1,5.85
COc1cccc(OCC(=O)NC2CCCCC2)c1,4.8
COc1cccc(OCC(=O)NN=C2c3ccccc3-c3ccccc32)c1,5.2
COc1cccc(OCCCOc2ccccc2C(C)C)c1,7.75
COc1cccc(S(=O)(=O)n2ccc3cc4c(cc32)CCNCC4)c1,4.67
COc1cccc(SCc2noc(C(=O)NCC3CCCO3)c2C(=O)O)c1,5.0
COc1cccc(Sc2cc(N3CCOCC3)nc(-c3ccccc3)n2)c1,6.1
COc1cccc([C@@H](C)NC(=O)c2ccc(-c3ccnc(N)c3)cc2)c1,4.92
COc1cccc([C@@H](C)NC(=O)c2ccc(-c3ccncc3)cc2)c1,7.1
COc1cccc([C@@H](C)NC(=O)c2ccc(-c3ccncc3F)cc2)c1,5.19
COc1cccc([C@@H](C)NC(=O)c2ccc(-c3ccncn3)cc2)c1,4.71
COc1cccc([C@@H](C)NC(=O)c2ccc(-c3ccnnc3)cc2)c1,4.78
COc1cccc([C@@H]2CCO[P@@](=O)(COc3cc(C)c(C)c4c3-c3ncsc3C4)O2)c1,6.52
COc1cccc([C@@H]2CCO[P@](=O)(COc3cc(C)c(C)c4c3-c3ncsc3C4)O2)c1,6.57
COc1cccc([C@@H]2Oc3ccc(Br)cc3C(=O)[C@H]2O)c1,5.2
COc1cccc([C@@H]2Oc3ccc(OC)cc3/C(=N/OC[C@@H](C)[C@H](OCc3ccccc3)C(C)C)[C@@H]2O)c1,5.5
COc1cccc([C@@H]2Oc3ccc(OC)cc3/C(=N/OC[C@@H](O)COCc3ccco3)[C@@H]2O)c1,5.5
COc1cccc([C@@H]2Oc3ccc(OC)cc3/C(=N/O[C@@H](C)CN3CCCCc4nc(C)c(C)cc43)[C@@H]2O)c1,5.4
COc1cccc([C@@H]2Oc3ccc(OC)cc3/C(=N/O[C@@H](C)CN3CCCc4nc(C)c(C)cc43)[C@@H]2O)c1,5.5
COc1cccc([C@@H]2Oc3ccc(OC)cc3/C(=N/O[C@@H](C)c3cc(-c4c(C)cc(C)cc4C)no3)[C@@H]2O)c1,5.8
COc1cccc([C@@H]2Oc3ccc(OC)cc3/C(=N/O[C@@H](C)c3cn([C@H]4COC[C@H]4O)nn3)[C@@H]2O)c1,5.5
COc1cccc([C@@H]2Oc3ccc(OC)cc3C(=O)[C@H]2O)c1,5.4
COc1cccc([C@H](O)Cn2cc(-c3cccc(CON=C(C)C)c3)nn2)c1,5.4
COc1cccc([C@H]2Oc3ccc(OC)cc3/C(=N\OCC[C@@H]3C=C[C@H](OC(C)=O)[C@H](COC(C)=O)O3)[C@@H]2O)c1,5.5
COc1cccc([C@H]2Oc3ccc(OC)cc3/C(=N\OC[C@@H](O)[C@@H]3O[C@@H]4OC(C)(C)O[C@@H]4[C@H]3O)[C@@H]2O)c1,5.4
COc1cccc([C@H]2Oc3ccc(OC)cc3/C(=N\O[C@@H](C)c3cn([C@H](CO)Cc4ccccc4)nn3)[C@@H]2O)c1,5.45
COc1cccc([C@H]2Oc3ccc(OC)cc3/C(=N\O[C@@H]3O[C@H](COC(C)=O)[C@H](OC(C)=O)[C@H](OC(C)=O)[C@H]3OC(C)=O)[C@@H]2O)c1,5.5
COc1cccc2[nH]c(-c3ccccn3)nc12,5.4
COc1cccc2[nH]c3c(N4CC(C)CC(C)C4)ncnc3c12,6.05
COc1cccc2c(=O)n(Cc3ccccc3C#N)c(N3CCCC(N)C3)nc12,6.2
COc1cccc2c(C(=O)N3CCN4CCCC[C@H]4C3)cn(CC3CCCCC3)c12,5.22
COc1cccc2c(O)c(C(=O)NCc3cccs3)cnc12,5.75
COc1cccc2c1C(=O)c1c(O)c3c(c(O)c1C2=O)C[C@@](O)(C(=O)CO)C[C@@H]3O[C@H]1C[C@H](N)[C@H](O)[C@H](C)O1.Cl,4.9
COc1cccc2c1C(=O)c1c(O)c3c(c(O)c1C2=O)C[C@@](O)(C(C)=O)C[C@@H]3O[C@H]1C[C@H](N)[C@H](O)[C@H](C)O1,4.5
COc1cccc2c1C(=O)c1c(O)c3c(c(O)c1C2=O)C[C@@](O)(C(C)=O)C[C@@H]3O[C@H]1C[C@H](N)[C@H](O)[C@H](C)O1.Cl,4.7
COc1cccc2c1C(=O)c1c(O)c3c(c(O)c1C2=O)C[C@](O)(C(C)=O)C[C@H]3O[C@@H]1C[C@H](N)[C@H](O)[C@H](C)O1,4.8
COc1cccc2c1CCC1=CC(=O)CC[C@@]12C,5.5
COc1cccc2c1CCC1CC(=O)CC[C@@]21C,4.8
COc1cccc2c1CCN2C(=O)Cc1nc(N2CCOCC2)cc(=O)[nH]1,4.4
COc1cccc2c1OC[C@@H](CO)[C@H]2N(C)C(=O)Nc1ccc(Cl)cc1Cl,4.85
COc1cccc2c1[C@@H]1CN(CCCCn3c(=O)[nH]c4c(sc5ncc(-c6ccccc6)nc54)c3=O)C[C@H]1CO2,4.8
COc1cccc2c1c(CN1CCN(C)CC1)cn2S(=O)(=O)c1ccc(C(C)C)cc1.Cl.Cl,5.15
COc1cccc2c1cc([N+](=O)[O-])c1c(C(=O)O)cc3c(c12)OCO3,6.1
COc1cccc2cc(C(=O)CC3(O)C(=O)N(Cc4ccccc4)c4ccccc43)c(=O)oc12,5.15
COc1cccc2nc(CCCN(C)CC[C@]3(OC(=O)C(C)C)C[C@H]4CCC[C@@H]3c3ccccc34)[nH]c12,5.26
COc1cccc2nccc(Nc3cc(-c4nc(C)ccc4F)ncc3C)c12,5.2
COc1cccc2oc(-c3ccc(O)cc3)cc(=O)c12,4.8
COc1cccc2oc(-c3ccccc3)cc(=O)c12,4.5
COc1cccc2sc(N)nc12,4.8
COc1ccccc1-c1c(C(F)(F)F)oc2cc(OC(=O)c3cccc([N+](=O)[O-])c3C)ccc2c1=O,4.9
COc1ccccc1-c1cc(-c2ccc(NCc3cccnc3)cc2)no1,5.12
COc1ccccc1-c1cc(-n2ccnc2)ncn1,6.5
COc1ccccc1-c1cc(=O)c2cc(O)ccc2o1,4.9
COc1ccccc1-c1cc(=O)c2cccc(OC)c2o1,4.7
COc1ccccc1-c1cc(C(=O)Nc2cc(C)n(Cc3ccc(Cl)cc3)n2)no1,4.8
COc1ccccc1-c1cc(C(F)(F)F)nc(S(=O)(=O)CCCC(=O)NC(C)C)n1,4.9
COc1ccccc1-c1cc(NCc2cccc(C)c2)ncn1,5.2
COc1ccccc1-c1cc(NCc2cccnc2)ncn1,5.3
COc1ccccc1-c1cc(NCc2cccs2)ncn1,4.5
COc1ccccc1-c1cc(Nc2cc[nH]n2)ncn1,5.4
COc1ccccc1-c1ccc2cnc(Nc3ccc(N4CCN(C)CC4)cc3)nn12,5.03
COc1ccccc1-c1ccc2ncnc(N(C)C)c2c1,5.3
COc1ccccc1-c1ccc2ncnc(N(C)Cc3ccco3)c2c1,4.8
COc1ccccc1-c1ccc2ncnc(N3CCN(C)CC3)c2c1,5.5
COc1ccccc1-c1ccc2ncnc(N3CCNCC3)c2c1,4.8
COc1ccccc1-c1ccc2ncnc(N3CCOCC3)c2c1,5.2
COc1ccccc1-c1ccc2ncnc(NC3CC3)c2c1,5.4
COc1ccccc1-c1ccc2ncnc(NCCN3CCOCC3)c2c1,5.1
COc1ccccc1-c1ccc2ncnc(NCCNC(C)=O)c2c1,4.7
COc1ccccc1-c1ccc2ncnc(NCc3ccccc3)c2c1,4.9
COc1ccccc1-c1ccc2ncnc(NCc3cccnc3)c2c1,6.2
COc1ccccc1-c1ccc2ncnc(NCc3cnc(C)cn3)c2c1,5.0
COc1ccccc1-c1ccc2ncnc(Nc3ccccc3)c2c1,4.9
COc1ccccc1-c1cncnc1-n1ccnc1,6.6
COc1ccccc1-c1cncnc1N(C)Cc1ccco1,5.9
COc1ccccc1-c1cncnc1N1CCN(C)CC1,5.6
COc1ccccc1-c1cncnc1NCCN1CCOCC1,6.3
COc1ccccc1-c1cncnc1NCCNC(C)=O,5.7
COc1ccccc1-c1cncnc1NCCc1cnc[nH]1,6.4
COc1ccccc1-c1cncnc1NCc1cccc(C)c1,7.0
COc1ccccc1-c1cncnc1NCc1ccccc1,6.6
COc1ccccc1-c1cncnc1NCc1cccnc1,6.3
COc1ccccc1-c1cncnc1NCc1cccs1,6.4
COc1ccccc1-c1cncnc1NCc1cnc(C)cn1,5.9
COc1ccccc1-c1cncnc1Nc1ccc(F)cc1,6.8
COc1ccccc1-c1cncnc1Nc1ccccc1,6.8
COc1ccccc1-c1coc2cc(O)ccc2c1=O,4.6
COc1ccccc1-c1n[nH]c2nc(N[C@H]3CC[C@H](NS(=O)(=O)CCC(F)(F)F)CC3)nc(OC)c12,5.2
COc1ccccc1-c1nc(N(C)C)c2ccccc2n1,4.8
COc1ccccc1-c1nc(N(C)Cc2ccco2)c2ccccc2n1,5.1
COc1ccccc1-c1nc(N2CCN(C)CC2)c2ccccc2n1,4.5
COc1ccccc1-c1nc(N2CCOCC2)c2ccccc2n1,4.8
COc1ccccc1-c1nc(NC2CC2)c2ccccc2n1,4.9
COc1ccccc1-c1nc(NCCN2CCOCC2)c2ccccc2n1,4.5
COc1ccccc1-c1nc(NCCc2cnc[nH]2)c2ccccc2n1,5.4
COc1ccccc1-c1nc(NCc2ccccc2)c2ccccc2n1,5.4
COc1ccccc1-c1nc(NCc2cccnc2)c2ccccc2n1,5.0
COc1ccccc1-c1nc(NCc2cccs2)c2ccccc2n1,4.9
COc1ccccc1-c1nc(NCc2cnc(C)cn2)c2ccccc2n1,4.8
COc1ccccc1-c1nc(Nc2ccncc2)c2ccccc2n1,5.5
COc1ccccc1-c1nc2c(C(=O)N[C@@H]3C[C@H]4CCC[C@@H](C3)N4C)cccc2o1,5.96
COc1ccccc1-c1nccc(-n2ccnc2)n1,5.8
COc1ccccc1-c1nccc(COc2ccccc2C[C@@H](Oc2ncnc3sc(-c4ccc(F)cc4)c(-c4ccc(OCCN5CCN(C)CC5)c(Cl)c4C)c23)C(=O)O)n1,5.75
COc1ccccc1-c1nccc(N2CCN(C)CC2)n1,4.5
COc1ccccc1-c1nccc(NCc2cccc(C)c2)n1,5.2
COc1ccccc1-c1nccc(NCc2ccccc2)n1,4.8
COc1ccccc1-c1nccc(NCc2cccnc2)n1,5.6
COc1ccccc1-c1nccc(NCc2cccs2)n1,4.8
COc1ccccc1-c1nccc(NCc2cnc(C)cn2)n1,4.4
COc1ccccc1-c1nccc(Nc2ccc(F)cc2)n1,5.2
COc1ccccc1-c1nnc(SCc2nc3ccccc3s2)n1C,4.75
COc1ccccc1-c1nnc2n1N=C(c1ccc(O)c(O)c1)CS2,4.9
COc1ccccc1-c1oc2ccccc2c(=O)c1O,4.6
COc1ccccc1-c1oc2ccccc2c(=O)c1OC,4.7
COc1ccccc1-n1c(CNC(=O)c2ccco2)nnc1SCC(=O)Nc1ccc(F)cc1,5.1
COc1ccccc1-n1c(SCC(=O)N2CCCC2)nc2cccnc21,4.8
COc1ccccc1-n1c(SCC(=O)Nc2ccccc2F)nc2nncc-2c1O,4.85
COc1ccccc1-n1cc(C(=O)NCC(=O)N2CCN(c3ccccc3)CC2)c2ccccc2c1=O,5.6
COc1ccccc1/C=C/C(=O)c1c(O)nc(C)c2c1CCCC2,5.4
COc1ccccc1/C=C/C(=O)c1ccc(Cl)cc1,4.55
COc1ccccc1/C=C/C(=O)c1cccnc1,5.82
COc1ccccc1/C=C/C(=O)c1cccs1,4.6
COc1ccccc1/C=C/C1=CC2(C)CC1(C)C(c1ccccc1OC)CC2=O,5.5
COc1ccccc1/C=C/C=N/N1CCN(Cc2ccc(Cl)cc2)CC1.Cl,4.85
COc1ccccc1/C=C/C=N/N1CCN(Cc2cccc3ccccc23)CC1,4.9
COc1ccccc1/C=N/N=C(/Nc1ccc(C)cc1)c1nc2ccccc2s1,4.75
COc1ccccc1/C=N/NC(=O)CC(=O)Nc1ccc(Cl)c(Cl)c1,5.1
COc1ccccc1C(=O)/C=C/c1ccc2cnccc2c1,6.8
COc1ccccc1C(=O)N/C(=C/c1ccc(Br)cc1)C(=O)NCC(=O)O,5.05
COc1ccccc1C(=O)N1CCC(=CC#Cc2cccc(C)n2)CC1,4.86
COc1ccccc1C(=O)NCCn1cc(SCC(=O)Nc2nnc(C)s2)c2ccccc21,5.2
COc1ccccc1C(=O)NN1C(=O)C2C3C=CC(O3)C2C1=O,4.75
COc1ccccc1C(=O)O/N=C1/CCCc2c1ccc(OC)c2[N+](=O)[O-],4.65
COc1ccccc1C(C)CNC(=O)c1c(C)c(-c2ccccc2)nc2ccc(Br)cc12,6.16
COc1ccccc1C(OC(=O)c1cccs1)C(=O)NCC1CCCO1,4.6
COc1ccccc1C(c1nnnn1C(C)(C)C)N1CCCc2ccccc21,5.0
COc1ccccc1C(c1nnnn1C(C)(C)C)N1CCN(Cc2ccncc2)CC1,5.5
COc1ccccc1C1(CC(=O)Nc2nccs2)CCOC(C(C)C)C1,5.2
COc1ccccc1C1=NOC(COC(=O)c2ccc3ccccc3n2)C1,4.75
COc1ccccc1C1=NOC(COc2ccc(Cl)c3cccnc23)C1,4.9
COc1ccccc1C1CC(c2c(O)nc3ccc(Cl)cc3c2-c2ccccc2)=NN1S(C)(=O)=O,4.4
COc1ccccc1C1c2c(C(C)(C)C)n[nH]c2C(=O)N1c1ccc(-c2cc(C)no2)cc1,5.7
COc1ccccc1C1c2c(C(C)(C)C)n[nH]c2C(=O)N1c1ccc(-c2nc(C)no2)cc1,5.7
COc1ccccc1C1c2c(C(C)(C)C)n[nH]c2C(=O)N1c1ccc(-c2nccs2)cc1,4.89
COc1ccccc1C1c2c(C(C)(C)C)n[nH]c2C(=O)N1c1ccc(-c2nnc(C)o2)cc1,5.1
COc1ccccc1C1c2c(C(C)(C)C)n[nH]c2C(=O)N1c1ccc(-c2noc(C)n2)cc1,4.89
COc1ccccc1C1c2c(C(C)(C)C)n[nH]c2C(=O)N1c1ccc(F)cc1,4.75
COc1ccccc1C1c2c(CCO)n[nH]c2C(=O)N1c1ccc(-c2ccon2)cc1,4.8
COc1ccccc1C1c2c(n[nH]c2C(C)(C)C)C(=O)N1c1ccc(-c2ccsc2)cc1,5.0
COc1ccccc1C1c2c(n[nH]c2C(C)(C)C)C(=O)N1c1ccc(-c2ncco2)cc1,5.1
COc1ccccc1CC(=N)N1C[C@@H]2C(=O)CCC(c3ccccc3)(c3ccccc3)[C@@H]2C1,5.5
COc1ccccc1CC(=N)NOC(=O)c1ccc(C)c([N+](=O)[O-])c1,5.0
COc1ccccc1CC(=O)Nc1cc2oc3ccccc3c2cc1OC,5.15
COc1ccccc1CC(=O)O/N=C(\N)Cc1cccc2ccccc12,4.8
COc1ccccc1CC(=O)O/N=C(\N)c1cccc([N+](=O)[O-])c1,4.5
COc1ccccc1CC(Cc1nc2ccccc2[nH]1)c1nc2ccccc2[nH]1,5.8
COc1ccccc1CCN1C(S)=NC(C)(C)CC1(C)O,4.9
COc1ccccc1CCNCc1cc2c(cc1[N+](=O)[O-])OCO2,5.6
COc1ccccc1CC[C@@H]1CCc2cc([C@H]3CC[C@](N)(CO)C3)ccc2C1,5.26
COc1ccccc1CCn1c(=O)c(-c2cc(F)cc(F)c2)nc2cncnc21,6.4
COc1ccccc1CCn1c(=O)c(-c2ccc(Cl)cc2)nc2cncnc21,5.4
COc1ccccc1CCn1c(=O)c(-c2ccc(F)c(F)c2)nc2cncnc21,5.5
COc1ccccc1CCn1c(=O)c(-c2ccc(F)cc2)nc2cncnc21,5.4
COc1ccccc1CCn1c(=O)c(-c2cccc(Cl)c2)nc2cncnc21,5.2
COc1ccccc1CCn1c(=O)c(-c2cccc(F)c2)nc2cncnc21,5.5
COc1ccccc1CCn1c(=O)c(-c2ccccc2)nc2cncnc21,5.4
COc1ccccc1CCn1c(=O)c(-c2cccs2)nc2cncnc21,5.5
COc1ccccc1CCn1c(=O)c(-c2cn(C)c3ccccc23)nc2cncnc21,5.6
COc1ccccc1CCn1c(=O)c(C)nc2cncnc21,5.0
COc1ccccc1CCn1c(=O)c(CCc2ccccc2)nc2cncnc21,5.5
COc1ccccc1CCn1c(=O)cnc2cncnc21,4.7
COc1ccccc1CN(Cc1cc2cc(C)cc(C)c2nc1O)Cc1nnnn1CC1CCCO1,5.0
COc1ccccc1CN(Cc1cc2cc3c(cc2nc1O)OCCO3)Cc1nnnn1Cc1ccco1,5.0
COc1ccccc1CN1C(=O)c2ccncc2C1=O,4.95
COc1ccccc1CN1CC2(CCN(C(=O)c3ccncc3)CC2)C1,5.1
COc1ccccc1CN1CC2(CCN(C(=O)c3cnccn3)CC2)C1,4.7
COc1ccccc1CN1CC2(CCN(S(=O)(=O)c3ccccc3)CC2)C1,4.7
COc1ccccc1CN1CCC2(CC1)CCN(C(=O)c1ccncc1)CC2,4.8
COc1ccccc1CN1CCC2(CC1)CCN(C(=O)c1csnn1)CC2,4.5
COc1ccccc1CN1CCCC2(CCN(C(=O)Oc3ccccc3)CC2)C1,4.8
COc1ccccc1CN1CCCC2(CCN(C(=O)c3c(C)noc3C)CC2)C1,5.0
COc1ccccc1CN1CCCC2(CCN(C(=O)c3cc(C(F)(F)F)cc(C(F)(F)F)c3)CC2)C1,4.6
COc1ccccc1CN1CCCC2(CCN(C(=O)c3cccc(F)c3)CC2)C1,4.9
COc1ccccc1CN1CCCC2(CCN(C(=O)c3cccn3C)CC2)C1,4.7
COc1ccccc1CN1CCCC2(CCN(C(=O)c3ccco3)CC2)C1,4.6
COc1ccccc1CN1CCCC2(CCN(C(=O)c3ccncc3)CC2)C1,5.2
COc1ccccc1CN1CCCC2(CCN(C(=O)c3cnccn3)CC2)C1,4.8
COc1ccccc1CN1CCCC2(CCN(C(=O)c3csnn3)CC2)C1,4.8
COc1ccccc1CN1CCCC2(CCN(S(=O)(=O)c3ccccc3)CC2)C1,5.3
COc1ccccc1CN1CC[C@@]2(CCCN(C(=O)Oc3ccccc3)C2)C1,4.5
COc1ccccc1CN1CC[C@@]2(CCCN(C(=O)c3c(C)noc3C)C2)C1,5.8
COc1ccccc1CN1CC[C@@]2(CCCN(C(=O)c3cc(C(F)(F)F)cc(C(F)(F)F)c3)C2)C1,5.7
COc1ccccc1CN1CC[C@@]2(CCCN(C(=O)c3cccc(F)c3)C2)C1,4.8
COc1ccccc1CN1CC[C@@]2(CCCN(C(=O)c3cccn3C)C2)C1,4.9
COc1ccccc1CN1CC[C@@]2(CCCN(C(=O)c3ccco3)C2)C1,4.7
COc1ccccc1CN1CC[C@@]2(CCCN(C(=O)c3ccncc3)C2)C1,4.8
COc1ccccc1CN1CC[C@@]2(CCCN(C(=O)c3cnccn3)C2)C1,4.8
COc1ccccc1CN1CC[C@@]2(CCCN(S(=O)(=O)c3ccccc3)C2)C1,5.0
COc1ccccc1CN1CC[C@@]2(CCCN(S(C)(=O)=O)C2)C1,4.7
COc1ccccc1CNC(=O)C/C(C)=N/NC(=O)Cc1ccccc1,5.1
COc1ccccc1CNC(=O)C1CC(=O)N(C2CCCC2)C1,4.65
COc1ccccc1CNC(=O)C1CCN(S(=O)(=O)N2CC(C)CC(C)C2)CC1,4.95
COc1ccccc1CNC(=O)CCCn1c(=O)c2ccccc2n(CC(=O)NC2CCCC2)c1=O,5.35
COc1ccccc1CNC(=O)CCN1C(=O)COc2ccc(C)cc21,4.95
COc1ccccc1CNC(=O)CN1CCC(NC(=O)c2ccccc2F)CC1.Cl,7.55
COc1ccccc1CNC(=O)CSc1nc2nc(C)cc(C)n2n1,4.85
COc1ccccc1CNC(=O)Cn1nnc(-c2ccncc2)n1,5.5
COc1ccccc1CNC(=O)c1cc2c(C)nn(Cc3ccc(F)cc3)c2s1,5.55
COc1ccccc1CNCC(O)(c1ccc(Cl)cc1)c1ccc(Cl)cc1,5.45
COc1ccccc1CNCCCCCCNCCCCCCCCNCCCCCCNCc1ccccc1OC,5.0
COc1ccccc1CNCc1cccs1.Cl,4.75
COc1ccccc1CNc1cc(-c2c(C)noc2C)ncn1,4.4
COc1ccccc1CNc1cc(-c2ccc(C(=O)N(C)C)cc2)ncn1,4.6
COc1ccccc1CNc1cc(-c2cccc(C#N)c2)ncn1,4.6
COc1ccccc1CNc1cc(-c2cccc(NS(C)(=O)=O)c2)ncn1,5.3
COc1ccccc1CNc1cc(-c2ccccc2C)ncn1,4.5
COc1ccccc1CNc1cc(-c2ccccc2Cl)ncn1,4.4
COc1ccccc1CNc1cc(-c2ccccc2OC)ncn1,4.8
COc1ccccc1CNc1cc(-c2cccnc2)ncn1,6.2
COc1ccccc1CNc1cc(-c2ccoc2)ncn1,4.8
COc1ccccc1CNc1cc(-n2ccccc2=O)cn2c(C)c(C)nc12,5.359999999999999
COc1ccccc1CNc1ccnc(-c2c(C)noc2C)n1,5.3
COc1ccccc1CNc1ccnc(-c2ccc(C(=O)N(C)C)cc2)n1,4.6
COc1ccccc1CNc1ccnc(-c2ccc(N(C)C)cc2)n1,5.1
COc1ccccc1CNc1ccnc(-c2ccc3c(c2)OCO3)n1,5.8
COc1ccccc1CNc1ccnc(-c2cccc(C#N)c2)n1,5.4
COc1ccccc1CNc1ccnc(-c2cccc(NS(C)(=O)=O)c2)n1,5.0
COc1ccccc1CNc1ccnc(-c2ccccc2C(F)(F)F)n1,4.9
COc1ccccc1CNc1ccnc(-c2ccccc2CN(C)C)n1,4.8
COc1ccccc1CNc1ccnc(-c2ccccc2Cl)n1,5.6
COc1ccccc1CNc1ccnc(-c2ccccc2OC)n1,4.8
COc1ccccc1CNc1ccnc(-c2cccnc2)n1,6.5
COc1ccccc1CNc1ccnc(-c2ccoc2)n1,5.6
COc1ccccc1CNc1nc(-c2c(C)noc2C)nc2ccccc12,5.0
COc1ccccc1CNc1nc(-c2ccc(C(=O)N(C)C)cc2)nc2ccccc12,4.7
COc1ccccc1CNc1nc(-c2ccc(N(C)C)cc2)nc2ccccc12,5.5
COc1ccccc1CNc1nc(-c2ccc3c(c2)OCO3)nc2ccccc12,5.9
COc1ccccc1CNc1nc(-c2cccc(C#N)c2)nc2ccccc12,5.0
COc1ccccc1CNc1nc(-c2cccc(NS(C)(=O)=O)c2)nc2ccccc12,5.7
COc1ccccc1CNc1nc(-c2ccccc2CN(C)C)nc2ccccc12,4.9
COc1ccccc1CNc1nc(-c2ccccc2OC)nc2ccccc12,4.9
COc1ccccc1CNc1nc(-c2cccnc2)nc2ccccc12,5.9
COc1ccccc1CNc1nc(-c2ccoc2)nc2ccccc12,5.0
COc1ccccc1CNc1ncnc2ccc(-c3c(C)noc3C)cc12,4.9
COc1ccccc1CNc1ncnc2ccc(-c3ccc(C(=O)N(C)C)cc3)cc12,5.0
COc1ccccc1CNc1ncnc2ccc(-c3ccc(N(C)C)cc3)cc12,5.7
COc1ccccc1CNc1ncnc2ccc(-c3ccc4c(c3)OCO4)cc12,5.9
COc1ccccc1CNc1ncnc2ccc(-c3cccc(C#N)c3)cc12,5.1
COc1ccccc1CNc1ncnc2ccc(-c3cccc(NS(C)(=O)=O)c3)cc12,5.5
COc1ccccc1CNc1ncnc2ccc(-c3ccccc3C#N)cc12,5.4
COc1ccccc1CNc1ncnc2ccc(-c3ccccc3CN(C)C)cc12,4.9
COc1ccccc1CNc1ncnc2ccc(-c3ccccc3OC)cc12,5.2
COc1ccccc1CNc1ncnc2ccc(-c3cccnc3)cc12,5.7
COc1ccccc1CNc1ncnc2ccc(-c3ccoc3)cc12,4.8
COc1ccccc1CNc1ncncc1-c1ccc(C(=O)N(C)C)cc1,5.6
COc1ccccc1CNc1ncncc1-c1ccc(N(C)C)cc1,6.7
COc1ccccc1CNc1ncncc1-c1ccc2c(c1)OCO2,6.7
COc1ccccc1CNc1ncncc1-c1cccc(C#N)c1,6.5
COc1ccccc1CNc1ncncc1-c1cccc(NS(C)(=O)=O)c1,6.6
COc1ccccc1CNc1ncncc1-c1ccccc1C,6.4
COc1ccccc1CNc1ncncc1-c1ccccc1C(F)(F)F,7.1
COc1ccccc1CNc1ncncc1-c1ccccc1CN(C)C,6.2
COc1ccccc1CNc1ncncc1-c1ccccc1Cl,6.7
COc1ccccc1CNc1ncncc1-c1ccccc1OC,6.7
COc1ccccc1CNc1ncncc1-c1cccnc1,6.1
COc1ccccc1CNc1ncncc1-c1ccoc1,6.1
COc1ccccc1COC(=O)Nc1c(C)nn(C)c1Cl,4.8
COc1ccccc1COCCCOc1ccc(N2C(=O)CNC[C@@H]2COc2ccc3c(c2)N(CC(=O)O)C(=O)CO3)cc1,4.6
COc1ccccc1COCCCOc1ccc(N2C(=O)CNC[C@@H]2COc2ccc3c(c2)N(CCC(=O)O)CCC3)cc1,5.0
COc1ccccc1COCCCOc1ccc(N2C(=O)CNC[C@@H]2COc2ccc3c(c2)N(CCCO)CCC3)cc1,6.34
COc1ccccc1COCCCOc1ccc(N2C(=O)CNC[C@@H]2COc2ccc3c(c2)N(CCN(C)C(C)=O)CCC3)cc1,7.75
COc1ccccc1COCCCOc1ccc(N2C(=O)CNC[C@@H]2COc2ccc3c(c2)N(CCN2CCCC2=O)CCC3)cc1,7.38
COc1ccccc1COCCCOc1ccc(N2C(=O)CNC[C@@H]2COc2ccc3c(c2)N(CCN2CCOC2=O)CCC3)cc1,5.42
COc1ccccc1COCCCOc1ccc(N2C(=O)CNC[C@@H]2COc2ccc3c(c2)N(CCNC(C)=O)CCC3)cc1,7.09
COc1ccccc1COCCCOc1ccc(N2C(=O)CNC[C@@H]2COc2ccc3c(c2)N(CCOC(=O)C(C)C)CCC3)cc1,7.27
COc1ccccc1COCCCOc1ccc(N2C(=O)CNC[C@@H]2CSc2ccc3c(c2)N(CC(=O)O)C(=O)CO3)cc1,4.82
COc1ccccc1Cn1nnc2c(O)nc(C3CCN(C(=O)c4ccc(C)cc4)CC3)nc21,5.8
COc1ccccc1Cn1nnc2c(O)nc(C3CCN(C(=O)c4ccc(F)cc4)CC3)nc21,4.9
COc1ccccc1N(CC(=O)NCC1CCCO1)C(=O)CNS(=O)(=O)c1ccc(C)cc1,5.1
COc1ccccc1N1C(=O)CSC1c1cccc(C(=O)NCCc2ccc(Br)cc2)c1,4.71
COc1ccccc1N1CCN(C(=O)/C=C/c2ccc3c(c2)OCO3)CC1,5.45
COc1ccccc1N1CCN(C(=O)C(NS(=O)(=O)c2cccs2)c2ccccc2)CC1,5.7
COc1ccccc1N1CCN(C(=O)c2cc(-c3ccc(Cl)cc3)n(C)n2)CC1,4.7
COc1ccccc1N1CCN(C(=O)c2cc(-c3ccc(Cl)cc3)n[nH]2)CC1,5.1
COc1ccccc1N1CCN(C(=O)c2cc(-c3ccc(Cl)cc3)nn2C)CC1,4.92
COc1ccccc1N1CCN(CCCCN2C(=O)c3ccccc3C2=O)CC1,5.15
COc1ccccc1N1CCN(CCCCNC(=O)c2ccc(B3C=CC=CN3)cc2)CC1,4.96
COc1ccccc1N1CCN(CCCCNC(=O)c2ccc3ccccc3c2)CC1,5.1
COc1ccccc1N1CCN(CCCCNS(=O)(=O)c2cccc3c(N(C)C)cccc23)CC1,5.6
COc1ccccc1N1CCN(CCCNc2c(C)c(=O)n(C)c(=O)n2C)CC1,4.7
COc1ccccc1N1CCN(CCCNc2cc(=O)n(C)c(=O)n2C)CC1,4.6
COc1ccccc1N1CCN(CCN(C(=O)C2CCCCC2)c2ccccn2)CC1,5.4
COc1ccccc1N1CCN(CCN(C(=O)c2ccc(F)cc2)c2ccccn2)CC1,4.8
COc1ccccc1N1CCN(CCN2C(=O)CC3(CCCC3)CC2=O)CC1,4.550000000000001
COc1ccccc1N1CCN(CCN2C(=O)c3ccccc3C(C)(C)C2=O)CC1,4.8
COc1ccccc1N1CCN(CCn2c(=O)[nH]c3c([nH]c4ccccc43)c2=O)CC1,4.8
COc1ccccc1N1CCN(C[C@@H](C(=O)NC(C)(C)C)c2ccccc2)CC1,6.1
COc1ccccc1N1CCN(C[C@@H](O)COc2cccc3ccccc23)CC1,4.5
COc1ccccc1N1CCN(C[C@@H]2CN3C(=O)N(C)c4ccccc4C3=N2)CC1,4.8
COc1ccccc1N1CCN(c2nc3c(C)cccn3c(=O)c2C=O)CC1,4.8
COc1ccccc1N1Cc2c(nc(C)c(CN)c2-c2ccc(Cl)cc2Cl)C1=O,5.82
COc1ccccc1N1Cc2nc(C)c(CN)c(-c3ccc(Cl)cc3Cl)c2C1=O,6.1
COc1ccccc1N=C(NS(=O)(=O)c1ccc(C)cc1)c1ccc(Cl)cc1,5.65
COc1ccccc1N=C(S)NCCc1ccccc1,4.95
COc1ccccc1N=C(S)NNC(=O)c1c(Cl)c(C)nn1C,4.8
COc1ccccc1NC(=O)C(C/C=C(\C)Cl)C(C)=O,4.85
COc1ccccc1NC(=O)C1=C(C)Nc2nc(-c3ccc(N(C)C)cc3)nn2C1c1ccncc1,5.9
COc1ccccc1NC(=O)C1=C(C)Nc2nnnn2C1c1cc(Br)ccc1OC,5.5
COc1ccccc1NC(=O)C1=C(C)Nc2nnnn2C1c1cccc(Br)c1,5.6
COc1ccccc1NC(=O)CC1COc2ccccc2O1,4.85
COc1ccccc1NC(=O)CCN1C(=O)C2CC=C(Cl)CC2C1=O,4.85
COc1ccccc1NC(=O)CCc1c(C)nc(O)c(C#N)c1C,4.75
COc1ccccc1NC(=O)CN1CCN(C2c3ccccc3-c3ccccc32)CC1,4.9
COc1ccccc1NC(=O)CN1CCN(CC(=O)Nc2ccc(Cl)c(C(F)(F)F)c2)CC1,5.1
COc1ccccc1NC(=O)COC(=O)c1ccc(S(=O)(=O)NCc2ccco2)cc1,4.55
COc1ccccc1NC(=O)CSc1nc2ccccc2cc1Cc1ccccc1,5.55
COc1ccccc1NC(=O)Cc1csc(N=C(S)Nc2ccc(C)cc2)n1,5.45
COc1ccccc1NC(=O)Cn1cncc1-c1ccc([N+](=O)[O-])cc1,4.85
COc1ccccc1NC(=O)Cn1nnc(-c2ccccc2NC(=O)c2cc3ccccc3oc2=O)n1,5.45
COc1ccccc1NC(=O)N1CCCC1C(=O)NCc1ccc2c(c1)OCO2,6.45
COc1ccccc1NC(=O)Nc1nc(-c2cccnc2)nc2ccccc12,6.2
COc1ccccc1NC(=O)Nc1nnc(-c2ccco2)s1,4.75
COc1ccccc1NC(=O)[C@H](COCc1ccccc1)NC(=O)OC(C)(C)C,4.4
COc1ccccc1NC(=O)c1cnc2n(c1=O)CCS2,4.5
COc1ccccc1NC(=O)c1nn(-c2cccc(C(F)(F)F)c2)ccc1=O,4.7
COc1ccccc1NC(=O)c1sc2ncn(Cc3ccccc3C)c(=O)c2c1C,5.35
COc1ccccc1NCc1nnc(SCC(=O)N/N=C/c2ccco2)n1-c1ccc(Cl)cc1Cl,5.3
COc1ccccc1NS(=O)(=O)c1cccc(C(=O)OCC(=O)Nc2cc(C)on2)c1,5.15
COc1ccccc1Nc1nc(-c2sc(NC(=O)c3ccc([N+](=O)[O-])cc3)nc2C)cs1,5.05
COc1ccccc1Nc1nc(-c2sc(NC(=O)c3ccccc3)nc2C)cs1,4.8
COc1ccccc1OC(C)c1nnc(SCC(=O)Nc2c(C)n(C)n(-c3ccccc3)c2=O)n1-c1ccccc1,5.0
COc1ccccc1OCC(=O)N/N=C1/SCC(=O)N1Cc1ccccc1,6.05
COc1ccccc1OCCCOc1ccc([N+](=O)[O-])cc1Cl,4.85
COc1ccccc1OCCN1C(=O)S/C(=C\c2ccco2)C1=O,4.85
COc1ccccc1OCCNCC(O)COc1cccc2[nH]c3ccccc3c12.O=C(O)C(O)C(O)C(=O)O,5.2
COc1ccccc1OCCn1cc(C(=O)c2ccco2)c2ccccc21,5.4
COc1ccccc1OC[C@H](O)CN1CCN(CC(=O)Nc2c(C)cccc2C)CC1,4.7
COc1ccccc1OP(C)(=O)Nc1c(C)cccc1C,4.85
COc1ccccc1OP(C)(=O)Nc1ccc(C)cc1C,5.75
COc1ccccc1S(=O)(=O)Nc1ccc(-c2nnc3n2CCCCC3)cc1,4.85
COc1ccnc(C[S+]([O-])c2nc3cc(OC(F)F)ccc3[nH]2)c1OC,4.4
COc1ccnc(Oc2ccc3c(c2)c(=O)ncn3Cc2c(F)cc(F)cc2F)c1C(F)(F)F,4.75
COc1ccnc2[nH]cc(C(=O)c3c(F)ccc(NS(=O)(=O)c4cc(F)ccc4F)c3F)c12,5.3
COc1ccnc2[nH]cc(C(=O)c3c(F)ccc(NS(=O)(=O)c4cccc(F)c4)c3F)c12,5.3
COc1ccnc2[nH]cc(C(=O)c3c(F)ccc(NS(=O)(=O)c4cccnc4)c3F)c12,5.3
COc1ccnc2[nH]cc(Cc3ccc(NCc4ccc(Cl)cc4)nc3F)c12,5.3
COc1ccsc1CNCC[C@@]1(c2ccccn2)CCOC2(CCCC2)C1,4.87
COc1cn([C@@H](C)C(=O)Nc2ccc(C(N)=O)c(F)c2)c(=O)cc1-c1cc(Cl)ccc1-n1cc(C(F)(F)F)nn1,5.04
COc1cn([C@@H](C)C(=O)Nc2ccc(C(N)=O)c(F)c2)c(=O)cc1-c1cc(Cl)ccc1-n1cc(Cl)nn1,4.96
COc1cnc(-c2ccc(CCNc3nc4cc(Cl)ccc4c(=O)n3C)cc2)nc1,5.01
COc1cnc(-c2ccc(Cn3c(CC(C)(C)C(=O)O)c(SC(C)(C)C)c4cc(OC[C@@H]5Cc6ccccc6N5C(C)=O)ccc43)cc2)nc1,4.78
COc1cnc(-c2ccc(Cn3c(CC(C)(C)C(=O)O)c(SC(C)(C)C)c4cc(OCc5ccc(C)cn5)ccc43)cc2)nc1,8.06
COc1cnc(-c2ccc(Cn3c(CC(C)(C)C(=O)[O-])c(SC(C)(C)C)c4cc(OCc5ccc(C)cn5)ccc43)cc2)nc1.[Na+],5.06
COc1cnc(-c2ccccn2)nc1Oc1ccc(Cl)c2ccccc12,4.85
COc1cnc(-n2cnc(C)n2)c2[nH]cc(C(=O)C(=O)N3CCN(C(=O)c4ccccc4)CC3)c12,4.6
COc1cnc(-n2cncn2)c2[nH]cc(C(=O)C(=O)N3CCN(C(=O)c4ccccc4)CC3)c12,6.0
COc1cnc(C(=O)Nc2ccc(F)c([C@]3(C)Cn4c(C#N)cnc4C(N)=N3)c2)cn1,5.51
COc1cnc(O[C@@H]2C[C@@H](C(=O)N[C@]3(C(=O)NS(=O)(=O)C4CC4)C[C@H]3C3CC3)N(C(=O)[C@@H](NC(=O)O[C@@H]3C[C@@H]4C[C@@H]4C3)C(C)(C)C)C2)c2cc(Cl)ccc12,5.7
COc1cnc2[nH]cc(Cc3ccc(NCc4ccc(OC)nc4)nc3F)c2c1,5.3
COc1cnc2[nH]cc(Cc3ccc(NCc4cccnc4OC)nc3F)c2c1,5.3
COc1cnc2[nH]cc(Cc3cnc(NCc4ccc(C(F)(F)F)nc4)c(F)c3)c2c1,5.3
COc1cnc2c(-c3nc4c(Cl)cc5c(c4s3)OCC(COC(=O)Nc3ccc(F)nc3)O5)cc(C)cc2n1,7.1
COc1cnc2c(NCc3nnc4ccc(-c5cc(C)ns5)nn34)ccnc2c1,4.58
COc1cnc2c(NCc3nnc4ccc(-c5cc(F)c(F)c(F)c5)nn34)ccnc2c1,4.8
COc1cnc2c(NCc3nnc4ccc(-c5cc(F)cc(F)c5)nn34)ccnc2c1,4.54
COc1cnc2c(NCc3nnc4ccc(-c5ccc(F)c(F)c5)nn34)ccnc2c1,5.04
COc1cnc2c(NCc3nnc4ccc(-c5ccccc5)nn34)ccnc2c1,4.39
COc1cnc2ccc(=O)n(CCN3CCC(c4nc5cc(C#N)c(C)cc5[nH]4)CC3)c2c1,5.03
COc1cnc2ccc(=O)n(CCN3CCN(c4nc5cc(C#N)c(C)cc5[nH]4)CC3)c2c1,4.7
COc1cncc(-c2cc(NC(C)=O)nc(-n3nc(C)cc3C)n2)c1,4.75
COc1cncc(-c2ccc(CN3CCC4(CC3)C(=O)N(c3cccc(OC)c3)C(=O)N4Cc3ccccc3F)cc2)c1,5.7
COc1cncc(-c2ccc3c(c2)CCC(=O)C3)c1,5.42
COc1cncc(-c2ccc3cc(OC)ccc3c2)c1,5.72
COc1cncc(-c2ccc3ccc(O)cc3c2Cl)c1,5.38
COc1cncc(-c2cnc(C(C)(C)N3CCN(C[C@@H](O)C[C@@H](Cc4ccccc4)C(=O)N[C@H]4c5ccccc5OC[C@H]4O)[C@H](C(=O)NCC(F)(F)F)C3)o2)c1,7.4
COc1cncc(CN2CCc3c(sc4ccc(F)cc34)C2)c1,5.18
COc1cncc(NC(C(=O)c2c[nH]c3ccccc23)c2ccccc2)c1,7.3
COc1nc(-c2csc(Nc3c4c(nn3C(C)(C)C)CCCC4)n2)ccc1-n1cnc(C)c1,5.28
COc1nc(-c2csc(Nc3c4c(nn3C)CCC4)n2)ccc1-n1cnc(C)c1,5.35
COc1nc(-c2csc(Nc3c4c(nn3C3CCC3)CCCC4)n2)ccc1-n1cnc(C)c1,6.23
COc1nc(-c2csc(Nc3c4c(nn3CC(C)(C)O)CCCC4)n2)ccc1-n1cnc(C)c1,5.96
COc1nc(-c2csc(Nc3c4c(nn3CC(F)(F)F)CCC4)n2)ccc1-n1cnc(C)c1,5.85
COc1nc(-c2csc(Nc3c4c(nn3CCCO)CCCC4)n2)ccc1-n1cnc(C)c1,5.66
COc1nc(-c2csc(Nc3c4c(nn3CCF)CCC4)n2)ccc1-n1cnc(C)c1,4.98
COc1nc(-c2csc(Nc3c4c(nn3CCF)CCCC4)n2)ccc1-n1cnc(C)c1,6.0
COc1nc(-c2csc(Nc3c4c(nn3CCO)CCCC4)n2)ccc1-n1cnc(C)c1,4.52
COc1nc(-c2csc(Nc3cc(C(C)(C)C)nn3C(C)C)n2)ccc1-n1cnc(C)c1,5.64
COc1nc(-c2csc(Nc3cc(C(C)(C)C)nn3CC(F)(F)F)n2)ccc1-n1cnc(C)c1,6.0
COc1nc(-c2csc(Nc3cc(C(C)(C)C)nn3CCF)n2)ccc1-n1cnc(C)c1,7.4
COc1nc(-c2nc(Nc3cc(C(F)(F)F)ccc3F)n(C)n2)ccc1-n1cnc(C)c1,4.59
COc1nc(C2=NOC[C@H](c3cc4ccccc4o3)N2)ccc1-n1cnc(C)c1,4.6
COc1nc(N2C[C@H]3C(=O)N(C)C(=N)N[C@@]3(c3cc(-c4cccc(C#N)c4)cs3)C2)nc(C)c1F,4.96
COc1nc(N2C[C@H]3C(=O)N(C)C(=N)N[C@@]3(c3cc(-c4cccc(C#N)c4)cs3)C2)ncc1F,5.795
COc1nc(N2C[C@H]3C(=O)N(C)C(=N)N[C@@]3(c3ccc(C#N)s3)C2)nc(C)c1F,4.62
COc1nc(N2C[C@H]3C(=O)N(C)C(=N)N[C@@]3(c3ccc(Cl)s3)C2)nc(C)c1F,4.75
COc1nc(N2C[C@H]3C(=O)N(C)C(N)=N[C@@]3(c3c(F)cc(F)c(F)c3F)C2)nc(C)c1F,4.52
COc1nc(N2C[C@H]3C(=O)N(C)C(N)=N[C@@]3(c3ccc(F)cc3)C2)nc(C)c1F,4.47
COc1nc(Nc2cccc3c2nc(-c2ccc(F)cc2)n3C)ccc1-n1cnc(C)c1,5.3
COc1nc2ccc(Br)cc2cc1[C@@H](c1cc(C)c(C)s1)[C@@](O)(CCN(C)C)c1cccc(F)c1,5.0
COc1nc2ccc(Br)cc2cc1[C@@H](c1cncc(C)c1)[C@@](O)(CCN(C)C)c1cccc(F)c1,5.34
COc1ncc(CNc2ncc(Cc3c[nH]c4ncc(C)cc34)cn2)cc1F,5.3
COc1ncc(Cl)cc1S(=O)(=O)Nc1ccc(F)c(-c2ccc3c(-c4ncc[nH]4)n[nH]c3c2F)c1F,4.92
COc1ncc(Cl)cc1S(=O)(=O)Nc1ccc(F)c(-c2ccc3c(-c4ncc[nH]4)ncn3c2)c1F,5.6
COc1ncc(F)c(N2Cc3cn(-c4cccc(S(C)(=O)=O)c4)nc3[C@H]2C(C)C)n1,4.81
COc1ncc(F)cc1CNc1ccc(Cc2c[nH]c3ncc(C)cc23)c(F)n1,5.3
COc1ncc(F)cc1CNc1ccc(Cc2c[nH]c3ncc(NC(C)=O)cc23)c(F)n1,5.3
COc1ncc(F)cc1CNc1ncc(Cc2c[nH]c3ncc(C)cc23)cn1,5.3
COc1ncc2cc1NS(=O)(=O)c1cc(c(F)cc1F)C(=O)NCc1cncc(c1)-c1ccnc3ccc-2nc13,5.19
COc1ncc2cc1NS(=O)(=O)c1cccc(c1)C(=O)NCc1cncc(c1)-c1ccnc3ccc-2cc13,4.71
COc1ncc2nc(-c3cc(F)cc(F)c3)c(=O)n(C3CC3)c2n1,4.9
COc1ncc2nc(-c3cc(F)cc(F)c3)c(=O)n(CCC#N)c2n1,4.7
COc1ncc2nc(-c3cc(F)cc(F)c3)c(=O)n(CCc3ccccc3)c2n1,5.3
COc1ncc2nc(-c3cc(F)cc(F)c3)c(=O)n(C[C@H]3CCCO3)c2n1,4.6
COc1ncc2nc(-c3cc(F)cc(F)c3)c(=O)n(Cc3cccs3)c2n1,5.1
COc1ncc2nc(-c3ccc(Cl)cc3)c(=O)n(C)c2n1,4.6
COc1ncc2nc(-c3ccc(Cl)cc3)c(=O)n(CCC#N)c2n1,5.5
COc1ncc2nc(-c3ccc(Cl)cc3)c(=O)n(CCc3ccccc3)c2n1,5.6
COc1ncc2nc(-c3ccc(Cl)cc3)c(=O)n(C[C@H]3CCCO3)c2n1,5.0
COc1ncc2nc(-c3ccc(Cl)cc3)c(=O)n(Cc3cccs3)c2n1,5.4
COc1ncc2nc(-c3ccc(F)cc3)c(=O)n(C)c2n1,4.7
COc1ncc2nc(-c3ccc(F)cc3)c(=O)n(CCC#N)c2n1,4.8
COc1ncc2nc(-c3ccc(F)cc3)c(=O)n(C[C@H]3CCCO3)c2n1,4.8
COc1ncc2nc(-c3ccc(F)cc3)c(=O)n(Cc3ccc(F)cc3)c2n1,5.5
COc1ncc2nc(-c3ccc(F)cc3)c(=O)n(Cc3cccs3)c2n1,5.6
COc1ncc2nc(-c3cccc(C#N)c3)c(=O)n(CCC#N)c2n1,4.6
COc1ncc2nc(-c3ccccc3)c(=O)n(C3CC3)c2n1,4.6
COc1ncc2nc(-c3ccccc3)c(=O)n(CCC#N)c2n1,4.6
COc1ncc2nc(-c3ccccc3)c(=O)n(CCc3ccccc3)c2n1,4.9
COc1ncc2nc(-c3ccccc3)c(=O)n(C[C@H]3CCCO3)c2n1,4.6
COc1ncc2nc(-c3ccccc3)c(=O)n(Cc3cccs3)c2n1,5.1
COc1ncc2nc(-c3cccs3)c(=O)n(C)c2n1,4.8
COc1ncc2nc(-c3cccs3)c(=O)n(CCC#N)c2n1,5.0
COc1ncc2nc(-c3cccs3)c(=O)n(CCc3ccccc3)c2n1,5.0
COc1ncc2nc(-c3cccs3)c(=O)n(Cc3ccc(F)cc3)c2n1,5.5
COc1ncc2nc(-c3cccs3)c(=O)n(Cc3cccs3)c2n1,5.5
COc1ncc2nc(-c3cn(C)c4ccccc34)c(=O)n(-c3ccccc3)c2n1,5.5
COc1ncc2nc(-c3cn(C)c4ccccc34)c(=O)n(C)c2n1,5.3
COc1ncc2nc(-c3cn(C)c4ccccc34)c(=O)n(CCC#N)c2n1,5.2
COc1ncc2nc(-c3cn(C)c4ccccc34)c(=O)n(CCc3ccccc3)c2n1,5.1
COc1ncc2nc(-c3cn(C)c4ccccc34)c(=O)n(Cc3ccc(F)cc3)c2n1,5.2
COc1ncc2nc(C)c(=O)n(-c3ccccc3)c2n1,4.6
COc1ncc2nc(C)c(=O)n(C3CC3)c2n1,4.6
COc1ncc2nc(C)c(=O)n(CCc3ccccc3)c2n1,4.8
COc1ncc2nc(C)c(=O)n(Cc3ccc(F)cc3)c2n1,5.2
COc1ncc2nc(C)c(=O)n(Cc3cccs3)c2n1,4.9
COc1ncc2nc(CCc3ccccc3)c(=O)n(-c3ccccc3)c2n1,4.9
COc1ncc2nc(CCc3ccccc3)c(=O)n(C3CC3)c2n1,4.5
COc1ncc2nc(CCc3ccccc3)c(=O)n(CCC#N)c2n1,4.9
COc1ncc2nc(CCc3ccccc3)c(=O)n(CCc3ccccc3)c2n1,5.5
COc1ncc2nc(CCc3ccccc3)c(=O)n(Cc3ccc(F)cc3)c2n1,5.4
COc1ncc2nc(CCc3ccccc3)c(=O)n(Cc3cccs3)c2n1,5.3
COc1ncc2ncc(=O)n(CCc3ccccc3)c2n1,4.8
COc1ncc2ncc(=O)n(Cc3ccc(F)cc3)c2n1,5.0
COc1ncc2ncc(=O)n(Cc3cccs3)c2n1,5.9
COc1ncccc1CNc1ccc(Cc2c[nH]c3ncc(C)cc23)c(F)n1,5.3
COc1ncccc1CNc1ccc(Cc2c[nH]c3ncccc23)c(F)n1,5.3
COc1ncccc1CNc1ncc(Cc2c[nH]c3ncc(C)cc23)cn1,5.3
COc1ncnc(N2Cc3cn(-c4cccc(S(C)(=O)=O)c4)nc3[C@H]2C(C)C)c1F,5.6
COc1ncnc2[nH]cc(C(=O)c3c(F)ccc(NS(=O)(=O)c4cc(C)cc(C)c4)c3F)c12,5.12
COc1nn(-c2cnccn2)cc1C(=O)Nc1cccc(-c2nncn2C(C)C)n1,5.06
COc1nn(C(C)C(=O)N/N=C/c2cccc3ccccc23)cc1[N+](=O)[O-],4.85
COc1nn(C)cc1C(=O)Nc1cccc(-c2cncn2C(C)C)n1,5.23
COn1c(-c2ccccc2)nc2c1CCc1nonc1-2,4.5
COn1c(SCc2ccc(C)cc2C)nc2ccccc2c1=O,4.9
CP(=O)(O)C1=CCNCC1,4.4
CP(C)(=O)c1ccc2c(c1)[C@@H](O)[C@H]([C@H]1c3ccccc3-c3cncn31)CC2,5.8
CS(=O)(=O)CCNCc1ccc(-c2ccc3ncnc(Nc4ccc(OCc5cccc(F)c5)c(Cl)c4)c3c2)o1,5.77
CS(=O)(=O)CCNCc1nc(-c2ccc3ncnc(Nc4ccc(OCc5cccc(F)c5)c(Cl)c4)c3c2)cs1.Cl.Cl,5.6
CS(=O)(=O)CS(=O)(=O)N1CCN(c2ccc(OC[C@@H]3CO[C@@](Cn4ccnc4)(c4ccc(Cl)cc4Cl)O3)cc2)CC1,6.82
CS(=O)(=O)Cc1cc(N2CCCC2)nc(-c2ccncc2)n1,5.89
CS(=O)(=O)N(CC(=O)N/N=C/c1cccs1)c1cccc(Cl)c1Cl,5.65
CS(=O)(=O)N(CC(=O)Nc1c(F)cccc1F)c1ccc(C23CC4CC(CC(C4)C2)C3)cc1,4.8
CS(=O)(=O)N(CC(=O)Nc1cccc(F)c1)c1cccc([N+](=O)[O-])c1,4.75
CS(=O)(=O)N(CCN1CCOCC1)c1ccc(Nc2ncc3cnn(C4CCCCCC4)c3n2)cc1,7.4
CS(=O)(=O)N(Cc1cc2ccccc2nc1O)C1CCCCC1,5.65
CS(=O)(=O)N(Cc1cccnc1)c1ccc(-c2ccc(F)cc2)cc1F,6.21
CS(=O)(=O)N(Cc1cnc[nH]1)c1ccc(-c2nc3ccccc3s2)cc1,5.82
CS(=O)(=O)N(c1ccccc1)c1cc(C(=O)N[C@@H](Cc2ccccc2)[C@H](O)CNCc2cccc(C(F)(F)F)c2)cc(C2CCCC2)c1,6.369999999999999
CS(=O)(=O)N1CC(C(=O)NC2CC2)Oc2ccc(Cl)cc21,4.6
CS(=O)(=O)N1CC(C(=O)NC2CCCC2)Oc2ccc(Cl)cc21,4.9
CS(=O)(=O)N1CCC(N(c2ccc(Cl)cc2)c2cccnc2)CC1,5.58
CS(=O)(=O)N1CCC2(CC1)CN(C(=O)Nc1cccc(C#N)c1)C2,7.6
CS(=O)(=O)N1CCC2(CC1)CN(C(c1ccccc1)c1ccccc1)C2,4.8
CS(=O)(=O)N1CCC2(CC1)CN(Cc1ccncc1)C2,4.5
CS(=O)(=O)N1CCC2(CC1)CN(c1ncccn1)C2,4.7
CS(=O)(=O)N1CCC2(CCCN(C(=O)Nc3cccc(C#N)c3)C2)CC1,4.6
CS(=O)(=O)N1CCC2(CCCN(C(=O)Nc3cccc(F)c3)C2)CC1,4.7
CS(=O)(=O)N1CCC2(CCCN(C(c3ccccc3)c3ccccc3)C2)CC1,5.4
CS(=O)(=O)N1CCC2(CCCN(Cc3cc(C(F)(F)F)cc(C(F)(F)F)c3)C2)CC1,4.8
CS(=O)(=O)N1CCC2(CCCN(Cc3ccncc3)C2)CC1,5.0
CS(=O)(=O)N1CCC2(CCCN(c3cccc(-c4ccccc4)c3)C2)CC1,5.2
CS(=O)(=O)N1CCC2(CCCN(c3ccccn3)C2)CC1,4.8
CS(=O)(=O)N1CCC2(CCN(C(c3ccccc3)c3ccccc3)CC2)CC1,4.9
CS(=O)(=O)N1CCC2(CCN(Cc3ccncc3)CC2)CC1,4.9
CS(=O)(=O)N1CCCC(C(=O)N2CCc3ccccc3C2)C1,4.75
CS(=O)(=O)N1CCC[C@@]2(CCN(C(=O)Nc3cccc(C#N)c3)C2)C1,4.7
CS(=O)(=O)N1CCC[C@@]2(CCN(C(=O)Nc3cccc(F)c3)C2)C1,4.9
CS(=O)(=O)N1CCC[C@@]2(CCN(C(c3ccccc3)c3ccccc3)C2)C1,5.0
CS(=O)(=O)N1CCC[C@@]2(CCN(Cc3ccc(C#N)cc3)C2)C1,4.6
CS(=O)(=O)N1CCC[C@@]2(CCN(Cc3ccccc3)C2)C1,4.9
CS(=O)(=O)N1CCC[C@@]2(CCN(Cc3nccs3)C2)C1,4.9
CS(=O)(=O)N1CCC[C@@]2(CCN(c3ccccc3)C2)C1,4.9
CS(=O)(=O)N1CCC[C@@]2(CCN(c3ccccn3)C2)C1,4.7
CS(=O)(=O)N1CCC[C@@]2(CCN(c3ccncc3)C2)C1,5.1
CS(=O)(=O)N1CCN(c2ccc(OC[C@@H]3CO[C@@](Cn4ccnc4)(c4ccc(Cl)cc4Cl)O3)cc2)CC1,6.8
CS(=O)(=O)N1CCN(c2ccc([N+](=O)[O-])c(NCc3ccccc3)c2)CC1,4.5
CS(=O)(=O)N1CCN(c2ccccc2NC(=O)c2ccc(Br)o2)CC1,4.8
CS(=O)(=O)N1N=C(c2ccc(Br)cc2)CC1c1ccc2c(c1)OCO2,5.75
CS(=O)(=O)NCCc1cc(-c2ccnc3[nH]nc(C(F)(F)F)c23)cc(C2(C#N)CC2)c1,5.16
CS(=O)(=O)NC[C@H]1CC[C@H](Nc2nc3c(s2)CCSc2ccccc2-3)CC1,5.39
CS(=O)(=O)Nc1ccc(C(=O)N2CCN(c3ccccc3)CC2)cc1,4.6
CS(=O)(=O)Nc1ccc(Cc2noc(-c3ccc4[nH]cc(CCN)c4c3)n2)cc1,4.8
CS(=O)(=O)Nc1ccc([N+](=O)[O-])cc1OC1CCCCC1,4.7
CS(=O)(=O)Nc1ccc([N+](=O)[O-])cc1Oc1ccccc1,4.6
CS(=O)(=O)Nc1cccc(-c2c(O)ccc3cc(-c4cccc(O)c4)ccc23)c1,5.97
CS(=O)(=O)Nc1cccc(-c2cc(NCc3ccccc3)ncn2)c1,4.8
CS(=O)(=O)Nc1cccc(-c2cc(NCc3cccs3)ncn2)c1,4.8
CS(=O)(=O)Nc1cccc(-c2cc(Nc3ccccc3)ncn2)c1,4.8
CS(=O)(=O)Nc1cccc(-c2ccc3ncnc(N4CCNCC4)c3c2)c1,4.8
CS(=O)(=O)Nc1cccc(-c2ccc3ncnc(N4CCOCC4)c3c2)c1,5.1
CS(=O)(=O)Nc1cccc(-c2ccc3ncnc(NC4CC4)c3c2)c1,5.2
CS(=O)(=O)Nc1cccc(-c2ccc3ncnc(NCCN4CCOCC4)c3c2)c1,4.8
CS(=O)(=O)Nc1cccc(-c2ccc3ncnc(NCc4cccnc4)c3c2)c1,6.4
CS(=O)(=O)Nc1cccc(-c2ccc3ncnc(NCc4cccs4)c3c2)c1,5.5
CS(=O)(=O)Nc1cccc(-c2ccc3ncnc(Nc4ccc(F)cc4)c3c2)c1,5.1
CS(=O)(=O)Nc1cccc(-c2ccc3ncnc(Nc4ccccc4)c3c2)c1,5.0
CS(=O)(=O)Nc1cccc(-c2cncnc2-n2ccnc2)c1,5.1
CS(=O)(=O)Nc1cccc(-c2cncnc2NCc2ccccc2)c1,6.2
CS(=O)(=O)Nc1cccc(-c2cncnc2NCc2cccnc2)c1,6.0
CS(=O)(=O)Nc1cccc(-c2cncnc2NCc2cccs2)c1,6.4
CS(=O)(=O)Nc1cccc(-c2cncnc2Nc2ccc(F)cc2)c1,6.5
CS(=O)(=O)Nc1cccc(-c2cncnc2Nc2ccccc2)c1,6.3
CS(=O)(=O)Nc1cccc(-c2nc(-n3ccnc3)c3ccccc3n2)c1,5.9
CS(=O)(=O)Nc1cccc(-c2nc(N3CCOCC3)c3ccccc3n2)c1,5.8
CS(=O)(=O)Nc1cccc(-c2nc(NC3CC3)c3ccccc3n2)c1,5.5
CS(=O)(=O)Nc1cccc(-c2nc(NCCN3CCOCC3)c3ccccc3n2)c1,4.8
CS(=O)(=O)Nc1cccc(-c2nc(NCc3ccccc3)c3ccccc3n2)c1,5.5
CS(=O)(=O)Nc1cccc(-c2nc(NCc3cccnc3)c3ccccc3n2)c1,5.7
CS(=O)(=O)Nc1cccc(-c2nc(NCc3cccs3)c3ccccc3n2)c1,5.5
CS(=O)(=O)Nc1cccc(-c2nc(Nc3ccc(F)cc3)c3ccccc3n2)c1,5.2
CS(=O)(=O)Nc1cccc(-c2nc(Nc3ccccc3)c3ccccc3n2)c1,5.0
CS(=O)(=O)Nc1cccc(-c2nc(Nc3ccncc3)c3ccccc3n2)c1,5.4
CS(=O)(=O)Nc1cccc(-c2nccc(-n3ccnc3)n2)c1,5.8
CS(=O)(=O)Nc1cccc(-c2nccc(NCc3ccccc3)n2)c1,5.1
CS(=O)(=O)Nc1cccc(-c2nccc(NCc3cccs3)n2)c1,5.4
CS(=O)(=O)Nc1cccc(-c2nccc(Nc3ccc(F)cc3)n2)c1,5.0
CS(=O)(=O)Nc1cccc(CC(=O)Nc2cc(-c3c[nH]c4ncccc34)cs2)c1,5.3
CS(=O)(=O)Nc1cccc(CC(=O)Nc2cc(-c3c[nH]c4ncccc34)ncn2)c1,4.0
CS(=O)(=O)Nc1cccc(CC(=O)Nc2cc(-c3ccnc(Cl)c3)cs2)c1,5.12
CS(=O)(=O)Nc1cccc(CC(=O)Nc2ccc(-c3c[nH]c4ncccc34)s2)c1,5.22
CS(=O)(=O)Nc1cccc(CC(=O)Nc2cnc(-c3c[nH]c4ncccc34)s2)c1,4.92
CS(=O)(=O)Nc1cccc(CC(=O)Nc2nc(-c3c[nH]c4ncc(Br)cc34)cs2)c1,4.46
CS(=O)(=O)Nc1cccc(CC(=O)Nc2nc(-c3c[nH]c4ncc(Cl)cc34)cs2)c1,5.1
CS(=O)(=O)Nc1cccc(CC(=O)Nc2nc(-c3c[nH]c4ncc(F)cc34)cs2)c1,5.22
CS(=O)(=O)Nc1cccc(CC(=O)Nc2nc(-c3c[nH]c4ncc(O)cc34)cs2)c1,5.3
CS(=O)(=O)Nc1cccc(CC(=O)Nc2nc(-c3c[nH]c4nccc(Cl)c34)cs2)c1,5.1
CS(=O)(=O)Nc1cccc(CC(=O)Nc2nc(-c3c[nH]c4nccc(F)c34)cs2)c1,4.44
CS(=O)(=O)Nc1cccc(CC(=O)Nc2nc(-c3c[nH]c4ncccc34)cs2)c1,5.08
CS(=O)(=O)Nc1cccc(CC(=O)Nc2nccc(-c3c[nH]c4ncccc34)n2)c1,4.32
CS(=O)(=O)Nc1cccc(CC(=O)Nc2nnc(-c3c[nH]c4ncccc34)s2)c1,4.0
CS(=O)(=O)O.CS(=O)(=O)O.Nc1nc2ccc(-c3[nH]c(-c4c(F)cccc4F)nc3-c3ccccc3)cc2n1S(=O)(=O)C1CCCC1,4.89
CS(=O)(=O)O.CSc1ccc2c(c1)[C@H](N1CCN(C)CC1)Cc1ccccc1S2,4.7
CS(=O)(=O)O.Cc1c(C(=O)c2cccc3ccccc23)c2cccc3c2n1[C@H](CN1CCOCC1)CO3,5.9
CS(=O)(=O)O.Cc1c(O)cccc1C(=O)N[C@@H](CSc1ccccc1)[C@H](O)CN1C[C@H]2CCCC[C@H]2C[C@H]1C(=O)NC(C)(C)C,5.8
CS(=O)(=O)O.Cc1ccc(N(CC2=NCCN2)c2cccc(O)c2)cc1,5.6
CS(=O)(=O)O.Cn1cc(C(F)(F)F)nc1-c1ccc(OC[C@@H](O)CNCCOc2ccc(O)c(C(N)=O)c2)cc1,4.9
CS(=O)(=O)O.Cn1cc(C2=C(c3cn(CCCSC(=N)N)c4ccccc34)C(=O)NC2=O)c2ccccc21,5.2
CS(=O)(=O)O.N=C(NC(=O)c1nc(Cl)c(N)nc1N)Nc1ccccc1,4.4
CS(=O)(=O)O.Nc1ncnc2c1ncn2C1CCCC1,7.4
CS(=O)(=O)O.Oc1ccc2c3c1O[C@H]1c4oc5ccccc5c4C[C@]4(O)[C@H](C2)N(CC2CC2)CC[C@@]314,4.8
CS(=O)(=O)O.[2H]C([2H])=CC(=O)Nc1cc(Nc2nccc(-c3cn(C([2H])([2H])[2H])c4ccccc34)n2)c(OC)cc1N(C)CCN(C)C,4.665
CS(=O)(=O)OCC1COC(Cn2cncn2)(c2ccc(Cl)cc2Cl)O1,5.285
CS(=O)(=O)c1ccc(-c2cc(Br)sc2-c2ccc(F)cc2)cc1,4.7
CS(=O)(=O)c1ccc(-c2cccn3nc(Nc4cccc(N5CCC(N6CCOCC6)CC5)c4)nc23)cc1,6.7
CS(=O)(=O)c1ccc(C(=O)N2CCC(c3ccc(C(=O)NC(=N)N)cc3C(F)(F)F)CC2)cc1,4.82
CS(=O)(=O)c1ccc(CNC(=O)[C@@H]2C[C@H]2[C@@H](NP(=O)(c2ccccc2)c2ccccc2)c2ccccc2)cc1,6.1
CS(=O)(=O)c1ccc(CNC(=O)[C@H]2C[C@@H]2[C@H](NP(=O)(c2ccccc2)c2ccccc2)c2ccccc2)cc1,5.3
CS(=O)(=O)c1ccc(Cn2c3c(c4cc(F)cc(F)c42)CCC[C@H]3CC(=O)O)cc1,4.4
CS(=O)(=O)c1ccc(Cn2cc(-c3ccncc3)cn2)cc1,4.58
CS(=O)(=O)c1ccc(F)cc1C(=O)N1CCC(N(C2CC2)S(=O)(=O)c2cccc(C(F)(F)F)c2)CC1,5.29
CS(=O)(=O)c1ccc(N2CCC(N(c3ccc(C#N)cc3)c3cccnc3)CC2)cc1,4.92
CS(=O)(=O)c1ccc(N2CCC(N(c3ccc(Cl)cc3)c3cccnc3)CC2)cc1,5.7
CS(=O)(=O)c1ccc(N2CCN(C(=O)C(c3ccc(Cl)cc3)c3cccnc3)CC2)cc1,5.275
CS(=O)(=O)c1ccc(NC(=O)N2C[C@H]3C[C@@H](c4ccccc4C(F)(F)F)C[C@H]3C2)c(C(=O)O)c1,4.38
CS(=O)(=O)c1ccc(Oc2ncnc3c2cnn3C2CCN(Cc3ccc(C(F)(F)F)cc3)CC2)cc1,5.75
CS(=O)(=O)c1ccc([C@H](O)[C@H](CF)NC(=O)C(Cl)Cl)cc1,4.5
CS(=O)(=O)c1ccc2c(c1)CC[C@@H]([C@H]1c3ccccc3-c3cncn31)[C@@H]2O,5.55
CS(=O)(=O)c1ccc2c(c1)[C@@H](O)[C@H]([C@H]1c3ccccc3-c3cncn31)CC2,5.22
CS(=O)(=O)c1ccc2nc(N3CCN(C(=O)[C@@H]4CCCC[C@H]4C(=O)NC4(C#N)CC4)CC3)sc2c1,6.2
CS(=O)(=O)c1cccc(CC(=O)Nc2nc(-c3c[nH]c4ncccc34)cs2)c1,5.19
CS(=O)(=O)c1cccc(F)c1Cn1cc(-c2ccccc2Cl)c(=O)n(C[C@H](N)c2ccccc2)c1=O,6.75
CS(=O)(=O)c1cccc(F)c1Cn1cc(-c2ccccc2Cl)c(=O)n(C[C@H](NCCCC(=O)O)c2ccccc2)c1=O,4.32
CS(=O)(=O)c1cccc(Nc2nccc(Nc3c(Cl)ccc4c3OCO4)n2)c1,5.58
CS(=O)(=O)c1cccc(S(=O)(=O)c2ccc(NC(=O)[C@@H]3C[C@H]3c3cccnc3)cc2)c1,6.4
CS(=O)(=O)c1ccccc1COC(=O)Nc1ccc(Cl)cc1,4.9
CS(=O)(=O)c1cnc2c(-c3ccc(F)cc3)cnn2c1N,4.55
CS(=O)(=O)c1nc(-c2ccccc2)cc(-c2ccccc2)c1C#N,4.65
CS(=O)(=O)c1nccc(-c2c(-c3cccc(OCc4ccccc4)c3)nc3sccn23)n1,4.75
CS(=O)(=O)n1cc2c(n1)CN([C@@H]1C[C@H](N)[C@@H](c3cc(F)ccc3F)O[C@@H]1C(F)(F)F)C2,4.34
CS(C)(=O)=O,4.7
CSC1(SC2=NCCN2)SC2(NCCN2)S1,5.9
CSC1=N/C(=C\c2ccc(C)cc2)C(=O)S1,4.4
CSC1=N/C(=C\c2ccc3c(c2)OCO3)C(=O)S1,5.1
CSCC[C@H](NC(=O)CC(C)(C)C)c1nc2ccccc2[nH]1,4.8
CSCC[C@H](NC(=O)c1nn(C)c(=O)c2ccccc12)c1nc2ccccc2[nH]1,4.9
CSCc1ccc(-c2cccnc2)o1,4.98
CS[C@@]1(C(=O)Nc2ccc3[nH]nc(-c4ccc(OC(C)C)nc4)c3c2)CCN(CC(=O)N2CC=C(c3ccc(-c4ncn(C)n4)cc3)CC2)C1,5.77
CS[C@@]1(C(=O)Nc2ccc3[nH]nc(-c4ccc5c(c4)OCO5)c3c2)CCN(CC(=O)N2CC=C(c3ccc(-c4ncccn4)cc3)CC2)C1,6.52
CSc1[nH]c(-c2ccc(C)cc2)nc1S(=O)(=O)c1ccccc1,4.55
CSc1cc2c(cc1C(F)(F)F)N(C(=O)Nc1cccnc1)CC2,5.4
CSc1ccc(C#N)cc1NC(=O)c1cccc(Cl)c1,4.6
CSc1ccc(C(=O)c2[nH]c(=O)[nH]c2C)cc1,5.3
CSc1ccc(CCNC(=O)CSc2ccsc2[N+](=O)[O-])cc1,4.9
CSc1ccc(CNC(=O)[C@H]2CCCN(c3ncnc4nn(-c5ccc(C)cc5)cc34)C2)cc1,5.11
CSc1ccc(CNc2ccc(C)c(C)c2)cc1,4.9
CSc1ccc(CNc2ccccc2)cc1,4.45
CSc1ccc(Cl)c(C(=O)NCCOc2cc(C)ccc2C(C)C)c1,6.0
CSc1ccc(S(=O)(=O)Nc2ccc3c4c(cccc24)CC3)cc1,5.3
CSc1ccc2c(c1)C(N1CCN(C)CC1)Cc1ccccc1S2.O=C(O)/C=C\C(=O)O,4.5
CSc1ccc2c(c1)N(CCC1CCCCN1C)c1ccccc1S2.Cl,4.5
CSc1ccc2c(c1)N(CC[C@H]1CCCCN1C)c1ccccc1S2,4.6
CSc1ccc2c(c1)[C@H](N1CCN(C)CC1)Cc1ccccc1S2,4.9
CSc1ccc2c(c1)c(CCN)c(C)n2Cc1ccccc1Cl,5.4
CSc1cccc(NC(=O)Cn2cccc2)c1,4.65
CSc1cccc(NC(=O)Nc2ccc(Cl)cc2)c1,4.85
CSc1cccc(NC(=O)OC2CCCCCCCCCCC2)c1,5.5
CSc1ccccc1CNc1ncc([N+](=O)[O-])c(NCC2CCC(CN)CC2)n1,5.16
CSc1n[nH]c(-c2sccc2OCc2ccc(C)cc2)n1,4.7
CSc1nc(C)cc(SC(C(C)=O)C(=O)Nc2ccccc2)n1,4.85
CSc1nc(N)nc(-c2cccs2)c1C#N,4.6
CSc1nc(O)c2c(n1)N=C(C)/C(=C(/O)OC(C)C)C2c1ccncc1,5.9
CSc1nc(Sc2cccc(Cl)c2)c2ccccc2n1,4.45
CSc1nc2cc(S(=O)(=O)N3CCCCC3)ccc2s1,5.5
CSc1nc2ccc3nc(NC(=O)c4cccs4)sc3c2s1,4.7
CSc1nc2ccccc2cc1/C=C(\C#N)c1cccc(C)c1,4.6
CSc1nc2n(n1)C(c1cc(Br)ccc1F)C(C(=O)N(C)C)=C(C)N2,4.85
CSc1nc2n(n1)C(c1cccc(F)c1)C(C(=O)Nc1ccc(C)cc1C)=C(C)N2,6.15
CSc1ncc(-c2c(CO)n(Cc3ccccc3Cl)c3ccc(OC(F)(F)F)cc23)cn1,4.75
CSc1nnc(-c2cc3c(-c4ccccc4)nn(C)c3s2)n1C,4.5
CSc1nncc(/C(C)=N\Nc2ccccc2)n1,5.6
CSc1nncn1/N=C/c1ccc2c(c1)OCO2,5.05
CSc1nsc(/C=C/Nc2ccc(Cl)cc2)c1C#N,5.05
CSc1nsc(SC)c1C(=O)Nc1ccc(C)cc1,5.1
CSc1nsc(SC)c1NC(=O)OCc1ccccc1,4.65
C[C@@H](/C=C\c1cccc(Oc2ccc(F)cc2)c1)N(O)C(N)=O,5.9
C[C@@H](C(=O)Cc1ccc2ccccc2c1)[C@@H]1C[C@@]1(C)[C@@H](NP(=O)(c1ccccc1)c1ccccc1)c1ccccc1,6.0
C[C@@H](C(=O)NCC1CC1)[C@@H]1C[C@@]1(C)[C@@H](NC(=O)OCc1ccccc1)c1ccccc1,5.6
C[C@@H](C(=O)NCC1CC1)[C@H]1C[C@]1(C)[C@H](NC(=O)OCc1ccccc1)c1ccccc1,5.6
C[C@@H](C(=O)NCCF)[C@H]1C[C@]1(C)[C@H](NC(=O)OCc1ccccc1)c1ccccc1,5.4
C[C@@H](C(=O)NCCc1c[nH]c2ccccc12)[C@@H]1C[C@@]1(C)[C@@H](NC(=O)OCc1ccccc1)c1ccccc1,5.5
C[C@@H](C(=O)NCCc1c[nH]c2ccccc12)[C@H]1C[C@]1(C)[C@H](NC(=O)OCc1ccccc1)c1ccccc1,5.8
C[C@@H](C(=O)NCc1ccc(C(F)(F)F)nc1)[C@H]1C[C@]1(C)[C@H](NC(=O)OCc1ccccc1)c1ccccc1,5.6
C[C@@H](C(=O)NCc1ccc(S(C)(=O)=O)cc1)[C@@H]1C[C@@]1(C)[C@@H](NC(=O)OCc1ccccc1)c1ccccc1,6.0
C[C@@H](C(=O)NCc1ccc(S(C)(=O)=O)cc1)[C@H]1C[C@]1(C)[C@H](NC(=O)OCc1ccccc1)c1ccccc1,5.5
C[C@@H](C(=O)NCc1cccc2ccccc12)[C@H]1C[C@]1(C)[C@H](NC(=O)OCc1ccccc1)c1ccccc1,6.4
C[C@@H](C(=O)NCc1ccccc1)[C@@H]1C[C@@]1(C)[C@@H](NC(=O)OCc1ccccc1)c1ccccc1,5.1
C[C@@H](C(=O)NCc1ccccc1)[C@H]1C[C@]1(C)[C@H](NC(=O)OCc1ccccc1)c1ccccc1,5.2
C[C@@H](C(=O)NCc1ccccn1)[C@@H]1C[C@@]1(C)[C@@H](NC(=O)OCc1ccccc1)c1ccccc1,5.0
C[C@@H](C(=O)NCc1ccccn1)[C@H]1C[C@]1(C)[C@H](NC(=O)OCc1ccccc1)c1ccccc1,5.3
C[C@@H](C(=O)NCc1nc2ccccc2[nH]1)[C@@H]1C[C@@]1(C)[C@@H](NC(=O)OCc1ccccc1)c1ccccc1,6.0
C[C@@H](C(=O)N[C@@H](CO)Cc1ccccc1)[C@@H]1C[C@@]1(C)[C@@H](NC(=O)OCc1ccccc1)c1ccccc1,5.6
C[C@@H](C(=O)N[C@@H](CO)Cc1ccccc1)[C@H]1C[C@]1(C)[C@H](NC(=O)OCc1ccccc1)c1ccccc1,5.9
C[C@@H](C(=O)Nc1ccc(Cl)cc1)[C@H]1CC[C@@H](c2ccnc3ccc(F)cc32)CC1,5.29
C[C@@H](C(=O)Nc1ccc2ccccc2c1)[C@@H]1C[C@@]1(C)[C@@H](N)c1ccccc1,5.1
C[C@@H](C(=O)Nc1ccc2ccccc2c1)[C@@H]1C[C@@]1(C)[C@@H](NC(=O)OCc1ccccc1)c1ccccc1,5.1
C[C@@H](C(=O)Nc1ccc2ccccc2c1)[C@@H]1C[C@@]1(C)[C@@H](NC(=O)Oc1ccc(F)cc1)c1ccccc1,4.8
C[C@@H](C(=O)Nc1ccc2ccccc2c1)[C@@H]1C[C@@]1(C)[C@@H](NC(=O)c1ccccc1)c1ccccc1,5.6
C[C@@H](C(=O)Nc1ccc2ccccc2c1)[C@@H]1C[C@@]1(C)[C@@H](NC(=O)c1cccnc1)c1ccccc1,5.6
C[C@@H](C(=O)Nc1ccc2ccccc2c1)[C@@H]1C[C@@]1(C)[C@@H](NC(=O)c1ccncc1Cl)c1ccccc1,5.0
C[C@@H](C(=O)Nc1ccc2ccccc2c1)[C@@H]1C[C@@]1(C)[C@@H](NC(=O)c1cnccn1)c1ccccc1,6.0
C[C@@H](C(=O)Nc1ccc2ccccc2c1)[C@@H]1C[C@@]1(C)[C@@H](NS(=O)(=O)c1ccc2ccccc2c1)c1ccccc1,4.8
C[C@@H](C(=O)Nc1ccc2ccccc2c1)[C@@H]1C[C@@]1(C)[C@@H](NS(=O)(=O)c1ccccc1)c1ccccc1,5.2
C[C@@H](C(=O)Nc1ccc2ccccc2c1)[C@H]1C[C@]1(C)[C@H](NC(=O)OCc1ccccc1)c1ccccc1,5.6
C[C@@H](C(=O)Nc1ccc2ccccc2c1)[C@H]1C[C@]1(C)[C@H](NC(=O)Oc1ccc(F)cc1)c1ccccc1,6.1
C[C@@H](C(=O)Nc1ccc2ccccc2c1)[C@H]1C[C@]1(C)[C@H](NC(=O)c1ccccc1)c1ccccc1,5.0
C[C@@H](C(=O)Nc1ccc2ccccc2c1)[C@H]1C[C@]1(C)[C@H](NC(=O)c1cccnc1)c1ccccc1,6.2
C[C@@H](C(=O)Nc1ccc2ccccc2c1)[C@H]1C[C@]1(C)[C@H](NC(=O)c1cnccn1)c1ccccc1,6.2
C[C@@H](C(=O)Nc1ccc2ccccc2c1)[C@H]1C[C@]1(C)[C@H](NP(=O)(c1ccccc1)c1ccccc1)c1ccccc1,5.7
C[C@@H](C(=O)Nc1ccc2ccccc2c1)[C@H]1C[C@]1(C)[C@H](NS(=O)(=O)c1ccc(-c2ccccc2)cc1)c1ccccc1,5.0
C[C@@H](C(=O)Nc1ccc2ccccc2c1)[C@H]1C[C@]1(C)[C@H](NS(=O)(=O)c1ccc2ccccc2c1)c1ccccc1,5.1
C[C@@H](C(=O)Nc1ccc2ccccc2c1)[C@H]1C[C@]1(C)[C@H](NS(=O)(=O)c1ccccc1)c1ccccc1,5.6
C[C@@H](C(=O)O)/C(=C/c1ccc2c(c1)OCO2)C(=O)O,5.2
C[C@@H](C(=O)O)[C@@H]1C[C@@]1(C)[C@@H](NC(=O)OCc1ccccc1)c1ccccc1,4.8
C[C@@H](C(=O)O)[C@H]1C[C@]1(C)[C@H](NC(=O)OCc1ccccc1)c1ccccc1,4.9
C[C@@H](C(=O)O)c1ccc(C(=O)c2ccccc2)s1,4.9
C[C@@H](C1CC1)N1Cc2cc(-c3ccn4nc(N)c(-c5cnn(C)c5)c4n3)cc(C(F)(F)F)c2C1=O,6.22
C[C@@H](CCCCC(=O)Nc1ccc(C(F)(F)F)cc1)NCCc1c[nH]cn1,5.3
C[C@@H](CCc1ccc(O)cc1)NCCc1ccc(O)c(O)c1,4.4
C[C@@H](CN(C)C)CN1c2ccccc2CCc2ccccc21,5.05
C[C@@H](CN1CCC(Cc2ccccc2)CC1)[C@H](O)c1ccc(O)cc1,5.0
C[C@@H](CO)NC(=O)[C@@H]1C=C2c3cccc4[nH]cc(c34)C[C@H]2N(C)C1,4.7
C[C@@H](COc1ccc(/C=C\c2ccccc2)cc1)[N+](C)(C)C,5.0
C[C@@H](C[C@@H](CS(=O)(=O)N1CCN(c2ccc(F)cc2)CC1)N(O)C=O)c1ncc(F)cn1,8.85
C[C@@H](C[C@@]1(C2CC2)NC(=O)NC1=O)C(=O)N1CCN(c2ccc(F)c(F)c2)[C@@H](C)C1,5.465
C[C@@H](Cc1ccc(C=O)cc1)NC[C@@H](O)c1ccc(O)c(NCO)c1,5.0
C[C@@H](Cc1ccc(Cl)cc1Cl)NO.Cc1ccc(S(=O)(=O)O)cc1,6.4
C[C@@H](Cc1ccc(O)cc1)NC[C@@H](O)c1cc(O)cc(O)c1,4.6
C[C@@H](Cc1ccc(OCC(=O)[O-])cc1)NC[C@H](O)c1cccc(Cl)c1.[Na+],4.6
C[C@@H](Cc1cccc(C(F)(F)F)c1)NCCCc1ccccc1,5.3
C[C@@H](Cc1cccc(C(F)(F)F)c1)NCCOC(=O)c1ccccc1,6.1
C[C@@H](Cc1ccccc1)Nc1ncnc2c1ncn2[C@@H]1O[C@@H](CO)[C@H](O)[C@@H]1O,5.0
C[C@@H](N)C(=O)N1CCN(c2ccc3[nH]ncc3c2)CC1,5.0
C[C@@H](N)Cn1ccc2cc(F)c(Cl)cc21,4.4
C[C@@H](N)[C@H]1CC[C@H](C(=O)Nc2ccncc2)CC1.Cl.Cl,4.8
C[C@@H](N)c1cc(Cl)ccc1Cn1c(=S)[nH]c(=O)c2[nH]ccc21,5.22
C[C@@H](N)c1cc(Cl)ccc1Cn1c(=S)[nH]c(=O)c2[nH]cnc21,5.06
C[C@@H](NC(=O)/C(C#N)=C/c1ccc(O)c(O)c1)c1ccccc1,4.8
C[C@@H](NC(=O)Nc1cc2[nH]nc(-c3ccnc(F)c3)c2cn1)c1ccccc1,4.54
C[C@@H](NC(=O)Nc1cc2[nH]nc(-c3cnn(C)c3)c2cn1)c1ccccc1,6.42
C[C@@H](NC(=O)c1ccc(F)cc1)c1ccc2c(n1)CCCN2C(=O)OC1CC1,4.22
C[C@@H](NC(=O)c1ccc(F)cc1)c1ccc2c(n1)CCCN2C(=O)c1cccc(Cl)c1,4.7
C[C@@H](NC(=O)c1ccc(F)cc1)c1ccc2c(n1)CCCN2c1ccnc(C(F)(F)F)n1,4.37
C[C@@H](NC(=O)c1ccc2c(c1)nc(-c1ccoc1)n2C1CCCCC1)C(=O)Nc1ccc(/C=C/C(=O)O)cc1,4.91
C[C@@H](Nc1c(Nc2ccn[nH]2)c(=O)c1=O)c1ccccc1,4.4
C[C@@H](Nc1c(Nc2ccncc2)c(=O)c1=O)c1ccccc1,5.89
C[C@@H](O)CC(C)(C)N.Oc1c(Cl)c(Cl)c(Cl)c(Cl)c1Cl,5.6
C[C@@H](O)c1nc2cnc3[nH]ccc3c2n1[C@H]1CC[C@H](C#N)CC1,5.1
C[C@@H](O)c1nc2cnc3[nH]ccc3c2n1[C@H]1CC[C@H](CC#N)CC1,5.06
C[C@@H](O)c1nc2cnc3[nH]ccc3c2n1[C@H]1CC[C@H](CCC#N)CC1,5.17
C[C@@H](OCC#Cc1ccc(C#N)cc1)[C@](O)(Cn1cncn1)c1ccc(F)cc1F,6.22
C[C@@H](OCC#Cc1ccc(F)cc1F)[C@](O)(Cn1cncn1)c1ccc(F)cc1F,6.25
C[C@@H](OCC#Cc1ccncc1)[C@](O)(Cn1cncn1)c1ccc(F)cc1F,6.51
C[C@@H](O[C@H]1CC[C@@H]2CN(C3=CC(=O)CC3)C[C@H]2[C@@H]1c1ccc(F)cc1)c1cc(C(F)(F)F)cc(C(F)(F)F)c1,4.41
C[C@@H](O[C@H]1CN2C(=O)[C@H]3C[C@@](C)(O)C[C@H]3[C@H]2[C@@H]1c1ccc(F)cc1)c1cc(C(F)(F)F)cc(C(F)(F)F)c1,4.64
C[C@@H](O[C@H]1OCCN(Cc2n[nH]c(=O)[nH]2)[C@H]1c1ccc(F)cc1)c1cc(C(F)(F)F)cc(C(F)(F)F)c1,7.7
C[C@@H](Oc1cc(-n2cnc3cc(-c4ccc(NC5CCN(C)CC5)nc4)ccc32)sc1C(N)=O)c1ccccc1Cl,5.135
C[C@@H](Oc1cc(-n2cnc3cc(-c4ccnc(N)c4)ccc32)sc1C(N)=O)c1ccccc1C(F)(F)F,5.19
C[C@@H](Oc1cc(-n2cnc3cc(-c4ccnc(N)n4)ccc32)sc1C(N)=O)c1ccccc1C(F)(F)F,5.17
C[C@@H](Oc1cc(-n2cnc3cc(-c4ccnc(N5CCN(C)CC5)c4)ccc32)sc1C(N)=O)c1ccccc1C(F)(F)F,6.0600000000000005
C[C@@H](Oc1cc(-n2cnc3cc(-c4ccnc(N5CCN(C)CC5)c4)ccc32)sc1C(N)=O)c1ccccc1Cl,5.265000000000001
C[C@@H](Oc1cc(-n2cnc3cc(-c4ccnc(N5CCNCC5)c4)ccc32)sc1C(N)=O)c1ccccc1Cl,5.54
C[C@@H](Oc1cc(-n2cnc3cc(-c4ccnc(N5CCOCC5)c4)ccc32)sc1C(N)=O)c1ccccc1C(F)(F)F,5.125
C[C@@H](Oc1cc(-n2cnc3cc(-c4ccnc(NC5CCN(C)CC5)c4)ccc32)sc1C(N)=O)c1ccccc1Cl,5.645
C[C@@H](Oc1cc(-n2cnc3cc(-c4ccnc(NC5CCN(C)CC5)n4)ccc32)sc1C(N)=O)c1ccccc1Cl,5.41
C[C@@H](Oc1cc(-n2cnc3cc(-c4ccnc(NCCN(C)C)c4)ccc32)sc1C(N)=O)c1ccccc1C(F)(F)F,5.335
C[C@@H](Oc1cc(-n2cnc3cc(-c4ccnc(NCCO)c4)ccc32)sc1C(N)=O)c1ccccc1Cl,5.43
C[C@@H](Oc1cc(-n2cnc3cc(-c4ccnc(NCCS(C)(=O)=O)c4)ccc32)sc1C(N)=O)c1ccccc1Cl,5.46
C[C@@H](Oc1cc(-n2cnc3cc(-c4cnn(C)c4)ccc32)sc1C(N)=O)c1ccccc1Cl,6.7
C[C@@H](Oc1cc(-n2cnc3cc(-c4cnn(CCCN(C)C)c4)ccc32)sc1C(N)=O)c1ccccc1Cl,5.675
C[C@@H](Oc1cc(-n2cnc3cc(-c4cnn(CCN5CCN(C)CC5)c4)ccc32)sc1C(N)=O)c1ccccc1Cl,6.21
C[C@@H](Oc1cc(-n2cnc3cc(-c4cnn(CCN5CCOCC5)c4)ccc32)sc1C(N)=O)c1ccccc1Cl,5.68
C[C@@H](Oc1cc(NC(=O)c2cn(CCN3CCOCC3)c3cc(Br)c(C=O)nc23)ncc1C#N)c1c(Cl)cncc1Cl,5.57
C[C@@H]([C@H](O)c1ccc(O)cc1)N1CCC(Cc2ccccc2)CC1,4.9
C[C@@H]([C@H](O)c1ccc(O)cc1)N1CCC(Cc2ccccc2)CC1.C[C@@H]([C@H](O)c1ccc(O)cc1)N1CCC(Cc2ccccc2)CC1.O=C(O)C(O)C(O)C(=O)O,5.4
C[C@@H]([C@H](O)c1ccc(O)cc1)N1CCC(Cc2ccccc2)CC1.O=C(O)C(O)C(O)C(=O)O,5.0
C[C@@H](c1ccc(-c2cc[nH]c(=O)c2)cc1)N1CC[C@](CC(C)(C)C#N)(c2ccccc2)OC1=O,4.6
C[C@@H](c1ccc(-c2ccc(=O)n(C(F)F)c2)cc1)N1CC[C@](CC(C)(C)O)(c2ccccc2)OC1=O,4.68
C[C@@H](c1ccc(-c2ccc(=O)n(C)c2)cc1)N1CC[C@](CC(C)(C)C#N)(c2ccc(F)cc2)OC1=O,4.64
C[C@@H](c1ccc(-c2ccc(=O)n(C)c2)cc1)N1CC[C@](CC(C)(C)C#N)(c2ccccc2)OC1=O,4.5
C[C@@H](c1ccc(-c2ccc(=O)n(C)c2)cc1)N1CC[C@](CC(C)(C)O)(c2ccccc2)OC1=O,4.32
C[C@@H](c1ccc(-c2ccc(=O)n(C)c2)cc1)N1CC[C@](CCCO)(c2ccccc2)OC1=O,4.98
C[C@@H](c1ccc(-c2ccc(=O)n(C3CC3)c2)cc1)N1CC[C@](CC(C)(C)O)(c2ccccc2)OC1=O,4.36
C[C@@H](c1ccc(-c2ccc(=O)n(C3CC3)n2)cc1)N1CC[C@](CC(C)(C)O)(c2ccccc2)OC1=O,4.8
C[C@@H](c1ccc(-c2ccc(=O)n(CC(F)(F)F)c2)cc1)N1CC[C@](CC(C)(C)O)(c2ccccc2)OC1=O,4.55
C[C@@H](c1ccc(-c2ccc(=O)n(CC(F)(F)F)n2)cc1)N1CC[C@](CC(C)(C)O)(c2ccccc2)OC1=O,4.81
C[C@@H](c1ccc(-c2ccc(=O)n(CC3CC3)c2)cc1)N1CC[C@](CC(C)(C)O)(c2ccccc2)OC1=O,5.0
C[C@@H](c1ccc(-c2ccc(=O)n(CC3CC3)n2)cc1)N1CC[C@](CC(C)(C)O)(c2ccccc2)OC1=O,5.24
C[C@@H](c1ccc(-c2ccc(C#N)cn2)cc1)N1CC[C@](CC(C)(C)O)(c2ccccc2)OC1=O,4.9
C[C@@H](c1ccc(-c2ccc(F)cc2)cc1)N1CC[C@](CC(C)(C)O)(c2ccccc2)OC1=O,5.31
C[C@@H](c1ccc(-c2ccc(F)cc2)cc1)N1CC[C@](CCC(N)=O)(c2ccccc2)OC1=O,4.85
C[C@@H](c1ccc(-c2ccc(F)cc2)cc1)N1CC[C@](CCCO)(c2ccc(F)cc2)OC1=O,5.1
C[C@@H](c1ccc(-c2ccc(F)cc2)cc1)N1CC[C@](CCCO)(c2cccc(F)c2)OC1=O,5.16
C[C@@H](c1ccc(-c2ccc(F)cc2)cc1)N1CC[C@](CCCO)(c2ccccc2)OC1=O,5.0600000000000005
C[C@@H](c1ccc(-c2ccc(F)cc2)cc1)N1CC[C@](CCCO)(c2ccccc2F)OC1=O,5.22
C[C@@H](c1ccc(-c2ccc(F)cc2)cc1)N1CC[C@](CCO)(c2ccc(F)cc2)OC1=O,4.84
C[C@@H](c1ccc(-c2ccc(F)cc2F)cc1)N1CC[C@](CC(C)(C)O)(c2ccc(F)cc2)OC1=O,5.36
C[C@@H](c1ccc(-c2ccc(F)cc2F)cc1)N1CC[C@](CCCN)(c2ccc(F)cc2)OC1=O,5.7
C[C@@H](c1ccc(-c2ccc(F)cc2F)cc1)N1CC[C@](CCCNC(N)=O)(c2ccc(F)cc2)OC1=O,5.4
C[C@@H](c1ccc(-c2ccc(F)cc2F)cc1)N1CC[C@](CCCNS(C)(=O)=O)(c2ccc(F)cc2)OC1=O,5.16
C[C@@H](c1ccc(-c2ccc(F)cc2F)cc1)N1CC[C@](CCCO)(c2ccccc2)OC1=O,5.0649999999999995
C[C@@H](c1ccc(-c2ccc(F)cc2F)cc1)N1CC[C@](CCN)(c2ccc(F)cc2)OC1=O,5.52
C[C@@H](c1ccc(-c2ccc(F)cc2F)cc1)N1CC[C@](CCNC(N)=O)(c2ccc(F)cc2)OC1=O,5.3
C[C@@H](c1ccc(-c2ccc(F)cc2F)cc1)N1CC[C@](CCNS(C)(=O)=O)(c2ccc(F)cc2)OC1=O,5.05
C[C@@H](c1ccc(-c2ccc(F)cc2F)cc1)N1CC[C@](CCNS(N)(=O)=O)(c2ccc(F)cc2)OC1=O,4.92
C[C@@H](c1ccc(-c2ccc(F)cc2F)cc1)N1CC[C@](CCO)(c2ccc(F)cc2)OC1=O,5.025
C[C@@H](c1ccc(-c2ccc(F)cn2)cc1)N1CC[C@](CC(C)(C)O)(c2ccccc2)OC1=O,4.62
C[C@@H](c1ccc(-c2ccc3ncnn3c2)cc1)N1CC[C@](CC(C)(C)O)(c2ccccc2)OC1=O,5.0
C[C@@H](c1ccc(-c2ccccn2)cc1)N1CC[C@](CCCO)(c2ccccc2)OC1=O,4.64
C[C@@H](c1ccc(-c2cccnc2)cc1)N1CC[C@](CCCO)(c2ccccc2)OC1=O,5.68
C[C@@H](c1ccc(-c2ccn(C(F)F)c(=O)c2)cc1)N1CC[C@](CC(C)(C)O)(c2ccccc2)OC1=O,4.54
C[C@@H](c1ccc(-c2ccn(C)c(=O)c2)cc1)N1CC[C@](CC(C)(C)C#N)(c2ccccc2)OC1=O,4.85
C[C@@H](c1ccc(-c2ccn(C3CC3)c(=O)c2)cc1)N1CC[C@](CC(C)(C)O)(c2ccccc2)OC1=O,4.64
C[C@@H](c1ccc(-c2ccn(CC(F)(F)F)c(=O)c2)cc1)N1CC[C@](CC(C)(C)O)(c2ccccc2)OC1=O,4.75
C[C@@H](c1ccc(-c2ccn(CCF)c(=O)c2)cc1)N1CC[C@](CC(C)(C)O)(c2ccccc2)OC1=O,4.48
C[C@@H](c1ccc(-c2ccncc2)cc1)N1CC[C@](CCCO)(c2ccccc2)OC1=O,5.75
C[C@@H](c1ccc(-c2cncc(F)c2)cc1)N1CC[C@](CCCO)(c2ccccc2)OC1=O,4.96
C[C@@H](c1ccc(Br)cc1)N1CC[C@](CC(C)(C)O)(c2ccc(F)cc2)OC1=O,5.41
C[C@@H](c1ccc(Br)cc1)N1CC[C@](CC(C)(C)O)(c2ccccc2)OC1=O,5.51
C[C@@H](c1ccc(Cl)cc1)N1Cc2cncn2C(CC2CC2)S1(=O)=O,6.75
C[C@@H](c1ccc(Cl)cc1)N1Cc2cncn2C(C[C@@H](O)c2ccccc2)S1(=O)=O,6.525
C[C@@H](c1ccc(Cl)cc1)N1Cc2cncn2C(C[C@H](O)c2ccccc2)S1(=O)=O,5.72
C[C@@H](c1ccc(NC(=O)N2CC(c3cccnc3)C2)cc1)N1Cc2ccccc2C1=O,5.52
C[C@@H](c1ccc(NC(=O)N2CC(c3cncc(N)c3)C2)cc1)N1Cc2ccccc2C1=O,5.33
C[C@@H](c1ccc(OC(F)F)cc1)N1CC[C@](CC(C)(C)O)(c2ccc(F)cc2)OC1=O,5.18
C[C@@H](c1ccc(OC(F)F)cc1)N1CC[C@](CC(C)(C)O)(c2ccccc2)OC1=O,5.0
C[C@@H](c1ccc(OC(F)F)cc1)N1CC[C@](CCC(N)=O)(c2ccc(F)cc2)OC1=O,4.57
C[C@@H](c1ccc(OC(F)F)cc1)N1CC[C@](CCO)(c2ccc(F)cc2)OC1=O,4.71
C[C@@H](c1ccccc1)N1C(=O)[C@H]2[C@H]3[C@H](O)[C@H](O)C/C(=N/NC(=O)OCc4ccccc4)[C@@H]3CC[C@@H]2C1=O,5.5
C[C@@H](c1ccccc1)N1C(=O)[C@H]2[C@H]3[C@H](O)[C@H](O)C/C(=N/NC(=O)OCc4ccccc4)[C@H]3CC[C@@H]2C1=O,5.4
C[C@@H](c1ccccc1)N1C(=O)[C@H]2[C@H]3[C@H](O)[C@H](O)C/C(=N/OC[C@@H](O)COCc4ccco4)[C@@H]3CC[C@@H]2C1=O,5.5
C[C@@H](c1ccccc1)N1C(=O)[C@H]2[C@H]3[C@H](O)[C@H](O)C/C(=N/OC[C@@H](O)COCc4ccco4)[C@H]3CC[C@@H]2C1=O,5.4
C[C@@H](c1ccccc1)N1C(=O)[C@H]2[C@H]3[C@H](O)[C@H](O)C/C(=N/OCc4ccccc4)[C@@H]3CC[C@@H]2C1=O,5.3
C[C@@H](c1ccccc1)N1C(=O)[C@H]2[C@H]3[C@H](O)[C@H](O)C/C(=N/OCc4ccccc4)[C@H]3CC[C@@H]2C1=O,5.5
C[C@@H](c1cn(-c2ccc(Cl)cc2F)nn1)[C@](O)(Cn1cncn1)c1ccc(F)cc1F,6.33
C[C@@H](c1nc(-c2ccc(C#N)cc2)cs1)[C@](O)(Cn1cncn1)c1ccc(F)cc1F,6.0
C[C@@H](c1ncncc1F)[C@](O)(Cn1ccnc1)c1ccc(F)cc1F,6.1
C[C@@H](c1ncncc1F)[C@](O)(Cn1ccnn1)c1ccc(F)cc1F,5.1
C[C@@H](c1ncncc1F)[C@](O)(Cn1cncn1)c1ccc(F)cc1F,4.89
C[C@@H](c1ncncc1F)[C@](O)(Cn1cnnc1)c1ccc(F)cc1F,4.29
C[C@@H](c1ncncc1F)[C@](O)(Cn1cnnn1)c1ccc(F)cc1F,4.5
C[C@@H](c1ncncc1F)[C@](O)(Cn1ncnn1)c1ccc(F)cc1F,4.34
C[C@@H](n1ccc2cc(Cl)ccc2c1=O)[C@](O)(Cn1cncn1)c1ccc(F)cc1F,6.15
C[C@@H](n1ccc2cc(Cl)ccc2c1=O)[C@](O)(Cn1cnnn1)c1ccc(F)cc1F,4.89
C[C@@H](n1cnc2cc(Cl)ccc2c1=O)[C@](O)(Cn1cncn1)c1ccc(F)cc1F,7.4
C[C@@H](n1cnc2cc(Cl)ccc2c1=O)[C@](O)(Cn1cnnn1)c1ccc(F)cc1F,4.86
C[C@@H](n1ncc2cc(Cl)ccc2c1=O)[C@](O)(Cn1cncn1)c1ccc(F)cc1F,6.3
C[C@@H](n1ncc2cc(Cl)ccc2c1=O)[C@](O)(Cn1cnnn1)c1ccc(F)cc1F,5.33
C[C@@H]1/C=C\CC(=O)OC[C@H](C)C(=O)N[C@@H](Cc2ccccc2)C(=O)OC1,5.5
C[C@@H]1/C=C\CC(=O)OC[C@H]2O[C@@H](C=C[C@@H]2O)[C@H](C)/C=C\CC(=O)OC1,5.3
C[C@@H]1C(=O)NC2=Nc3cccc(Cl)c3CN21,5.6
C[C@@H]1C(=O)N[C@H](Cc2ccc(F)cc2)C(=O)NCCCc2ccc(F)cc2OCCN[C@@H](C2CC2)C(=O)N1C,5.92
C[C@@H]1C=CCC(=O)OC[C@H](C)C(=O)OC[C@H]2O[C@H]1C=C[C@H]2O,5.4
C[C@@H]1C=C[C@](Cc2ccccc2)(C(=O)NCC2CC2)N1C(=O)c1ccccc1,4.9
C[C@@H]1C=C[C@](Cc2ccccc2)(C(=O)NCCCNc2ncc(C(F)(F)F)cc2Cl)N1C(=O)c1ccccc1,5.4
C[C@@H]1C=C[C@](Cc2ccccc2)(C(=O)NCCN2CCOCC2)N1C(=O)c1ccccc1,5.3
C[C@@H]1C=C[C@](Cc2ccccc2)(C(=O)NCCc2c[nH]c3ccccc23)N1C(=O)c1ccccc1,5.6
C[C@@H]1CC(=O)Nc2ncnc(N3CCN(C(=O)[C@H](CN)c4ccc(Cl)cc4)[C@@H]4C[C@@H]43)c21,5.0
C[C@@H]1CC(=O)Nc2ncnc(N3CCN(C(=O)[C@H](CNC4C5COCC54)c4ccc(Cl)cc4)[C@@H]4C[C@@H]43)c21,5.36
C[C@@H]1CC(=O)Nc2ncnc(N3CCN(C(=O)[C@H](CNC4CC4)c4ccc(Cl)cc4)[C@@H]4C[C@@H]43)c21,5.96
C[C@@H]1CC2(OC3C[C@@]4(C)C5=CC[C@H]6C(C)(C)C(O[C@@H]7OC[C@@H](O)[C@H](O)[C@H]7O)CC[C@@]67C[C@@]57CC[C@]4(C)C31)OC(O)C1(C)OC21,5.3
C[C@@H]1CCC2[C@](C)(CO)C(O)CC[C@@]2(C)[C@@]12CC[C@](CO)(CCO)O2,4.6
C[C@@H]1CCCN(CP(=O)(c2ccccc2)c2ccccc2)C1,5.4
C[C@@H]1CCCN1CCCOc1ccc(N2CCN(C(=O)c3ccc(F)cc3F)CC2=O)cc1.O=CO,4.0
C[C@@H]1CCC[C@H](C2(OC(=O)N3CCN(C(C)(C)CO)CC3)CC2)N1S(=O)(=O)c1ccc(Cl)cc1,6.1
C[C@@H]1CCO[C@H]2Cn3cc(C(=O)NCc4ccc(F)cc4F)c(=O)c(O)c3C(=O)N12,4.27
C[C@@H]1CC[C@@H](Oc2ccnc3c(F)cccc23)CN1C(=O)c1ccccc1-n1nccn1,4.59
C[C@@H]1CC[C@H]2C(=O)N3[C@@H](CC[C@@H](C)[C@@H]3c3ccc(Br)cc3)C(=O)N2[C@@H]1c1ccc(Br)cc1,5.4
C[C@@H]1CC[C@H]2C(=O)NC[C@@H](O)CN2[C@@H]1c1ccc(Br)cc1,5.4
C[C@@H]1CC[C@H]2[C@@H](C)C(=O)O[C@@H]3O[C@@]4(C)CC[C@@H]1[C@]32OO4,4.449999999999999
C[C@@H]1CN(C(=O)OC2([C@H]3COC[C@@H](CC4CC4)N3S(=O)(=O)c3ccc(Cl)cc3)CC2)C[C@H](C)N1CCO,8.7
C[C@@H]1CN(C(=O)[C@H](Cc2ccc(Cl)cc2Cl)NC(=O)C2(c3ccc(Cl)cc3Cl)CC2)CCN1,6.35
C[C@@H]1CN(C(=O)c2cc(Cl)ccc2-n2nccn2)[C@H](Cc2cc(-c3ncccn3)ccc2F)CO1,4.82
C[C@@H]1CN(C(=O)c2cc(Cl)ccc2-n2nccn2)[C@H](Cc2cc(-n3nccn3)ccc2F)CO1,4.72
C[C@@H]1CN(C(=O)c2cc(Cl)ccc2-n2nccn2)[C@H](Cc2cccc(-c3ncccn3)c2)CO1,4.58
C[C@@H]1CN(C(=O)c2cc(Cl)ccc2-n2nccn2)[C@H](Cc2cccc(-n3nccn3)c2)CO1,4.72
C[C@@H]1CN(C(=O)c2ccc(Cl)cc2-n2nccn2)[C@H](Cc2cc(-c3ncccn3)ccc2F)CO1,4.75
C[C@@H]1CN(C(=O)c2ccc(Cl)cc2-n2nccn2)[C@H](Cc2cc(-n3nccn3)ccc2F)CO1,4.85
C[C@@H]1CN(C(=O)c2ccc(Cl)cc2-n2nccn2)[C@H](Cc2cccc(-c3ncccn3)c2)CO1,4.46
C[C@@H]1CN(C(=O)c2ccc(Cl)cc2-n2nccn2)[C@H](Cc2cccc(-n3nccn3)c2)CO1,4.7
C[C@@H]1CN(C(=O)c2cccc(Cl)c2-n2nccn2)[C@H](Cc2cc(-c3ncccn3)ccc2F)CO1,4.62
C[C@@H]1CN(C(=O)c2cccc(Cl)c2-n2nccn2)[C@H](Cc2cc(-n3nccn3)ccc2F)CO1,4.68
C[C@@H]1CN(C(=O)c2cccc(Cl)c2-n2nccn2)[C@H](Cc2cccc(-n3nccn3)c2)CO1,4.64
C[C@@H]1CN(C(=O)c2ccccc2)CCN1C(=O)C(=O)c1c[nH]c2ccncc12,4.890000000000001
C[C@@H]1CN(C(=O)c2ccccc2-n2nccn2)[C@H](Cc2cc(-n3nccn3)ccc2F)CO1,4.68
C[C@@H]1CN(C(=O)c2ccccc2-n2nccn2)[C@H](Cc2cccc(-c3ncccn3)c2)CO1,4.34
C[C@@H]1CN(C(=O)c2ccccc2-n2nccn2)[C@H](Cc2cccc(-n3nccn3)c2)CO1,4.89
C[C@@H]1CN(C)CC[C@H]1c1cc(-c2ccncc2)c(-c2ccc(F)cc2)[nH]1.Cl.Cl,5.13
C[C@@H]1CN(CC2(C(N)=O)CCC2)CCN1S(=O)(=O)c1ccc(C(C)(O)C(F)(F)F)cc1,4.19
C[C@@H]1CN(CC2(c3ccncc3)CC2)CCN1S(=O)(=O)c1ccc(C(C)(O)C(F)(F)F)cc1,6.36
C[C@@H]1CN(CCCn2c3ccccc3c3ccccc32)C[C@H](C)N1,5.1
C[C@@H]1CN(Cc2ccc(-c3cccc(Oc4ncc(F)cc4C(=O)N[C@H]4CC[C@@H](NC(=O)c5cc6ccccn6n5)CC4)c3)cc2)C[C@H](C)N1,6.4
C[C@@H]1CN(Cc2ccc(-c3ccccc3C(=O)N3CCC(C(=O)c4ccc(F)cc4)CC3)cc2)C[C@H](C)N1,5.380000000000001
C[C@@H]1CN(Cc2ccc(-c3ccccc3C(=O)N3CCC(Cc4ccc(F)cc4)CC3)cc2)C[C@H](C)N1,6.26
C[C@@H]1CN(Cc2ccc(-c3ccccc3C(=O)N3CCC(Nc4ccc(Cl)cc4)CC3)cc2)C[C@H](C)N1,5.37
C[C@@H]1CN(Cc2ccc(-c3ccccc3C(=O)N3CCC(Nc4ccccc4)CC3)cc2)C[C@H](C)N1,4.845
C[C@@H]1CN(Cc2ccc(-c3ccccc3C(=O)N3CCC(Oc4ccc(F)cc4)CC3)cc2)C[C@H](C)N1,4.965
C[C@@H]1CN(Cc2ccc(-c3ccccc3CN(C)C(=O)COc3ccc(F)cc3)cc2)C[C@H](C)N1,5.18
C[C@@H]1CN(Cc2ccc(-c3ccccc3CN(C)C(=O)COc3ccccc3)cc2)C[C@H](C)N1,4.890000000000001
C[C@@H]1CN(Cc2ccc(-c3ccccc3CN(C)C(=O)CS(=O)(=O)c3ccccc3)cc2)C[C@H](C)N1,5.285
C[C@@H]1CN(Cc2ccc(-c3ccccc3CN(C)C(=O)Cc3cccc(Cl)c3)cc2)C[C@H](C)N1,5.835
C[C@@H]1CN(Cc2ccc(-c3cccnc3C(=O)N3CCC(Cc4ccc(F)cc4)CC3)cc2)C[C@H](C)N1,5.07
C[C@@H]1CN(Cc2ccc(-c3cccnc3C(=O)N3CCC(Nc4ccc(F)cc4)CC3)cc2)C[C@H](C)N1,5.275
C[C@@H]1CN(Cc2ccc(-n3ccnc3C(=O)N3CCC(Nc4cccc(F)c4)CC3)cc2)C[C@H](C)N1,4.29
C[C@@H]1CN(Cc2ccc(/C=C/c3n[nH]c4cc([C@@H]5C[C@@]56C(=O)Nc5ccccc56)ccc34)cc2)C[C@H](C)O1,5.295
C[C@@H]1CN(Cc2ccc(C(C)(C)C(=O)N3CCC(Nc4ccc(F)cc4)CC3)cc2)C[C@H](C)N1,5.33
C[C@@H]1CN(Cc2ccc(CC(=O)N3CCC(Nc4ccc(F)cc4)CC3)cc2)C[C@H](C)N1,4.3100000000000005
C[C@@H]1CN(Cc2ccc(CC(=O)N3CCC(Nc4cccc(F)c4)CC3)cc2)CCN1,4.35
C[C@@H]1CN(Cc2ccccc2)c2cnccc2[C@H](C)N1C(=O)NCc1ccccc1,7.64
C[C@@H]1CN(c2ccc(C(C)(C)O)nc2)CCN1c1cccc(C(=O)NC2C3CC4CC2CC(O)(C4)C3)n1,5.27
C[C@@H]1CN(c2ccc(S(C)(=O)=O)cc2)CCN1c1cccc(C(=O)NC2C3CC4CC2CC(O)(C4)C3)n1,6.01
C[C@@H]1CN(c2cccnc2C#N)CCN1C(=O)C12CC3CC(CC(C3)C1)C2,5.16
C[C@@H]1CNCCN1S(=O)(=O)c1cccc2cnccc12,5.300000000000001
C[C@@H]1CN[C@@H](C2CC2)C(=O)N(C)[C@H](C)C(=O)N[C@H](Cc2ccc(F)cc2)C(=O)NCCCc2ccccc2O1.Cl.O,5.62
C[C@@H]1COCCN1c1cc(-c2ccnn2C)c2ccnc(-c3ccn[nH]3)c2n1,5.16
C[C@@H]1COCCN1c1nc(-c2cccc3[nH]ccc23)nc2c1CN(C(=O)c1ccc3c(c1)OCO3)C2(C)C,6.0
C[C@@H]1COCCN1c1nc(-c2cccc3[nH]ccc23)nc2c1CN(C(=O)c1cccc(S(C)(=O)=O)c1)C2(C)C,5.5
C[C@@H]1COCCN1c1nc(N2CCOC[C@@H]2C)nc2sc(-c3cc[nH]n3)nc12,4.48
C[C@@H]1COC[C@@H](Cc2cccc(-n3nccn3)c2)N1C(=O)c1ccccc1-n1nccn1,4.62
C[C@@H]1C[C@@H]([C@H](O)CC2CC(=O)NC(=O)C2)C(=O)[C@@H](C)C1,4.8
C[C@@H]1C[C@@H]2[C@@H]3C[C@H](F)C4=CC(=O)C=C[C@]4(C)[C@]3(F)[C@@H](O)C[C@]2(C)[C@]1(CC(=O)CO)C(=O)SCF,5.8
C[C@@H]1C[C@@H]2[C@H]3CCC4=CC(=O)C=C[C@]4(C)[C@]3(Cl)[C@@H](O)C[C@@]2(C)[C@@]1(O)C(=O)CO,5.4
C[C@@H]1C[C@@H]2[C@H]3CCC4=CC(=O)C=C[C@]4(C)[C@]3(F)[C@@H](O)C[C@@]2(C)[C@@]1(O)C(=O)CO,4.75
C[C@@H]1C[C@@H]2[C@H]3CCC4=CC(=O)C=C[C@]4(C)[C@]3(F)[C@@H](O)C[C@]2(C)[C@@]1(O)C(=O)CO,4.9
C[C@@H]1C[C@H]2[C@@H]3CCC4=CC(=O)C=C[C@]4(C)[C@@]3(F)[C@@H](O)C[C@]2(C)[C@@]1(O)C(=O)CO,4.5
C[C@@H]1C[C@H]2[C@@H]3C[C@H](F)C4=CC(=O)C=C[C@@]4(C)[C@]3(F)[C@H](O)C[C@]2(C)[C@@]1(O)C(=O)CO,4.9
C[C@@H]1C[C@H]2[C@H]3C[C@@H](F)C4=CC(=O)C=C[C@]4(C)[C@@]3(Cl)[C@@H](O)C[C@@]2(C)[C@@H]1C(=O)COC(=O)C(C)(C)C,6.4
C[C@@H]1Cc2c([nH]c3ccc(F)cc23)[C@@H](c2c(F)cc(NC3CN(CCCF)C3)cc2F)N1CC(F)(F)CO,5.6850000000000005
C[C@@H]1Cc2c([nH]c3ccccc23)[C@@H](c2c(F)cc(NC3CN(CCCF)C3)cc2F)N1CC(F)(F)CO,4.885
C[C@@H]1Cc2c(ccc3[nH]ncc23)[C@@H](c2c(F)cc(/C=C/C(=O)O)cc2F)N1CC(C)(C)F,4.89
C[C@@H]1Cc2c(ccc3[nH]ncc23)[C@@H](c2ccc(NC3CN(CCCF)C3)cn2)N1CC(F)(F)F,5.66
C[C@@H]1Cc2cc3c(cc2C(c2ccc(N)cc2)=NN1)OCO3,5.6
C[C@@H]1Cc2ccccc2N1C(=O)Cc1nc(N2CCOCC2)cc(=O)[nH]1,4.4
C[C@@H]1O[C@@H](O[C@@H]2[C@@H](O)[C@H](OCCc3ccc(O)c(O)c3)O[C@H](CO[C@@H]3O[C@H](CO)[C@@H](O)[C@H](O)[C@H]3O)[C@H]2OC(=O)/C=C/c2ccc(O)c(O)c2)[C@H](O)[C@H](O)[C@H]1O,5.1
C[C@@H]1O[C@@H]2C3=C(C(=O)[C@H]4O[C@@H]4[C@H]3O)C1[C@@H]1[C@@H](C)OC=C3[C@H](O)[C@H]4O[C@@H]4/C(=N\OCc4ccccc4)[C@@]321,5.2
C[C@@H]1O[C@@H]2C3=C(C(=O)[C@H]4O[C@@H]4[C@H]3O)C1[C@H]1[C@H](C)OC=C3[C@H](O)[C@H]4O[C@H]4/C(=N\OCc4ccccc4)[C@@]321,5.4
C[C@@H]1O[C@H](O[C@@H]2CC[C@@]3(C=O)[C@H]4CC[C@@]5(C)[C@@H](C6=CC(=O)OC6)CC[C@@]5(O)[C@@H]4CC[C@]3(O)C2)C[C@H](O)[C@@H]1O,4.8
C[C@@H]1[C@H](Nc2ncnc3[nH]ccc23)CCCN1C(=O)CNc1cc(Cl)cc(Cl)c1,5.8
C[C@@H]1c2ccccc2CN1CC1=NCCN1,4.5
C[C@@H]1c2n[nH]cc2CN1C1=NC(NCc2c(F)cccc2C(F)(F)F)c2cccc(C(N)=O)c2N1,6.8
C[C@@H]1c2ncn(-c3ccc(F)cn3)c2CCN1C(=O)c1cccc(C(F)(F)F)c1Cl,5.68
C[C@@H]1c2nnc(-c3csc(-c4ccc(F)cc4F)n3)n2CCN1C(=O)c1ccc(-c2cccs2)cc1,4.72
C[C@@H]1c2nnc(-c3csc(-c4ccccc4)n3)n2CCN1C(=O)c1ccc(F)cc1,4.17
C[C@@H]1c2nnn(-c3cnccn3)c2CCN1C(=O)c1cccc(C(F)(F)F)c1Cl,5.64
C[C@@](Cc1ccc(O)c(O)c1)(NN)C(=O)O,4.4
C[C@@](Cc1ccccc1)(NC(=O)CN)c1ccccc1,5.5
C[C@@](N)(C(=O)O)c1ccc(C(=O)O)cc1,6.0
C[C@@](N)(Cc1ccc(O)c(O)c1)C(=O)O,5.6
C[C@@](NCc1ccc2ncsc2c1)(c1cn(C(CCS(C)(=O)=O)C(=O)COc2c(F)c(F)cc(F)c2F)nn1)C1CCCC1,6.7
C[C@@]1(C(=O)Nc2ccc(F)nc2)CCCN1c1nc(Nc2cc(C3CC3)n[nH]2)c2cccn2n1,5.16
C[C@@]1(C(=O)O)NCCc2cc(O)c(O)cc21,4.5
C[C@@]1(C(NC(=O)Cc2ccccc2)c2ccc(-c3ccccc3)cc2)C[C@H]1C1CCCCC1,4.8
C[C@@]1(C(NC(=O)c2cccs2)c2ccc(-c3ccccc3)cc2)C[C@H]1C1CCCCC1,4.7
C[C@@]1(C(NS(=O)(=O)c2cccc3cccnc23)c2ccc(-c3ccccc3)cc2)C[C@H]1C1CCCCC1,4.9
C[C@@]1([C@@H](NP(=O)(c2ccccc2)c2ccccc2)c2ccccc2)C[C@H]1CCO,5.1
C[C@@]1(c2cc(NC(=O)c3ccc(Br)cn3)ccc2F)CO[C@@](C)(C(F)(F)F)C(N)=N1,4.77
C[C@@]1(c2cc(NC(=O)c3ccc(C#N)cn3)ccc2F)C=CSC(N)=N1,4.48
C[C@@]1(c2cc(NC(=O)c3ccc(C#N)cn3)ccc2F)Cn2c(C#N)cnc2C(N)=N1,5.495
C[C@@]1(c2cc(NC(=O)c3ccc(Cl)cn3)ccc2F)Cn2c(C#N)cnc2C(N)=N1,6.05
C[C@@]1(c2cc(NC(=O)c3ccc(F)cn3)ccc2F)Cn2c(C#N)cnc2C(N)=N1,5.36
C[C@@]1(c2cc(NC(=O)c3ncc(Br)cn3)ccc2F)CO[C@@](C)(C(F)(F)F)C(N)=N1,5.1
C[C@@]1(c2cc(NC(=O)c3ncc(C#N)cc3Cl)ccc2F)CO[C@@](C)(C(F)(F)F)C(N)=N1,4.77
C[C@@]1(c2cc(NC(=O)c3ncc(C#N)cc3N)ccc2F)CO[C@@](C)(C(F)(F)F)C(N)=N1,5.16
C[C@@]1(c2cc(NC(=O)c3ncc(OC(F)F)cc3Cl)ccc2F)CO[C@@](C)(C(F)(F)F)C(N)=N1,5.4
C[C@@]1(c2cc(Nc3cc(Cl)cc4cc(Cl)cnc34)ccc2F)COCC(N)=N1,4.48
C[C@@]1(c2nc(NC(=O)c3ncc(C(F)(F)F)cc3Cl)ccc2F)CO[C@@](C)(C(F)(F)F)C(N)=N1,4.96
C[C@@]12C(=O)OC(=O)[C@@]1(C)[C@@H]1CC[C@@H]2O1,5.1
C[C@@]12C(=O)OC(=O)[C@@]1(C)[C@H]1CC[C@@H]2O1,8.2
C[C@@]12C=CC(=O)C=C1CCC1C2CC[C@]2(C)C(=O)CCC12,4.9
C[C@@]12C=CC(=O)C=C1CC[C@@H]1C2=CC[C@]2(C)[C@@H]1CC[C@H]2C(=O)CN1CCN(c2cc(N3CCCC3)nc(N3CCCC3)n2)CC1,5.5
C[C@@]12CCC(=O)C=C1C=CC1C2CC[C@]2(C)C1CC[C@@]21CCC(=O)O1,4.8
C[C@@]12CCC(=O)C=C1CC[C@H]1[C@@H]2[C@@H](O)C[C@]2(C)[C@@H]1CC[C@@]2(O)C(=O)COC(=O)C1CCCC1,5.3
C[C@@]12CCC(O)C[C@H]1CCC1C2CC[C@]2(C)C(=O)CCC12,4.8
C[C@@]12CCC3c4ccc(OC5C=CC(c6ccccc6)OC5CO)cc4CCC3C1CCC2=O,5.5
C[C@@]12CC[C@@H]3[C@@H](CC[C@H]4C[C@@H](O)CC[C@]43C)[C@H]1CC[C@@H]2c1cc(C(F)(F)F)[nH]n1,5.6
C[C@@]12CC[C@@H]3[C@H](CCC4=CC(=O)CC[C@]43C)[C@@H]1CC[C@@H]2C(=O)Cn1cnc2c(S)ncnc21,5.5
C[C@@]12CC[C@@H]3c4ccc(O)cc4C[C@H](CCCCCCCCC[S+]([O-])CCCC(F)(F)C(F)(F)F)[C@H]3[C@@H]1CC[C@@H]2O,6.0
C[C@@]12CC[C@H](O)C[C@@H]1CC[C@H]1[C@H]2CC[C@@]2(C)[C@@H](C3=CC(=O)OC3)CC[C@]12O,5.5
C[C@@]12CC[C@H]3[C@@H](CCC4=C(O)C(=O)CC[C@]43C)[C@H]1CCC2=O,5.6
C[C@@]12CC[C@H]3[C@@H](CCC4=CC(=O)CC[C@]43C)[C@H]1CC[C@H]2C(=O)CO,5.8
C[C@@]12CC[C@H]3[C@@H](CC[C@@H]4C[C@H](O)CC[C@]43C)[C@H]1CC[C@H]2O,5.0
C[C@@]12CC[C@H]3[C@@H](CC[C@@H]4C[C@H]5S[C@H]5C[C@]43C)[C@H]1CC[C@H]2O,5.2
C[C@@]12CC[C@H]3[C@@H](CC[C@H]4C[C@@H](O)CC[C@]43C)[C@H]1CC[C@@H]2C(=O)C[C@H](O)C(F)(F)F,5.5
C[C@@]12C[C@H](O)[C@@H]3[C@H](CCC4=CC(=O)CC[C@]43C)[C@H]1CC[C@@H]2c1csc(N)n1.O=S(=O)(O)c1ccc(Br)cc1,5.6
C[C@H](Br)CN(C[C@H](C)Br)c1ccc2c(c1)Cc1ccccc1-2,5.5
C[C@H](C(=O)Nc1ccc(Cl)cc1)[C@H]1CC[C@]2(CC1)COc1cc(C(F)(F)F)ccc12,5.51
C[C@H](C(=O)c1ccccc1)[C@@H](c1ccccc1)N1CCOCC1,6.3
C[C@H](C(=O)c1ccncc1)c1ccccn1,5.4
C[C@H](C1=C(CCN(C)Cc2ccccn2)Cc2ccccc21)c1cnccn1,5.32
C[C@H](C1=C(CCN(C)Cc2ccco2)Cc2ccccc21)c1cnccn1,5.56
C[C@H](C1=C(CCN(C)Cc2cccs2)Cc2ccccc21)c1cnccn1,5.74
C[C@H](C1=C(CCN(C)Cc2ccncc2)Cc2ccccc21)c1cnccn1,5.89
C[C@H](C1=C(CCN(C)Cc2ncc[nH]2)Cc2ccccc21)c1cnccn1,5.36
C[C@H](C1=C(CCN(C)Cc2nccn2C)Cc2ccccc21)c1cnccn1,5.81
C[C@H](C1=C(CCN(C)Cc2ncco2)Cc2ccccc21)c1cnccn1,5.32
C[C@H](C1=C(CCN(C)Cc2nccs2)Cc2ccccc21)c1cnccn1,5.55
C[C@H](CC(C#N)(c1ccccc1)c1ccccc1)N1CCCCC1,5.4
C[C@H](CCC(=O)NN)[C@@H]1CC[C@@H]2[C@H]3CC[C@H]4C[C@@H](O)CC[C@@]4(C)[C@@H]3CC[C@]21C,6.2
C[C@H](CCC(=O)O)[C@H]1CC[C@H]2[C@@H]3CC[C@@H]4C[C@H](O)CC[C@]4(C)[C@H]3CC[C@]12C,4.5
C[C@H](CCC(=O)O)[C@H]1CC[C@H]2[C@@H]3[C@H](O)C[C@@H]4C[C@H](O)CC[C@]4(C)[C@H]3C[C@H](O)[C@]12C,4.9
C[C@H](CN(C)C)C(C#N)(c1ccccc1)c1ccccc1,5.4
C[C@H](CO)NC(=O)[C@@H]1C[C@H]1[C@@H](NP(=O)(c1ccccc1)c1ccccc1)c1ccccc1,4.9
C[C@H](CO)NC(=O)[C@H](C)[C@@H]1C[C@@]1(C)[C@@H](NC(=O)OCc1ccccc1)c1ccccc1,5.3
C[C@H](CO)NC(=O)[C@H](C)[C@H]1C[C@]1(C)[C@H](NC(=O)OCc1ccccc1)c1ccccc1,5.4
C[C@H](CO)NC(=O)[C@H]1C[C@@H]1[C@H](NP(=O)(c1ccccc1)c1ccccc1)c1ccccc1,5.1
C[C@H](Cc1ccc(O)c(O)c1)[C@@H](C)Cc1ccc(O)c(O)c1,7.0
C[C@H](Cc1cccc(F)c1)Oc1nc(N2CCNC[C@H]2C)ncc1F,5.31
C[C@H](Cn1cnc2c(N)ncnc21)OCP(=O)(O)O,4.34
C[C@H](Cn1cnc2c(N)ncnc21)OCP(=O)(O)OCCCCCCCCCCCCCCCCC#C[Si](C)(C)C.N,4.57
C[C@H](Cn1cnc2c(N)ncnc21)OCP(=O)(O)OCCCOCCCCCCCCCCCCCC#CC(F)(F)F.N,4.92
C[C@H](N)C(=O)OC(C)(C)Cc1ccc(Cl)cc1,5.1
C[C@H](N)C1CCC(C(=O)Nc2ccncc2)CC1,4.8
C[C@H](N)CN1CCc2ccc(Br)cc21,5.8
C[C@H](N)Cc1c[nH]c2ccc(OCc3cccs3)cc12,4.85
C[C@H](N)c1cccc(Cl)c1Cl,4.6
C[C@H](N/C(=N/c1ccncc1)NC#N)C(C)(C)C,5.85
C[C@H](NC(=O)/C(C#N)=C/c1ccc(O)c(O)c1)c1ccccc1,5.5
C[C@H](NC(=O)/C=C/c1ccc(F)cc1)c1ccc(F)c(N2CCOCC2)c1,4.72
C[C@H](NC(=O)/C=C/c1ccccc1)c1cccc(N2CCOCC2)c1,4.345000000000001
C[C@H](NC(=O)C(C)(C)Nc1ccc(C(F)(F)F)cn1)[C@@H](Cc1ccc(Cl)cc1)c1cccc(C#N)c1,5.69
C[C@H](NC(=O)C1CCOCC1)c1ccc(NC(=O)[C@H]2C[C@@H]2c2cccnc2)cc1,4.8
C[C@H](NC(=O)[C@@H]1CCCN1C)c1ccc(NC(=O)[C@H]2C[C@@H]2c2cccnc2)cc1,4.97
C[C@H](NC(=O)[C@@H]1C[C@H]1[C@@H](NC(=O)OCc1ccccc1)c1ccccc1)c1ccccc1,4.9
C[C@H](NC(=O)[C@H]1NCC[C@@H]1O)c1ccc(-c2noc(CCC3CCCCC3)n2)cc1,5.37
C[C@H](NC(=O)c1cccc(F)c1)c1ccc(NC(=O)N2CC(c3cccnc3)C2)cc1,5.51
C[C@H](NC(=O)c1ccccc1)c1ccc(NC(=O)[C@H]2C[C@@H]2c2cccnc2)cc1,4.77
C[C@H](NCCC(c1ccccc1)c1ccccc1)c1ccccc1,5.0
C[C@H](NC[C@H](O)CP(=O)(O)CC1CCCCC1)c1ccc(Cl)c(Cl)c1,4.5
C[C@H](N[C@@H](C)CCc1ccccc1)[C@H](O)c1ccc(O)cc1,5.0
C[C@H](Nc1ncnc(N)c1C#N)c1nc2ccc(F)cc2c(C(=O)N(C)C)c1-c1ccccc1,4.72
C[C@H](Nc1ncnc(N)c1C#N)c1nc2ccc(F)cc2c(C(N)=O)c1-c1ccccc1,4.89
C[C@H](O)C(=O)C1=Nc2c(nc(N)[nH]c2=O)NC1,6.5
C[C@H](O)C(=O)N1CCC(Nc2ccc3[nH]ncc3c2)CC1,6.0
C[C@H](O/N=C1/[C@H]2O[C@@H]2[C@@H](O)[C@H]2[C@H]1CCn1c(=O)n(-c3ccccc3)c(=O)n12)c1cn([C@H](CO)Cc2ccccc2)nn1,5.4
C[C@H](Oc1ccc(Oc2cnc3ccc(Cl)cc3n2)cc1)C(=O)[O-].[Na+],4.7
C[C@H]([C@@H](c1ccc(Nc2nc3ccccc3s2)cc1)n1ccnc1)N(C)C,5.71
C[C@H]([C@@H](c1ccc2cc(OCC(C)(C)C(=O)O)ccc2c1)n1ccnc1)N(C)C,5.2
C[C@H]([C@@H](c1ccc2cc(OCC(C)(C)C(=O)O)ccc2c1)n1ccnc1)N(C)C1CCCCC1,6.35
C[C@H]([C@@H](c1ccc2cc(OCC(C)(C)C(=O)O)ccc2c1)n1ccnc1)N1CCOCC1,5.67
C[C@H]([C@@H](c1ccc2cc(OCC3(C(=O)O)CC3)ccc2c1)n1ccnc1)N(C)C,5.12
C[C@H]([C@@H](c1ccc2cc(OCC3(C(=O)O)CCC3)ccc2c1)n1ccnc1)N(C)C,5.16
C[C@H]([C@@H](c1ccc2cc(OCC3(C(=O)O)CCCC3)ccc2c1)n1ccnc1)N(C)C,5.09
C[C@H]([C@@H](c1ccc2cc(OCC3(C(=O)O)CCCCC3)ccc2c1)n1ccnc1)N(C)C,5.1
C[C@H](c1cccnc1)c1c(CCN(C)C)sc2ccccc12,5.4
C[C@H](c1nc2ncccc2c(=O)n1-c1ccc(O)cc1)N(Cc1cccnc1)C(=O)Cc1ccc(OC(F)(F)F)cc1,6.14
C[C@H]1C2=C3C(CC[C@H]4C(OCc5ccc(F)cc5C(F)(F)F)OC[C@](C)([C@@H]34)N(C(=O)OC(C)(C)C)C2)C(CO)C1CO,4.8
C[C@H]1C2=C3C(CC[C@H]4C(OCc5ccc(F)cc5C(F)(F)F)OC[C@](C)([C@@H]34)N(C(=O)OC(C)(C)C)C2)C2COC(=O)OCC21,4.7
C[C@H]1C2=C3[C@@H](C[C@H]4C(=O)N(c5ccccc5)C(=O)[C@H]4[C@H]3[C@@]3(Cc4ccccc4)/C(=N\CCc4c[nH]c5ccccc45)OC(=O)N3C2=O)[C@H]2C(=O)N(c3ccccc3)C(=O)[C@H]21,5.6
C[C@H]1C=C2C=C[C@H](C)[C@H](CC[C@@H]3C[C@@H](O)CC(=O)O3)[C@H]2[C@@H](OC(=O)[C@@H](C)CCO)C1,4.9
C[C@H]1CC(C)(C)C[C@@](OCCN2CCCCC2)(c2ccccc2)C1,5.5
C[C@H]1CCC/C=C/[C@@H]2C[C@H](O)C[C@@H]2[C@H](O)/C=C\C(=O)O1,4.5
C[C@H]1CCC/C=C/[C@H]2C[C@H](OC(=O)CN(C)C)C[C@@H]2[C@@H](O)/C=C\C(=O)O1,5.4
C[C@H]1CCCC(=O)CCC/C=C/c2cc(O)cc(O)c2C(=O)O1,6.45
C[C@H]1CCC[C@H](O)CCCCCc2cc(O)cc(O)c2C(=O)O1,5.4
C[C@H]1CC[C@@]2(NC1)O[C@@H]1C[C@@H]3[C@@H]4CC=C5C[C@@H](O)CC[C@]5(C)[C@@H]4CC[C@]3(C)[C@H]1[C@@H]2C,5.5
C[C@H]1CC[C@H]2C(=O)N3[C@H](c4ccc(Br)cc4)[C@@H](C)CC[C@H]3C(=O)N2[C@@H]1c1ccc(Br)cc1,5.4
C[C@H]1CC[C@H]2C(=O)N[C@H](Cc3ccccc3)C(=O)N2[C@@H]1c1ccccc1,5.6
C[C@H]1CN(C(=O)[C@H](Cc2ccc(Cl)cc2Cl)NC(=O)C2(c3ccc(Cl)cc3Cl)CC2)CCN1,6.4
C[C@H]1CN(C(C)(C)CO)CCN1C(=O)CC1([C@H]2COC[C@@H](C3CC3)N2S(=O)(=O)c2ccc(F)cc2)CC1,5.66
C[C@H]1CN(C)CC[C@@H]1c1cc(-c2ccncc2)c(-c2ccc(F)cc2)[nH]1.Cl.Cl,5.32
C[C@H]1CN(Cc2ccc(CC(=O)N3CCC(Nc4ccc(F)cc4)CC3)cc2)CCN1,5.08
C[C@H]1CN(Cc2ccc(CC(=O)N3CCC(Nc4cccc(C#N)c4)CC3)cc2)CCN1,4.34
C[C@H]1CN(Cc2ccc(CC(=O)N3CCC(Nc4cccc(F)c4)CC3)cc2)CCN1,4.37
C[C@H]1CN(Cc2ccc(CCC(=O)N3CCC(Nc4cccc(F)c4)CC3)cc2)CCN1,4.875
C[C@H]1CN(S(=O)(=O)C[C@]23CC[C@H](CC2=O)C3(C)C)CCN1c1ncc(C(F)(F)F)cc1F,6.5
C[C@H]1CN(S(=O)(=O)C[C@]23CC[C@H](C[C@@H]2O)C3(C)C)CCN1c1ncc(C(F)(F)F)cc1F,4.87
C[C@H]1CN(S(=O)(=O)c2cccc3cnccc23)CCN1,5.0
C[C@H]1COC(=O)[C@H](Cc2ccccc2)NC(=O)[C@@H](C)COC(=O)[C@H](Cc2ccccc2)NC1=O,5.4
C[C@H]1C[C@@H](c2ccncc2NC(=O)c2nc(-c3c(F)cccc3F)ncc2N)C[C@@H](O)[C@]1(C)O,4.58
C[C@H]1C[C@@H]2[C@H]3CCC4=CC(=O)C=C[C@@]4(C)[C@@]3(Cl)[C@@H](O)C[C@]2(C)[C@]1(OC(=O)c1ccco1)C(=O)CCl,5.4
C[C@H]1C[C@H](C(=O)O)CC[C@H]1NN1CC[C@@]2(S(=O)(=O)c3ccc(F)cc3)c3ccc(C(F)(C(F)(F)F)C(F)(F)F)cc3CC[C@@H]12,4.7
C[C@H]1C[C@]2(O[C@@H]2C)C(=O)O[C@@H]2CCN(C)C/C=C(/COC(=O)[C@]1(C)O)C2=O,4.6
C[C@H]1Cc2ccccc2N1C(=O)Cc1nc(N2CCOCC2)cc(=O)[nH]1,4.4
C[C@H]1OC(=O)[C@]2(c3cc(C(C)(C)C)[nH]n3)CC(F)(F)[C@@H](C)[C@H](/C=C/c3ccc(-c4ccccc4C#N)cn3)[C@H]12,4.3
C[C@H]1OC(=O)[C@]2(c3cc[nH]n3)CC(F)(F)[C@@H](C)[C@H](/C=C/c3ccc(-c4ccccc4C#N)cn3)[C@H]12,5.62
C[C@H]1OC(=O)[C@]2(c3cc[nH]n3)CC(F)(F)[C@@H](C)[C@H](/C=C/c3ccc(-c4cccnc4C#N)cn3)[C@H]12,5.06
C[C@H]1OC(=O)[C@]2(c3n[nH]c(=O)o3)CC(F)(F)[C@@H](C)[C@H](/C=C/c3ccc(-c4cccc(F)c4)cn3)[C@H]12,4.3
C[C@H]1OC(=O)[C@]2(c3n[nH]c(=O)o3)CC(F)(F)[C@@H](C)[C@H](/C=C/c3ccc(-c4ccccc4C#N)cn3)[C@H]12,4.66
C[C@H]1OC(=O)[C@]2(c3nnc(N)o3)CC(F)(F)[C@@H](C)[C@H](/C=C/c3ccc(-c4ccccc4C#N)cn3)[C@H]12,5.0
C[C@H]1[C@H](C)CC[C@]2(C(=O)O)CC[C@]3(C)C(=CCC4[C@@]5(C)C[C@@H](O)[C@H](O)[C@@](C)(CO)[C@@H]5CC[C@]43C)[C@H]12,4.8
C[C@H]1c2cccc(-c3cnn(C)c3)c2C[C@H](CO)N1C(=O)Cc1c(Cl)cccc1Cl,5.5
C[C@H]1c2cccc(CCC(C)(C)O)c2C[C@H](CO)N1C(=O)Cc1c(Cl)cccc1Cl,5.26
C[C@](CN)(Cc1cccnc1)c1ccc2ccccc2c1,5.47
C[C@](N)(Cc1ccc(O)c(O)c1)C(=O)O,4.8
C[C@](O)(C(=O)Nc1ccc(S(=O)(=O)c2ccccc2)cc1)C(F)(F)F,4.5
C[C@](O)(CN1CC2CC(C1)N2c1ccc(C#N)cc1)C(=O)Nc1cnc(C#N)c(C(F)(F)F)c1,4.47
C[C@](O)(c1ccccc1)c1nccc2ccccc12,5.5
C[C@]1(C(=O)NCC2CC2)C=C[C@@H](Cc2ccccc2)N1C(=O)c1ccccc1,5.7
C[C@]1(C(=O)NCCCNc2ncc(C(F)(F)F)cc2Cl)C=C[C@@H](Cc2ccccc2)N1C(=O)c1ccccc1,5.5
C[C@]1(C(=O)NCCN2CCOCC2)C=C[C@@H](Cc2ccccc2)N1C(=O)c1ccccc1,5.1
C[C@]1(C(=O)NCCc2c[nH]c3ccccc23)C=C[C@@H](Cc2ccccc2)N1C(=O)c1ccccc1,5.8
C[C@]1(C(=O)NCc2cc(F)cc(C(F)(F)F)c2)C=C[C@@H](Cc2ccccc2)N1C(=O)c1ccccc1,5.7
C[C@]1(C2CCCC2)Cc2cc(OCC(=O)O)c(Cl)c(Cl)c2C1=O,4.9
C[C@]1(CC(=O)O)O[C@H]2CCCCC[C@H]2O1.NCc1ccccc1,6.6
C[C@]1(CCOc2cc(F)c(S(=O)(=O)Nc3ncns3)cc2F)CC[C@@H](N)CC1,6.11
C[C@]1(CCOc2cc(F)c(S(=O)(=O)Nc3ncns3)cc2F)CC[C@H](N)CC1,5.52
C[C@]1(c2cc(/C=C(\F)c3ccc(C#N)cn3)ccc2F)N=C(N)S[C@@]2(C(=O)N3CCOCC3)C[C@H]21,5.28
C[C@]1(c2ccccc2)O[C@@H]2C[C@@H]3[C@@H]4CCC5=CC(=O)C=C[C@@]5(C)[C@]4(F)[C@H](O)C[C@]3(C)[C@@]2(C(=O)CO)O1,5.5
C[C@]12C/C(=C/O)C(=O)C[C@@H]1CC[C@@H]1[C@@H]2CC[C@@]2(C)[C@H]1CC[C@]2(C)O,4.8
C[C@]12C=CC(=O)C=C1CCC1C2C(O)C[C@]2(C)C1CC[C@]2(O)C(=O)CO,4.6
C[C@]12C=CC(=O)C=C1CC[C@H]1[C@@H]3C[C@@H](O)[C@](O)(C(=O)CO)[C@@]3(C)C[C@H](O)[C@@]12F,4.7
C[C@]12CCC(=O)C=C1CC[C@@H]1[C@@H]2C(=O)C[C@@]2(C)[C@H]1CC[C@]2(O)C(=O)CO,5.0
C[C@]12CCC(=O)C=C1CC[C@@H]1[C@@H]2CC[C@@]2(C)[C@H]1CC[C@]2(O)C(=O)CO,7.6
C[C@]12CCC(=O)C=C1CC[C@@H]1[C@@H]2[C@@H](O)C[C@@]2(C)[C@H]1CC[C@]2(O)C(=O)CO,4.7
C[C@]12CCC(=O)C=C1CCc1ccc(O)cc12,4.6
C[C@]12CCC(=O)C=C1C[C@@H](/C=C/C=C/C=C/[C@@H]1CC3=CC(=O)CC[C@]3(C)[C@H]3CC[C@]4(C)C(=O)CC[C@H]4[C@H]13)[C@@H]1[C@@H]2CC[C@]2(C)C(=O)CC[C@@H]12,5.645
C[C@]12CCC(=O)C[C@@H]1CC[C@@H]1[C@@H]2CC[C@]2(C)[C@@H](O)CC[C@@H]12,4.8
C[C@]12CCC(=O)C[C@H]1CC[C@@H]1[C@@H]2CC[C@]2(C)[C@@H](c3ccc(=O)oc3)CC[C@]12O,6.39
C[C@]12CCC3c4ccc(O)cc4CCC3C1CCC2OC(=O)CCC1CCCC1,5.5
C[C@]12CC[C@@H]3C(=CCc4cc(O)ccc43)[C@@H]1CCC2=O,5.0
C[C@]12CC[C@@H]3c4ccc(B(O)O)cc4C[C@@H](CCCCCCCCC[S+]([O-])CCCCC(F)(F)C(F)(F)F)[C@H]3[C@@H]1CC[C@@H]2O,4.95
C[C@]12CC[C@@H]3c4ccc(CCBr)cc4CC[C@H]3[C@@H]1C[C@H](Cc1cccc(C(N)=O)c1)[C@@H]2O,5.41
C[C@]12CC[C@@H]3c4ccc(O)cc4CC[C@H]3[C@@H]1CCC2=O,5.7
C[C@]12CC[C@@H]3c4ccc(O)cc4CC[C@H]3[C@@H]1CC[C@@H]2O,6.0
C[C@]12CC[C@@H]3c4ccc(O)cc4CC[C@H]3[C@@H]1C[C@H](Cc1cccc(C(N)=O)c1)[C@@H]2O,5.82
C[C@]12CC[C@@H]3c4ccc(OC(=O)c5ccccc5)cc4CC[C@H]3[C@@H]1CCC2=O,5.1
C[C@]12CC[C@H](O)CC1=CC[C@@H]1[C@@H]2CC[C@]2(C)C(=O)CC[C@@H]12,4.8
C[C@]12CC[C@H](O)CC1=CC[C@@H]1[C@@H]2CC[C@]2(C)C(c3cccnc3)=CC[C@@H]12,5.57
C[C@]12CC[C@H](O)C[C@@H]1/C(=N\O)C[C@@H]1[C@@H]2CC[C@]2(C)C(c3cccnc3)=CC[C@@H]12,5.07
C[C@]12CC[C@H](O)C[C@@H]1CC[C@@H]1[C@@H]2CC[C@]2(C)C(=O)CC[C@@H]12,4.7
C[C@]12CC[C@H](O)C[C@@H]1CC[C@H]1[C@H]2CC[C@]2(C)C(=O)CC[C@@H]12,4.8
C[C@]12CC[C@H](O)C[C@@H]1CC[C@H]1[C@H]2CC[C@]2(C)[C@H](C(=O)CO)CC[C@@H]12,6.0
C[C@]12CC[C@H](O)C[C@H]1CC[C@@H]1[C@@H]2CC[C@]2(C)[C@@H](c3ccc(=O)oc3)CC[C@]12O,5.45
C[C@]12CC[C@H]3C(=CCc4cc(O)ccc43)[C@@H]1CCC2=O,4.4
C[C@]12CC[C@H]3[C@@H](CCC4=CC(=O)CC[C@@]43C)[C@@H]1CC[C@@H]2O,7.33
C[C@]12CC[C@H]3[C@@H](C[C@@H](O)C4=CC(=O)CC[C@@]43C)[C@@H]1CC[C@@H]2O,4.98
C[C@]12CC[C@H]3[C@@H]([C@H](/C=C/C=C/C=C/[C@@H]4CC5=CC(=O)CC[C@]5(C)[C@H]5CC[C@]6(C)[C@@H](O)CC[C@H]6[C@H]45)CC4=CC(=O)CC[C@@]43C)[C@@H]1CC[C@@H]2O,5.59
C[C@]12CC[C@H]3[C@@H]([C@H](/C=C/C=C/C=C/[C@@H]4CC5=CC(=O)CC[C@]5(C)[C@H]5CC[C@]6(C)[C@H](O)CC[C@H]6[C@H]45)CC4=CC(=O)CC[C@@]43C)[C@@H]1CC[C@H]2O,5.23
C[C@]12CC[C@H]3[C@@H]([C@H](C/C=C/C[C@@H]4CC5=CC(=O)CC[C@]5(C)[C@H]5CC[C@]6(C)[C@@H](O)CC[C@H]6[C@H]45)CC4=CC(=O)CC[C@@]43C)[C@@H]1CC[C@@H]2O,5.17
C[C@]12CC[C@H]3[C@@H]([C@H](C/C=C\C[C@@H]4CC5=CC(=O)CC[C@]5(C)[C@H]5CC[C@]6(C)[C@@H](O)CC[C@H]6[C@H]45)CC4=CC(=O)CC[C@@]43C)[C@@H]1CC[C@@H]2O,6.265
C[C@]12CC[C@H]3c4ccc(O)cc4CC[C@@H]3[C@H]1CC[C@@H]2OC(=O)CCC1CCCC1,5.4
C[C@]12C[C@H](O)[C@H]3[C@@H](CCC4=CC(=O)CC[C@@]43C)[C@@H]1CC[C@@H]2C(=O)CO,5.1
C[C@]12Cc3cn4c(nc3C=C1CC[C@H]1[C@@H]2CC[C@@]2(C)[C@H]1CC[C@@]2(O)C#N)nc1ccccc14,7.5
C[C@]12N[C@@H](Cc3ccccc31)c1ccccc12,4.95
C[C@]12N[C@H](Cc3ccccc31)c1ccccc12,4.699999999999999
C[N+](C)(C)CCC(=O)c1cccc2ccccc12,6.7
C[N+](C)(C)CCO.[Cl-],4.5
C[N+](C)(CCCCCC[N+](C)(C)CCCN1C(=O)c2cccc3cccc(c23)C1=O)CCCN1C(=O)c2cccc3cccc(c23)C1=O,5.6
C[N+](C)([O-])CCC=C1c2ccccc2CCc2ccccc21,5.9
C[N+]1(C)CCN(c2ccccc2)CC1,5.0
C[N+]1(C)CCO[C@@](O)(c2ccc(-c3ccc([C@]4(O)C[N+](C)(C)CCO4)cc3)cc2)C1,6.9
C[N+]1(C)CCc2cc3c(cc2[C@@H]1[C@@H]1C(=O)Oc2c1ccc1c2OCO1)OCO3,4.85
C[N+]1(C)CCc2cc3c(cc2[C@@H]1[C@@H]1OC(=O)c2c1ccc1c2OCO1)OCO3,4.8
C[N+]1(C)[C@@H]2CC[C@H]1CC(OC(=O)c1c[nH]c3ccccc13)C2,5.1
C[N+]1(C)[C@@H]2C[C@@H](OC(=O)[C@H](CO)c3ccccc3)C[C@H]1[C@@H]1O[C@@H]12,4.7
C[N+]1(CCCCC[N+]2(C)CCCC2)CCCC1.O=C([O-])[C@@H](O)[C@@H](O)C(=O)O.O=C([O-])[C@@H](O)[C@@H](O)C(=O)O,6.0
C[N+]1([O-])CCC2(CC1)C(=O)Nc1cc(/C=C3\c4ccccc4COc4cc(F)ccc43)ccc12,4.58
C[S+]([O-])Cc1ccc(C(=O)Nc2ccc(OCCOCCO)nc2C(=O)NCC2CCC2)c2ccccc12,5.26
C[S+]([O-])c1ccc(-c2nc(-c3ccc(F)cc3)c(-c3ccncc3)[nH]2)cc1,6.1
C[Se]C[C@@H](N)C(=O)O,5.9
C[Si](C)(C)C#Cc1ccccc1NC(=S)Nc1ccccc1,5.1
C[n+]1c(/C=C/c2ccc(O)c3ncccc23)[se]c2ccccc21,5.4
C[n+]1c2cc(N)ccc2cc2ccc(N)cc21.[Cl-],4.6
C[n+]1cc2c3c(ccc2c2ccc4cc5c(cc4c21)OCO5)OCO3,5.2
C[n+]1cc2c3c(ccc2c2ccc4cc5c(cc4c21)OCO5)OCO3.O=S(=O)([O-])O,4.9
Cc1[nH]c(=O)c(C#N)cc1-c1ccc2nccn2c1.Cl,6.9
Cc1[nH]c2c(C)ccc(C)c2c1CC(=O)O,5.5
Cc1[nH]c2c(C)cccc2c1CCNC(=O)c1ccc2c(c1[N+](=O)[O-])C(=O)c1ccccc1C2=O,5.5
Cc1[nH]c2ccc(O)cc2c1CCN,4.8
Cc1[nH]c2ccccc2c1/C=C(\C#N)C(=O)NC(C)c1ccccc1,5.15
Cc1[nH]c2ccccc2c1C(=O)/C=C/c1ccccc1,5.05
Cc1[nH]c2ccccc2c1C(c1ccccn1)N1CCC(C)CC1,5.65
Cc1[nH]c2ccccc2c1CCNC(=O)c1ccc2c(c1[N+](=O)[O-])C(=O)c1ccccc1C2=O,5.05
Cc1[nH]c2ccccc2c1CN(C)C,4.9
Cc1[nH]ccc2c1[nH]c1cc(=O)ccc12,4.4
Cc1[nH]cnc1CN1CCc2c(c3ccccc3n2C)C1=O,6.22
Cc1[nH]n(-c2ccccc2)c(=O)c1CCOC(=O)c1ccc(C(F)(F)F)cc1,4.85
Cc1[nH]n(-c2ccccc2)c(=O)c1CCOC(=O)c1cccc(C(F)(F)F)c1,5.5
Cc1[nH]n(C(C)(C)C)c(=O)c1Sc1ccc(Cl)cc1,4.8
Cc1[nH]nc2ccc(-c3cc(OC[C@@H](N)Cc4c[nH]c5ccccc45)cnc3-c3ccoc3)cc12,7.3
Cc1[nH]ncc1-c1cc(C(F)(F)F)ccc1Oc1ccc(S(=O)(=O)Nc2ncns2)cc1C#N,6.13
Cc1c(-c2c(C#N)c(N)nc3c2CCCCCC3)cnn1C,5.1
Cc1c(-c2c(Cl)cc(C(N)=O)c3[nH]c4cc(C(C)(C)O)ccc4c23)cccc1-n1c(=O)cc2c(Cl)cccn2c1=O,4.96
Cc1c(-c2c(F)cc(C(N)=O)c3[nH]c4c(c23)CC[C@H](C(C)(C)O)C4)cccc1-n1c(=O)c2cccc(F)c2n(C)c1=O,5.07
Cc1c(-c2cc(F)c(N)cc2F)ccc2c3oc(CN)nc3c(=O)n(C3CC3)c12,4.89
Cc1c(-c2ccc(Cl)cc2)noc1C1CCN(CCc2ccccc2)CC1,4.9
Cc1c(-c2ccc(N)c(C(=O)N(C)C)c2F)cnc2c1C1(CC1)CN2,5.19
Cc1c(-c2ccc(O)cc2)nn(-c2ccc(O)cc2)c1-c1ccc(OCCN2CCCCC2)cc1,5.5
Cc1c(-c2ccc3[nH]ncc3c2)ccc2c3oc(CN)nc3c(=O)n(C3CC3)c12,5.89
Cc1c(-c2cccc(OCCCC(=O)O)c2)c(=O)n(C[C@H](N)c2ccccc2)c(=O)n1Cc1c(F)cccc1C(F)(F)F,5.0
Cc1c(-c2cccc(OCCCCC(=O)O)c2)c(=O)n(C[C@H](N)c2ccccc2)c(=O)n1Cc1c(F)cccc1C(F)(F)F,4.66
Cc1c(-c2cccc(OCCCCC(=O)O)c2F)c(=O)n(C[C@@H](c2ccccc2)N(C)C)c(=O)n1Cc1c(F)cccc1C(F)(F)F,4.38
Cc1c(-c2cccc(OCCCCC(=O)O)c2F)c(=O)n(C[C@H](N)c2ccccc2)c(=O)n1Cc1c(F)cccc1C(F)(F)F,4.55
Cc1c(-c2cccc(OCCCCCC(=O)O)c2F)c(=O)n(C[C@H](N)c2ccccc2)c(=O)n1Cc1c(F)cccc1C(F)(F)F,5.09
Cc1c(-c2ccccc2)cc2ccc(Br)cc2c1C(=O)Nc1ccc(C(=O)O)cc1F,4.72
Cc1c(-c2ccccc2)nc2ccc(Br)cc2c1C(=O)NC(C)Cc1ccccn1,5.7
Cc1c(-c2ccccc2)nc2ccc(Br)cc2c1C(=O)NCC(C(=O)O)c1ccccc1Cl,4.87
Cc1c(-c2ccccc2)nc2ccc(Br)cc2c1C(=O)NCC(CC(=O)O)c1ccccc1Cl,4.89
Cc1c(-c2ccccc2)nc2ccc(Br)cc2c1C(=O)NCC(CCC(=O)O)c1c(F)ccc(F)c1Cl,5.3
Cc1c(-c2ccccc2)nc2ccc(Br)cc2c1C(=O)NCC(CCCC(=O)O)c1ccccc1Cl,4.795
Cc1c(-c2ccccc2)nc2ccc(Br)cc2c1C(=O)NCCc1ccccn1,5.22
Cc1c(-c2ccccc2)nc2ccc(Br)cc2c1CNc1ccc(C(=O)O)cc1F,5.05
Cc1c(-c2ccccc2)oc2c(C(=O)OCCN3CCCCC3)cccc2c1=O,5.0
Cc1c(-c2ccccc2)oc2cc(O)ccc2c1=O,4.8
Cc1c(-c2cnc3[nH]ncc3c2)ccc2c3oc(CN)nc3c(=O)n(C3CC3)c12,4.65
Cc1c(-c2noc(-c3ccc(OC(C)C)c(C#N)c3)n2)ccc2c1CCN(C(CO)CO)C2,4.95
Cc1c(/C=C2\SC(=O)N(CC(=O)Nc3ccc4c(c3)OCO4)C2=O)c2ccccc2n1C,6.7
Cc1c(/C=N/NC(=O)c2ccc3c(c2)OCO3)cnn1C,4.65
Cc1c(/N=C/c2ccco2)n(Cc2ccccc2)c2ccccc12,5.15
Cc1c(Br)c([N+](=O)[O-])nn1C(C)C(=O)Nc1ccc2c(c1)OCO2,5.5
Cc1c(Br)c([N+](=O)[O-])nn1C(C)C(=O)Nc1nccs1,4.7
Cc1c(C#N)c(=O)oc2ccc3ccccc3c12,5.45
Cc1c(C(=O)N/N=C/c2ccccc2)sc(=S)n1C,4.6
Cc1c(C(=O)N2CCCCCC2)nnn1-c1nonc1N,4.95
Cc1c(C(=O)NC(C)CCc2ccccc2)cccc1[N+](=O)[O-],4.6
Cc1c(C(=O)NC2CCCCC2)sc2nc3ccc(N)cc3n12.Cl,5.8
Cc1c(C(=O)NCCC2=CCCCC2)cccc1[N+](=O)[O-],4.85
Cc1c(C(=O)NN2CCCCC2)nn(-c2ccc(Cl)cc2Cl)c1-c1ccc(I)cc1,5.0
Cc1c(C(=O)Nc2cnn([C@H](C)c3ccc(C(F)(F)F)cc3C(F)(F)F)c2)noc1-c1ccccn1,4.8
Cc1c(C(=O)Nc2nccs2)sc2nc(-c3cccs3)cc(C(F)(F)F)c12,4.85
Cc1c(C(=O)O)c(O)cc2c1C(=O)c1c(O)c(O[C@H]3OC(CO)C(O)C(O)C3O)c(O)c(O)c1C2=O,4.8
Cc1c(C(=O)O)c(O)cc2c1C(=O)c1c(O)c([C@H]3O[C@H](CO)[C@@H](O)[C@H](O)[C@H]3O)c(O)c(O)c1C2=O,5.0
Cc1c(C(=O)O)oc2ccc(S(=O)(=O)NCc3ccc4c(c3)OCO4)cc12,4.8
Cc1c(C(=O)c2ccc3ccccc3c2)c2cccc3c2n1[C@H](CN1CCOCC1)CO3,5.1
Cc1c(C)c2c(c(C)c1O)CC[C@@](C)(C(=O)O)O2,4.9
Cc1c(C)c2c(c(C)c1O)CC[C@@](C)(CN1CCN(c3cc(N4CCCC4)nc(N4CCCC4)n3)CC1)O2,5.6
Cc1c(C)c2ccc(OCC3CCN(CCCC(F)F)CC3)cc2oc1=O,6.1
Cc1c(C)c2ccc(OCc3cccc(CN(C)CCCC(F)F)c3)cc2oc1=O,6.22
Cc1c(C)n(C(=O)CN2CCC(C)CC2)c2ccccc12,4.75
Cc1c(C)n(C)c2ccc(C(=O)Nc3cccc4ccccc34)cc12,4.85
Cc1c(C)n(C[C@H]2C[C@@H]2C)c2c(OCc3ccc(F)cc3)nncc12,5.22
Cc1c(C2(c3ccc(C(F)(F)F)nc3)CC2)c[nH]c1C(=O)NC(C)c1c[nH]cn1,5.77
Cc1c(C2CCN(CCc3ccccc3)CC2)noc1-c1ccc(Cl)cc1,4.8
Cc1c(C=O)c2ccccn2c1C(=O)c1ccncc1,5.0
Cc1c(CC(C)(C)C(=O)O)n(Cc2ccc(Cl)cc2)c2ccc(F)cc12,4.6
Cc1c(CCC(C)C)c(-n2ccnc2C)n2c(nc3ccccc32)c1C#N,4.85
Cc1c(CCO)c(=O)n(-c2ccccc2)n1S(=O)(=O)c1c(Cl)cc(Cl)cc1Cl,5.35
Cc1c(CCOC(=O)C2C3CC4CC(C3)CC2C4)sc[n+]1CC(=O)c1ccc(Br)cc1.[Br-],4.9
Cc1c(CN(C(=O)[C@H]2CNCC[C@@]23OCc2cc(F)c(F)cc23)C2CC2)cccc1C(F)(F)F,5.64
Cc1c(COc2cc(N)nc3[nH]nnc23)cccc1-c1ccn(C)n1,5.82
Cc1c(Cc2ccc(=O)n(Cc3ccc(F)cc3F)n2)c2cc(F)ccc2n1CC(=O)O,4.8
Cc1c(Cc2ccc(C(F)(F)F)nc2)c[nH]c1C(=O)NC(C)c1cnn(C)c1,5.07
Cc1c(Cc2cccc(NS(N)(=O)=O)c2F)c(=O)oc2cc(OC(=O)N(C)C)c(F)cc12,4.8
Cc1c(Cl)c([N+](=O)[O-])nn1Cc1ccc(C(=O)N/N=C\c2cc(Cl)ccc2O)o1,5.65
Cc1c(Cl)c([N+](=O)[O-])nn1Cc1ccc(C(=O)N/N=C\c2cccc(Br)c2)o1,5.4
Cc1c(Cl)cccc1-c1cc(=O)n(C)c2ccc([C@](N)(c3ccc(Cl)cc3)c3cncn3C)cc12,5.89
Cc1c(Cl)cccc1NC(=O)CC1NCCNC1=O,4.7
Cc1c(Cl)cccc1NC(=O)C[C@H]1Sc2ccccc2NC1=O,5.4
Cc1c(Cl)cccc1NC(=O)c1ccc(-n2ccnc2)nc1,7.4
Cc1c(Cl)cccc1Nc1ccccc1C(=O)O,4.85
Cc1c(Cl)cnc(NC(=O)COC(=O)CCS(=O)(=O)c2ccccc2)c1Cl,4.8
Cc1c(Cl)cnc2sc3c(NC4CC4)ncnc3c12,4.61
Cc1c(Cl)nc(OC[C@H]2C[C@@H]2c2ccccn2)nc1NCc1cnn(C)c1,5.41
Cc1c(F)cc(C(=O)NC2CC2)cc1-c1cc2nnc(-c3c(F)cccc3Cl)n2n(C)c1=O,4.59
Cc1c(F)cncc1-c1nc2cc(F)c(F)cc2n1C1CC1,5.08
Cc1c(F)cncc1-c1nc2ccc(F)cn2c1C1CC1,4.96
Cc1c(N)cccc1N,4.8
Cc1c(N2C(=O)/C(=C3/C(=O)N(C)c4ccccc43)SC2=S)c(=O)n(-c2ccccc2)n1C,4.8
Cc1c(N2C(=O)CS/C2=N\N=C\c2ccc(Cl)cc2)c(=O)n(-c2ccccc2)n1C,4.55
Cc1c(N2CCCC2)cc2c(c1NC(=O)c1ccccc1Cl)C(C)(C)CC2(C)C,6.2
Cc1c(N2CCCCC2)nc2ccc(Br)cc2c1C(=O)NCC(CCC(=O)O)c1c(F)ccc(F)c1Cl,4.859999999999999
Cc1c(N2CCCCC2)nc2ccc(Br)cc2c1C(=O)NCC(CCC(=O)O)c1ccccc1Cl,4.77
Cc1c(N2CCCCCC2)nc2ccc(Br)cc2c1C(=O)NCC(CCC(=O)O)c1ccccc1Cl,5.05
Cc1c(N=C(S)/C=C2\N(C)c3ccccc3C2(C)C)c(=O)n(-c2ccccc2)n1C,5.25
Cc1c(N=C=O)cccc1N=C=O,4.8
Cc1c(NC(=O)/C(=C\c2ccccc2)NC(=O)c2ccccc2)c(=O)n(-c2ccccc2)n1C,5.2
Cc1c(NC(=O)/C=C/c2cn(-c3ccccc3)nc2-c2ccc(F)cc2)c(=O)n(-c2ccccc2)n1C,4.6
Cc1c(NC(=O)C23CC4CC(CC(C)(C4)C2)C3)c(=O)n(-c2ccccc2)n1C,4.5
Cc1c(NC(=O)C2CCN(S(=O)(=O)c3ccc(Cl)cc3)CC2)c(=O)n(-c2ccccc2)n1C,5.1
Cc1c(NC(=O)CCCOc2ccccc2)cccc1[N+](=O)[O-],4.85
Cc1c(NC(=O)CN2C(=O)C3C4C=CC(C4)C3C2=O)c(=O)n(-c2ccccc2)n1C,4.65
Cc1c(NC(=O)CSc2nnc3c4ccccc4n(CCc4ccccc4)c3n2)c(=O)n(-c2ccccc2)n1C,5.0
Cc1c(NC(=O)NC(C)N2C(=O)C3C4C=CC(C4)C3C2=O)c(=O)n(-c2ccccc2)n1C,4.6
Cc1c(NC(=O)OCCNC(=O)COc2c(Cl)cccc2Cl)sc(=S)n1C,4.85
Cc1c(NC(=O)OCCNC(=O)Nc2ccccc2)sc(=S)n1C,4.8
Cc1c(NC(=O)OC[C@@H]2COCCN2)cn2ncnc(Nc3ccc4c(cnn4Cc4cccc(F)c4)c3)c12,5.359999999999999
Cc1c(NC(=O)c2ccc(C(C)(C)C)cc2)cccc1-c1nc(Nc2ccc(C(=O)N3CCOCC3)cc2)c2nc[nH]c2n1,5.01
Cc1c(NCc2cc(Cl)ccc2O)c(=O)n(-c2ccccc2)n1C,4.85
Cc1c(O)c(O)cc2c1oc1c3ccccc3oc(=O)c21,4.7
Cc1c(O)cccc1C(=O)N[C@@H](CSc1ccccc1)[C@H](O)CN1C[C@H]2CCCC[C@H]2C[C@H]1C(=O)NC(C)(C)C,6.13
Cc1c(OC(=O)c2ccc([N+](=O)[O-])cc2)c2c(c[n+]1C)COC(C)(C)OC2.[I-],5.15
Cc1c(OCC(F)(F)F)ccnc1CSc1nc2ccccc2[nH]1,4.95
Cc1c(OCC(F)(F)F)ccnc1C[S+]([O-])c1nc2ccccc2[nH]1,4.8
Cc1c(S(=O)(=O)[O-])oc2c1C(=O)C(=O)c1c-2ccc2c1CCCC2(C)C.[Na+],5.0
Cc1c([C@@H](C)Nc2nnc(C)c3cnc(N4CCOCC4)cc23)cccc1C(F)(F)F,6.19
Cc1c([C@@H](C)[C@H]2NC[C@H](C)C[C@@H]2O)ccc2c1C[C@@H]1[C@H]2CC=C2C[C@@H](O)CC[C@@]21C,5.5
Cc1c2c(=O)n(-c3ccccc3Cl)[nH]c2cc(=O)n1Cc1ccccn1,4.68
Cc1c2c(nc3ccccc13)-c1cccc(=O)n1C2,4.9
Cc1c2ccc(N(C)c3ccnc(Nc4cccc(S(N)(=O)=O)c4)n3)cc2nn1C.Cl.Cl,4.654999999999999
Cc1c2ccc(N(C)c3ccnc(Nc4cccc(S(N)(=O)=O)c4)n3)cc2nn1Cc1ccccc1,4.115
Cc1c2cccc(Sc3ccccc3)c2c2c3c(cccc13)[S+](c1ccccc1)C2,5.5
Cc1c2ccccc2c(C)c2c1ccc1ccccc12,4.9
Cc1c2ccccc2c(CSC(=N)N)c2ccccc12,5.4
Cc1c2ccccc2c(CSC(=N)N)c2ccccc12.Cl,5.0
Cc1c2ccncc2c(C)c2c1[nH]c1ccccc12,6.8
Cc1c2cnccc2c(C)c2c1c1ccccc1n2CCOC(=O)c1ccccc1,6.2
Cc1c2oc3c(C)ccc(C(=O)N[C@@H]4C(=O)N[C@H](C(C)C)C(=O)N5CCC[C@H]5C(=O)N(C)CC(=O)N(C)[C@@H](C(C)C)C(=O)O[C@@H]4C)c3nc-2c(C(=O)N[C@@H]2C(=O)N[C@H](C(C)C)C(=O)N3CCC[C@H]3C(=O)N(C)CC(=O)N(C)[C@@H](C(C)C)C(=O)O[C@@H]2C)c(N)c1=O,4.7
Cc1c[nH]c(=O)n(CCCN2CCN(c3ccccc3OCC(F)(F)F)CC2)c1=O,4.8
Cc1c[nH]c2c(Nc3cccc(Cl)c3)ncc(C(=O)N3CCOCC3)c12,4.32
Cc1c[nH]c2nccc(Oc3c(F)cc(Nc4cc(Cl)nc(N)n4)cc3F)c12,4.39
Cc1c[nH]c2nccc(Oc3ccc(Nc4cc(-c5ccncc5)nc(N)n4)cc3F)c12,5.57
Cc1c[nH]c2nccc(Oc3ccc(Nc4cc(Cl)nc(N)n4)cc3F)c12,4.47
Cc1c[nH]c2nccc(Oc3ccc(Nc4ccnc(N)n4)cc3F)c12,4.52
Cc1c[nH]c2ncnc(-c3ccc(NC(=O)Nc4cccc(C(=O)NC(C)C)c4)cc3)c12,4.66
Cc1cc(-c2[nH]ncc2C)c2cccc(OCc3c(C)ccnc3Cn3cccc(C(F)(F)F)c3=O)c2n1,5.42
Cc1cc(-c2c(Cl)cccc2Cl)cc2nnc(Nc3ccc(OCCN4CCCC4)cc3)nc12,4.21
Cc1cc(-c2cc(-c3ccc(Cl)cc3)nc(N)c2C#N)co1,4.75
Cc1cc(-c2cc(-c3nnc[nH]3)c3nc(C)n(-c4ccnc5c(F)ccc(F)c45)c3c2)ccn1,4.72
Cc1cc(-c2cc(=O)[nH]c(NCc3cccc4ccccc34)n2)ccn1,6.16
Cc1cc(-c2cc(C)c(N)c(C)c2)cc(C)c1N,4.6
Cc1cc(-c2cc(OC(F)(F)F)ccc2Cl)cc(C)c1OCCCC(=O)O,5.48
Cc1cc(-c2ccc(-c3cccc(O)c3)s2)ccc1O,6.3
Cc1cc(-c2ccc(/N=N/c3cc(S(=O)(=O)[O-])c4ccccc4c3N)c(C)c2)ccc1/N=N/c1cc(S(=O)(=O)[O-])c2ccccc2c1N.[Na+].[Na+],4.6
Cc1cc(-c2ccc(/N=N\c3ccc4c(S(=O)(=O)O)cc(S(=O)(=O)O)c(N)c4c3O)c(C)c2)ccc1/N=N\c1ccc2c(S(=O)(=O)O)cc(S(=O)(=O)O)c(N)c2c1O,4.8
Cc1cc(-c2ccc(C(=O)[C@@H]3CCCC[C@H]3C(=O)Nc3cn(C)nc3C(N)=O)c(F)c2)[nH]n1,5.2
Cc1cc(-c2ccc(F)cc2)cc2[nH]c(-c3c(N[C@H](CO)Cc4ccccc4)cc[nH]c3=O)nc12,5.2
Cc1cc(-c2ccc(N)c(C)c2)ccc1N,4.7
Cc1cc(-c2ccc(NS(=O)(=O)c3cc(Cl)cc(Cl)c3)cc2)ccn1,5.33
Cc1cc(-c2ccc(OC[C@@H](N)CC(C)C)c(C#N)c2)ccn1,5.62
Cc1cc(-c2ccc([C@H](C)N3CC[C@](CC(C)(C)O)(c4ccccc4)OC3=O)cc2)nn(C)c1=O,4.51
Cc1cc(-c2ccc3c([C@@H]4C[C@H]5C[C@H]5C[C@H]4C(=O)Nc4cn(C)nc4C(N)=O)noc3c2)n[nH]1,5.5
Cc1cc(-c2ccc3c(c2)-c2nnc(Cc4cccc(Cl)c4)n2CCO3)ccn1,5.97
Cc1cc(-c2ccc3c(c2)-c2nnc(Nc4cccc(C(F)(F)F)c4)n2CCO3)ccn1,4.32
Cc1cc(-c2ccc3c(c2)-c2nnc(Nc4cccc(Cl)c4)n2CCO3)ccn1,4.93
Cc1cc(-c2ccc3c(c2)-c2nnc(Oc4cccc(Cl)c4F)n2CCO3)ccn1,5.08
Cc1cc(-c2cccc(C3=Nc4cc(C)c(C(F)(F)F)cc4NC(=O)C3)c2)cc(C)n1,5.32
Cc1cc(-c2cccc(C3=Nc4cc(C)c(C(F)(F)F)cc4NC(=O)C3)c2)ccn1,5.72
Cc1cc(-c2cccc([N+](=O)[O-])c2)nc2ccc3ccccc3c12.Cl,5.5
Cc1cc(-c2ccccc2)cc2[nH]c(-c3c(N[C@H](CO)Cc4ccccc4)cc[nH]c3=O)nc12,5.44
Cc1cc(-c2ccccc2)nnc1NCCN1CCOCC1,5.0
Cc1cc(-c2ccccc2)nnc1NCCN1CCOCC1.Cl.Cl,4.5
Cc1cc(-c2cccs2)nc(-n2cccc2)n1,4.5
Cc1cc(-c2ccn3nc(N)c(-c4cnn(C)c4)c3n2)cc2c1C(=O)N([C@@H](C)C1CC1)C2,6.35
Cc1cc(-c2ccnc(Nc3cnn(C)c3)n2)ccc1CNC(=O)N1CC(OC(C)C)C1,4.3
Cc1cc(-c2ccnn2C)c2cccc(OCc3c(C)ccnc3CNC(=O)C(C)C)c2n1,5.51
Cc1cc(-c2ccnn2C)c2cccc(OCc3c(C)ccnc3CNC(=O)C3CCCCC3)c2n1,5.6
Cc1cc(-c2cnc3[nH]cc(-c4ccncc4)c3c2)cc2c1C(=O)N([C@@H](C)C1CC1)C2,6.52
Cc1cc(-c2cnn3c(NCC4CC4)cc(N[C@@H]4CCCC[C@H]4O)nc23)ccc1C(=O)NC1CC1,5.7
Cc1cc(-c2cnn3c(NCC4CCOCC4)cc(N[C@@H](C4CC4)C(C)(C)O)nc23)ccc1C(=O)NC1CC1,5.52
Cc1cc(-c2cnn3c(NCC4CCOCC4)nc(NC4CCCC4)nc23)ccc1C(=O)NC1CC1,4.72
Cc1cc(-c2cnn3c(NCC4CCOCC4)nc(Nc4cccc(F)c4)nc23)ccc1C(=O)NC1CC1,6.33
Cc1cc(-c2cnn3c(NCC4CCOCC4)nc(Nc4ccccc4F)nc23)ccc1C(=O)NC1CC1,5.03
Cc1cc(-c2cnn3c(NCC4CCOCC4)nc(Oc4ccccc4)nc23)ccc1C(=O)NC1CC1,6.1
Cc1cc(-c2cnn3c(NCCN4CCOCC4)cc(Oc4cccc(F)c4)nc23)ccc1C(=O)NC1CC1,6.11
Cc1cc(-c2cnn3c(NC[C@H]4C[C@@](C)(O)C4)cc(Oc4cccnc4)nc23)ccc1C(=O)NC1CC1,5.57
Cc1cc(-c2csc(-c3cccc(O)c3)c2)ccc1O,5.82
Cc1cc(-c2n[nH]c3cc(NC(=O)N[C@H](C)c4ccccc4)ncc23)cc(C)n1,6.11
Cc1cc(-c2n[nH]c3cc(NC(=O)N[C@H](C)c4ccccc4)ncc23)ccn1,5.41
Cc1cc(-c2nc(-c3cccnc3)cc(N3CCC(N4CCOCC4)CC3)n2)cc(C)n1,4.4
Cc1cc(-c2ncsc2Cl)c2cccc(OCc3c(C)ccnc3Cn3cccc(C(F)(F)F)c3=O)c2n1,6.52
Cc1cc(-c2sccc2C)nc(-n2cccc2)n1,4.6
Cc1cc(-n2ccnc2)cc2[nH]c(-c3c(N[C@H](CO)Cc4ccccc4)cc[nH]c3=O)nc12,7.22
Cc1cc(-n2ccnc2)cc2nc(-c3c(NCc4ccccn4)cc[nH]c3=O)[nH]c12,7.1
Cc1cc(/C(CC(c2ccc(Br)cc2)c2ccccc2C)=N/O)ccn1,5.3
Cc1cc(/C=C/C#N)cc(C)c1Cc1nc(NC2CCN(Cc3ccc(C(N)=O)cc3)CC2)ncc1-c1cncnc1,4.96
Cc1cc(/C=C/C#N)cc(C)c1Cc1nc(NC2CCN(Cc3ccc(S(C)(=O)=O)cc3)CC2)ncc1-c1cncnc1,5.18
Cc1cc(/C=C/C#N)cc(C)c1Nc1ccnc(Nc2ccc(C#N)cc2)n1,5.66
Cc1cc(/C=C/C#N)cc(C)c1Oc1ccnc(Nc2ccc(CN3CCN(S(C)(=O)=O)CC3)cc2)n1,4.9
Cc1cc(/C=C/C#N)cc(C)c1Oc1nc(NC2CCN(Cc3ccc(S(N)(=O)=O)cc3)CC2)nc2ccsc12,5.23
Cc1cc(/C=C/C#N)cc(C)c1Oc1nc(NC2CCN(Cc3ccc(S(N)(=O)=O)cc3)CC2)nc2sccc12,5.1
Cc1cc(/C=C/C#N)cc(C)c1Oc1nc(Nc2ccc(C#N)cc2)nc2c1CSCC2,4.27
Cc1cc(/C=C/C(=O)/C=C/c2cc(C)c(O)c(C)c2)cc(C)c1O,4.39
Cc1cc(/C=C2\SC(=S)N(Cc3ccco3)C2=O)c(C)n1-c1cccnc1,5.0
Cc1cc(/C=C2\SC(=S)NC2=O)c(C)n1C,4.6
Cc1cc(/C=N/n2cnnc2)c(C)n1-c1ccc(OCc2ccccc2F)cc1,6.65
Cc1cc(/N=N/c2ccccc2C)ccc1N,5.3
Cc1cc(=O)c2c(O)cc(O)c(C)c2o1,4.6
Cc1cc(=O)cc2oc3cc(N)c(-c4c(C)cc(O)cc4O)c(C)c3nc1-2,4.4
Cc1cc(=O)oc(C)c1C(=O)NCc1cccnc1,4.6
Cc1cc(=O)oc2c(O)c(O)ccc12,4.6
Cc1cc(=O)oc2cc(O)c(O)cc12,4.8
Cc1cc(=O)oc2cc(O)cc(O)c12,5.2
Cc1cc(Br)cc2[nH]c(-c3c(N[C@H](CO)Cc4ccccc4)cc[nH]c3=O)nc12,5.51
Cc1cc(Br)ccc1NC(=O)CCSc1ccccc1,5.2
Cc1cc(Br)ccc1NCc1ccccn1.O=C(O)C(=O)O,4.8
Cc1cc(C#N)cc(C)c1Oc1nc(Nc2ccc(C#N)cc2)nc(N)c1Br,4.38
Cc1cc(C(=O)CC#N)c(C)n1CC(F)(F)F,5.5
Cc1cc(C(=O)CSC(=S)SC(C)(C)C)ccc1Cl,5.5
Cc1cc(C(=O)CSc2nnc(-c3ccc(Cl)cc3)n2C)c(C)n1CC1CCCO1,5.7
Cc1cc(C(=O)CSc2nnc(-c3ccccc3)o2)c(C)n1CC1COc2ccccc2O1,5.65
Cc1cc(C(=O)CSc2nnc(N)s2)c(C)n1CCc1ccc(F)cc1,6.5
Cc1cc(C(=O)N(C)C)cc2[nH]c(-c3c(NCC(O)c4cccc(Cl)c4)cc[nH]c3=O)nc12,5.66
Cc1cc(C(=O)N/N=C/C=C/c2ccc3c(c2)OCO3)[nH]n1,5.0
Cc1cc(C(=O)N/N=C/c2ccc(Cl)cc2)c2c(C)nn(-c3ccccc3)c2n1,4.02
Cc1cc(C(=O)N2CCOC[C@H]2Cc2cc(-c3ncon3)ccc2F)c(-n2nccn2)cc1C,4.54
Cc1cc(C(=O)N2CCOC[C@H]2Cc2cccc(-c3ncon3)c2)c(-n2nccn2)cc1C,4.6
Cc1cc(C(=O)N2CCOC[C@H]2Cc2cccc(-n3nccn3)c2)c(-n2nccn2)cc1C,4.7
Cc1cc(C(=O)N2C[C@@H](C)OC[C@H]2Cc2cccc(-n3nccn3)c2)c(-n2nccn2)cc1C,5.01
Cc1cc(C(=O)NC2CC2)cc2[nH]c(-c3c(NCC(O)c4cccc(Cl)c4)cc[nH]c3=O)nc12,5.0
Cc1cc(C(=O)NC2CCCC2)cc2[nH]c(-c3c(NCC(O)c4cccc(Cl)c4)cc[nH]c3=O)nc12,5.8
Cc1cc(C(=O)NC2CCCCC2)cc2[nH]c(-c3c(NCC(O)c4cccc(Cl)c4)cc[nH]c3=O)nc12,4.96
Cc1cc(C(=O)NNC(S)=NC(C)c2ccccc2)c2ccccc2n1,4.85
Cc1cc(C(=O)N[C@@H](c2ccccc2)[C@]2(C)C[C@H]2[C@@H](C)C(=O)Nc2ccc3ccccc3c2)n(C)n1,6.1
Cc1cc(C(=O)N[C@@H](c2ccccc2)[C@]2(C)C[C@H]2[C@@H](C)C(=O)Nc2ccc3ccccc3c2)no1,5.5
Cc1cc(C(=O)N[C@@H]2CC(C)(C)Oc3nc(-c4ccc(Cl)cc4Cl)c(-c4ccc(Cl)cc4)cc32)n[nH]1,5.48
Cc1cc(C(=O)N[C@H](c2ccccc2)[C@@]2(C)C[C@@H]2[C@@H](C)C(=O)Nc2ccc3ccccc3c2)n(C)n1,6.1
Cc1cc(C(=O)N[C@H](c2ccccc2)[C@@]2(C)C[C@@H]2[C@@H](C)C(=O)Nc2ccc3ccccc3c2)no1,5.1
Cc1cc(C(=O)N[C@H]2CC[C@@H](NC(=O)c3cc(F)cnc3Oc3cccc(-c4ccc(O)cc4CN4CCOCC4)c3)CC2)nn1C,6.3
Cc1cc(C(=O)Nc2ccc(C(F)(F)F)cc2)nn1Cc1cccc(N2CCN(C(=O)C3CC3)CC2)c1,5.13
Cc1cc(C(=O)Nc2ccc(N3CCOCC3)cc2)c2ccccc2n1,4.8
Cc1cc(C(=O)Nc2ccc(OC(F)(F)F)cc2)nn1Cc1cccc(N2CCN(C(=O)C3CC3)CC2)c1,5.16
Cc1cc(C(=O)OCC(=O)NCCC(C)C)c2ccccc2n1,4.8
Cc1cc(C(=O)c2cnc(/N=C/N(C)C)s2)cc(C)c1O,4.6
Cc1cc(C(C#N)c2ccc(Cl)cc2)c(Cl)cc1NC(=O)c1cc(I)cc(I)c1O,5.3
Cc1cc(C(C#N)c2cccc(Cl)c2)n2ncnc2n1,4.85
Cc1cc(C(C)(C)C)c(O)c(C)c1CC1=NCCN1,4.8
Cc1cc(C(C)(C)C)c(O)c(C)c1CC1=NCCN1.Cl,4.6
Cc1cc(C(C)(C)C)c(OCCCN2CCOCC2)c(C(C)(C)C)c1,5.5
Cc1cc(C(C)(C)C)cc(C)c1CC1=NCCN1.Cl,4.4
Cc1cc(C(C)(C)NC(=O)C(Br)C(C)(C)C)cc(C)n1,4.89
Cc1cc(C(F)(F)F)n2nc(-c3cnn(C)c3C(F)(F)F)cc2n1,4.75
Cc1cc(C(F)(F)F)nc(SCC(=O)c2cccc([N+](=O)[O-])c2)n1,4.95
Cc1cc(C(F)(F)F)nn1CC(=O)Nc1cccnc1,4.6
Cc1cc(C(F)F)n2nc(C(=O)Nc3sc4c(c3C#N)CCC(C)C4)nc2n1,4.8
Cc1cc(C(N)=O)c2c3ncnc(N4CCN(CCc5ccc(F)c(F)c5)CC4)c3n(C)c2n1,6.68
Cc1cc(C(N)=O)nn1-c1cccc(-c2cc(C(F)(F)F)ccc2C(F)(F)F)c1,4.29
Cc1cc(C)c(-n2nccn2)c(C(=O)N2CCOC[C@H]2Cc2cccc(-n3nccn3)c2)c1,4.82
Cc1cc(C)c(/C=C2/C(=O)Nc3ccccc32)[nH]1,5.1
Cc1cc(C)c(C#N)c(OCC(=O)c2ccc(Br)cc2)n1,5.45
Cc1cc(C)c(C#N)c(Oc2ccc(F)cc2)n1,5.05
Cc1cc(C)c(C#N)c(SCC(=O)c2ccc(Cl)cc2Cl)n1,4.75
Cc1cc(C)c(C#N)c(SC[S+]([O-])c2ccc(C(C)(C)C)cc2)n1,5.1
Cc1cc(C)c(C#N)c(SCc2cc3c(cc2Cl)OCO3)n1,5.4
Cc1cc(C)c(C(N)=O)c(SCC(=O)c2ccc(Cl)cc2)n1,4.5
Cc1cc(C)c(C)c(S(=O)(=O)ON2C(=O)c3ccccc3C2=O)c1C,4.4
Cc1cc(C)c(Cn2cnc(-c3ccc([N+](=O)[O-])cc3)c2)c(C)c1,5.1
Cc1cc(C)c(N)cc1C,4.4
Cc1cc(C)c(N2C(=O)NC(=O)/C(=C\NCCN3CCOCC3)C2=O)c(C)c1,4.6
Cc1cc(C)c(NC(=O)C(C)Sc2nnc(-c3ccco3)n2-c2ccccc2)c(C)c1,5.45
Cc1cc(C)c(NC(=O)C2CCCN2C)c(C)c1,4.6
Cc1cc(C)c(NC(=O)COc2ccc(C(=S)N3CCCCC3)cc2)c(C)c1,6.6
Cc1cc(C)c(NC(=O)CSc2nnc(Cc3cccn3C)n2-c2ccc(F)cc2)c(C)c1,5.8
Cc1cc(C)c(NC(=O)C[C@H](CC(=O)[O-])c2cccc3ccccc23)c(C(=O)N2CCC3(CCCC3)CC2)c1.[Na+],4.8
Cc1cc(C)c(NC(=O)C[S+]([O-])CC(=O)NCCCc2ccccc2)c(C)c1,5.45
Cc1cc(C)c(S(=O)(=O)N2CCCCC2)c(C)c1N(C)S(=O)(=O)c1ccccc1,5.95
Cc1cc(C)c(S(=O)(=O)N2CCN(c3ccc([N+](=O)[O-])c(NCC4CCCO4)c3)CC2)c(C)c1,5.45
Cc1cc(C)c(S(=O)(=O)N2CCN(c3ccc([N+](=O)[O-])c(NCc4ccco4)c3)CC2)c(C)c1,5.15
Cc1cc(C)c(S(=O)(=O)NCC23C=CC(O2)C2C(=O)N(c4ccccc4)C(=O)C23)c(C)c1,5.55
Cc1cc(C)c(S(=O)(=O)NCC2CCC(C(=O)NCc3ccc4c(c3)OCO4)CC2)c(C)c1,6.05
Cc1cc(C)c(S(=O)(=O)NNC(=O)C2CCN(Cc3ccccc3)CC2)c(C)c1,4.65
Cc1cc(C)c(S(=O)(=O)N[C@@H](C)CNc2cccc3c2cnn3-c2ccc(F)cc2)c(C)c1,5.0
Cc1cc(C)c(S(=O)(=O)Nc2c(C)nc(O)nc2O)c(C)c1,4.75
Cc1cc(C)c(S(=O)(=O)Nc2cccc(C(F)(F)F)c2)c(C)c1,4.9
Cc1cc(C)c(S(=O)(=O)Nc2ccccc2C(F)(F)F)c(C)c1,5.6
Cc1cc(C)c(S(=O)(=O)n2ccc(-c3ccc(OCCN(C)c4ccccn4)cc3)n2)c(C)c1,5.65
Cc1cc(C)c(S(C)(=O)=O)c(Oc2ccc(C(C)(C)C)cc2)n1,4.85
Cc1cc(C)c2c(-n3cccc3)c(C(=O)NNS(=O)(=O)c3ccc(Br)cc3)sc2n1,4.95
Cc1cc(C)c2c(-n3cccc3)c(C(=O)NNS(=O)(=O)c3ccc(Cl)cc3)sc2n1,5.0
Cc1cc(C)c2c(-n3cccc3)nn(CC#N)c2n1,4.8
Cc1cc(C)c2c(c1)C1C=CCC1C(c1ccc(S(=O)(=O)N3CCOCC3)cc1)N2,5.55
Cc1cc(C)c2cc(C#N)c(NCCOC(=O)c3ccccc3C)nc2c1,5.15
Cc1cc(C)c2cc(CN(Cc3nnnn3Cc3ccc(F)cc3)C3CCCC3)c(O)nc2c1,5.0
Cc1cc(C)c2nc(-c3ccccn3)cc(C(=O)Nc3ccc(S(=O)(=O)Nc4cc(C)on4)cc3)c2c1,4.75
Cc1cc(C)c2nc(O)c(CN(Cc3ccco3)C(=O)c3cccs3)cc2c1,5.55
Cc1cc(C)cc(-c2[nH]c3ccc(C(C)(C)C(=O)N4C5CCC4CC5)cc3c2[C@H](C)CNCCc2ccc3[nH]c(C)nc3c2)c1,5.3
Cc1cc(C)cc(-c2[nH]c3ccc(C(C)(C)C(=O)N4C5CCC4CC5)cc3c2[C@H](C)CNCCc2ccc3ncoc3c2)c1,6.0
Cc1cc(C)cc(-c2[nH]c3ccc(C(C)(C)C(=O)N4C5CCC4CC5)cc3c2[C@H](C)CNCCc2cccc3cnccc23)c1,6.0
Cc1cc(C)cc(-c2[nH]c3ccc(C(C)(C)C(=O)N4CC5CCC4CC5)cc3c2[C@H](C)CNCCc2c[nH]c3ncnc-3c2)c1,5.4
Cc1cc(C)cc(-c2[nH]c3ccc(C(C)(C)C(=O)N4CC5CCC4CC5)cc3c2[C@H](C)CNCCc2ccc3[nH]cnc3c2)c1,7.0
Cc1cc(C)cc(-c2[nH]c3ccc(C(C)(C)C(=O)N4CC5CCC4CC5)cc3c2[C@H](C)CNCCc2ccc3[nH]nnc3c2)c1,5.12
Cc1cc(C)cc(-c2[nH]c3ccc(C(C)(C)C(=O)N4CC5CCC4CC5)cc3c2[C@H](C)CNCCc2ccc3nsnc3c2)c1,6.0
Cc1cc(C)cc(-c2[nH]c3sc(C(C)(C)C(=O)N4C5CCC4CC5)cc3c2CCN2CCN(CC(=O)N3CCOCC3)CC2)c1,7.0
Cc1cc(C)cc(-n2nnc(C(=O)NCc3ccccc3Cl)c2N)c1,4.8
Cc1cc(C)cc(-n2nnnc2-c2cn(C)nc2C(F)(F)F)c1,4.8
Cc1cc(C)cc(-n2nnnc2SCC(=O)Nc2nc(-c3ccc(Cl)cc3)cs2)c1,5.4
Cc1cc(C)cc(-n2nnnc2SCC(=O)Nc2nc(-c3ccc(F)cc3)cs2)c1,5.8
Cc1cc(C)cc(/C=C/C2OCC(O)C2Oc2ccc(C3CCCC3)cc2)c1,5.45
Cc1cc(C)cc(C#CC2C=CC(Oc3ccc(C4CCCC4)cc3)C(CO)O2)c1,5.4
Cc1cc(C)cc(C(=N)c2ccccc2Cc2cccc3ccccc23)c1,5.6
Cc1cc(C)cc(C(=O)N(C)[C@H](Cc2ccc(-c3ccccc3)cc2)C(=O)N[C@@H](Cc2c[nH]c3ccccc23)C(=O)O)c1,4.6
Cc1cc(C)cc(C(=O)N(NC(=O)Nc2ccc(Cl)cc2)C(C)(C)C)c1,4.8
Cc1cc(C)cc(COc2ccc(N(CCN)C(=O)c3ccc(Cl)cc3Cl)cc2)c1.Cl,8.52
Cc1cc(C)cc(CSCC(=O)N/N=C/c2ccc(OCC(=O)NCc3ccco3)cc2)c1,5.3
Cc1cc(C)cc(N(C(=O)Cc2cccs2)C(C(=O)NC2CCCCC2)c2ccccn2)c1,6.05
Cc1cc(C)cc(N(C(=O)c2ccccn2)C(C(=O)NC2CCCCC2)c2cccs2)c1,5.3
Cc1cc(C)cc(N(C(=O)c2csnn2)C(C(=O)NC(C)(C)C)c2cccs2)c1,5.3
Cc1cc(C)cc(N(CC(=O)NCCSc2ccccn2)S(=O)(=O)c2ccccc2)c1,5.4
Cc1cc(C)cc(N2C(=O)/C(=C/NC3CCS(=O)(=O)C3)c3ccccc3C2=O)c1,5.0
Cc1cc(C)cc(N2C(=O)CC(Sc3nnnn3-c3ccccc3)C2=O)c1,5.7
Cc1cc(C)cc(NC(=O)CC(=N)NO)c1,4.55
Cc1cc(C)cc(NC(=O)CCc2nc3ccccc3[nH]2)c1,5.55
Cc1cc(C)cc(NC(=O)CSc2nnc(-c3ccoc3C)n2Cc2ccco2)c1,5.7
Cc1cc(C)cc(NC(=O)N2CCCC2C(=O)Nc2ccc(-n3cnnn3)c(C)c2)c1,5.3
Cc1cc(C)cc(Nc2nccc(-n3cc(C)c(CN4CC[C@@H](O)C4)c3)n2)c1,5.29
Cc1cc(C)cc(OCC(=O)NNC(=O)c2cc(C)[nH]n2)c1,4.55
Cc1cc(C)cc(OP(=O)(Oc2cc(C)cc(C)c2)Oc2cc(C)cc(C)c2)c1,5.6
Cc1cc(C)cc(O[C@H](C(=O)O)[C@@]2(c3ccccc3)NCC(=O)N(Cc3c(F)cc(F)cc3F)c3ccccc32)c1,4.85
Cc1cc(C)cc(S(=O)(=O)Nc2ccc(F)c(C(=O)c3c[nH]c4ncnc(NC(C)C)c34)c2F)c1,5.12
Cc1cc(C)n(-c2cc(N3CCN(C(=O)c4ccc(C(C)(C)C)cc4)CC3)ccc2[N+](=O)[O-])n1,4.45
Cc1cc(C)n(-c2cc(N3CCN(S(=O)(=O)c4ccc(C)c(C)c4)CC3)ccc2[N+](=O)[O-])n1,5.5
Cc1cc(C)n(-c2cc(NC(=O)CN3CCN(C)CC3)nc(-c3nccs3)n2)n1,4.89
Cc1cc(C)n(-c2ccc(C(=O)Nc3cc(C(F)(F)F)ccc3N3CCOCC3)cc2)n1,4.85
Cc1cc(C)n(-c2nc(-c3ccc(Cl)c(Cl)c3)cs2)n1,4.65
Cc1cc(C)n(-c2nc(Nc3ccccc3C)nc(-n3nc(C)cc3C)n2)n1,5.1
Cc1cc(C)n(-c2nc(SCCN(C)C)c3c4c(sc3n2)CCCC4)n1,4.75
Cc1cc(C)n(-c2nc3ccccc3c(=O)n2OCc2ccc(Cl)cc2)n1,4.85
Cc1cc(C)n(-c2nnc(C)n2/N=C/c2ccccc2OCc2ccccc2Cl)n1,5.65
Cc1cc(C)n(C(=O)CCCCCCCCC(=O)n2nc(C)cc2C)n1,5.35
Cc1cc(C)n(C(=O)c2cc3c(s2)CCCC3)n1,4.4
Cc1cc(C)n(CC(=O)N2CCc3c2ccc(-c2cn(C)c4ncnc(N)c24)c3F)n1,4.69
Cc1cc(C)n(CC(NC(=O)NC2CCN(Cc3ccn(-c4ccc(C(F)(F)F)cc4)c3)CC2)c2ccccc2)n1,6.1
Cc1cc(C)n(CC(O)COc2ccccc2)n1,4.8
Cc1cc(C)n(CCCNCC(O)c2ccccc2)n1.O=C(O)C(=O)O,4.45
Cc1cc(C)n(Cc2ccc(NC(=O)c3ccc(COc4ccccc4Br)cc3)cc2)n1,4.85
Cc1cc(C)n2nc(-c3sccc3-n3cccc3)cc2n1,5.45
Cc1cc(C)n2nc(SCN3C(=O)c4ccccc4C3=O)nc2n1,5.2
Cc1cc(C)n2nc(SCc3cc(=O)oc4ccc5ccccc5c34)nc2n1,5.65
Cc1cc(C)nc(NC(=O)COc2ccc(Cl)cc2)c1,5.5
Cc1cc(C)nc(NC[C@@H]2CC3(CC3)CN2C(=O)c2nc(C)sc2-c2ccccc2)n1,5.1
Cc1cc(C)nc(NS(=O)(=O)c2ccc(N)cc2)n1,4.4
Cc1cc(C)nc(Nc2n[nH]c(-c3cccc4ccccc34)n2)n1,4.85
Cc1cc(C)nc(Nc2n[nH]c(COc3ccc4ccccc4c3)n2)n1,5.3
Cc1cc(C)nc(Nc2n[nH]c(COc3cccc4ccccc34)n2)n1,5.65
Cc1cc(C)nc(O[C@H](C(=O)O)[C@@]2(c3cccc(-c4ccccc4)c3)NCC(=O)N(Cc3c(F)cc(F)cc3F)c3ccccc32)n1,5.16
Cc1cc(C)nc(O[C@H](C(=O)O)[C@@]2(c3ccccc3)NCC(=O)N(Cc3c(F)cc(F)cc3F)c3ccccc32)n1,4.39
Cc1cc(C)nc(SCC(=O)N/N=C\c2sccc2C)n1,4.8
Cc1cc(C)nc(SCc2nnc(SCC(N)=O)n2Cc2ccco2)n1,4.8
Cc1cc(C2(c3cc(C)c(O)cc3C)OS(=O)(=O)c3ccccc32)c(C)cc1O,5.1
Cc1cc(C2=NC(C)(C)CN2)cc2[nH]c(-c3c(NCC(O)c4cccc(Cl)c4)cc[nH]c3=O)nc12,4.89
Cc1cc(C2=NC(C)CN2)cc2[nH]c(-c3c(NCC(O)c4cccc(Cl)c4)cc[nH]c3=O)nc12,5.37
Cc1cc(C2=NCCCN2)cc2[nH]c(-c3c(NCC(O)c4cccc(Cl)c4)cc[nH]c3=O)nc12,4.8
Cc1cc(C2=NCCN2C)cc2[nH]c(-c3c(NCC(O)c4cccc(Cl)c4)cc[nH]c3=O)nc12,4.46
Cc1cc(C2C(C#N)=C(N)OC3=C2C(=O)CC(C)(C)C3)c(C)s1,5.45
Cc1cc(C2C(C#N)=C(N)Oc3[nH]nc(C)c32)c(C)s1,5.15
Cc1cc(C2C=CN=CN2)c(C)s1.Cl,4.7
Cc1cc(C2CCN(C)CC2)cc2[nH]c(-c3c(NCCn4cc(Cl)cn4)cc[nH]c3=O)nc12,4.4
Cc1cc(C2CCN(C)CC2)cc2[nH]c(-c3c(NC[C@@H](O)c4cccc(Cl)c4)cc[nH]c3=O)nc12,4.85
Cc1cc(C2CCN(CCCF)CC2)cc2[nH]c(-c3c(NCCn4cc(Cl)cn4)cc[nH]c3=O)nc12,4.58
Cc1cc(C2CCN(CCCF)CC2)cc2[nH]c(-c3c(NC[C@@H](O)c4cccc(Cl)c4)cc[nH]c3=O)nc12,4.55
Cc1cc(C2CCN(CCO)CC2)cc2[nH]c(-c3c(NCCn4cc(Cl)cn4)cc[nH]c3=O)nc12,4.64
Cc1cc(C=O)c(C)n1-c1ccc(NC2CCCC2)c([N+](=O)[O-])c1,5.35
Cc1cc(CC(=O)N(C)Cc2ccccc2-c2ccc(CN3C[C@@H](C)N[C@@H](C)C3)cc2)on1,4.4
Cc1cc(CC(=O)Nc2ccn(Cc3ccc(C#N)cn3)n2)ccc1OC(F)(F)F,4.77
Cc1cc(CC(=O)Nc2ccn(Cc3ccc(C#N)cn3)n2)ccc1OCC(F)(F)F,4.34
Cc1cc(CC(=O)Nc2ccn(Cc3ccc(C#N)cn3)n2)ccc1OCCC(F)(F)F,4.64
Cc1cc(CC(NC(=O)N2CCC(N3Cc4ccccc4NC3=O)CC2)C(=O)N2CCC(N3CCCCC3)CC2)cc2cn[nH]c12,5.29
Cc1cc(CCCOc2c(C)cc(-c3noc(C(F)(F)F)n3)cc2C)on1,5.2
Cc1cc(CN2Cc3nc(C)c(CN)c(-c4ccc(Cl)cc4Cl)c3C2=O)no1,5.33
Cc1cc(CNC(=O)C(C)Cc2ccccc2)nn1C,5.0
Cc1cc(CNC(=O)[C@@H]2C[C@H]2[C@@H](NP(=O)(c2ccccc2)c2ccccc2)c2ccccc2)nn1C,6.4
Cc1cc(CNC(=O)[C@H](C)[C@@H]2C[C@@]2(C)[C@@H](NC(=O)OCc2ccccc2)c2ccccc2)nn1C,5.6
Cc1cc(CNC(=O)[C@H](C)[C@H]2C[C@]2(C)[C@H](NC(=O)OCc2ccccc2)c2ccccc2)nn1C,5.8
Cc1cc(CNC(=O)[C@H]2C[C@@H]2[C@H](NP(=O)(c2ccccc2)c2ccccc2)c2ccccc2)nn1C,5.6
Cc1cc(CNc2ccc(Cc3c[nH]c4ncc(Cl)cc34)c(F)n2)ccn1,5.3
Cc1cc(CSc2ccccc2)ccc1NC(=O)COc1ccccc1,4.9
Cc1cc(CSc2ccccc2)ccc1NC(=O)c1cccc([N+](=O)[O-])c1,4.95
Cc1cc(C[C@@H](NC(=O)N2CCC(N3Cc4cccc(F)c4NC3=O)CC2)C(=O)N2CCC(N3CCCCC3)CC2)cc2cn[nH]c12,4.845000000000001
Cc1cc(C[C@@H](NC(=O)N2CCC(N3Cc4ccccc4NC3=O)CC2)C(=O)N2CCC(N3CCCCC3)CC2)c(Cl)c2cn[nH]c12,5.63
Cc1cc(C[C@@H](NC(=O)N2CCC(N3Cc4ccccc4NC3=O)CC2)C(=O)N2CCC(N3CCCCC3)CC2)cc2cn[nH]c12,4.83
Cc1cc(C[C@@H](NC(=O)N2CCC(N3Cc4ccccc4NC3=O)CC2)C(=O)N2CCC(N3CCCCC3)CC2)cc2nn[nH]c12,5.14
Cc1cc(C[C@@H](NC(=O)N2CCC(c3cc4ccccc4[nH]c3=O)CC2)C(=O)N2CCN(C3CCN(C)CC3)CC2)cc2cn[nH]c12,4.62
Cc1cc(Cc2ccc(Cl)c(Oc3cc(F)cc(C#N)c3)c2F)n[nH]c1=O,4.62
Cc1cc(Cl)c(OCCOc2ccc(C3=C(C(=O)N(Cc4cccc(Cl)c4Cl)C4CC4)CNCC3)cc2)c(Cl)c1,6.1
Cc1cc(Cl)c(OCCOc2ccc([C@H]3CCNC[C@@H]3C(=O)N(Cc3cc(CCNC(=O)CC(F)(F)F)ccc3Cl)C3CC3)cc2)c(Cl)c1,5.449999999999999
Cc1cc(Cl)c(OCCOc2ccc([C@H]3CCNC[C@@H]3C(=O)N(Cc3cc(CNC(=O)CC(F)(F)F)ccc3Cl)C3CC3)cc2)c(Cl)c1,5.25
Cc1cc(Cl)c(OCCOc2ccc([C@H]3CCNC[C@@H]3C(=O)N(Cc3cc(CNCC(F)F)ccc3Cl)C3CC3)cc2)c(Cl)c1,5.415
Cc1cc(Cl)c(OCCOc2ccc([C@H]3CCNC[C@@H]3C(=O)N(Cc3cc(CNCCF)ccc3Cl)C3CC3)cc2)c(Cl)c1,5.07
Cc1cc(Cl)c(OCCOc2ccc([C@H]3CCNC[C@@H]3C(=O)N(Cc3cccc(C)c3C)C3CC3)cc2)c(Cl)c1,5.045
Cc1cc(Cl)cc(N2C=Nc3cc(C)c(-c4cc(F)cc(C(N)=O)c4)cc3C2C(=O)N(C)C[C@@H]2CCCN2)c1,6.0
Cc1cc(Cl)cc(OCCn2cc(F)cn2)c1-c1nc(N)nc2c1CN(C(=O)NCC(C)(F)F)C2,5.33
Cc1cc(Cl)cc(OCCn2cc(F)cn2)c1-c1nc(N)nc2c1CN(C(=O)NCC(F)(F)F)C2,5.85
Cc1cc(Cl)cc2c(-c3ccccc3)c(C(=O)O)c(N3CCCCC3)nc12,4.8
Cc1cc(Cl)cc2c(C(O)c3ccccn3)c3c(C)n[nH]c3nc12,5.33
Cc1cc(Cl)cc2c(C(O)c3cccnc3)c3c(C)n[nH]c3nc12,5.82
Cc1cc(Cl)cc2c(C(O)c3ccncc3)c3c(C)n[nH]c3nc12,6.41
Cc1cc(Cl)cc2c(C(O)c3cncn3C)c3c(C)n[nH]c3nc12,6.31
Cc1cc(Cl)cc2c(C(O)c3ncco3)c3c(C)n[nH]c3nc12,5.5649999999999995
Cc1cc(Cl)ccc1Nc1sc(C(=O)c2cc3cc(Cl)ccc3o2)c(N)c1C#N,5.4
Cc1cc(Cl)ccc1OCC(=O)N/N=C1\CCCc2ccccc21,4.9
Cc1cc(Cl)ccc1OCC(=O)NCc1ccncc1,5.85
Cc1cc(Cl)ccc1OCCCC(=O)N1CCN(C)CC1,4.9
Cc1cc(Cl)ccc1Oc1ncc(-c2ccc(Cl)cc2)cn1,5.15
Cc1cc(Cl)nc2ccc(Cc3ccc4nc(Cl)cc(C)c4c3)cc12,5.5
Cc1cc(Cn2cnc3c2C[C@@H](C(=O)O)N(C(=O)C(c2ccccc2)c2ccccc2)C3)ccc1N(C)C.O=C(O)C(F)(F)F.O=C(O)C(F)(F)F,4.9
Cc1cc(F)ccc1-c1cc(C2(C)CCCC(CC(=O)O)C2)ncc1N(C)C(=O)C(C)(C)c1cc(C(F)(F)F)cc(C(F)(F)F)c1,5.15
Cc1cc(F)ccc1-c1cc(C2CCC(C(=O)O)CC2)ncc1N(C)C(=O)C(C)(C)c1cc(C(F)(F)F)cc(C(F)(F)F)c1,4.89
Cc1cc(F)ccc1-c1cc(C2CCC(C(C)C(=O)O)CC2)ncc1N(C)C(=O)C(C)(C)c1cc(C(F)(F)F)cc(C(F)(F)F)c1,4.96
Cc1cc(F)ccc1-c1cc(C2CCC(CC(=O)O)CC2)nc(C#N)c1N(C)C(=O)C(C)(C)c1cc(C(F)(F)F)cc(C(F)(F)F)c1,5.21
Cc1cc(F)ccc1-c1cc(C2CCC(CC(=O)O)CC2)nc(C)c1N(C)C(=O)C(C)(C)c1cc(C(F)(F)F)cc(C(F)(F)F)c1,5.31
Cc1cc(F)ccc1-c1cc(C2CCC(CC(=O)O)CC2)nc(Cl)c1N(C)C(=O)C(C)(C)c1cc(C(F)(F)F)cc(C(F)(F)F)c1,5.48
Cc1cc(F)ccc1-c1cc(C2CCC(CC(=O)O)CC2)ncc1N(C)C(=O)C(C)(CO)c1cc(C(F)(F)F)cc(C(F)(F)F)c1,4.89
Cc1cc(F)ccc1-c1cc(C2CCC(CCC(=O)O)CC2)ncc1N(C)C(=O)C(C)(C)c1cc(C(F)(F)F)cc(C(F)(F)F)c1,5.17
Cc1cc(F)ccc1-c1cc(C2CCC(O)(CC(=O)O)CC2)ncc1N(C)C(=O)C(C)(C)c1cc(C(F)(F)F)cc(C(F)(F)F)c1,5.21
Cc1cc(F)ccc1-c1cc(C2CCC3(CC2)CC3C(=O)O)ncc1N(C)C(=O)C(C)(C)c1cc(C(F)(F)F)cc(C(F)(F)F)c1,4.96
Cc1cc(F)ccc1-c1cc(C2CCCC(CC(=O)O)C2)ncc1N(C)C(=O)C(C)(C)c1cc(C(F)(F)F)cc(C(F)(F)F)c1,5.03
Cc1cc(F)ccc1-c1cc(N2CCC(C(C)(C)C(=O)O)CC2)ncc1N(C)C(=O)C(C)(C)c1cc(C(F)(F)F)cc(C(F)(F)F)c1,5.39
Cc1cc(F)ccc1-c1cc(N2CCC(C(C)C(=O)O)CC2)nc(C#N)c1N(C)C(=O)C(C)(C)c1cc(C(F)(F)F)cc(C(F)(F)F)c1,5.85
Cc1cc(F)ccc1-c1cc(N2CCC(C)(CC(=O)O)CC2)nc(C#N)c1N(C)C(=O)C(C)(C)c1cc(C(F)(F)F)cc(C(F)(F)F)c1,5.42
Cc1cc(F)ccc1-c1cc(N2CCC(C)(CC(=O)O)CC2)ncc1N(C)C(=O)C(C)(C)c1cc(C(F)(F)F)cc(C(F)(F)F)c1,5.2
Cc1cc(F)ccc1-c1cc(N2CCC(CC(=O)O)C(C)(C)C2)ncc1N(C)C(=O)C(C)(C)c1cc(C(F)(F)F)cc(C(F)(F)F)c1,5.43
Cc1cc(F)ccc1-c1cc(N2CCC(CC(=O)O)C(C)C2)ncc1N(C)C(=O)C(C)(C)c1cc(C(F)(F)F)cc(C(F)(F)F)c1,5.32
Cc1cc(F)ccc1-c1cc(N2CCC(CC(=O)O)CC2)nc(C#N)c1N(C)C(=O)C(C)(C)c1cc(C(F)(F)F)cc(C(F)(F)F)c1,5.58
Cc1cc(F)ccc1-c1cc(N2CCC(CC(=O)O)CC2)ncc1N(C)C(=O)C(C)(C)c1cc(C(F)(F)F)cc(C(F)(F)F)c1,5.21
Cc1cc(F)ccc1-c1cc(N2CCC([C@@H](C)C(=O)O)CC2)nc(C#N)c1N(C)C(=O)C(C)(C)c1cc(C(F)(F)F)cc(C(F)(F)F)c1,5.31
Cc1cc(F)ccc1-c1cc(N2CCC([C@H](C)C(=O)O)CC2)nc(C#N)c1N(C)C(=O)C(C)(C)c1cc(C(F)(F)F)cc(C(F)(F)F)c1,5.34
Cc1cc(F)ccc1-c1cc([C@H]2CC[C@@H](C(C)(C)C(=O)O)CC2)ncc1N(C)C(=O)C(C)(C)c1cc(C(F)(F)F)cc(C(F)(F)F)c1,5.66
Cc1cc(F)ccc1-c1cc([C@H]2CC[C@@H](CC(=O)O)CC2)nc(C#N)c1N(C)C(=O)C(C)(C)c1cc(C(F)(F)F)cc(C(F)(F)F)c1,5.38
Cc1cc(F)ccc1-c1cc([C@H]2CC[C@@H](CC(=O)O)CC2)ncc1N(C)C(=O)C(C)(C)c1cc(C(F)(F)F)cc(C(F)(F)F)c1,5.12
Cc1cc(F)ccc1-c1cc([C@H]2CC[C@H](C(C)(C)C(=O)O)CC2)ncc1N(C)C(=O)C(C)(C)c1cc(C(F)(F)F)cc(C(F)(F)F)c1,5.57
Cc1cc(F)ccc1-c1cc([C@H]2CC[C@H](CC(=O)O)CC2)nc(C#N)c1N(C)C(=O)C(C)(C)c1cc(C(F)(F)F)cc(C(F)(F)F)c1,5.26
Cc1cc(F)ccc1-c1cc([C@H]2CC[C@H](CC(=O)O)CC2)ncc1N(C)C(=O)C(C)(C)c1cc(C(F)(F)F)cc(C(F)(F)F)c1,5.09
Cc1cc(F)ccc1OC1C=CC(c2ccc3c(c2)OCO3)OC1CO,5.5
Cc1cc(F)ccc1S(=O)(=O)Nc1ccccc1C(=O)Nc1ccccc1N1CCOCC1,6.05
Cc1cc(N(CN2CCCC2=O)C(=O)c2ccc(F)cc2)no1,5.4
Cc1cc(N)c2ccccc2[n+]1CCCCCCCCCCCCCC[n+]1c(C)cc(N)c2ccccc21,5.0
Cc1cc(N)c2ccccc2[n+]1CCCCCCCCCC[n+]1c(C)cc(N)c2ccccc21,5.5
Cc1cc(N)c2ccccc2[n+]1CCCCCCCCCC[n+]1c(C)cc(N)c2ccccc21.[Cl-].[Cl-],4.8
Cc1cc(N)n(-c2ccc3ccccc3c2)n1,4.55
Cc1cc(N)n2ncc(-c3ccc(Cl)cc3)c2n1,4.8
Cc1cc(N2CCC(C3c4c(F)cccc4-c4cncn43)CC2)ccc1-c1cnn(C)c1,6.52
Cc1cc(N2CCC(N(C)C)CC2)cc2[nH]c(-c3c(NC[C@@H](O)c4cccc(Cl)c4)cc[nH]c3=O)nc12,8.41
Cc1cc(N2CCC(N3CCCC3)CC2)cc2[nH]c(-c3c(NC[C@@H](O)c4cccc(Cl)c4)cc[nH]c3=O)nc12,8.35
Cc1cc(N2CCC(N3CCCC3C)C2)ccc1NC(=O)Nc1cc(Cl)cc(Cl)c1,4.89
Cc1cc(N2CCC(N3CCN(C(=O)C4CC4)CC3)CC2)cc2[nH]c(-c3c(NC[C@@H](O)c4cccc(Cl)c4)cc[nH]c3=O)nc12,8.77
Cc1cc(N2CCC(N3CCN(C(=O)N4CCN(C)CC4)CC3)CC2)cc2[nH]c(-c3c(NC[C@@H](O)c4cccc(Cl)c4)cc[nH]c3=O)nc12,7.4
Cc1cc(N2CCC(N3CCN(C(=O)N4CCOCC4)CC3)CC2)cc2[nH]c(-c3c(NC[C@@H](O)c4cccc(Cl)c4)cc[nH]c3=O)nc12,7.72
Cc1cc(N2CCC(N3CCN(C(=O)OCCO)CC3)CC2)cc2[nH]c(-c3c(NC[C@@H](O)c4cccc(Cl)c4)cc[nH]c3=O)nc12,8.74
Cc1cc(N2CCC(N3CCN(C)CC3)CC2)cc2[nH]c(-c3c(NC[C@@H](O)c4cccc(Cl)c4)cc[nH]c3=O)nc12,8.62
Cc1cc(N2CCC(N3CCOCC3)CC2)cc2[nH]c(-c3c(NC[C@@H](O)c4cccc(Cl)c4)cc[nH]c3=O)nc12,7.08
Cc1cc(N2CCC(N3C[C@@H](C)O[C@@H](C)C3)CC2)cc2[nH]c(-c3c(NC[C@@H](O)c4cccc(Cl)c4)cc[nH]c3=O)nc12,8.51
Cc1cc(N2CCC(N3C[C@@H]4C[C@@H]3CO4)CC2)cc2[nH]c(-c3c(NC[C@@H](O)c4cccc(Cl)c4)cc[nH]c3=O)nc12,9.3
Cc1cc(N2CCC(N3C[C@@H]4C[C@H]3CO4)CC2)cc2[nH]c(-c3c(NC[C@@H](O)c4cccc(Cl)c4)cc[nH]c3=O)nc12,6.3
Cc1cc(N2CCC(NC(=O)C3CC3)CC2)cc2[nH]c(-c3c(NC[C@@H](O)c4cccc(Cl)c4)cc[nH]c3=O)nc12,9.15
Cc1cc(N2CCC(NC(=O)OC(C)(C)C)CC2)cc2[nH]c(-c3c(NC[C@@H](O)c4cccc(Cl)c4)cc[nH]c3=O)nc12,4.8
Cc1cc(N2CCC(O)CC2)cc2[nH]c(-c3c(NC[C@@H](O)c4cccc(Cl)c4)cc[nH]c3=O)nc12,9.4
Cc1cc(N2CCC(OCCO)CC2)cc2[nH]c(-c3c(NC[C@@H](O)c4cccc(Cl)c4)cc[nH]c3=O)nc12,8.89
Cc1cc(N2CCC3(CC2)OCCO3)cc2[nH]c(-c3c(NC[C@@H](O)c4cccc(Cl)c4)cc[nH]c3=O)nc12,9.15
Cc1cc(N2CCN(C(=O)CCCF)CC2)cc2[nH]c(-c3c(NC[C@@H](O)c4cccc(Cl)c4)cc[nH]c3=O)nc12,6.1
Cc1cc(N2CCN(C(=O)OC(C)(C)C)CC2)cc2[nH]c(-c3c(NC[C@@H](O)c4cccc(Cl)c4)cc[nH]c3=O)nc12,5.72
Cc1cc(N2CCN(C)CC2)cc2[nH]c(-c3c(NC[C@@H](O)c4cccc(Cl)c4)cc[nH]c3=O)nc12,5.46
Cc1cc(N2CCN(C)CC2)nc2ccc(NC(=O)CCC(=O)NCc3ccco3)cc12,4.8
Cc1cc(N2CCN(CC#N)CC2)cc2[nH]c(-c3c(NC[C@@H](O)c4cccc(Cl)c4)cc[nH]c3=O)nc12,5.85
Cc1cc(N2CCN(CC(=O)NCCF)CC2)cc2[nH]c(-c3c(NC[C@@H](O)c4cccc(Cl)c4)cc[nH]c3=O)nc12,5.62
Cc1cc(N2CCN(CCC#N)CC2)cc2[nH]c(-c3c(NC[C@@H](O)c4cccc(Cl)c4)cc[nH]c3=O)nc12,5.96
Cc1cc(N2CCN(CCCF)CC2)cc2[nH]c(-c3c(NC[C@@H](O)c4cccc(Cl)c4)cc[nH]c3=O)nc12,6.35
Cc1cc(N2CCN(CCCO)CC2)cc2[nH]c(-c3c(NC[C@@H](O)c4cccc(Cl)c4)cc[nH]c3=O)nc12,5.72
Cc1cc(N2CCN(CCF)CC2)cc2[nH]c(-c3c(NC[C@@H](O)c4cccc(Cl)c4)cc[nH]c3=O)nc12,5.88
Cc1cc(N2CCN(CCO)CC2)cc2[nH]c(-c3c(NC[C@@H](O)c4cccc(Cl)c4)cc[nH]c3=O)nc12,5.48
Cc1cc(N2CCN(S(C)(=O)=O)CC2)cc2[nH]c(-c3c(NC[C@@H](O)c4cccc(Cl)c4)cc[nH]c3=O)nc12,6.22
Cc1cc(N2CCN(c3nc4ccccc4s3)CC2)n2ncnc2n1,4.4
Cc1cc(N2CCNCC2)cc2[nH]c(-c3c(NC[C@@H](O)c4cccc(Cl)c4)cc[nH]c3=O)nc12,5.52
Cc1cc(N2CCOCC2)cc2[nH]c(-c3c(NCCc4ncn(C)c4Cl)cc[nH]c3=O)nc12,5.72
Cc1cc(N2CCOCC2)cc2[nH]c(-c3c(NCCn4cc(Cl)cn4)cc[nH]c3=O)nc12,5.68
Cc1cc(N2CCOCC2)cc2[nH]c(-c3c(NC[C@@H](O)c4cccc(Cl)c4)cc[nH]c3=O)nc12,6.3
Cc1cc(N2CCOCC2)nc(SCc2ccc(Cl)cc2Cl)n1,5.65
Cc1cc(N2CCOCC2)nc2ccc(Cc3ccc4nc(N5CCOCC5)cc(C)c4c3)cc12,5.5
Cc1cc(N2CCOc3ncnc(N)c3C2=O)cc(C)c1C#CC(C)(C)CC(=O)O,4.34
Cc1cc(N2CC[C@@H](N)C2)cc2[nH]c(-c3c(NC[C@@H](O)c4cccc(Cl)c4)cc[nH]c3=O)nc12,4.75
Cc1cc(N2CCc3c(c(C)nn3CC34CCC(N5CCCC5)(CC3)CC4)C2)c2cnn(C)c2n1,4.75
Cc1cc(N2CCc3c(c(C)nn3CC34CCC(NC(=O)CN5CCC5)(CC3)CC4)C2)c2cnn(C)c2n1,4.77
Cc1cc(N2CCc3c(c(C)nn3CC34CCC(NC(=O)[C@@H]5CNCCO5)(CC3)CC4)C2)c2cnn(C)c2n1,5.26
Cc1cc(N2CCc3c(c(C)nn3CC34CCC(NC5CCC5)(CC3)CC4)C2)c2cnn(C)c2n1,4.55
Cc1cc(N2CCc3c(c(C)nn3CC34CCC(NC5COC5)(CC3)CC4)C2)c2cnn(C)c2n1,4.48
Cc1cc(N2CCc3c(c(C)nn3CC34CCC(NCC(F)F)(CC3)CC4)C2)c2cnn(C)c2n1,5.07
Cc1cc(NC(=O)C2C3C(=O)N(Cc4ccc(Cl)cc4)C(C(=O)NC(C)(C)C)C34C=CC2(C)O4)no1,4.6
Cc1cc(NC(=O)C2CCCC2)n(-c2nc3ccccc3[nH]2)n1,4.95
Cc1cc(NC(=O)CCC(=O)N(CC2CCCO2)C(C(=O)NC2CCCC2)c2cccnc2)no1,5.85
Cc1cc(NC(=O)CCN2C(=O)C3C4CCC(C4)C3C2=O)c(C)cc1Br,5.1
Cc1cc(NC(=O)COC(=O)c2ccc(NS(=O)(=O)c3ccc(C)c(C)c3)cc2)no1,5.3
Cc1cc(NC(=O)COC(=O)c2ccc(S(=O)(=O)N3CCCc4ccccc43)cc2)no1,6.05
Cc1cc(NC(=O)CSc2ccc3nnc(-c4ccc(F)cc4)n3n2)no1,4.85
Cc1cc(NC(=O)CSc2n[nH]c(-c3cccs3)n2)no1,4.85
Cc1cc(NC(=O)CSc2nc3ccccc3c(=O)n2CCCC(=O)NCc2ccco2)[nH]n1,5.45
Cc1cc(NC(=O)CSc2nc3ccsc3c(=O)n2Cc2ccccn2)[nH]n1,4.8
Cc1cc(NC(=O)CSc2nc3sc(C)c(C)c3c(=O)n2C2CCCC2)no1,5.6
Cc1cc(NC(=O)CSc2nnc(-c3ccccc3)n2Cc2ccco2)no1,4.8
Cc1cc(NC(=O)Cc2nc(N3CCOCC3)cc(=O)[nH]2)ccc1F,4.4
Cc1cc(NC(=O)N2C[C@H]3C[C@@H](c4ccccc4C(F)(F)F)C[C@H]3C2)c(C(=O)O)cn1,5.96
Cc1cc(NC(=O)Nc2cc(C(C)(C)C)nn2-c2ccccc2)ccc1-c1cnc(NC2CC2)c2nccn12,5.45
Cc1cc(NC(=O)Nc2ccc(N(C)C)cc2)c2cc(F)cc(F)c2n1,5.2
Cc1cc(NC(=O)Nc2ccc3c(ccn3C)c2)sn1,4.9
Cc1cc(NC(=O)c2c(F)cccc2F)n(-c2nc3ccccc3[nH]2)n1,5.45
Cc1cc(NC(=O)c2c([N+](=O)[O-])cnn2C)no1,4.6
Cc1cc(NC(=O)c2ccccc2Cl)c(C(C)C)cc1O,4.6
Cc1cc(NC(=O)c2ccco2)ccc1-n1cnnn1,5.05
Cc1cc(NC(=O)c2cnn3cccnc23)n(-c2cccc(Cl)c2)n1,5.34
Cc1cc(NC(=S)NC(=O)CC(C)C)ccc1Br,4.7
Cc1cc(NC(S)=Nc2ccccc2)ccc1Br,4.7
Cc1cc(NCc2c(C)cccc2C)c2cccc(C(N)=O)c2n1,5.0
Cc1cc(NCc2c(C)cccc2Cl)c2cccc(C(N)=O)c2n1,5.0
Cc1cc(NCc2c(Cl)cccc2Cl)c2cccc(C(N)=O)c2n1,5.1
Cc1cc(NCc2c(F)ccc(Cl)c2Cl)c2cccc(C(N)=O)c2n1,5.4
Cc1cc(NCc2c(F)cccc2C(F)(F)F)c2cccc(C(N)=O)c2n1,4.9
Cc1cc(NCc2cccc(Cl)c2Cl)c2cccc(C(N)=O)c2n1,5.4
Cc1cc(NCc2ccccc2C(F)(F)F)c2cccc(C(N)=O)c2n1,4.9
Cc1cc(NCc2ccccn2)ccc1Br,4.9
Cc1cc(Nc2cc(C)c(C#N)c(NCCOc3ccccc3)n2)n[nH]1,5.85
Cc1cc(Nc2cc(C)c(C#N)c(NCCOc3ccccc3Cl)n2)n[nH]1,5.92
Cc1cc(Nc2cc(C)c(C#N)c(NCCOc3ccccc3F)n2)n[nH]1,5.8
Cc1cc(Nc2cc(C)c(C#N)c(NCCOc3ccccn3)n2)n[nH]1,5.14
Cc1cc(Nc2cc(C)c(C#N)c(NCCOc3cccnc3C)n2)n[nH]1,5.75
Cc1cc(Nc2cc(C)c(C#N)c(N[C@@H](C)CCCC(C)(C)O)n2)n[nH]1,5.03
Cc1cc(Nc2ccc(Cl)cc2)nc(N)n1,5.25
Cc1cc(Nc2ccc(O)cc2)ccc1N,4.8
Cc1cc(Nc2nc(C(O)c3ccc(F)cc3)nc3ccccc23)n[nH]1,4.96
Cc1cc(Nc2nc(Nc3ccccc3S(=O)(=O)C(C)C)c3cc[nH]c3n2)c(OC(C)C)cc1C1CCN(C)CC1,5.35
Cc1cc(Nc2nc(Nc3ccccc3S(=O)(=O)C(C)C)c3cc[nH]c3n2)c(OC(C)C)cc1C1CCNCC1,5.34
Cc1cc(Nc2nc(Nc3ccccc3S(=O)(=O)C(C)C)c3cn[nH]c3n2)c(OC(C)C)cc1C1CCN(C)CC1,5.48
Cc1cc(Nc2nc([C@@H](O)c3ccc(F)cc3)nc3ccccc23)n[nH]1,4.98
Cc1cc(Nc2nc([C@H](O)c3ccc(F)cc3)nc3ccccc23)n[nH]1,4.83
Cc1cc(Nc2nccc(-c3ccn([C@H](CO)c4ccc(Cl)c(F)c4)c(=O)c3)n2)ccn1,6.47
Cc1cc(O)c(-c2cc(O)c(C)cc2O)cc1O,5.8
Cc1cc(O)c(/C=N/Nc2cccc(Cl)c2)c(=O)o1,5.25
Cc1cc(O)c(C(C)(C)C)cc1Sc1cc(C(C)(C)C)c(O)cc1C,5.4
Cc1cc(O)c(C(C)C)cc1/N=C\c1ccccc1O,5.5
Cc1cc(O)c(C(C)C)cc1C1(c2cc(C(C)C)c(O)cc2C)OC(=O)c2ccccc21,5.8
Cc1cc(O)c(C(C)C)cc1NC(=O)Nc1cccc2ccccc12,5.5
Cc1cc(O)c(C=O)c(O)c1C(=O)O,4.6
Cc1cc(O)c(C=O)c2c1C(=O)Oc1c(C)c(O)c3c(c1O2)C(O)OC3=O,4.4
Cc1cc(O)c(C=O)c2c1C(=O)Oc1c(COC(=O)/C=C/C(=O)O)c(O)c(C(=O)O)c(C)c1O2,4.4
Cc1cc(O)c2c(=O)c3c(O)cc(O)c4c5c(O)cc(O)c6c(=O)c7c(O)cc(C)c8c1c2c(c34)c(c78)c65,5.06
Cc1cc(O)c2c(c1)C(=O)c1cc(O)cc(O)c1C2=O,5.0
Cc1cc(O)c2c(c1)C(=O)c1cccc(O)c1C2=O,4.6
Cc1cc(O)cc(=O)o1,4.4
Cc1cc(O)cc(C)c1Cl,4.4
Cc1cc(O)cc(O)c1C(=O)O,4.6
Cc1cc(O)nc(SCC(=O)Nc2nc3c(s2)CCCC3)n1,4.8
Cc1cc(OC(=O)c2c(C)cc(O)cc2O)cc(O)c1C(=O)O,4.9
Cc1cc(OCC(=O)Nc2cc(-n3nc(C)cc3C)nc(-c3ccc(C)o3)n2)cc(C)n1,5.96
Cc1cc(OCC(=O)OC(C)C)c2c3c(c(=O)oc2c1)CCCC3,4.55
Cc1cc(OCCn2cc(C(=N)NO)c3ccccc32)ccc1Cl,4.95
Cc1cc(OC[P@@]2(=O)OCC[C@@H](c3ccc(Cl)cc3)O2)c2c(c1C)Cc1scnc1-2,6.19
Cc1cc(OC[P@@]2(=O)OCC[C@@H](c3cccc(Cl)c3)O2)c2c(c1C)Cc1scnc1-2,6.38
Cc1cc(OC[P@@]2(=O)OCC[C@@H](c3ccccn3)O2)c2c(c1C)Cc1scnc1-2,5.08
Cc1cc(OC[P@@]2(=O)OCC[C@@H](c3cccnc3)O2)c2c(c1C)Cc1scnc1-2,5.54
Cc1cc(OC[P@@]2(=O)OCC[C@@H](c3cccnc3C)O2)c2c(c1C)Cc1scnc1-2,4.82
Cc1cc(OC[P@@]2(=O)OCC[C@@H](c3ccncc3)O2)c2c(c1C)Cc1scnc1-2,5.66
Cc1cc(OC[P@]2(=O)OCC[C@@H](c3ccc(Cl)cc3)O2)c2c(c1C)Cc1scnc1-2,6.14
Cc1cc(OC[P@]2(=O)OCC[C@@H](c3cccc(Cl)c3)O2)c2c(c1C)Cc1scnc1-2,5.57
Cc1cc(OC[P@]2(=O)OCC[C@H](c3cccnc3C)O2)c2c(c1C)Cc1scnc1-2,5.24
Cc1cc(OCc2ccc([N+](=O)[O-])cc2)c2c3c(c(=O)oc2c1)CCCC3,5.55
Cc1cc(OCc2nc(N)nc(N)c2-c2ccc(Cl)c(Cl)c2)ccc1[N+](=O)[O-],5.4
Cc1cc(Oc2cncc(Cl)c2)cc(C(=O)Nc2ccc(F)cn2)n1,5.42
Cc1cc(Oc2cncc(F)c2)cc(C(=O)Nc2cc(F)ccn2)n1,4.56
Cc1cc(Oc2cncc(F)c2)cc(C(=O)Nc2ccc(Cl)cn2)n1,5.7
Cc1cc(Oc2cncc(F)c2)cc(C(=O)Nc2ccc(F)cn2)n1,5.37
Cc1cc(Oc2cncc(F)c2)cc(C(=O)Nc2cccc(F)n2)n1,5.1
Cc1cc(Oc2cncnc2)cc(C(=O)Nc2ccc(Cl)cn2)n1,4.79
Cc1cc(S(=O)(=O)NCCCN2CCOCC2)ccc1F,4.55
Cc1cc(SC(C)C(=O)Nc2c(C)n(C)n(-c3ccccc3)c2=O)nc2ccccc12,4.9
Cc1cc(SCC(=O)c2ccc(Br)cc2)cc(C)[o+]1,5.4
Cc1cc(SCC(=O)c2ccccc2)nc(SCC(=O)c2ccccc2)n1,5.55
Cc1cc(SCC(=O)c2cccs2)nc2c(C)cccc12,6.05
Cc1cc(SCc2sc(-c3ccc(C(F)(F)F)c(F)c3)nc2C)ccc1OCC(=O)O,5.1
Cc1cc([C@]2(c3ccc(F)c(C#CC4CC4)c3)N=C(N)N(C)C2=O)ccc1OC(F)F,5.39
Cc1cc([C@]2(c3cccc(C#CC4CC4)c3)N=C(N)N(C)C2=O)ccc1OC(F)F,7.0
Cc1cc([N+](=O)[O-])ccc1-c1ccc(C2Nc3ccccc3C(=O)N2O)o1,5.15
Cc1cc([N+](=O)[O-])ccc1N,4.4
Cc1cc([N+](=O)[O-])ccc1NCc1ccccc1,4.85
Cc1cc([N+](=O)[O-])nn1CC(=O)NN=C(S)Nc1ccc(F)cc1,4.65
Cc1cc([N+](=O)[O-])nn1CC(=O)NN=C(S)Nc1ccc([N+](=O)[O-])cc1,5.45
Cc1cc2c(C(C)C)c(O)c(O)c(C=O)c2c(O)c1-c1c(C)cc2c(C(C)C)c(O)c(O)c(C=O)c2c1O,4.5
Cc1cc2c(F)c(Oc3ncnn4cc(OCCC5CCN(C)CC5)c(C)c34)ccc2[nH]1,6.16
Cc1cc2c(F)c(Oc3ncnn4cc(OCCCN5CCCC5)c(C)c34)ccc2[nH]1,5.47
Cc1cc2c(F)c(Oc3ncnn4cc(OCCCN5CCCCC5)c(C)c34)ccc2[nH]1,6.0
Cc1cc2c(F)c(Oc3ncnn4cc(OCCCNS(C)(=O)=O)c(C)c34)ccc2[nH]1,6.0
Cc1cc2c(F)c(Oc3ncnn4cc(OCCCS(C)(=O)=O)c(C)c34)ccc2[nH]1,4.77
Cc1cc2c(F)c(Oc3ncnn4cc(OCCN5CC[C@H](O)C5)c(C)c34)ccc2[nH]1,5.0
Cc1cc2c(F)c(Oc3ncnn4cc(OC[C@@H](C)O)c(C)c34)ccc2[nH]1,4.75
Cc1cc2c(F)c(Oc3ncnn4cc(OC[C@@H](C)OC(=O)CN)c(C)c34)ccc2[nH]1,6.654999999999999
Cc1cc2c(F)c(Oc3ncnn4cc(OC[C@@H](C)OC(=O)[C@@H](C)N)c(C)c34)ccc2[nH]1,6.045
Cc1cc2c(F)c(Oc3ncnn4cc(OC[C@@H](C)OC(=O)[C@H](N)CC(C)C)c(C)c34)ccc2[nH]1,6.725
Cc1cc2c(F)c(Oc3ncnn4cc(OC[C@H](C)O)c(C)c34)ccc2[nH]1,5.4
Cc1cc2c(NC(=O)N[C@@H]3CC(C)(C)Oc4c3ccc(C(F)(F)F)c4F)cccc2cn1,4.75
Cc1cc2c(NC(=O)N[C@@H]3CC(CF)(CF)Oc4cc(Cl)ccc43)cccc2cn1,4.7
Cc1cc2c(NC(=O)N[C@@H]3CC(CF)(CF)Oc4ccc(F)cc43)cccc2cn1,4.82
Cc1cc2c(cc1C(F)(F)F)NC(=O)CC(c1cccc(-c3cccnc3)c1)=N2,5.75
Cc1cc2c(cc1C(F)(F)F)NC(=O)CC(c1cccc(-c3ccncc3)c1)=N2,6.7
Cc1cc2c(cc1C)N(CC(=O)N1CCCC(c3ccccc3)C1CN1CCCC1)C(=O)CO2,5.41
Cc1cc2c(cc1C)NC(c1nc3ccccc3[nH]1)C1=C(O)CC(C)(C)CC1=N2,4.9
Cc1cc2c(cc1C)NC1=C(O)[C@@H](c3c[nH]c4ccc(COc5ccccc5)cc34)OC1=N2,5.4
Cc1cc2c(cc1Cl)N(C(=O)Nc1cccc3ncccc13)CC2,5.1
Cc1cc2c(nc1C)CCCCN2C[C@H](C)O/N=C1/[C@H]2O[C@@H]2[C@@H](O)[C@H]2[C@H]1CCn1c(=O)n(-c3ccccc3)c(=O)n12,5.3
Cc1cc2c(nc1C)CCCCN2C[C@H](C)O/N=C\[C@@H](C)[C@H](OCc1ccccc1)C(C)C,5.4
Cc1cc2c(nc1C)CCCN2C[C@H](C)O/N=C1/[C@H]2O[C@@H]2[C@@H](O)[C@H]2[C@H]1CCn1c(=O)n(-c3ccccc3)c(=O)n12,5.2
Cc1cc2c(nc1C)CCCN2C[C@H](O)CN1CCCc2nc(-c3ccc(Br)cc3)ccc21,5.300000000000001
Cc1cc2cc(/N=C(/NC#N)N[C@H]3CCCCN(CC(=O)N4CCCC4)C3=O)ccc2o1,4.73
Cc1cc2cc(/N=C(/NC(=O)c3cccnc3)N[C@H]3CCCCN(CC(=O)N4CCCC4)C3=O)ccc2o1,6.52
Cc1cc2cc(C(c3nnnn3C(C)(C)C)N(Cc3ccco3)CC3CCCO3)c(O)nc2cc1C,5.55
Cc1cc2cc(C)c3nnc(SCC(=O)NCc4ccc5c(c4)OCO5)n3c2cc1C,6.25
Cc1cc2cc(C=O)c(Cl)nc2cc1C,5.0
Cc1cc2cc(CC(O)(CC(C)(C)c3cc(F)ccc3C)C(F)(F)F)[nH]c2cn1,6.22
Cc1cc2cc(CNC(=O)CC(C)C)ccc2n1C,4.8
Cc1cc2cc(N/C(=N\C(=O)c3ccc(C(=O)N(C)C)nc3)N[C@H]3CCCCN(CC(=O)N4CCCC4)C3=O)ccc2o1,4.41
Cc1cc2cc(N/C(=N\C(=O)c3ccc(C(=O)O)nc3)N[C@H]3CCCCN(CC(=O)N4CCCC4)C3=O)ccc2o1,4.06
Cc1cc2cc(N/C(=N\C(=O)c3ccc(C(N)=O)nc3)N[C@H]3CCCCN(CC(=O)N4CCCC4)C3=O)ccc2o1,4.75
Cc1cc2cc(N/C(=N\C(=O)c3ccc(Cl)nc3)N[C@H]3CCCCN(CC(=O)N4CCCC4)C3=O)ccc2o1,5.1
Cc1cc2cc(N/C(=N\C(=O)c3ccc[n+]([O-])c3)N[C@H]3CCCCN(CC(=O)N4CCCC4)C3=O)ccc2o1,6.05
Cc1cc2cc(N/C(=N\C(=O)c3cncc(C(N)=O)c3)N[C@H]3CCCCN(CC(=O)N4CCCC4)C3=O)ccc2o1,6.4
Cc1cc2cc(Nc3ncnn4cc(-c5nnc(C)o5)c(C(C)C)c34)cnc2[nH]1,4.94
Cc1cc2cc3c(C)cc(=O)oc3c(C)c2o1,5.4
Cc1cc2cc3c(N)[nH]nc3nc2cc1C,4.85
Cc1cc2cc3c(cc2nc1SCC(=O)Nc1c(C)cccc1C)CCC3,5.45
Cc1cc2ccccc2n1CCNC(=O)C1CCCC1,5.35
Cc1cc2ccccc2n1CCNC(=O)c1ccccc1,5.4
Cc1cc2ccccc2nc1SCC(=O)Nc1nc(-c2ccccc2)cs1,6.75
Cc1cc2ccccn2c1C(=O)c1nc(N2CCOCC2)ncc1Cl,4.55
Cc1cc2nc(C3CCCN(C(=O)NCc4ccccc4)C3)[nH]c2cc1C,5.0
Cc1cc2nc(C3CCCN(C(S)=Nc4ccccc4)C3)[nH]c2cc1C,6.85
Cc1cc2nc(C3CCN(Cc4nnnn4Cc4ccccc4)CC3)[nH]c2cc1C,4.6
Cc1cc2nc(CCN(C(S)=NCC(C)C)C3CCCC3)[nH]c2cc1C,4.75
Cc1cc2nc(N)sc2cc1C,4.8
Cc1cc2nc(NCCCO)n(CC(=O)c3cc(C(C)(C)C)c(O)c(C(C)(C)C)c3)c2cc1C,4.795
Cc1cc2nc3c(=O)[nH]c(=O)nc-3n(C[C@H](O)[C@H](O)[C@H](O)CO)c2cc1C,4.7
Cc1cc2ncc(=O)n(CC(=O)N3CCCC(c4ccccc4)C3CN3CCCC3)c2cc1C,5.17
Cc1cc2ncc(=O)n(CC(=O)N3CCCC(c4ccccc4)C3CN3CCOCC3)c2cc1C,5.57
Cc1cc2ncn(/N=C/c3ccc([N+](=O)[O-])o3)c2cc1C,4.8
Cc1cc2nnc(SCC(=O)N3CCN(c4ccccc4)CC3)n2c(N)n1,4.85
Cc1cc2nnc(SCCCCN3C(=O)c4ccccc4C3=O)n2c2ccccc12,5.2
Cc1cc[n+]([O-])c(C)c1C(=O)N1CCC(C)(N2CCC(N(c3ccccc3)c3cccnc3)CC2)CC1,5.28
Cc1ccc(-[n+]2c(-c3ccc(Br)cc3)cn3c2CCc2ccc4cccnc4c2-3)cc1.[Br-],5.35
Cc1ccc(-c2c(-c3nn(C)c4ncnc(N5CC[C@H](N6CCCCC6)C5)c34)cnn2C)cc1,6.645
Cc1ccc(-c2c(C)sc(NC(=O)C3C4CCC(O4)C3C(=O)O)c2C(=O)OC(C)C)cc1,4.85
Cc1ccc(-c2c(C3CCCC3)c3ccc(C(=O)NC4(C(=O)Nc5ccc(/C=C/C(=O)O)cc5)CCC4)cc3n2C)nc1,5.24
Cc1ccc(-c2cc(-c3ccc(OCCCCCC(F)(F)F)cc3)[nH]c(=O)c2-c2nnn[nH]2)cc1,5.28
Cc1ccc(-c2cc(-c3nnc(SCC(=O)NC(C)C(C)C)n3N)c3ccccc3n2)cc1,4.85
Cc1ccc(-c2cc(=O)oc3cc(O[C@H](C)C(=O)N4CC5CCC(C4)N5C)ccc23)c(C)c1,4.51
Cc1ccc(-c2cc(C(=O)N3CCN(c4ccc(F)cc4)CC3)c3ccccc3n2)o1,5.3
Cc1ccc(-c2cc(C(=O)NCc3ccco3)c3ccccc3n2)s1,5.0
Cc1ccc(-c2cc(C(=O)NN=C3CCCC3)c3ccccc3n2)cc1,5.1
Cc1ccc(-c2cc(C(F)(F)F)nn2-c2ccc(S(N)(=O)=O)cc2)cc1,4.8
Cc1ccc(-c2cc(N)n(-c3ccc(C)cc3)n2)cc1,4.65
Cc1ccc(-c2ccc(/C=N/N3C(=O)C4C5C=CC(C6CC56)C4C3=O)o2)c([N+](=O)[O-])c1,5.65
Cc1ccc(-c2ccc(/C=N/NC(=S)Nc3ccccc3)o2)cc1[N+](=O)[O-],5.15
Cc1ccc(-c2ccc(=O)n(CC(=O)N3CCN(c4cccc(C)c4)C(C)C3)n2)cc1,4.85
Cc1ccc(-c2ccc(=O)n(CC(=O)NCCN3CCCCC3C)n2)cc1,4.75
Cc1ccc(-c2ccc(=O)n(CC(=O)NCc3ccco3)n2)cc1,4.6
Cc1ccc(-c2ccc(NC(=O)CN3CCCC4=C3C(=O)N(C3CC3)C4=O)nn2)cn1,5.1
Cc1ccc(-c2ccccc2)c(C(=O)N2CC3(CC3)C[C@H]2CNc2ccc(C(F)(F)F)cn2)n1,4.19
Cc1ccc(-c2cccnc2)nc1,4.08
Cc1ccc(-c2ccnc(S)n2)cc1,4.85
Cc1ccc(-c2cnc(NC(=O)CCC(=O)N3CCCCC3)n2C)cc1,4.4
Cc1ccc(-c2cnn(-c3cccc(C(F)(F)F)c3)c2N)cc1,5.25
Cc1ccc(-c2csc(C(C#N)=C3CCCC3)n2)cc1,4.7
Cc1ccc(-c2csc(Cc3nc(-c4cc5ccccc5oc4=O)cs3)n2)cc1,5.4
Cc1ccc(-c2csc(NC(=S)NC(=O)/C=C/c3ccco3)n2)cc1,4.8
Cc1ccc(-c2csc3ncnc(NCCN4CCOCC4)c23)cc1,5.95
Cc1ccc(-c2csc3ncnc(SCC(=O)c4ccc5c(c4)OCCO5)c23)cc1,4.95
Cc1ccc(-c2nc(-c3nccc4ccccc34)oc2-c2ccccc2)cc1,5.3
Cc1ccc(-c2nc3c(=O)n(C)c4ccccc4c3o2)cc1,5.15
Cc1ccc(-c2nc3ccc(C)cn3c2CC(=O)N(C)C)cc1,4.6
Cc1ccc(-c2nc3ccccc3[nH]2)cc1NC(=O)c1ccc2c(c1)OCO2,5.7
Cc1ccc(-c2nc3ccccc3[nH]2)cc1NC(=O)c1sc2ccccc2c1Cl,5.9
Cc1ccc(-c2nc3ccccc3s2)cc1NC(=O)c1cc(-n2cnnc2)ccc1Cl,6.05
Cc1ccc(-c2nc3ccccc3s2)cc1NC(=S)NC(=O)/C=C/c1ccco1,6.75
Cc1ccc(-c2nc3ccccc3s2)cc1NC(=S)NC(=O)c1ccccc1,4.85
Cc1ccc(-c2nn(-c3ccccc3)cc2CSC(=N)N)cc1.Cl,4.4
Cc1ccc(-c2nn(CC(C)(C)C)c3ncnc(N)c23)cc1,4.7
Cc1ccc(-c2nn3c(C)nnc3c3ccccc23)cc1S(=O)(=O)NCCN1CCOCC1,5.05
Cc1ccc(-c2nn3c(O)c4c(nc3c2C)CCCC4)cc1,5.05
Cc1ccc(-c2nnc(-c3ccc(NC(=O)c4cccs4)cc3)o2)cc1,4.7
Cc1ccc(-c2nnc(-c3ccc4ccccc4c3)o2)cc1,5.2
Cc1ccc(-c2nnc(-c3ccccc3S(=O)(=O)Cc3ccc(Cl)cc3)o2)cc1,5.4
Cc1ccc(-c2nnc(C)c(N3CC(C)OC(C)C3)n2)cc1,5.3
Cc1ccc(-c2nnc(N(C)C(=O)c3cccnc3)s2)cc1,4.75
Cc1ccc(-c2nnc(S)n2/N=C/c2cccn2C)cc1,4.9
Cc1ccc(-c2nnc(SCC(=O)NNC(=O)COc3cccc(C)c3)n2C)cc1,5.2
Cc1ccc(-c2nnn(CC(=O)N(c3ccccc3)C(C(=O)NCC3CCCO3)c3ccc(Cl)cc3)n2)cc1,4.4
Cc1ccc(-c2noc(-c3cc4ccccc4oc3=O)n2)cc1,5.45
Cc1ccc(-c2noc(CN3CCN(C(c4ccccc4)c4ccccc4)CC3)n2)cc1,4.45
Cc1ccc(-n2[nH]c(C)c(/C=N/c3ccc4[nH]c(O)nc4c3)c2=O)cc1C,4.85
Cc1ccc(-n2c(C)cc(/C=C(\C#N)C(=O)NCC3CCCO3)c2C)cc1,4.5
Cc1ccc(-n2c(C)cc(C(=O)CSc3n[nH]c(N)n3)c2C)cc1,5.0
Cc1ccc(-n2c(C)cc(C(=S)N3CCOCC3)c2C)cc1C,4.5
Cc1ccc(-n2c(C)nnc2SCC(=O)N2CCc3ccccc3C2)cc1C,5.05
Cc1ccc(-n2c(CCC(=O)O)ccc2-c2cccs2)cc1C,4.85
Cc1ccc(-n2c(Cc3cccn3C)nnc2SCC(=O)N2CCc3ccccc32)cc1,5.35
Cc1ccc(-n2c(N)c(C(=O)NCc3ccco3)sc2=S)cc1,4.6
Cc1ccc(-n2c(O)cnc2Nc2nc(C)cc(C)n2)cc1,4.5
Cc1ccc(-n2c(S)nnc2-c2cc(C)n(C)n2)cc1,4.85
Cc1ccc(-n2c(SCC(=O)N3CCOCC3)nnc2-c2cccnc2)cc1,5.0
Cc1ccc(-n2c(SCC(=O)NCc3ccco3)nc3sc4c(c3c2=O)CC(C)(C)SC4)cc1,5.7
Cc1ccc(-n2c(SCc3ccc([N+](=O)[O-])cc3)nc3ccccc3c2=O)cc1,4.95
Cc1ccc(-n2ccc(=O)c(-c3ccnc(SCc4cccc(Cl)c4)n3)n2)cc1,5.05
Cc1ccc(-n2cccn2)cc1C[C@@H]1COCCN1C(=O)c1cccc(C)c1-n1nccn1,4.58
Cc1ccc(-n2nc(C)c3c2OC(N)=C(C#N)C3c2ccco2)cc1,4.75
Cc1ccc(-n2nc3c(c2NC(=O)c2cccs2)CSC3)cc1,4.9
Cc1ccc(-n2nc3ccc(NC(=O)c4ccc5c(c4)OCO5)cc3n2)cc1,5.05
Cc1ccc(-n2ncc(N(C)C)c(Cl)c2=O)cc1,4.55
Cc1ccc(-n2nccn2)c(C(=O)N2CCCC[C@H]2Cc2cccc(-n3nccn3)c2)c1,5.11
Cc1ccc(-n2nccn2)c(C(=O)N2CCC[C@H]2Cc2cccc(-n3nccn3)c2)c1,5.48
Cc1ccc(-n2nccn2)c(C(=O)N2CCNC[C@H]2Cc2cccc(-n3nccn3)c2)c1,4.6
Cc1ccc(-n2nccn2)c(C(=O)N2CCOC[C@@]2(C)Cc2cccc(-n3nccn3)c2)c1,4.77
Cc1ccc(-n2nccn2)c(C(=O)N2CCOC[C@H]2Cc2cc(-c3ncccn3)ccc2F)c1,4.52
Cc1ccc(-n2nccn2)c(C(=O)N2CCOC[C@H]2Cc2cc(-c3ncon3)ccc2F)c1,4.3
Cc1ccc(-n2nccn2)c(C(=O)N2CCOC[C@H]2Cc2cc(-n3cccn3)ccc2C)c1,4.85
Cc1ccc(-n2nccn2)c(C(=O)N2CCOC[C@H]2Cc2cc(-n3nccn3)ccc2C)c1,4.72
Cc1ccc(-n2nccn2)c(C(=O)N2CCOC[C@H]2Cc2cc(-n3nccn3)ccc2Cl)c1,4.66
Cc1ccc(-n2nccn2)c(C(=O)N2CCOC[C@H]2Cc2cc(-n3nccn3)ccc2F)c1,4.48
Cc1ccc(-n2nccn2)c(C(=O)N2CCOC[C@H]2Cc2cc(-n3nccn3)ccc2F)c1F,4.72
Cc1ccc(-n2nccn2)c(C(=O)N2CCOC[C@H]2Cc2ccc(C)c(-n3nccn3)c2)c1,4.66
Cc1ccc(-n2nccn2)c(C(=O)N2CCOC[C@H]2Cc2cccc(-c3cccnn3)c2)c1,5.22
Cc1ccc(-n2nccn2)c(C(=O)N2CCOC[C@H]2Cc2cccc(-c3ccncc3)c2)c1,6.52
Cc1ccc(-n2nccn2)c(C(=O)N2CCOC[C@H]2Cc2cccc(-c3nccc(C)n3)c2)c1,4.75
Cc1ccc(-n2nccn2)c(C(=O)N2CCOC[C@H]2Cc2cccc(-c3ncccn3)c2)c1,4.48
Cc1ccc(-n2nccn2)c(C(=O)N2CCOC[C@H]2Cc2cccc(-c3ncccn3)c2)c1F,4.68
Cc1ccc(-n2nccn2)c(C(=O)N2CCOC[C@H]2Cc2cccc(-c3nccs3)c2)c1,5.92
Cc1ccc(-n2nccn2)c(C(=O)N2CCOC[C@H]2Cc2cccc(-c3ncon3)c2)c1,4.37
Cc1ccc(-n2nccn2)c(C(=O)N2CCOC[C@H]2Cc2cccc(-n3cccn3)c2)c1,4.5
Cc1ccc(-n2nccn2)c(C(=O)N2CCOC[C@H]2Cc2cccc(-n3cccn3)c2)c1F,4.7
Cc1ccc(-n2nccn2)c(C(=O)N2CCOC[C@H]2Cc2cccc(-n3ccnn3)c2)c1,4.85
Cc1ccc(-n2nccn2)c(C(=O)N2CCOC[C@H]2Cc2cccc(-n3cncn3)c2)c1,5.22
Cc1ccc(-n2nccn2)c(C(=O)N2CCOC[C@H]2Cc2cccc(-n3nccn3)c2)c1,4.37
Cc1ccc(-n2nccn2)c(C(=O)N2CCOC[C@H]2Cc2cccc(-n3nccn3)c2)c1F,4.41
Cc1ccc(-n2nccn2)c(C(=O)N2C[C@@H](C)OC[C@H]2Cc2cc(-c3ncccn3)ccc2F)c1,4.55
Cc1ccc(-n2nccn2)c(C(=O)N2C[C@@H](C)OC[C@H]2Cc2cc(-n3nccn3)ccc2F)c1,4.62
Cc1ccc(-n2nccn2)c(C(=O)N2C[C@@H](C)OC[C@H]2Cc2cccc(-c3ncccn3)c2)c1,4.37
Cc1ccc(-n2nccn2)c(C(=O)N2C[C@H](C#Cc3cccc(CO)c3)CC[C@H]2C)c1,5.4
Cc1ccc(-n2nccn2)c(C(=O)N2[C@H](Cc3cccc(-n4nccn4)c3)COC[C@@H]2C)c1,5.17
Cc1ccc(-n2nccn2)cc1C[C@@H]1COCCN1C(=O)c1ccc(Cl)cc1-n1nccn1,4.85
Cc1ccc(-n2nccn2)cc1C[C@@H]1COCCN1C(=O)c1cccc(C)c1-n1nccn1,4.66
Cc1ccc(-n2nccn2)cc1C[C@@H]1COCCN1C(=O)c1ccccc1-n1nccn1,4.75
Cc1ccc(-n2nnnc2-c2cnc3ccc(Cl)cc3c2-c2ccccc2)cc1,5.25
Cc1ccc(-n2nnnc2C(=Cc2ccc(N(C)C)cc2)c2nnnn2-c2ccc(C)cc2)cc1,5.5
Cc1ccc(-n2nnnc2SCC(=O)NNC(=O)c2ccco2)c(C)c1,4.65
Cc1ccc(-n2nnnc2Sc2nc([N+](=O)[O-])nn2C)cc1C,4.8
Cc1ccc(/C(C#N)=C/c2cccc([N+](=O)[O-])c2)cc1,5.4
Cc1ccc(/C=C/C(=O)NC(=S)Nc2ccccc2C(=O)NC2CCCCC2)cc1,5.05
Cc1ccc(/C=C/C(=O)c2ccccc2)cc1,5.96
Cc1ccc(/C=C/C2=CC3(C)CC2(C)C(c2ccc(C)cc2)CC3=O)cc1,5.4
Cc1ccc(/C=C/C2=Cc3c(sc(NC(=O)CSc4n[nH]c(N)n4)c3C#N)C(C)(C)C2)o1,4.85
Cc1ccc(/C=C/c2nnc(-c3ccc(C)cc3)o2)cc1,5.0
Cc1ccc(/C=C2/NC(=O)N(Cc3ccccc3)C2=O)s1,5.9
Cc1ccc(/C=C2\OC(=O)c3ccccc32)cc1,4.9
Cc1ccc(/C=C2\Sc3ccccc3C2=O)s1,4.7
Cc1ccc(/C=N/NC(=O)C2CCN(Cc3ccc(F)cc3Cl)CC2)o1,5.3
Cc1ccc(/C=N/NC(=O)CSc2nc3nc(C)cc(C)n3n2)cc1,4.8
Cc1ccc(/C=N/n2c(S)nnc2-c2cccs2)cc1,4.95
Cc1ccc(/C=N/n2cnnc2)s1,4.8
Cc1ccc(/C=N\NC(=O)C2COc3cc4ccccc4cc3O2)o1,4.4
Cc1ccc(/C=N\Nc2nc3cc(Cl)ccc3[nH]2)o1,5.05
Cc1ccc(/N=C/N(C)/C=N/c2ccc(C)cc2C)c(C)c1,4.4
Cc1ccc(/N=C/c2cc(C)n(C3CCCC3)c2C)cc1,4.7
Cc1ccc(/N=C/c2nc(/C=C/c3cccc([N+](=O)[O-])c3)oc2O)cc1,5.5
Cc1ccc(/N=C2/Sc3nc4cc(C)cc(C)c4cc3CN2CCN2CCOCC2)cc1,5.15
Cc1ccc(/N=N\c2ccc(N)cc2C)c(S(N)(=O)=O)c1,5.4
Cc1ccc(C(=N)NOC(=O)Cc2cccs2)cc1,4.55
Cc1ccc(C(=N)c2ccccc2Cc2cccc3ccccc23)c2ccccc12,5.4
Cc1ccc(C(=O)/C=C/c2c[nH]c3ccccc23)cc1,4.6
Cc1ccc(C(=O)/N=C(\Nc2ccc3oc(C)cc3c2)N[C@H]2CCCCN(CC(=O)N3CCCC3)C2=O)cn1,5.16
Cc1ccc(C(=O)C(Cn2ccnc2)NC(=O)c2ccc(-c3ccc(Cl)cc3)s2)cc1,5.91
Cc1ccc(C(=O)C(OC(=O)CCC(=O)Nc2cccc(C)c2)c2ccccc2)cc1,4.6
Cc1ccc(C(=O)C(OC(=O)CN2C(=O)c3ccccc3C2=O)c2ccccc2)cc1,5.1
Cc1ccc(C(=O)C(OC(=O)CNC(=O)c2ccc(Cl)cc2)c2ccccc2)cc1,5.05
Cc1ccc(C(=O)C(OC(=O)CNS(=O)(=O)c2ccccc2)c2ccccc2)cc1,4.85
Cc1ccc(C(=O)C(OC(=O)COc2ccccc2C)c2ccccc2)cc1,5.0
Cc1ccc(C(=O)C2=C(O)C(=O)N(CCCn3ccnc3)C2c2ccc(OC(C)C)cc2)o1,5.1
Cc1ccc(C(=O)CN(C(=O)c2ccc(Cl)cc2)N2C(=O)c3ccccc3C2=O)cc1,5.0
Cc1ccc(C(=O)CNc2nc3c(c(=O)[nH]c(=O)n3C)n2Cc2ccccc2)cc1,5.3
Cc1ccc(C(=O)COC(=O)CNC(=O)C(c2ccccc2)c2ccccc2)cc1[N+](=O)[O-],4.8
Cc1ccc(C(=O)COC(=O)c2ccc3c(c2)C(=O)N(c2cccc4ncccc24)C3=O)cc1C,5.9
Cc1ccc(C(=O)COC(=O)c2ccccc2N2C(=O)C3C4CCC(C4)C3C2=O)cc1C,4.9
Cc1ccc(C(=O)COc2ccccc2C(=O)Nc2ccccc2)cc1,4.95
Cc1ccc(C(=O)CSc2ncnc3sc4c(c23)CCCC4)cc1,4.9
Cc1ccc(C(=O)Cn2c3c(sc2=N)CCCC3)cc1,5.2
Cc1ccc(C(=O)N(CC(=O)Nc2ncc(-c3ccc(N)cc3)s2)Cc2ccccc2)cn1,4.82
Cc1ccc(C(=O)N(CCCN)[C@@H](c2nc3cc(Cl)ccc3c(=O)n2Cc2ccccc2)C(C)C)cc1,5.39
Cc1ccc(C(=O)N(CN2CCCC2=O)c2ccccc2)cc1C,4.9
Cc1ccc(C(=O)N/C(=C/C=C/c2ccccc2)C(=O)NCc2ccco2)cc1,5.3
Cc1ccc(C(=O)N/C(=C\c2ccc(Br)cc2)c2n[nH]c(S)n2)cc1,4.65
Cc1ccc(C(=O)N/C(=C\c2ccc([N+](=O)[O-])cc2)C(=O)NCCc2ccccc2)cc1,6.55
Cc1ccc(C(=O)N/N=C/c2nc3ccccc3n2C)cc1,5.5
Cc1ccc(C(=O)N/N=C\c2cccn2C)cn1,6.5
Cc1ccc(C(=O)N2C3C=CC(C3)C2(C(F)(F)F)C(F)(F)F)cc1,5.95
Cc1ccc(C(=O)N2CCN(C3c4cccc5cccc(c45)C3NS(=O)(=O)c3ccccc3)CC2)cc1,7.45
Cc1ccc(C(=O)N2CCOC[C@H]2Cc2cc(-c3cccnn3)ccc2F)c(-n2nccn2)c1,4.72
Cc1ccc(C(=O)N2CCOC[C@H]2Cc2cc(-c3ncccn3)ccc2F)c(-n2nccn2)c1C,4.4
Cc1ccc(C(=O)N2CCOC[C@H]2Cc2cc(-c3ncon3)ccc2F)c(-n2nccn2)c1,4.46
Cc1ccc(C(=O)N2CCOC[C@H]2Cc2cc(-c3ncon3)ccc2F)c(-n2nccn2)c1C,4.44
Cc1ccc(C(=O)N2CCOC[C@H]2Cc2cc(-n3cccn3)ccc2C)c(-n2nccn2)c1,4.77
Cc1ccc(C(=O)N2CCOC[C@H]2Cc2cc(-n3nccn3)ccc2C)c(-n2nccn2)c1,4.57
Cc1ccc(C(=O)N2CCOC[C@H]2Cc2cc(-n3nccn3)ccc2Cl)c(-n2nccn2)c1,4.72
Cc1ccc(C(=O)N2CCOC[C@H]2Cc2cc(-n3nccn3)ccc2Cl)c(-n2nccn2)c1C,4.54
Cc1ccc(C(=O)N2CCOC[C@H]2Cc2cc(-n3nccn3)ccc2F)c(-n2nccn2)c1,4.54
Cc1ccc(C(=O)N2CCOC[C@H]2Cc2cc(-n3nccn3)ccc2F)c(-n2nccn2)c1C,4.52
Cc1ccc(C(=O)N2CCOC[C@H]2Cc2cc(Cl)cc(-n3nccn3)c2)c(-n2nccn2)c1,4.68
Cc1ccc(C(=O)N2CCOC[C@H]2Cc2cc(F)cc(-n3nccn3)c2)c(-n2nccn2)c1,4.4
Cc1ccc(C(=O)N2CCOC[C@H]2Cc2ccc(C)c(-n3nccn3)c2)c(-n2nccn2)c1,4.6
Cc1ccc(C(=O)N2CCOC[C@H]2Cc2cccc(-c3ncon3)c2)c(-n2nccn2)c1,4.48
Cc1ccc(C(=O)N2CCOC[C@H]2Cc2cccc(-n3cccn3)c2)c(-n2nccn2)c1,4.39
Cc1ccc(C(=O)N2CCOC[C@H]2Cc2cccc(-n3nccn3)c2)c(-n2nccn2)c1,4.51
Cc1ccc(C(=O)N2CCOC[C@H]2Cc2cccc(-n3nccn3)c2)c(-n2nccn2)c1C,4.36
Cc1ccc(C(=O)N2CCO[C@@H](C)[C@H]2Cc2cccc(-n3nccn3)c2)c(-n2nccn2)c1,4.85
Cc1ccc(C(=O)N2CCO[C@H](C)[C@H]2Cc2cccc(-n3nccn3)c2)c(-n2nccn2)c1,5.07
Cc1ccc(C(=O)N2C[C@@H](C)OC[C@H]2Cc2cc(-c3cccnn3)ccc2F)c(-n2nccn2)c1,4.7
Cc1ccc(C(=O)N2C[C@@H](C)OC[C@H]2Cc2cc(-c3ncccn3)ccc2F)c(-n2nccn2)c1,4.51
Cc1ccc(C(=O)N2C[C@@H](C)OC[C@H]2Cc2cc(-n3ccnn3)ccc2F)c(-n2nccn2)c1,4.72
Cc1ccc(C(=O)N2C[C@@H](C)OC[C@H]2Cc2cc(-n3nccn3)ccc2F)c(-n2nccn2)c1,4.64
Cc1ccc(C(=O)N2C[C@@H](C)OC[C@H]2Cc2cccc(-n3nccn3)c2)c(-n2nccn2)c1,5.01
Cc1ccc(C(=O)N2C[C@@H](C)OC[C@H]2Cc2cccc(-n3nccn3)c2)c(-n2nccn2)c1C,5.02
Cc1ccc(C(=O)N2C[C@H](C)OC[C@H]2Cc2cccc(-n3nccn3)c2)c(-n2nccn2)c1,4.55
Cc1ccc(C(=O)N2[C@H](Cc3cccc(-n4nccn4)c3)COC[C@@H]2C)c(-n2nccn2)c1,4.85
Cc1ccc(C(=O)N2c3ccccc3N(Cc3ccccc3)C(=O)C2(C)C)cc1,4.85
Cc1ccc(C(=O)NC(=S)N2CC(C)OC(C)C2)cc1[N+](=O)[O-],4.65
Cc1ccc(C(=O)NC(=S)NCC(=O)c2ccccc2)cc1,5.05
Cc1ccc(C(=O)NC(=S)Nc2cc(-c3nc4ccccc4s3)ccc2C)cc1,5.0
Cc1ccc(C(=O)NC(=S)Nc2ccc(S(=O)(=O)N3CCN(C)CC3)cc2)cc1,6.05
Cc1ccc(C(=O)NC(=S)Nc2ccc3c(c2)OCCO3)c(C)c1,4.55
Cc1ccc(C(=O)NC2CCCCCC2)cc1N1CCCC1=O,4.6
Cc1ccc(C(=O)NCCNC(=O)CN2CCOCC2)cc1,4.55
Cc1ccc(C(=O)NCCNc2ccc(Cl)cc2[N+](=O)[O-])o1,5.2
Cc1ccc(C(=O)NC[C@H]2CN(c3ccc(N4CCOCC4=O)cc3)C(=O)O2)s1,5.01
Cc1ccc(C(=O)NNC(=O)CSc2n[nH]c3c4cc(F)ccc4nc-3n2)cc1,5.8
Cc1ccc(C(=O)NNC(=O)CSc2nnc(-c3ccncc3)n2-c2ccc(C)cc2)cc1,5.5
Cc1ccc(C(=O)NNC(=O)c2cc3cc4ccccc4nc3s2)cc1,5.35
Cc1ccc(C(=O)NNC(=S)NC(=O)c2ccc(Cl)cc2)cc1,4.85
Cc1ccc(C(=O)Nc2c(C#N)c(C)c(C)n2Cc2ccccc2)cc1,5.0
Cc1ccc(C(=O)Nc2ccc(C(=O)/C=C/c3cccs3)cc2)cc1,5.3
Cc1ccc(C(=O)Nc2ccc(CN3CCC4C=NNC4C3)c(Cl)c2)cc1C#Cc1cnc2cccnn12,5.25
Cc1ccc(C(=O)Nc2ccc(CN3CCN(C)CC3)c(C(F)(F)F)c2)cc1C#Cc1cnc2cccnn12,4.94
Cc1ccc(C(=O)Nc2ccc(CN3CCN(CCO)CC3)c(C3CC3)c2)cc1C#Cc1cnc2cccnn12,4.93
Cc1ccc(C(=O)Nc2ccc(CN3CCN(CCO)CC3)c(Cl)c2)cc1C#Cc1cnc2cccnn12,4.87
Cc1ccc(C(=O)Nc2ccc(CN3Cc4ccc(O)cc4C3)c(Cl)c2)cc1C#Cc1cnc2cccnn12,5.34
Cc1ccc(C(=O)Nc2ccc(CN3Cc4cn[nH]c4C3)c(Cl)c2)cc1C#Cc1cnc2cccnn12,5.14
Cc1ccc(C(=O)Nc2ccc(Cc3ccncc3)cc2)cc1[N+](=O)[O-],6.45
Cc1ccc(C(=O)Nc2ccc3nccnc3c2)cc1,4.85
Cc1ccc(C(=O)Nc2cccc(-c3cnc4ccccc4n3)c2)cc1,5.65
Cc1ccc(C(=O)Nc2ccccc2-c2ccccc2)cc1S(=O)(=O)Nc1cccc(C)c1C,6.15
Cc1ccc(C(=O)Nc2nc3ccccc3n3nnnc23)cc1,5.0
Cc1ccc(C(=O)Nc2nccc(-c3cccs3)n2)cc1,4.6
Cc1ccc(C(=O)O/N=C\c2ccc(N3CCCCC3)c([N+](=O)[O-])c2)cc1,4.65
Cc1ccc(C(=O)OCCc2c(C)[nH]n(-c3ccccc3)c2=O)cc1,5.25
Cc1ccc(C(=O)[C@@H]2[C@H]3C4COC(O4)C(=O)[C@@H]3[C@H]3C=Cc4ccccc4N32)cc1,4.6
Cc1ccc(C(=O)c2c[nH]nc2-c2cc(Cl)ccc2O)cc1,5.4
Cc1ccc(C(=O)c2cc([N+](=O)[O-])ccc2N2CCOCC2)c(C)c1,5.4
Cc1ccc(C(=O)c2nc3ccc(O)cc3s2)cc1O,4.27
Cc1ccc(C(=O)c2oc3nc(C)cc(C)c3c2N)cc1,6.05
Cc1ccc(C(C(=O)NC2CCCCC2)N(CC2CCCO2)C(=O)CNC(=O)c2cccs2)cc1,5.35
Cc1ccc(C(C(=O)NCc2ccco2)N(C(=O)CNC(=O)c2cccs2)c2ccc(C)cc2)cc1,5.95
Cc1ccc(C(C(=O)NCc2ccco2)N(C(=O)CNC(=O)c2cccs2)c2ccc(C)cc2C)cc1,6.0
Cc1ccc(C(C(=O)NCc2ccco2)N(C(=O)CNC(=O)c2cccs2)c2ccccc2C)cc1,5.8
Cc1ccc(C(C)(C)CC(O)(Cc2cc3cc(S(C)(=O)=O)ncc3[nH]2)C(F)(F)F)c(C(N)=O)c1,5.22
Cc1ccc(C(NCCNc2ccnc3cc(Cl)ccc23)c2nnnn2C(C)(C)C)cc1,6.77
Cc1ccc(C(c2ccc(C)o2)c2cccc([N+](=O)[O-])c2O)o1,4.55
Cc1ccc(C(c2nnnn2C2CCCC2)N2CCN3CCCC3C2)cc1,4.85
Cc1ccc(C(c2nnnn2CC2CCCO2)N2CCN(C(=O)c3ccco3)CC2)cc1,5.45
Cc1ccc(C)c(-c2cc(C(=O)NCc3cccs3)c3ccccc3n2)c1,5.85
Cc1ccc(C)c(-c2cc(C(=O)Nc3nccs3)c3ccccc3n2)c1,5.55
Cc1ccc(C)c(-c2cc(C(=O)Nc3sc(C)c(C)c3C(N)=O)c3ccccc3n2)c1,5.55
Cc1ccc(C)c(-c2nn(-c3cc(N4CCN(CCO)CC4)ccc3[N+](=O)[O-])c(=O)c3ccccc23)c1,4.9
Cc1ccc(C)c(-n2c(CNC(=O)c3ccco3)nnc2SCC(=O)N2CCc3ccccc32)c1,5.15
Cc1ccc(C)c(-n2c(Cc3cc(O)nc(O)n3)nnc2SCC(=O)NCC2CCCO2)c1,4.5
Cc1ccc(C)c(C(=N)c2ccccc2Cc2ccccc2)c1,5.4
Cc1ccc(C)c(C(=O)C2=C(O)C(=O)N(CCN3CCOCC3)C2c2ccco2)c1,4.4
Cc1ccc(C)c(C(=O)CN2C(=O)c3ccccc3S2(=O)=O)c1,5.1
Cc1ccc(C)c(C(=O)COC(=O)c2ccccc2N2C(=O)C3C4CCC(C4)C3C2=O)c1,5.65
Cc1ccc(C)c(CN2C(=O)C3CCCN3c3ccc(C#N)cc32)c1,5.3
Cc1ccc(C)c(CN2C(=O)C3CCCN3c3ccc(S(=O)(=O)N4CCOCC4)cc32)c1,4.95
Cc1ccc(C)c(Cn2c(C(=O)OC(C)C)cc3c2ccn3C)c1,5.1
Cc1ccc(C)c(Cn2cnc3c(cnn3C(C)(C)C)c2=O)c1,6.1
Cc1ccc(C)c(N(CC(=O)NC2CCCC2)C(=O)c2cc3cc4cccc(C)c4nc3s2)c1,5.6
Cc1ccc(C)c(N(CC(=O)Nc2cc(Cl)ccc2Oc2ccccc2)S(C)(=O)=O)c1,5.7
Cc1ccc(C)c(N2CCN(C(=O)c3ccc4nc(-c5ccco5)c(-c5ccco5)nc4c3)CC2)c1,4.7
Cc1ccc(C)c(NC(=O)C2(C)CC3c4ccccc4C2c2ccccc23)c1,5.65
Cc1ccc(C)c(NC(=O)C2CC(O)CN2C(=O)OC(C)(C)C)c1,4.6
Cc1ccc(C)c(NC(=O)Cn2nnc(C(=O)Nc3c(C)cccc3C)c2N)c1,4.9
Cc1ccc(C)c(NC(=O)NCc2ccc(Cl)cc2)c1,5.6
Cc1ccc(C)c(NC(=O)c2nc[nH]n2)c1,4.85
Cc1ccc(C)c(NC(=S)N(CCc2nc3cc(C)c(C)cc3[nH]2)Cc2cccnc2)c1,5.6
Cc1ccc(C)c(NC(S)=NNC(=O)c2ccc(Br)o2)c1,4.85
Cc1ccc(C)c(Nc2c([N+](=O)[O-])cc(C(=O)N3CC(=O)Nc4ccccc43)cc2[N+](=O)[O-])c1,5.35
Cc1ccc(C)c(S(=O)(=O)N2CCC(c3nc(O)c4nnn(Cc5ccc(F)cc5)c4n3)CC2)c1,5.2
Cc1ccc(C)c(S(=O)(=O)NC(C)C(=O)Nc2ccc(-c3nc4ccccc4s3)cc2)c1,5.45
Cc1ccc(C)c(S(=O)(=O)NCc2ccc(C(=O)N3CCC(Cc4ccccc4)CC3)cc2)c1,5.65
Cc1ccc(C)c2[nH]c(CCCN(C)CC[C@@]3(OC(=O)N(C)C)CCc4cc(F)ccc4[C@@H]3C(C)C)nc12,4.72
Cc1ccc(C)c2[nH]c(CCCN(C)CC[C@@]3(OC(=O)N4CCOCC4)CCc4cc(F)ccc4[C@@H]3C(C)C)nc12,4.57
Cc1ccc(C)c2[nH]c(CCCN(C)CC[C@@]3(OC(=O)NCCN(C)C)CCc4cc(F)ccc4[C@@H]3C(C)C)nc12,4.7
Cc1ccc(C)c2sc(NC(=O)c3ccc(N4CCCCC4)c([N+](=O)[O-])c3)nc12,5.4
Cc1ccc(C)n1CCN1CCN(CC(=O)Nc2cc(C(F)(F)F)ccc2Cl)CC1,4.6
Cc1ccc(C)n1N1C(=O)/C(=C\c2ccc(Cl)cc2)SC1=S,4.8
Cc1ccc(C)n1NC(=O)c1ccccc1,4.5
Cc1ccc(C2(C(=O)N(C)Cc3cccs3)CC2)cc1,5.47
Cc1ccc(C2(C)NC(=O)N(CC(=O)Nc3cc(C)on3)C2=O)cc1,4.6
Cc1ccc(C2=Nc3ccccc3S[C@@H](c3cccc([N+](=O)[O-])c3)C2)cc1,5.4
Cc1ccc(C2C(=O)N(C3CCCC3)CC(=O)N2CC2COc3ccccc3O2)cc1,5.4
Cc1ccc(C2C(C(=O)c3ccccc3)=C(O)C(=O)N2CCN2CCOCC2)o1,4.6
Cc1ccc(C2C3=C(O)CCCC3=Nc3nc(SCC(=O)NCc4ccco4)nc(O)c32)cc1,5.1
Cc1ccc(C2CC(=O)C(/C=N/CCN3CCN(C(=O)Cc4ccccc4)CC3)=C(O)C2)cc1,5.5
Cc1ccc(C2CC(C(F)(F)F)n3nc(C(=O)NCCN4CCOCC4)cc3N2)cc1,5.1
Cc1ccc(C2CC2C(=O)NN)cc1,5.1
Cc1ccc(C2NC(c3ccc(C)cc3)C(C)C(=NO)C2C)cc1,4.85
Cc1ccc(C2Nc3ccccc3C(=O)N2Cc2ccco2)cc1,4.85
Cc1ccc(CC(=O)N2CCN(c3cccc(C(F)(F)F)c3)CC2)cc1,5.4
Cc1ccc(CC(=O)O)cc1OCCC1(N2CCCC2)CCN(c2nc3ccc(Cl)cc3s2)CC1,5.1
Cc1ccc(CC(Cc2nc3ccccc3[nH]2)c2nc3ccccc3[nH]2)cc1,5.9
Cc1ccc(CCN2CC(C(=O)N3CCC4(CC3)OCCO4)CC2=O)cc1,4.75
Cc1ccc(CCN2CC(C(=O)NC3CCCC3)CC2=O)cc1,4.8
Cc1ccc(CCN2CC(C(=O)NCCCN(C)Cc3ccccc3)CC2=O)cc1,4.5
Cc1ccc(CCN2CC(C(=O)NCCN3CCCCCC3)CC2=O)cc1,4.45
Cc1ccc(CCNC(=O)C2CC(c3ccccc3[N+](=O)[O-])=NO2)cc1,5.95
Cc1ccc(CCNC(=O)CCNS(=O)(=O)c2ccc3c(c2)c(=O)n(C)c(=O)n3C)cc1,5.85
Cc1ccc(CN(C(=O)c2cc3ccccc3oc2=O)C2CCS(=O)(=O)C2)cc1,5.35
Cc1ccc(CN2C(=O)CCC2C(=O)NCc2cccnc2)cc1,5.65
Cc1ccc(CN2CC34C=CC(O3)C(C(=O)NCc3ccc5c(c3)OCO5)C4C2=O)cc1,6.6
Cc1ccc(CN2CC34C=CC(O3)C(C(=O)NCc3ccco3)C4C2=O)cc1,5.05
Cc1ccc(CNC(=O)C2(CC(C)C)C=CCN2C(=O)c2ccccc2)o1,4.8
Cc1ccc(CNC(=O)C2(NC(=O)Nc3ccc(C)cc3)CCCCC2)cc1,5.6
Cc1ccc(CNC(=O)C2CCC(=O)N2C2CCCCC2)cc1,5.1
Cc1ccc(CNC(=O)C2CCCN2C(=O)NCc2ccccc2)cc1,5.45
Cc1ccc(CNC(=O)CCNC(=O)c2ccco2)cc1,4.65
Cc1ccc(CNC(=O)CCNS(=O)(=O)c2ccc3c(c2)c(=O)n(C)c(=O)n3C)cc1,5.75
Cc1ccc(CNC(=O)CCc2c(C)nc3ncnn3c2C)cc1,5.7
Cc1ccc(CNC(=O)CN2C(=O)COc3ccc(C)cc32)cc1,5.75
Cc1ccc(CNC(=O)COC(=O)c2cnccn2)cc1,4.75
Cc1ccc(CNC(=O)Cc2csc(Nc3nc(S)nc4ccccc34)n2)cc1,6.0
Cc1ccc(CNC(=O)Cn2cncn2)cc1,4.85
Cc1ccc(CNC(=O)[C@@H]2C[C@H]2[C@@H](NP(=O)(c2ccccc2)c2ccccc2)c2ccccc2)o1,5.3
Cc1ccc(CNC(=O)[C@H](C)[C@@H]2C[C@@]2(C)[C@@H](NC(=O)OCc2ccccc2)c2ccccc2)c(F)c1F,5.2
Cc1ccc(CNC(=O)[C@H](C)[C@@H]2C[C@@]2(C)[C@@H](NC(=O)OCc2ccccc2)c2ccccc2)o1,5.0
Cc1ccc(CNC(=O)[C@H](C)[C@H]2C[C@]2(C)[C@H](NC(=O)OCc2ccccc2)c2ccccc2)c(F)c1F,6.1
Cc1ccc(CNC(=O)[C@H](C)[C@H]2C[C@]2(C)[C@H](NC(=O)OCc2ccccc2)c2ccccc2)o1,5.1
Cc1ccc(CNC(=O)[C@H]2C[C@@H]2[C@H](NP(=O)(c2ccccc2)c2ccccc2)c2ccccc2)c(F)c1F,6.5
Cc1ccc(CNC(=O)[C@H]2C[C@@H]2[C@H](NP(=O)(c2ccccc2)c2ccccc2)c2ccccc2)o1,5.3
Cc1ccc(CNC(=O)c2nnn(-c3cccc(C)c3)c2N)cc1,4.85
Cc1ccc(CNCC(O)(c2ccc(F)cc2)c2ccc(F)cc2)cc1,5.65
Cc1ccc(CNc2nc(N)c([N+](=O)[O-])c(Nc3ccc(F)cc3)n2)cc1,5.7
Cc1ccc(COc2ccc(Br)cc2/C=N/O)cc1,5.1
Cc1ccc(COc2ccc3c(c2)c(SC(C)(C)C)c(CC(C)(C)C(=O)O)n3Cc2ccc(-c3ccc(C)cn3)cc2)nc1,8.07
Cc1ccc(COc2ccc3c(c2)c(SC(C)(C)C)c(CC(C)(C)C(=O)O)n3Cc2ccc(-c3ccc(F)cn3)cc2)nc1,8.26
Cc1ccc(COn2c(-c3ccc(Cl)cc3)nc3ccc([N+](=O)[O-])cc32)cc1,5.45
Cc1ccc(CS(=O)(=O)CCC(=O)NCCCN2CCCC2)cc1,4.55
Cc1ccc(CS(=O)(=O)CCC(=O)NCCCOC(C)C)cc1,4.45
Cc1ccc(CS(=O)(=O)CCC(=O)NCCN2CCCC2)cc1,4.6
Cc1ccc(CS(=O)(=O)CCC(=O)NCc2ccccn2)cc1,4.5
Cc1ccc(CS(=O)(=O)CCC(=O)NCc2cccs2)cc1,4.95
Cc1ccc(CS(=O)(=O)Cc2ccc(C(=O)NCC3CCCO3)o2)cc1,4.8
Cc1ccc(CS(=O)(=O)NC(=O)C2(C)CCN(c3nc4c(cc3C#N)C(=O)OC4)CC2)cc1,5.875
Cc1ccc(CSC(=N)Nc2ccccc2)cc1C,5.5
Cc1ccc(CSC2=CS(=O)(=O)c3ccccc3N2)cc1,5.8
Cc1ccc(CSc2nnc(-c3ccncc3)n2CC2CCCO2)cc1,5.85
Cc1ccc(CSc2nnc(C(F)(F)F)n2Cc2ccc(F)cc2)cc1,5.5
Cc1ccc(CSc2nnc([C@@H]3CCCN3)o2)cc1.Cl,5.45
Cc1ccc(C[C@@H]2COCCN2C(=O)c2ccccc2-n2nccn2)cc1-c1nccs1,6.22
Cc1ccc(C[C@@H]2COCCN2C(=O)c2ccccc2-n2nccn2)cc1-n1nccn1,4.44
Cc1ccc(Cc2c(C)nc3nc(SCC(=O)NCc4ccco4)nn3c2C)cc1,5.5
Cc1ccc(Cc2cnc(NC(=O)c3cccs3)s2)cc1,5.1
Cc1ccc(Cc2n[nH]c(=O)n2C)c(F)c1Oc1cc(Cl)cc(C#N)c1,4.92
Cc1ccc(Cl)c(Nc2ccccc2C(=O)[O-])c1Cl.O.[Na+],4.7
Cc1ccc(Cl)cc1N,4.5
Cc1ccc(Cn2c(C)cc3c(c2=O)C(c2cccs2)C(C#N)=C(N)O3)cc1,5.85
Cc1ccc(Cn2c(C3CNCCO3)nc3ccccc32)cc1C,5.215
Cc1ccc(Cn2c(C3CNCCS3)nc3ccccc32)cc1,5.11
Cc1ccc(Cn2ccc(NC(=O)c3cc4nc(-c5ccco5)cc(C(F)(F)F)n4n3)n2)cc1,5.55
Cc1ccc(Cn2cccc(NC(=O)NC3CCCCC3)c2=O)cc1,4.9
Cc1ccc(Cn2cnc3c(nnn3Cc3ccc(Cl)cc3)c2=O)cc1,5.5
Cc1ccc(Cn2nc(-c3ccccc3)nc2-c2ccccc2)cc1,4.95
Cc1ccc(Cn2nc(C)c(NC(=O)c3cc(-c4ccco4)on3)c2C)cc1,5.65
Cc1ccc(Cn2nnc3c(O)nc(C4CCCN(C(=O)Nc5ccc(F)cc5F)C4)nc32)cc1,5.15
Cc1ccc(Cn2nnc3c(O)nc(C4CCN(C(=O)Cc5cccs5)CC4)nc32)cc1,5.35
Cc1ccc(F)cc1C(C)(C)CC(O)(Cc1[nH]c2cnccc2c1C)C(F)(F)F,6.21
Cc1ccc(F)cc1C(C)(C)CC(O)(Cc1cc2c(C)cncc2[nH]1)C(F)(F)F,5.7
Cc1ccc(F)cc1C(C)(C)CC(O)(Cc1cc2cc(-c3ccccc3)ncc2[nH]1)C(F)(F)F,5.52
Cc1ccc(F)cc1C(C)(C)CC(O)(Cc1cc2cc(C(N)=O)ncc2[nH]1)C(F)(F)F,5.7
Cc1ccc(F)cc1C(C)(C)CC(O)(Cc1cc2cc(N(C)C)ncc2[nH]1)C(F)(F)F,6.22
Cc1ccc(F)cc1C(C)(C)CC(O)(Cc1cc2cc(N)ncc2[nH]1)C(F)(F)F,6.3
Cc1ccc(F)cc1C(C)(C)CC(O)(Cc1cc2cc(N3CCOCC3)ncc2[nH]1)C(F)(F)F,8.0
Cc1ccc(F)cc1C(C)(C)CC(O)(Cc1cc2cc(OC(C)C)ncc2[nH]1)C(F)(F)F,6.52
Cc1ccc(F)cc1C(C)(C)CC(O)(Cc1cc2ccncc2[nH]1)C(F)(F)F,7.0
Cc1ccc(F)cc1Cn1c(N2CCC[C@@](C)(N)C2)cc2c1c(=O)n(C)c(=O)n2C.Cl,4.7
Cc1ccc(F)cc1Cn1c(N2CCC[C@@](C)(N)C2)cc2ncn(C)c(=O)c21.Cl,4.92
Cc1ccc(N(C(=O)C(F)(F)F)C(C(=O)NC2CCCCC2)c2cccs2)cc1C,5.2
Cc1ccc(N(C(=O)Cn2nnc(-c3ccc(F)cc3)n2)C(CC(C)C)C(=O)NCC2CCCO2)cc1,4.85
Cc1ccc(N(C(=O)c2csnn2)C(C(=O)NC(C)(C)C)c2cccs2)cc1,5.15
Cc1ccc(N(C(C)C(=O)Nc2cc(Cl)ccc2Oc2ccccc2)S(C)(=O)=O)cc1,5.35
Cc1ccc(N(C)C(=O)Oc2cccc3ccc(C)nc23)cc1,4.8
Cc1ccc(N(C)C(=O)c2c(-c3ccccc3Cl)noc2C)cc1Cl,5.9
Cc1ccc(N(CCC#N)C(=O)CSc2ccc3c(c2)OCCO3)cc1,4.8
Cc1ccc(N(Cc2ccc([N+](=O)[O-])cc2)C(=O)c2ccco2)cc1,4.55
Cc1ccc(N)c(N)c1,4.6
Cc1ccc(N)cc1Cl,4.9
Cc1ccc(N)cc1[N+](=O)[O-],4.5
Cc1ccc(N/C([S-])=C(/C(=O)c2ccc(C)c([N+](=O)[O-])c2)[n+]2ccccc2)cc1C,4.95
Cc1ccc(N/C=C(/C(=O)c2cccs2)C(=O)C(F)(F)F)cc1,4.9
Cc1ccc(N/N=C2/C(=N)N(c3ccccc3)NC2=O)cc1,4.95
Cc1ccc(N2C(=O)/C(=C/N3CCN(C(=O)c4ccco4)CC3)C(=O)NC2=S)cc1C,4.6
Cc1ccc(N2C(=O)/C(=C/Nn3cnnc3)c3ccccc3C2=O)cc1,4.8
Cc1ccc(N2C(=O)/C(=C/c3ccc(CN(CCC#N)S(C)(=O)=O)o3)C(=O)NC2=S)cc1C,4.65
Cc1ccc(N2C(=O)C3C4C=CC(C4)C3C2=O)cc1C,4.85
Cc1ccc(N2C(=O)CC(c3ccsc3)C3=C2CC(C)(C)CC3=O)cc1,5.65
Cc1ccc(N2C(=O)CSC2c2cccnc2)cc1F,4.8
Cc1ccc(N2C(=O)c3[nH]nc(C)c3C2c2ccccn2)cc1,4.85
Cc1ccc(N2CC(C(=O)Nc3cc(C)on3)CC2=O)cc1,4.65
Cc1ccc(N2CCN(C(=O)[C@@H](Cc3ccc(Cl)cc3Cl)N3CCCC3=O)CC2)c([C@@H](N)CC(C)C)c1,5.72
Cc1ccc(N2CCN(C(=O)[C@@H](Cc3ccc(Cl)cc3Cl)N3CCCC3=O)CC2)c([C@H](CC(C)C)NC(=O)CCN(C)C)c1,5.22
Cc1ccc(N2CCN(C(=O)[C@@H](Cc3ccc(Cl)cc3Cl)N3CCCC3=O)CC2)c([C@H](CC(C)C)NC(=O)[C@@H](C)N)c1,5.54
Cc1ccc(N2CCN(C(=O)[C@H](C)Cc3ccc(Cl)cc3)CC2)c([C@@H](N)C(C)C)c1,5.08
Cc1ccc(N2CCN(C(=O)[C@H](C)Cc3ccc(Cl)cc3)CC2)c([C@@H](NC(=O)CCN(C)C)C(C)C)c1,5.04
Cc1ccc(N2CCN(C(=O)[C@H](C)Cc3ccc(Cl)cc3)CC2)c([C@@H](NC(=O)CCN)C(C)C)c1,5.0
Cc1ccc(N2CCN(C(=O)[C@H](C)Cc3ccc(Cl)cc3C)CC2)c([C@@H](NC(=O)CCN(C)C)C(C)C)c1,5.17
Cc1ccc(N2CCN(C(=O)[C@H](C)Cc3ccc(Cl)cc3F)CC2)c([C@@H](NC(=O)CCN(C)C)C(C)C)c1,5.19
Cc1ccc(N2Cc3c(nc(C)c(CN)c3-c3ccc(Cl)cc3Cl)C2=O)cc1,6.57
Cc1ccc(N=C(S)N2CCN(C(=O)C3CCCO3)CC2)c(C)c1,4.65
Cc1ccc(N=C=O)cc1N=C=O,4.8
Cc1ccc(N=Nc2c(=O)[nH]n3c(C)cc(C)nc23)cc1,4.6
Cc1ccc(N=Nc2c(N)nn3c(O)c4c(nc23)CCCC4)cc1,5.1
Cc1ccc(NC(=O)/C(=C/c2cccc([N+](=O)[O-])c2)NC(=O)C2CCCCC2)c(C)c1,6.0
Cc1ccc(NC(=O)/C(=C\c2ccc([N+](=O)[O-])cc2)NC(=O)c2ccccc2)cc1,5.95
Cc1ccc(NC(=O)/C(=C\c2ccc3c(c2)OCO3)NC(=O)c2ccco2)cc1,5.6
Cc1ccc(NC(=O)/C(=C\c2cccc([N+](=O)[O-])c2)NC(=O)c2cccs2)cc1,6.4
Cc1ccc(NC(=O)C(=O)NCc2ccc(/C=C(/C#N)C(=O)NCc3cccnc3)o2)cc1,5.85
Cc1ccc(NC(=O)C(C)N2C(=O)C3C4CC(C(Br)C4Br)C3C2=O)cc1,5.25
Cc1ccc(NC(=O)C2(NC(=O)c3cccc(N4C(=O)CSC4c4ccccc4)c3)CCCCC2)cc1,5.55
Cc1ccc(NC(=O)C2(c3ccccc3C(C)C)CCN(C(=O)CCC(=O)O)CC2)c(OC(F)F)n1,4.8
Cc1ccc(NC(=O)C2(c3ccccc3C(C)C)CN(C(=O)CC(=O)O)C2)c(OC(F)F)n1,4.51
Cc1ccc(NC(=O)C2(c3ccccc3C(C)C)CN(C(=O)CC(C)(C)C(=O)O)C2)c(OC(F)F)n1,4.8
Cc1ccc(NC(=O)C2(c3ccccc3C(C)C)CN(C(=O)CC3(C(=O)O)CCC3)C2)c(OC(F)F)n1,4.4
Cc1ccc(NC(=O)C2(c3ccccc3C(C)C)CN(C(=O)CNCCO)C2)c(OC(F)F)n1,5.34
Cc1ccc(NC(=O)C2(c3ccccc3C(C)C)CN(C(=O)Cc3c[nH]nc3O)C2)c(OC(F)F)n1,5.66
Cc1ccc(NC(=O)C2(c3ccccc3C(C)C)CN(C(=O)Cc3nnn[nH]3)C2)c(OC(F)F)n1,4.92
Cc1ccc(NC(=O)C2(c3ccccc3C(C)C)CN(C)C2)c(OC(F)F)n1,4.85
Cc1ccc(NC(=O)C2(c3ccccc3C(C)C)CN(CCCO)C2)c(OC(F)F)n1,4.34
Cc1ccc(NC(=O)C2(c3ccccc3C(C)C)CN(CCN)C2)c(OC(F)F)n1,5.01
Cc1ccc(NC(=O)C2(c3ccccc3C(C)C)CNC2)c(OC(F)F)n1,6.67
Cc1ccc(NC(=O)C2C3CCCC2C3c2ccccc2)cc1C,5.05
Cc1ccc(NC(=O)C2CC(=O)n3c(nc4ccccc43)N2)cc1,4.75
Cc1ccc(NC(=O)CC2CS(=O)(=O)CC2CC(=O)Nc2ccc(C)c(C)c2)cc1C,5.4
Cc1ccc(NC(=O)CCC(=O)c2ccc(F)cc2)cc1Cl,4.9
Cc1ccc(NC(=O)CCN2C(=O)c3ccncc3C2=O)cc1,5.05
Cc1ccc(NC(=O)CCSc2nnc3ccccn23)cc1,6.05
Cc1ccc(NC(=O)CCc2c(C)nc3ncnn3c2C)nc1,4.8
Cc1ccc(NC(=O)CCc2ccc(S(=O)(=O)NC3CCCCC3)cc2)cc1,6.05
Cc1ccc(NC(=O)CCc2nnc([C@H]3C[C@@H](CC(C)C)C3)n2C2CC2)c(C)c1,5.3
Cc1ccc(NC(=O)CN(C)C(=O)CSc2n[nH]c(N)n2)cc1,4.5
Cc1ccc(NC(=O)CN(Cc2ccccc2)S(C)(=O)=O)cc1C,4.95
Cc1ccc(NC(=O)CN2C(=O)S/C(=C\c3cccn3C)C2=O)cc1,5.15
Cc1ccc(NC(=O)CN2CCC(NC(=O)Cc3ccccc3)CC2)cc1C,4.85
Cc1ccc(NC(=O)COc2ccc(S(=O)(=O)N3CCOCC3)cc2)cc1,5.0
Cc1ccc(NC(=O)CSCC(=O)Nc2ccc(N3CCOCC3)c(Cl)c2)cc1,5.45
Cc1ccc(NC(=O)CSc2nnc(Cn3cnc4ccccc43)o2)c(C)c1,4.6
Cc1ccc(NC(=O)Cc2ncc(C(F)(F)F)cc2Cl)cc1Cl,5.0
Cc1ccc(NC(=O)Cn2cnc3c(cnn3C(C)(C)C)c2=O)cc1,4.9
Cc1ccc(NC(=O)N(Cc2ccco2)C(C)c2ccco2)cc1C,5.5
Cc1ccc(NC(=O)N/C=C/c2ccc(Cl)cc2)cc1,7.3
Cc1ccc(NC(=O)N/C=C/c2ccco2)cc1C,4.9
Cc1ccc(NC(=O)N2CCC(=Cc3cccc(Oc4ccc(C(F)(F)F)cn4)c3)CC2)cn1,5.225
Cc1ccc(NC(=O)N2CCN(c3nc(N)nc4sc(-c5cccnc5)nc34)CC2)cc1,6.05
Cc1ccc(NC(=O)NCCCc2ccccc2)cc1,5.1
Cc1ccc(NC(=O)NNc2cccc(Cl)n2)cc1,4.85
Cc1ccc(NC(=O)Nc2cc(-c3ccccc3-c3nn[nH]n3)cc3c2OCCCC3c2ccccc2)cc1,5.08
Cc1ccc(NC(=O)Nc2cc(-c3ccccc3-c3nnn[nH]3)ccc2N(CC(C)C)CC(C)C)cc1,5.11
Cc1ccc(NC(=O)OCc2cn(-c3ccc(Cl)cc3)nn2)cc1,5.1
Cc1ccc(NC(=O)[C@H]2C[C@@H](O)C[C@@H]2c2nnc([C@H]3C[C@@H](CC(C)C)C3)n2C2CC2)c(C)c1,5.52
Cc1ccc(NC(=O)c2c(C(F)(F)F)nn(C)c2Cl)cc1C,5.55
Cc1ccc(NC(=O)c2c(C(F)(F)F)nn(C)c2SCc2cccc(C(F)(F)F)c2)cc1C,5.5
Cc1ccc(NC(=O)c2cc(-c3ccccc3)nc3ccccc23)cc1,5.4
Cc1ccc(NC(=O)c2cc(-c3ccccn3)nc3ccccc23)cc1,5.41
Cc1ccc(NC(=O)c2cc(-c3ccncc3)nc3ccccc23)cc1,6.27
Cc1ccc(NC(=O)c2cc(-c3ccncn3)nc3ccccc23)cc1,5.52
Cc1ccc(NC(=O)c2cc(-c3cnccn3)nc3ccccc23)cc1,5.57
Cc1ccc(NC(=O)c2cc(Cl)nc3ccccc23)cc1,5.0
Cc1ccc(NC(=O)c2cc(F)cc(N3CCOCC3)c2)cc1Nc1ncnn2cc(C(=O)c3ccccc3)c(C)c12,6.33
Cc1ccc(NC(=O)c2cc(N3C(=O)C4CC=CCC4C3=O)ccc2N2CCOCC2)cc1Cl,4.9
Cc1ccc(NC(=O)c2cc(Oc3cncc(F)c3)cn3ccnc23)nc1,5.72
Cc1ccc(NC(=O)c2cc([N+](=O)[O-])ccc2NCc2cccnc2)cc1Cl,5.4
Cc1ccc(NC(=O)c2ccc(CN3CCN(C)CC3)cc2)cc1Nc1nccc(-c2cccnc2)n1,4.84
Cc1ccc(NC(=O)c2ccc(S(=O)(=O)N3CCCCC3)cc2)cc1,4.95
Cc1ccc(NC(=O)c2cccc(N(C)C)c2)cc1NC(=O)c1ccc(O)cc1,5.6
Cc1ccc(NC(=O)c2ccnc(C(F)(F)F)c2)cc1-c1ccc2c(c1)OC1(CCOCC1)CC(=O)N2,4.88
Cc1ccc(NC(=O)c2sc3ncnc(O)c3c2C)c(C)c1,4.8
Cc1ccc(NC(=O)c2sccc2SCc2cccc(C(F)(F)F)c2)cc1,6.0
Cc1ccc(NC(=S)N2CCN(C3CCCCC3)CC2)cc1,5.0
Cc1ccc(NC(=S)N2CCN(CCN3C(=O)c4cccc5cccc(c45)C3=O)CC2)cc1,5.35
Cc1ccc(NC(=S)NC(=O)c2c(-c3ccccc3Cl)noc2C)cc1,4.85
Cc1ccc(NC(=S)c2nc3ccccc3s2)cc1,4.65
Cc1ccc(NC(CNS(=O)(=O)c2ccc(Cl)cc2)c2ccccc2)cc1,5.6
Cc1ccc(NC(S)=NC2CCCC2)cc1,5.0
Cc1ccc(NC(S)=NCCN2CCOCC2)cc1C,4.8
Cc1ccc(NC(S)=Nc2ccc(Br)cc2)cc1,4.85
Cc1ccc(NC(S)=Nc2nc(CC(=O)Nc3ccccc3)cs2)cc1,5.2
Cc1ccc(NC2=C(C(=O)c3ccccc3)N(C)S(=O)(=O)c3ccccc32)cc1,5.1
Cc1ccc(NC2=NC(c3ccccc3)n3c(nc(C)cc3=O)N2)c(C)c1,4.85
Cc1ccc(NC2c3ncccc3C(=O)N2Cc2ccc(F)cc2)cc1,5.35
Cc1ccc(NCC(=O)N/N=C/c2ccc(OC(=O)c3ccco3)cc2)cc1,4.75
Cc1ccc(NCC(=O)N/N=C\c2ccc([N+](=O)[O-])o2)cc1,4.6
Cc1ccc(NCCC(=O)c2ccc(Cl)c(Cl)c2)cc1,6.2
Cc1ccc(NCCC(=O)c2ccc(Cl)cc2)cc1,4.9
Cc1ccc(NCCC(=O)c2ccc(Cl)cc2)cc1C,5.45
Cc1ccc(NNS(=O)(=O)c2ccc(C)cc2)cc1,4.55
Cc1ccc(NP(=O)(Oc2ccccc2F)Oc2ccccc2F)cc1,5.95
Cc1ccc(NS(=O)(=O)c2cc(C(=O)N3CCc4ccccc4C3)ccc2Cl)cc1,5.9
Cc1ccc(NS(=O)(=O)c2cc(C(=O)NCc3ccccn3)ccc2Cl)cc1,5.4
Cc1ccc(NS(=O)(=O)c2cc(C(=O)NCc3ccccn3)ccc2Cl)cc1C,5.95
Cc1ccc(NS(=O)(=O)c2ccc(NC(=O)c3cccc(NC(=O)C(C)C)c3)cc2)cc1,5.05
Cc1ccc(NS(=O)(=O)c2ccc(OCC(=O)Nc3cccc([N+](=O)[O-])c3)c(C)c2)cc1,5.7
Cc1ccc(NS(=O)(=O)c2ccccc2Cl)c2c1CC(C)(C)O2,6.15
Cc1ccc(N[C@H](c2ccccc2)c2ccc3cccnc3c2O)cc1,5.5
Cc1ccc(Nc2c([N+](=O)[O-])ccc3c2=NC2(CCCCC2)N=3)cc1,5.15
Cc1ccc(Nc2cc(=O)n(C3CCCCC3)c(=O)[nH]2)cc1C,5.05
Cc1ccc(Nc2ccc(-n3ccnc3)nn2)cc1C,7.1
Cc1ccc(Nc2nc(-c3c(C)nc4ncccn34)cs2)cc1,4.6
Cc1ccc(Nc2nc(-c3sc(NC(=O)c4ccc([N+](=O)[O-])cc4)nc3C)cs2)cc1,5.0
Cc1ccc(Nc2nc(-c3sc(NC(=O)c4cccc(Cl)c4)nc3C)cs2)cc1,4.95
Cc1ccc(Nc2nc(Cl)nc(N(C)C#N)n2)cc1,4.95
Cc1ccc(Nc2nc(N3CCOCC3)nc(N3CCOCC3)n2)cc1,4.8
Cc1ccc(Nc2ncccc2C(=O)NCc2cccs2)c(C)c1,4.9
Cc1ccc(Nc2nnc(-c3ccc4c(c3)OCO4)o2)c(C)c1,5.5
Cc1ccc(Nc2nnns2)cc1,4.65
Cc1ccc(O)c(-c2cc(C(F)(F)C(F)F)nc(-c3ccccc3)n2)c1,5.05
Cc1ccc(O)c(/N=N\c2ccccc2)n1,5.3
Cc1ccc(O)c(C(=O)c2cc(C#N)c(=O)n(-c3c(C)n(C)n(-c4ccccc4)c3=O)c2)c1,5.25
Cc1ccc(O)c(C)c1-n1c(N)c(C(N)=O)c2nc(-c3nccs3)cnc21,4.64
Cc1ccc(O)c(C)c1-n1c(N)c(C(N)=O)c2nc(C3CC3)cnc21,4.89
Cc1ccc(O)c(C)c1-n1c(N)c(C(N)=O)c2nc3c(Br)cccc3nc21,5.05
Cc1ccc(OC(=O)c2oc3ccc(F)cc3c2C)c(C)c1,4.4
Cc1ccc(OCC(=O)N/N=C\c2c(C)n(C)c3ccccc23)c([N+](=O)[O-])c1,5.15
Cc1ccc(OCC(=O)N2CCN(c3ccc([N+](=O)[O-])c(N4CCOCC4)c3)CC2)cc1,5.15
Cc1ccc(OCC(=O)NNC(=O)C2CCN(c3ncccn3)CC2)cc1,4.7
Cc1ccc(OCC(=O)NNC(=O)c2cccnc2)cc1,4.6
Cc1ccc(OCC(=O)Nc2ccc(S(=O)(=O)Nc3onc(C)c3C)cc2)cc1,4.45
Cc1ccc(OCC(=O)Nc2ccccc2-c2ccccc2)cc1,4.7
Cc1ccc(OCC(=O)Nc2ccccc2N2CCOCC2)c(C)c1,4.85
Cc1ccc(OCC(=O)Nn2cnc3ccccc32)cc1,5.1
Cc1ccc(OCC(O)CNC(=O)c2ccccc2C(=O)O)cc1,4.55
Cc1ccc(OCC(O)Cn2c3ccccc3c3ccccc32)cc1,4.75
Cc1ccc(OCCCC(=O)N2CCOCC2)cc1,4.6
Cc1ccc(OCCCC(=O)NCc2ccco2)cc1,4.75
Cc1ccc(OCCCC(=O)Nc2ccccc2C(F)(F)F)cc1,4.8
Cc1ccc(OCCCN2C(=O)C(=O)c3cccc(C)c32)cc1,4.8
Cc1ccc(OCCCOc2cccc3cccnc23)cc1C,4.55
Cc1ccc(OCCCn2c(=O)sc3ccccc32)cc1,4.75
Cc1ccc(OCCNC(=O)c2cc(-n3cnnc3)ccc2Cl)cc1C,5.1
Cc1ccc(OCCNC(=O)c2cncc(Br)c2)cc1C,5.15
Cc1ccc(OCCNc2nc(Nc3cc(C)[nH]n3)cc(C)c2C#N)c(C)n1,5.77
Cc1ccc(OCCNc2nc(Nc3cc(C)[nH]n3)cc(C)c2C#N)cn1,5.35
Cc1ccc(OCCOCCn2ccnc2)c(Br)c1,6.25
Cc1ccc(OC[C@H](O)[C@H](C)NC(C)C)c2c1CCC2,4.65
Cc1ccc(OCc2ccc(C(=O)Nc3nccs3)o2)cc1C,4.95
Cc1ccc(OP(=O)(Oc2ccc(C)cc2)N2C=Cc3ccccc3[C@H]2C#N)cc1,5.6
Cc1ccc(OP(=O)(Oc2ccc(C)cc2)Oc2ccc(C)cc2)cc1,5.1
Cc1ccc(Oc2cc(N3CCOCC3)nc(-c3ccccc3)n2)cc1,4.85
Cc1ccc(Oc2ccc(C(=O)NCc3ccncc3)cc2)cc1,6.0
Cc1ccc(Oc2ccccc2/C=C2\SC(=O)N(C)C2=O)cc1,4.85
Cc1ccc(Oc2coc3cc(OC(=O)c4cccs4)ccc3c2=O)cc1,4.9
Cc1ccc(Oc2nc(-c3ccccc3)ncc2S(C)(=O)=O)cc1,4.85
Cc1ccc(Oc2ncc(CN3CCOCC3)s2)cc1,4.7
Cc1ccc(S(=O)(=O)/C(C#N)=C/c2c(N3CC(C)OC(C)C3)nc3ccccn3c2=O)cc1,5.85
Cc1ccc(S(=O)(=O)/C=C\C#N)cc1,4.4
Cc1ccc(S(=O)(=O)/N=C(\c2ccc(Cl)cc2)N2CCOCC2)cc1,5.3
Cc1ccc(S(=O)(=O)CC#CCOC(=O)c2ccc([N+](=O)[O-])cc2)cc1,4.8
Cc1ccc(S(=O)(=O)CCC(=O)Nc2nc3c(s2)CCCC3)cc1,5.05
Cc1ccc(S(=O)(=O)CCCS(=O)(=O)c2ccc(C)cc2)cc1,4.9
Cc1ccc(S(=O)(=O)CCc2nnc(NC(=O)COc3cccc(C)c3)s2)cc1,5.55
Cc1ccc(S(=O)(=O)N(C)CC(=O)ONC(=N)c2ccccn2)cc1,4.65
Cc1ccc(S(=O)(=O)N(C)c2cc(S(=O)(=O)N3CCC(C)CC3)c(C)cc2C)cc1,5.6
Cc1ccc(S(=O)(=O)N(CC(=O)N/N=C/c2ccc(F)cc2)c2cccc3cccnc23)cc1,5.9
Cc1ccc(S(=O)(=O)N(CC(=O)N2CCN(c3ccc(F)cc3)CC2)C2CCCCC2)cc1,6.0
Cc1ccc(S(=O)(=O)N(CCCN2CCCC2=O)Cc2cc3c(C)ccc(C)c3nc2O)cc1,5.95
Cc1ccc(S(=O)(=O)N(Cc2ccccc2)c2ccccc2C(=O)NCc2ccco2)cc1,5.6
Cc1ccc(S(=O)(=O)N/N=C/c2cccn2-c2ccc(Cl)cc2)cc1,5.0
Cc1ccc(S(=O)(=O)N/N=C\c2ccccc2OCc2ccccc2)cc1,5.3
Cc1ccc(S(=O)(=O)N2CCC(=CC#Cc3cccc(C)n3)CC2)cc1,5.72
Cc1ccc(S(=O)(=O)N2CCC(C(=O)NCCCOC(C)C)CC2)cc1,4.6
Cc1ccc(S(=O)(=O)N2CCC(C(=O)NCc3cccnc3)CC2)cc1,5.5
Cc1ccc(S(=O)(=O)N2CCC(CN3C(=O)c4cccc5cccc(c45)C3=O)CC2)cc1,5.65
Cc1ccc(S(=O)(=O)N2CCCC(C(=O)NCCCN3CCCCC3C)C2)cc1,4.85
Cc1ccc(S(=O)(=O)N2CCN(C(=O)C3COc4ccccc4O3)CC2)cc1C,4.95
Cc1ccc(S(=O)(=O)N2CCN(C(=O)c3ccccc3)C2C(C)C)cc1,5.7
Cc1ccc(S(=O)(=O)N2CCN(Cc3ccccc3C(F)(F)F)CC2)cc1,5.05
Cc1ccc(S(=O)(=O)N2CCN(c3nc(-c4ccncn4)cc(=O)n3C)[C@H](C)C2)cc1,5.85
Cc1ccc(S(=O)(=O)N2CCN(c3nc(C)nc4sc5c(c34)CCC(C)C5)CC2)cc1,5.75
Cc1ccc(S(=O)(=O)N2CCNC(=O)[C@H]2CC(=O)N[C@@H]2CCCc3cc(CNCC(C)(C)C)ccc32)cc1,5.66
Cc1ccc(S(=O)(=O)N2CCOCC2)cc1NC(=O)COC(=O)CCC(=O)c1cccs1,4.95
Cc1ccc(S(=O)(=O)NC(=Nc2c(C)n(C)n(-c3ccccc3)c2=O)c2ccc(Cl)cc2)cc1,5.5
Cc1ccc(S(=O)(=O)NC(=O)CSc2nc3ccccc3s2)cc1,4.85
Cc1ccc(S(=O)(=O)NC(=O)NN2CCCCCC2)cc1,4.4
Cc1ccc(S(=O)(=O)NC(CC(C)C)C(=O)Oc2ccc3c4c(c(=O)oc3c2)CCC4)cc1,4.85
Cc1ccc(S(=O)(=O)NC2=NC(=O)/C(=C/c3cccnc3)S2)cc1,6.05
Cc1ccc(S(=O)(=O)NC2CCCCC2)cc1,4.7
Cc1ccc(S(=O)(=O)NCC(=O)N(CC(=O)NCc2ccco2)Cc2cccs2)cc1,5.35
Cc1ccc(S(=O)(=O)NCC2CCC(C(=O)N3CCC4(CC3)OCCO4)CC2)cc1,4.8
Cc1ccc(S(=O)(=O)NCCC(=O)NCc2ccccc2)cc1,4.6
Cc1ccc(S(=O)(=O)NCCSc2nnnn2C)cc1,4.85
Cc1ccc(S(=O)(=O)NCCn2c(C)cc3ccccc32)cc1,5.3
Cc1ccc(S(=O)(=O)NCc2cccc([N+](=O)[O-])c2)cc1,5.4
Cc1ccc(S(=O)(=O)NCc2ccccc2)cc1,4.5
Cc1ccc(S(=O)(=O)NNc2ccccc2)cc1,4.55
Cc1ccc(S(=O)(=O)N[C@@H](CCCCN)C(=O)CCl)cc1,4.9
Cc1ccc(S(=O)(=O)N[C@@H](CCc2ccccc2)CC(=O)C(C)(C)C)cc1,5.8
Cc1ccc(S(=O)(=O)N[C@@H](Cc2ccccc2)C(=O)CCl)cc1,5.5
Cc1ccc(S(=O)(=O)N[C@@H]2COC(=O)C/C=C\[C@H](C)COC(=O)N[C@@H](C)C(=O)C/C=C\[C@H]2C)cc1,5.5
Cc1ccc(S(=O)(=O)N[C@H](C(=O)Oc2ccc3c(C(F)(F)F)cc(=O)oc3c2)c2ccccc2)cc1,4.6
Cc1ccc(S(=O)(=O)N[C@H]2COC(=O)C/C=C/[C@@H](C)[C@H]3C=C[C@H](O)[C@@H](COC(=O)C/C=C/[C@H]2C)O3)cc1,5.5
Cc1ccc(S(=O)(=O)N[C@H]2COC(=O)C/C=C\[C@@H](C)COC(=O)C/C=C\[C@@H]2C)cc1,5.5
Cc1ccc(S(=O)(=O)N[C@H]2COC(=O)C/C=C\[C@@H](C)[C@H](NS(=O)(=O)c3ccc(C)cc3)COC(=O)C/C=C\[C@H]2C)cc1,5.5
Cc1ccc(S(=O)(=O)N[C@H]2COC(=O)C/C=C\[C@H](C)[C@@H](NS(=O)(=O)c3ccc(C)cc3)COC(=O)C/C=C\[C@@H]2C)cc1,5.4
Cc1ccc(S(=O)(=O)N[C@H]2COC(=O)[C@@H](C)COC(=O)C/C=C\[C@H]2C)cc1,5.4
Cc1ccc(S(=O)(=O)N[C@H]2COC(=O)[C@@H](C)COC(=O)[C@H](C)NC(=O)C/C=C\[C@H]2C)cc1,5.4
Cc1ccc(S(=O)(=O)N[C@H]2COC(=O)[C@@H](Cc3ccccc3)NC(=O)[C@@H](C)COC(=O)C/C=C\[C@@H]2C)cc1,5.4
Cc1ccc(S(=O)(=O)N[C@H]2COC(=O)[C@H](C)COC(=O)[C@H](C)NC(=O)C/C=C\[C@H]2C)cc1,5.4
Cc1ccc(S(=O)(=O)Nc2cc(O)nc3c2CCC3)cc1,5.5
Cc1ccc(S(=O)(=O)Nc2ccc(=O)n(Cc3ccc(Cl)c(Cl)c3)c2)cc1,5.5
Cc1ccc(S(=O)(=O)Nc2nc(C)c(NC(=O)Nc3ccc(Cl)cc3Cl)s2)cc1,4.8
Cc1ccc(S(=O)(=O)Nc2nc3ccccc3nc2N2CCc3ccccc3C2)cc1,5.55
Cc1ccc(S(=O)(=O)O)cc1.O=C1C(c2ccccn2)=[N+]([O-])c2ccccc21,4.7
Cc1ccc(S(=O)(=O)OCC2CN3C(CCC(C)C3c3ccc(Br)cc3)C(=O)O2)cc1,5.5
Cc1ccc(S(=O)(=O)OC[C@@H]2CN3[C@H](c4ccc(Br)cc4)[C@H](C)CC[C@H]3C(=O)O2)cc1,5.4
Cc1ccc(S(=O)(=O)O[C@H]2C[C@@H](C(C)(C)C)CC[C@@H]2c2ccccc2)cc1,5.7
Cc1ccc(S(=O)(=O)Oc2ccc(/N=N/c3ccc(-c4ccc(/N=N/c5c(O)ccc6cc(S(=O)(=O)[O-])cc(S(=O)(=O)[O-])c56)c(C)c4)cc3C)cc2)cc1.[Na+].[Na+],4.6
Cc1ccc(S(=O)(=O)Oc2ccc(C3C4=C(CCCC4=O)OC4=C3C(=O)CCC4)cc2)cc1,5.2
Cc1ccc(S(=O)(=O)c2c(C)cc(-c3ccccc3)nc2O)cc1,4.65
Cc1ccc(S(=O)(=O)c2c(C)nn(C(C)(C)C)c2OC(=O)c2cccs2)cc1,5.65
Cc1ccc(S(=O)(=O)c2cc(C#N)c(O)nc2N)cc1,4.6
Cc1ccc(S(=O)(=O)c2cc3ccccc3o/c2=N\c2ccc3c(c2)OCO3)cc1,5.7
Cc1ccc(S(=O)(=O)c2nc(S(=O)(=O)c3ccc(C)cc3)c(NCc3ccco3)s2)cc1,5.45
Cc1ccc(S(=O)(=O)n2c3ccccc3c3nnc(C(=O)c4ccccc4)nc32)cc1,5.4
Cc1ccc(S(=O)(=O)n2ccc(-c3cccc(OCc4c(F)cccc4Cl)c3)n2)cc1,5.1
Cc1ccc(SC(C)C(=O)NCc2cccnc2)cc1,6.0
Cc1ccc(SCC(=O)N2c3ccccc3Sc3ccccc32)cc1,5.85
Cc1ccc(SCC(=O)NNC(=O)C2CCCCC2)cc1,5.1
Cc1ccc(SCC(=O)Nc2ccc(N3CCN(c4ccccc4)CC3)c(F)c2)cc1,5.7
Cc1ccc(SCC(=O)Nc2cccc(NC(=O)c3ccco3)c2)cc1,4.65
Cc1ccc(SCCCn2cnc3ccccc3c2=O)cc1,4.95
Cc1ccc(SCCN=C(S)Nc2ccc(C)c(C)c2)cc1,5.2
Cc1ccc(SCCNC(=O)c2ccc(C)c(S(=O)(=O)Nc3ccccc3C)c2)cc1,6.2
Cc1ccc(SCCNC(=O)c2ccccc2)cc1,4.9
Cc1ccc(SCc2cc(O)nc(/N=C(\N)Nc3ccc(C)c(C)c3)n2)cc1,5.15
Cc1ccc(SCc2ccc(C(=O)NCc3ccncc3)cc2)cc1,5.15
Cc1ccc(SCc2ccc(C(=O)Nc3cc([N+](=O)[O-])ccc3C)cc2)cc1,5.05
Cc1ccc(SCc2noc(C(=O)NCC3CCCO3)c2C(=O)O)cc1C,4.85
Cc1ccc(Sc2ccccc2N2CCNCC2)c(C)c1.Cl,5.0
Cc1ccc(Sc2ccccc2N2CCNCC2)c(Cl)c1.Cl,5.26
Cc1ccc(Sc2ccccc2N2CCNCC2)cc1.Cl,4.8
Cc1ccc(Sc2ccccc2N2CCNCC2)cc1C.Cl,4.96
Cc1ccc(Sc2nc(-c3ccccc3)ccc2C#N)cc1,4.7
Cc1ccc(Sc2nc(C)cc(C)c2S(C)(=O)=O)cc1,4.85
Cc1ccc(Sc2ncccc2COC(=O)Nc2ccccc2C)cc1,5.6
Cc1ccc([C@@H](O)c2cnc(C)n2Cc2ccccc2)cc1,5.3
Cc1ccc([C@@H]2CCO[P@](=O)(COc3cc(C)c(C)c4c3-c3ncsc3C4)O2)cn1,5.28
Cc1ccc([C@H](C(=O)NC(C)C)N2C(=O)[C@@H](C3Cc4ccccc4C3)NC(=O)[C@H]2CC(C)C)o1,5.16
Cc1ccc([C@H](CCN2[C@@H]3CC[C@H]2C[C@H](n2c(C)nnc2C(C)C)C3)NC(=O)C2CCC(F)(F)CC2)s1,4.795
Cc1ccc([N+](=O)[O-])c([N+](=O)[O-])c1,4.8
Cc1ccc([N+](=O)[O-])cc1/N=C(/c1cccc([N+](=O)[O-])c1)N1CCOCC1,4.7
Cc1ccc([N+](=O)[O-])cc1N,4.5
Cc1ccc([N+](=O)[O-])cc1NC(=S)NC(=O)CC(C)(C)C,4.65
Cc1ccc([N+](=O)[O-])cc1S(=O)(=O)N(C)C,4.8
Cc1ccc([S+]([O-])CCC[S+]([O-])c2ccc(C)cc2)cc1,4.8
Cc1ccc2[nH]c(/C(C#N)=C\c3ccc(OC(=O)c4cccs4)cc3)nc2c1,4.85
Cc1ccc2[nH]c(C3CCCN(C(S)=Nc4ccccc4C)C3)nc2c1,5.2
Cc1ccc2[nH]c(Cc3ccc(N)cc3)nc2c1.Cl,5.75
Cc1ccc2[nH]c(SCC(=O)Nc3nnc(SCC(N)=O)s3)nc2c1,4.65
Cc1ccc2[nH]c(SCC(=O)c3ccc4c(c3)OCO4)nc2c1,5.65
Cc1ccc2[nH]c(SCc3ccccn3)nc2c1,5.44
Cc1ccc2[nH]c(SCc3nc(O)c4cnn(-c5ccccc5)c4n3)nc2c1,5.0
Cc1ccc2[nH]c3c(c2c1)CN(C(=O)CN1c2ccc(F)cc2CCC1C)CC3,5.05
Cc1ccc2[nH]c3nc(CCCn4ccnc4-c4ccccc4)nnc3c2c1,5.5
Cc1ccc2[nH]c3nc4cccnc4cc3c2c1,5.5
Cc1ccc2c(C(=O)O)c(O)c(-c3ccc(Cl)cc3)nc2c1C,5.16
Cc1ccc2c(C)nc(Nc3nc(O)cc(CSc4nc5ccccc5[nH]4)n3)nc2c1,5.55
Cc1ccc2c(CC(=O)OCc3cc(=O)n4c(n3)sc3ccccc34)coc2c1,5.1
Cc1ccc2c(N)noc2c1-c1ccc2c(N3CCOC[C@@H]3C)nncc2c1,4.92
Cc1ccc2c(N)nsc2c1-c1ccc2c(N3CCOC[C@@H]3C)nncc2c1,5.4
Cc1ccc2c(N3CCN(CCc4cccc(N5CCNC5=O)c4)CC3)cccc2n1,4.68
Cc1ccc2c(N3CCN(CCc4cccc5c4OCc4c(C#N)ncn4-5)CC3)cccc2n1,5.4
Cc1ccc2c(N3CCN(CCc4cccc5c4OCc4c(C(N)=O)ncn4-5)CC3)cccc2n1,4.0
Cc1ccc2c(N3CCN(CCc4cccc5c4OCc4cncn4-5)CC3)cccc2n1,7.0
Cc1ccc2c(NC3CC3)noc2c1-c1ccc2c(N3CCOC[C@@H]3C)nncc2c1,5.25
Cc1ccc2c(NC3CC3)noc2c1-c1ccc2c(NC(C)C)nncc2c1,5.25
Cc1ccc2c(OCCN3CCN(Cc4ccc5c(c4)N(CCc4ccccc4)C(=O)CO5)CC3)cccc2n1,5.05
Cc1ccc2c(OCCN3CCN(Cc4ccc5c(c4)N(Cc4ccccc4)C(=O)CO5)CC3)cccc2n1,4.92
Cc1ccc2c(c1)C(=O)C1(O)CCN(c3ccccc3)C1=N2,4.9
Cc1ccc2c(c1)C(=O)[C@@]1(O)CCN(c3ccccc3)C1=N2,4.9
Cc1ccc2c(c1)C1(SCCS1)C(=O)N2,4.95
Cc1ccc2c(c1)CC[C@H]1CC(=O)CC[C@@]21C,4.8
Cc1ccc2c(c1)N(CC(=O)NC1CCC(C)CC1)C(=O)CO2,5.15
Cc1ccc2c(c1)N(CC(=O)NC1CCCc3ccccc31)C(=O)CO2,5.15
Cc1ccc2c(c1)N(CCC(=O)N1CCC3(CC1)OCCO3)C(=O)C(C)O2,5.7
Cc1ccc2c(c1)N(CCC(=O)NCC1CCCO1)C(=O)CO2,4.6
Cc1ccc2c(c1)N(CCC(=O)NCCCOC(C)C)C(=O)C(C)O2,5.65
Cc1ccc2c(c1)N(CCC(=O)NCCN1CCOCC1)C(=O)CO2,4.6
Cc1ccc2c(c1)N(CCC(=O)NCc1ccc3c(c1)OCO3)C(=O)CO2,6.95
Cc1ccc2c(c1)N(CCC(=O)NCc1cccnc1)C(=O)CO2,5.45
Cc1ccc2c(c1)NCC(C(=O)NC1CCCCC1)O2,4.5
Cc1ccc2c(c1)N[C@H](c1ccc(C(=O)O)cc1)c1cccn1-2,7.3
Cc1ccc2c(c1)[C@@H]1CN(C)CC[C@@H]1N2S(=O)(=O)c1ccc(F)cc1.Cl,5.7
Cc1ccc2c(c1)[C@]1(C[C@H]1c1ccc3c(/C=C/c4ccc(CN5CCOCC5)cc4)n[nH]c3c1)C(=O)N2,5.365
Cc1ccc2c(c1)c1c3n2CCN[C@H]3CCC1,4.5
Cc1ccc2c(c1)nnn2C1CCN(CC(=O)N2c3ccccc3CC2C)CC1,5.0
Cc1ccc2c(c1)nnn2C1CCN(S(=O)(=O)c2ccc(C(=O)N3C(C)CCCC3C)cc2)CC1,5.85
Cc1ccc2c(c1N)C(=O)c1ccccc1C2=O,5.3
Cc1ccc2c(c1[N+](=O)[O-])C(=O)c1ccccc1C2=O,4.9
Cc1ccc2c3c(ccc2n1)OC[C@H](CN1CCN(c2ccc4cc(C#N)ccc4n2)CC1)O3,5.0
Cc1ccc2c[nH]nc2c1NC(=S)NC(=O)c1ccccc1,4.8
Cc1ccc2cc(C#N)c(SCC(=O)N3CCCc4ccccc43)nc2c1C,5.5
Cc1ccc2cc(C)c3nnc(SCC(=O)NCc4ccco4)n3c2c1,4.65
Cc1ccc2cc(CCNC(=O)c3ccc(Br)o3)c(O)nc2c1,4.85
Cc1ccc2cc3cc(C(=O)N4CCCCC4C)oc3nc2c1,4.9
Cc1ccc2ccc3cccc4ccc1c2c34,4.6
Cc1ccc2nc(-c3ccc(N)cc3)sc2c1S(=O)(=O)O,4.5
Cc1ccc2nc(-c3ccccc3)cc(C(=O)NCCCn3ccnc3)c2c1,6.25
Cc1ccc2nc(-c3cccnc3)oc2c1,4.4
Cc1ccc2nc(CC(=O)c3ccc4ccccc4c3)c(O)nc2c1,5.4
Cc1ccc2nc(N/N=C/c3ccccc3C#N)nc(-c3ccccc3)c2c1,5.1
Cc1ccc2nc(N/N=C\c3cccc(C)n3)cc(C)c2c1,5.5
Cc1ccc2nc(N3CCN(S(=O)(=O)c4ccc5c(c4)OCCO5)CC3)c(C#N)cc2c1,5.2
Cc1ccc2nc(NC(=O)COC(=O)c3ccc(Br)o3)sc2c1,4.8
Cc1ccc2nc(NC(=O)CSCC(=O)OCC(=O)c3ccc(Br)cc3)sc2c1,5.0
Cc1ccc2nc(NC(=S)NC(=O)c3cccs3)sc2c1,5.0
Cc1ccc2nc(Nc3ccccc3O)nc(-c3ccccc3)c2c1,4.45
Cc1ccc2nc(Nc3nc(O)cc(-c4ccccc4)n3)nc(C)c2c1,5.6
Cc1ccc2oc(-c3cccc(NC(=S)NC(=O)/C=C/c4ccco4)c3)nc2c1,6.0
Cc1ccc2oc(-c3ccccc3)cc(=O)c2c1,5.0
Cc1ccc2oc(=O)c3c4cc(O)c(O)c(C)c4oc3c2c1,4.9
Cc1ccc2oc(=O)c3c4cc(O)c(O)cc4oc3c2c1,4.7
Cc1ccc2occ(/C=C/C(=O)O)c(=O)c2c1,4.65
Cc1ccc2occ(/C=C/C(=O)c3ccccc3O)c(=O)c2c1,5.05
Cc1cccc(-c2[nH]c(NCc3ccc(Cl)cc3F)nc2-c2ccc3[nH]ncc3c2)n1,5.06
Cc1cccc(-c2[nH]c(NCc3cccc(Cl)c3F)nc2-c2ccc3[nH]ncc3c2)n1,5.1
Cc1cccc(-c2c3c(=O)n(C)c(=O)n(C)c3cn2C2CCCCC2)c1,5.1
Cc1cccc(-c2cc(=O)c3cc(Br)ccc3o2)c1,4.9
Cc1cccc(-c2cc(=O)c3cc(C)ccc3o2)c1,5.4
Cc1cccc(-c2cc(C#N)cc(Oc3c(C(F)(F)F)ccn(Cc4n[nH]c(=O)n4C)c3=O)c2)c1,4.6
Cc1cccc(-c2cc(Nc3ccncc3)c3cc[nH]c3n2)n1,4.6
Cc1cccc(-c2ccc(/C=C/[C@@H]3[C@@H]4[C@@H](C)OC(=O)[C@]4(c4cc(C(C)(C)C)n(C)n4)CC(F)(F)[C@H]3C)nc2)c1C#N,4.3
Cc1cccc(-c2ccc(/C=C/[C@@H]3[C@@H]4[C@@H](C)OC(=O)[C@]4(c4cc(C)n(C)n4)CC(F)(F)[C@H]3C)nc2)c1C#N,4.75
Cc1cccc(-c2ccc(/C=C/[C@@H]3[C@@H]4[C@@H](C)OC(=O)[C@]4(c4n[nH]c(=O)o4)CC(F)(F)[C@H]3C)nc2)c1C#N,4.64
Cc1cccc(-c2ccc(/C=C/[C@@H]3[C@@H]4[C@@H](C)OC(=O)[C@]4(c4nnc(-c5ccccc5)o4)CC(F)(F)[C@H]3C)nc2)c1C#N,4.3
Cc1cccc(-c2ccc(/C=C/[C@@H]3[C@@H]4[C@@H](C)OC(=O)[C@]4(c4nnc(C5CC5)o4)CC(F)(F)[C@H]3C)nc2)c1C#N,4.3
Cc1cccc(-c2ccc(/C=C/[C@@H]3[C@@H]4[C@@H](C)OC(=O)[C@]4(c4nnc(N)o4)CC(F)(F)[C@H]3C)nc2)c1C#N,4.98
Cc1cccc(-c2nc(CN3CCCC(C(=O)NC4CCCCC4)C3)c(C)o2)c1,5.5
Cc1cccc(-c2nnc3n2CCN(C(=O)c2ccc(-c4cccs4)cc2)[C@@H]3C)n1,4.35
Cc1cccc(-c2noc(-c3cc4ccccc4oc3=O)n2)c1,5.05
Cc1cccc(-c2noc([C@H]3CNCC[C@]3(O)c3ccc(F)c(F)c3)c2Br)c1C,4.7
Cc1cccc(-c2nsc(SCC(=O)Nc3nccs3)n2)c1,5.45
Cc1cccc(-n2c(C)cc(/C=N/n3cnnc3)c2C)c1,6.35
Cc1cccc(-n2cnc(C(=O)NC3CCCCCC3)c2)n1,4.85
Cc1cccc(-n2nc([N+](=O)[O-])c(NCc3cccnc3)[n+]2[O-])c1,4.8
Cc1cccc(-n2nnc(C(=O)NC3CCCc4ccccc43)c2N)c1,5.95
Cc1cccc(-n2nnc3cnn(C)c3c2=O)c1,4.5
Cc1cccc(/C=C\c2ccccc2)n1,4.8
Cc1cccc(/C=N\Nc2cnnc(O)c2Cl)c1,4.8
Cc1cccc(C#C/C=C2\CCN(C(=O)c3cccc(Cl)c3)C2)n1,4.89
Cc1cccc(C#CC=C2CCN(C(=O)N(C)C(C)c3ccccc3)CC2)n1,5.4
Cc1cccc(C#CC=C2CCN(C(=O)OCCc3ccccc3)CC2)n1,5.43
Cc1cccc(C#CC=C2CCN(C(=O)OCc3ccccc3)CC2)n1,5.11
Cc1cccc(C#CC=C2CCN(S(=O)(=O)c3ccc(C#N)cc3)CC2)n1,5.3
Cc1cccc(C#CC=C2CCN(S(=O)(=O)c3cccc(Br)c3)CC2)n1,5.48
Cc1cccc(C#CC=C2CCN(c3ncccc3[N+](=O)[O-])CC2)n1,5.35
Cc1cccc(C#Cc2ccccc2)n1,5.300000000000001
Cc1cccc(C(=N)NOC(=O)CCCN2C(=O)c3ccccc3C2=O)c1,5.35
Cc1cccc(C(=O)N/N=C/c2ccc(OCC(=O)N3CCCCC3)cc2)c1,4.7
Cc1cccc(C(=O)N2CCC(=CC#Cc3cccc(C)n3)CC2)c1,5.21
Cc1cccc(C(=O)N2CCN(c3ccc([N+](=O)[O-])c(NCc4ccco4)c3)CC2)c1,4.55
Cc1cccc(C(=O)N2CCOC[C@H]2Cc2cc(-n3nccn3)ccc2Cl)c1-n1nccn1,4.75
Cc1cccc(C(=O)N2CCOC[C@H]2Cc2cc(-n3nccn3)ccc2F)c1-n1nccn1,4.52
Cc1cccc(C(=O)N2CCOC[C@H]2Cc2cc(Cl)cc(-n3nccn3)c2)c1-n1nccn1,4.85
Cc1cccc(C(=O)N2CCOC[C@H]2Cc2cccc(-c3ncon3)c2)c1-n1nccn1,4.6
Cc1cccc(C(=O)N2CCOC[C@H]2Cc2cccc(-n3nccn3)c2)c1-n1nccn1,4.48
Cc1cccc(C(=O)N2C[C@@H](C)OC[C@H]2Cc2cc(-c3ncccn3)ccc2F)c1-n1nccn1,4.5
Cc1cccc(C(=O)N2C[C@@H](C)OC[C@H]2Cc2cc(-n3nccn3)ccc2F)c1-n1nccn1,4.64
Cc1cccc(C(=O)N2C[C@@H](C)OC[C@H]2Cc2cccc(-c3ncccn3)c2)c1-n1nccn1,4.4
Cc1cccc(C(=O)N2C[C@@H](C)OC[C@H]2Cc2cccc(-n3nccn3)c2)c1-n1nccn1,4.96
Cc1cccc(C(=O)NC2CCN(C(S)=NCc3ccco3)CC2)c1,5.25
Cc1cccc(C(=O)NCN2CCN(c3ccccc3C#N)CC2)c1,4.5
Cc1cccc(C(=O)NNC(=O)c2cc3cc4ccccc4nc3s2)c1,5.7
Cc1cccc(C(=O)Nc2cccc(OC(=O)c3cccc(C)c3)c2)c1,4.75
Cc1cccc(C(=O)ON=C(N)c2cccc([N+](=O)[O-])c2)c1,4.75
Cc1cccc(C(=O)c2ccccc2C(=O)O)c1O,4.6
Cc1cccc(C(CC(=O)N2CCCC2)c2ccccc2)c1O,5.6
Cc1cccc(C(CCCN)(c2ccccc2)c2ccccc2)c1,5.26
Cc1cccc(C)c1-c1cc(C)c2nc(Nc3ccc(OCCN4CCCC4)cc3)nnc2c1,4.38
Cc1cccc(C)c1-c1nc2ccc(C(=O)Nc3ccc4ccccc4n3)cc2[nH]1,5.355
Cc1cccc(C)c1-n1c(SCC(=O)NCc2ccco2)nc2ccccc2c1=O,5.4
Cc1cccc(C)c1-n1nnnc1C(C)(C)/N=C/c1ccc(Cl)cc1,4.65
Cc1cccc(C)c1-n1nnnc1C(C)(C)/N=C\c1ccc(Cl)cc1Cl,4.95
Cc1cccc(C)c1CCc1cc(-n2ccccc2=O)cn2c(C)c(C)nc12,4.755
Cc1cccc(C)c1CNc1cc(-c2c[nH]c(=O)[nH]c2=O)cn2c(C)c(C)nc12,5.675
Cc1cccc(C)c1CNc1cc(-c2ccccn2)cn2c(C)c(C)nc12,5.82
Cc1cccc(C)c1CNc1cc(-c2ccco2)cn2c(C)c(C)nc12,5.785
Cc1cccc(C)c1CNc1cc(-n2cc(C(N)=O)ccc2=O)cn2c(C)c(C)nc12,4.994999999999999
Cc1cccc(C)c1CNc1cc(-n2ccc(=O)cc2)cn2c(C)c(C)nc12,4.675
Cc1cccc(C)c1CNc1cc(-n2ccccc2=O)cn2c(C)c(C)nc12,4.605
Cc1cccc(C)c1CNc1cc(-n2cccn2)cn2c(C)c(C)nc12,5.609999999999999
Cc1cccc(C)c1CNc1cc(-n2cnc(CO)n2)cn2c(C)c(C)nc12,4.855
Cc1cccc(C)c1CNc1cc(-n2cnccc2=O)cn2c(C)c(C)nc12,5.5
Cc1cccc(C)c1CNc1cc(-n2cncn2)cn2c(C)c(C)nc12,4.97
Cc1cccc(C)c1CNc1cc(-n2ncccc2=O)cn2c(C)c(C)nc12,5.105
Cc1cccc(C)c1CNc1cc(-n2ncnc2CO)cn2c(C)c(C)nc12,4.74
Cc1cccc(C)c1CNc1cc(C(=O)NCCO)cn2c(C)c(C)nc12,4.984999999999999
Cc1cccc(C)c1CNc1cc(N2CCCCC2=O)cn2c(C)c(C)nc12,4.915
Cc1cccc(C)c1CNc1cc(N2CCNC2=O)cn2c(C)c(C)nc12,5.235
Cc1cccc(C)c1CNc1cccc2c1nc(C)n2C,4.97
Cc1cccc(C)c1CNc1nc(-c2cccc(=O)[nH]2)cc2c(C)c(C)[nH]c12,5.775
Cc1cccc(C)c1CNc1nc(-c2ccccc2)cc2c(C)c(C)[nH]c12,5.145
Cc1cccc(C)c1CNc1nc(-n2ccccc2=O)cc2c(C)c(C)[nH]c12,4.785
Cc1cccc(C)c1CNc1nc(-n2ccccc2=O)cc2c(C)c(C)n(CCO)c12,5.25
Cc1cccc(C)c1CNc1nc(N2CCCC2=O)cc2c(C)c(C)[nH]c12,5.875
Cc1cccc(C)c1CNc1nc(N2CCNC2=O)cc2c(C)c(C)[nH]c12,5.8
Cc1cccc(C)c1CNc1nc(N2CCOCC2=O)cc2c(C)c(C)[nH]c12,4.66
Cc1cccc(C)c1CNc1nc(N2CCOCC2=O)cc2c(C)c(C)n(CCO)c12,5.09
Cc1cccc(C)c1CNc1nccc2c(C)c(C)[nH]c12,5.035
Cc1cccc(C)c1CNc1nccc2c1cc(C)n2C,5.4399999999999995
Cc1cccc(C)c1CNc1nccc2c1nc(C)n2C,4.8
Cc1cccc(C)c1CNc1nccn2c(C)c(C)cc12,5.5649999999999995
Cc1cccc(C)c1CNc1ncnc2c(C)c(C)[nH]c12,5.06
Cc1cccc(C)c1COc1cc(-n2ccccc2=O)cn2c(C)c(C)nc12,4.859999999999999
Cc1cccc(C)c1COc1cccn2c(C)c(C)nc12,5.005
Cc1cccc(C)c1NC(=O)/C(C#N)=C/c1cccs1,4.7
Cc1cccc(C)c1NC(=O)C(NC=O)c1ccccc1Cl,5.0
Cc1cccc(C)c1NC(=O)C(c1ccc(Cl)cc1Cl)N1CCCCC1,5.4
Cc1cccc(C)c1NC(=O)C(c1ccccc1)N1CCC1=O,4.6
Cc1cccc(C)c1NC(=O)CN1CCN(CCCC(c2ccc(F)cc2)c2ccc(F)cc2)CC1,5.0
Cc1cccc(C)c1NC(=O)CSc1nc(C)c(CC(=O)c2ccc(Br)cc2)c(C)c1C#N,5.3
Cc1cccc(C)c1NC(=O)CSc1nnc(-c2ccccc2)n1Cc1ccc2c(c1)OCO2,6.35
Cc1cccc(C)c1NC(=O)C[S+]([O-])CC(=O)NCCCc1ccccc1,4.85
Cc1cccc(C)c1NC(=O)C[S+]([O-])CC(=O)Nc1ccc(F)cc1F,4.85
Cc1cccc(C)c1NC(=O)c1cc2c(=O)c3ccccc3oc2nc1C(F)(F)F,7.3
Cc1cccc(C)c1NC(=S)NC(=O)CCc1ccccc1,4.9
Cc1cccc(C)c1NC1=NCCCS1,8.0
Cc1cccc(C)c1OC1(c2ccccc2)OC(=O)c2ccccc21,5.05
Cc1cccc(C)c1OCC(=O)N[C@@H](Cc1ccccc1)[C@@H](O)C[C@H](Cc1ccccc1)NC(=O)[C@H](C(C)C)N1CCCNC1=O,6.0
Cc1cccc(C)c1OC[C@@H](N)C(C)C,4.7
Cc1cccc(C)c1OC[C@H](C)N,6.0
Cc1cccc(C2NC(=O)c3c(sc(C)c3C)N2)c1O,4.9
Cc1cccc(CC(=O)N2CCc3c2ccc(-c2cn(C)c4ncnc(N)c24)c3F)n1,4.71
Cc1cccc(CCN2CCC(C(=O)c3ccc(NS(C)(=O)=O)cc3)CC2)n1,5.2
Cc1cccc(CN(C(=O)[C@H]2CNCC[C@@]23OCc2cc(F)c(F)cc23)C2CC2)c1C,5.3
Cc1cccc(CN2CCN(C(c3ccccc3)c3ccc(Cl)cc3)CC2)c1.Cl.Cl,4.9
Cc1cccc(CN2CCN(CC(=O)O)C2=O)c1,4.8
Cc1cccc(CN2CCN([C@@H](c3ccccc3)c3ccc(Cl)cc3)CC2)c1,4.9
Cc1cccc(CNCC[C@@]2(c3ccccn3)CCO[C@]3(CCOC3)C2)c1,4.66
Cc1cccc(CNc2cc(-c3c(C)noc3C)ncn2)c1,5.3
Cc1cccc(CNc2cc(-c3ccc(C(=O)N(C)C)cc3)ncn2)c1,5.5
Cc1cccc(CNc2cc(-c3ccc(N(C)C)cc3)ncn2)c1,5.2
Cc1cccc(CNc2cc(-c3cccc(C#N)c3)ncn2)c1,5.1
Cc1cccc(CNc2cc(-c3cccc(NS(C)(=O)=O)c3)ncn2)c1,5.7
Cc1cccc(CNc2cc(-c3ccccc3C)ncn2)c1,5.1
Cc1cccc(CNc2cc(-c3ccccc3CN(C)C)ncn2)c1,4.8
Cc1cccc(CNc2cc(-c3ccccc3Cl)ncn2)c1,4.8
Cc1cccc(CNc2cc(-c3cccnc3)ncn2)c1,6.2
Cc1cccc(CNc2cc(-c3ccoc3)ncn2)c1,5.1
Cc1cccc(CNc2ccnc(-c3ccc(C(=O)N(C)C)cc3)n2)c1,5.5
Cc1cccc(CNc2ccnc(-c3ccc(N(C)C)cc3)n2)c1,5.0
Cc1cccc(CNc2ccnc(-c3cccc(C#N)c3)n2)c1,5.9
Cc1cccc(CNc2ccnc(-c3cccc(NS(C)(=O)=O)c3)n2)c1,5.2
Cc1cccc(CNc2ccnc(-c3ccccc3C(F)(F)F)n2)c1,5.5
Cc1cccc(CNc2ccnc(-c3ccccc3CN(C)C)n2)c1,5.4
Cc1cccc(CNc2ccnc(-c3ccccc3Cl)n2)c1,5.4
Cc1cccc(CNc2ccnc(-c3cccnc3)n2)c1,6.3
Cc1cccc(CNc2ccnc(-c3ccoc3)n2)c1,6.0
Cc1cccc(CNc2nc(-c3c(C)noc3C)nc3ccccc23)c1,5.7
Cc1cccc(CNc2nc(-c3ccc4c(c3)OCO4)nc3ccccc23)c1,6.4
Cc1cccc(CNc2nc(-c3cccc(NS(C)(=O)=O)c3)nc3ccccc23)c1,5.3
Cc1cccc(CNc2nc(-c3ccccc3CN(C)C)nc3ccccc23)c1,5.0
Cc1cccc(CNc2nc(-c3cccnc3)nc3ccccc23)c1,6.0
Cc1cccc(CNc2nc(-c3ccoc3)nc3ccccc23)c1,5.2
Cc1cccc(CNc2ncnc3ccc(-c4c(C)noc4C)cc23)c1,6.1
Cc1cccc(CNc2ncnc3ccc(-c4ccc(C(=O)N(C)C)cc4)cc23)c1,5.7
Cc1cccc(CNc2ncnc3ccc(-c4ccc5c(c4)OCO5)cc23)c1,5.7
Cc1cccc(CNc2ncnc3ccc(-c4cccc(NS(C)(=O)=O)c4)cc23)c1,5.8
Cc1cccc(CNc2ncnc3ccc(-c4ccccc4C#N)cc23)c1,5.9
Cc1cccc(CNc2ncnc3ccc(-c4ccccc4CN(C)C)cc23)c1,5.5
Cc1cccc(CNc2ncnc3ccc(-c4cccnc4)cc23)c1,6.0
Cc1cccc(CNc2ncnc3ccc(-c4ccoc4)cc23)c1,5.4
Cc1cccc(CNc2ncncc2-c2ccc(C(=O)N(C)C)cc2)c1,6.2
Cc1cccc(CNc2ncncc2-c2ccc3c(c2)OCO3)c1,6.6
Cc1cccc(CNc2ncncc2-c2cccc(C#N)c2)c1,6.7
Cc1cccc(CNc2ncncc2-c2cccc(NS(C)(=O)=O)c2)c1,6.8
Cc1cccc(CNc2ncncc2-c2ccccc2C(F)(F)F)c1,7.1
Cc1cccc(CNc2ncncc2-c2ccccc2C)c1,6.4
Cc1cccc(CNc2ncncc2-c2ccccc2CN(C)C)c1,6.4
Cc1cccc(CNc2ncncc2-c2ccccc2Cl)c1,6.7
Cc1cccc(CNc2ncncc2-c2cccnc2)c1,6.2
Cc1cccc(CS(=O)(=O)Cc2ccc(C(=O)NCc3ccco3)o2)c1,4.4
Cc1cccc(CSCCNC(=O)CSCc2ccc([N+](=O)[O-])cc2)c1,4.85
Cc1cccc(CSCCNC(=O)c2ccc(N(C)S(=O)(=O)c3ccccc3)cc2)c1,5.4
Cc1cccc(CSc2ncc(CO)n2C)c1,4.75
Cc1cccc(CSc2nnc(NC(=O)c3ccco3)s2)c1,4.85
Cc1cccc(Cc2c(C)nc3nc(SCC(=O)NCc4ccco4)nn3c2C)c1,4.95
Cc1cccc(Cl)c1C(=O)c1cn(-c2ccc(C(=O)O)cc2)c2c(F)cccc12,4.57
Cc1cccc(Cn2cnc3c(NS(C)(=O)=O)c(C)c(C)cc32)c1,5.7
Cc1cccc(Cn2cnc3c(nnn3Cc3ccc(Cl)cc3)c2=O)c1,5.1
Cc1cccc(Cn2ncc(Cl)c(Cl)c2=O)c1,4.85
Cc1cccc(N(C(=O)Cc2cccs2)C(C(=O)NC2CCCC2)c2ccsc2)c1,5.45
Cc1cccc(N(C)C(=S)Oc2ccc3ccccc3c2)c1,5.4
Cc1cccc(N(C)S(=O)(=O)c2ccc3nc(O)c(O)nc3c2)c1,4.85
Cc1cccc(N(CC(=O)NC2CCCC2)C(=O)c2cc3cc4cccc(C)c4nc3s2)c1C,5.35
Cc1cccc(N(CC(=O)NCCSCc2ccco2)S(=O)(=O)c2ccccc2)c1,5.45
Cc1cccc(N(NC(=O)C(C)(C)O)C(=O)c2ccccc2)c1,4.75
Cc1cccc(N2CCN(C(=O)CCCn3c(=S)[nH]c4cc5c(cc4c3=O)OCO5)CC2)c1C,6.1
Cc1cccc(N2CCN(C(=O)CSCc3c(C)noc3C)CC2)c1C,5.4
Cc1cccc(N2CNC(=O)C23CCN(C[C@H](C)NC(=O)c2ccc(Br)cc2)CC3)c1,5.17
Cc1cccc(NC(=NS(=O)(=O)c2ccccc2)C(F)(F)F)c1,4.6
Cc1cccc(NC(=O)C23CCC(C)(C2Br)C3(C)C)c1,4.9
Cc1cccc(NC(=O)CC2Nc3cccc4cccc(c34)NC2=O)c1,5.6
Cc1cccc(NC(=O)CCCN2C(=O)c3cccc4cccc(c34)C2=O)c1,5.65
Cc1cccc(NC(=O)CCSc2nc(C)cc(C)n2)c1,4.9
Cc1cccc(NC(=O)CSc2n[nH]c(-c3ccncc3)n2)c1,5.5
Cc1cccc(NC(=O)CSc2nc(COc3ccccc3)nc3ccccc23)c1C,5.4
Cc1cccc(NC(=O)CSc2nc(O)c3c(C)cc(C)nc3n2)c1,5.45
Cc1cccc(NC(=O)CSc2nc3ccccc3c3nc(CCc4c(C)n[nH]c4C)nn23)c1,5.45
Cc1cccc(NC(=O)CSc2nnc(-c3ccco3)c(-c3ccco3)n2)c1C,4.8
Cc1cccc(NC(=O)Cn2c(=O)n3nc(CCn4nc(C)cc4C)nc3c3ccccc32)c1,5.3
Cc1cccc(NC(=O)Cn2c(=O)oc3ccccc32)c1,4.6
Cc1cccc(NC(=O)Cn2cccc2)c1,4.65
Cc1cccc(NC(=O)N(Cc2nc(O)c3ccccc3n2)C2CCCC2)c1,4.8
Cc1cccc(NC(=O)NNC(=O)c2cc(-c3ccccc3Cl)nc3ccccc23)c1,5.4
Cc1cccc(NC(=O)N[C@@H]2N=C(c3ccccc3)c3ccccc3N(CC(=O)c3ccccc3C)C2=O)c1,5.2
Cc1cccc(NC(=O)Nc2ccc(-c3ccnc4[nH]cnc34)cc2)c1,5.82
Cc1cccc(NC(=O)Nc2ccc(-c3csc4c(-c5cccnc5)cnc(N)c34)cc2)c1,6.6
Cc1cccc(NC(=O)Nc2ccc(-c3csc4c(-c5cn[nH]c5)cnc(N)c34)cc2)c1,6.32
Cc1cccc(NC(=O)c2cc(=O)c3ccccc3o2)n1,4.6
Cc1cccc(NC(=O)c2cc(Cl)cc(Oc3cncc(F)c3)c2)n1,6.16
Cc1cccc(NC(=O)c2cc(Cl)cc(Oc3cncnc3)c2)n1,5.37
Cc1cccc(NC(=O)c2cc(Oc3cncc(F)c3)cn3ccnc23)n1,5.68
Cc1cccc(NC(=O)c2ccc(Cn3cc(C(F)(F)F)ccc3=O)cc2)c1,4.55
Cc1cccc(NC(=O)c2cccc(N3C(=O)C4C5CCC(C5)C4C3=O)c2)c1C,4.95
Cc1cccc(NC(=S)N(CCc2nc3cc(C)c(C)cc3[nH]2)Cc2cccnc2)c1,5.65
Cc1cccc(NC(=S)N/N=C/c2ccc([N+](=O)[O-])s2)c1,4.65
Cc1cccc(NC(=S)NC(=O)CCc2ccccc2)c1,4.6
Cc1cccc(NC(=S)NC(=O)c2cccs2)n1,4.55
Cc1cccc(NC(=S)c2nc3ccccc3s2)c1,5.4
Cc1cccc(NC(NC(=O)c2cccnc2)C(Cl)(Cl)Cl)c1,5.0
Cc1cccc(NC(S)=NCc2ccccn2)c1,4.65
Cc1cccc(NC(S)=Nc2ccc(Br)cc2)c1,4.6
Cc1cccc(NC2(C(F)(F)F)N=C(c3ccccc3)NC2=O)n1,4.8
Cc1cccc(NC2=NN=C(c3ccc4c(c3)OCCO4)CS2)c1,5.55
Cc1cccc(NCCNc2cccc(C)c2)c1,4.6
Cc1cccc(NS(=O)(=O)c2c(C)n[nH]c2C)c1,4.6
Cc1cccc(Nc2c([N+](=O)[O-])cc([N+](=O)[O-])c3cccnc23)c1C,5.3
Cc1cccc(Nc2cc(Cl)nc(SCC(=O)O)n2)c1C,5.2
Cc1cccc(Nc2ccccc2C(=O)O)c1C,4.95
Cc1cccc(Nc2ccccc2C(=O)OCC(=O)N(C)C2CCS(=O)(=O)C2)c1C,4.55
Cc1cccc(Nc2ccccc2C(=O)OCC(=O)N2CCOCC2)c1C,4.8
Cc1cccc(Nc2ccccc2C(=O)OCC(=O)NCc2ccco2)c1C,4.8
Cc1cccc(Nc2ccncc2S(=O)(=O)NC(=O)NC(C)C)c1,6.0
Cc1cccc(Nc2nc3c(c(=O)n(C)c(=O)n3C)n2CC(O)CO)c1,4.5
Cc1cccc(OC(=O)CN2C(=O)C3C4CCC(C4)C3C2=O)c1C,4.85
Cc1cccc(OC2(c3ccccc3)OC(=O)c3ccccc32)c1C,4.55
Cc1cccc(OCC(=O)N/N=C\C=C\c2ccc3c(c2)OCO3)c1C,5.65
Cc1cccc(OCC(=O)NC(=S)N2CCCc3ccccc32)c1,4.9
Cc1cccc(OCC(=O)NNC(=O)CSc2ncc(C#N)c(N)n2)c1,4.85
Cc1cccc(OCCCC(=O)Nc2ccc(N3CCCCC3)cc2)c1,5.15
Cc1cccc(OCCCC(=O)Nc2ccccc2C(F)(F)F)c1,4.85
Cc1cccc(OCCCCCn2ccnc2)c1,6.25
Cc1cccc(OCCSCc2nc3ccccc3[nH]2)c1,5.15
Cc1cccc(OCCn2c(-c3ccco3)nc3ccccc32)c1,5.0
Cc1cccc(Oc2coc3cc(OC(=O)c4cc5ccccc5oc4=O)ccc3c2=O)c1,4.4
Cc1cccc(Oc2coc3cc(OC(=O)c4cccs4)ccc3c2=O)c1,4.95
Cc1cccc(Oc2ncc(-c3ccc(Cl)cc3)cn2)c1C,4.6
Cc1cccc(Sc2ccccc2N2CCNCC2)c1C.Cl,5.06
Cc1cccc([C@@H]2CN(C)CCc3c2cc(O)c(O)c3Cl)c1,5.6
Cc1cccc([C@H](C)c2c[nH]cn2)c1C,6.8
Cc1cccc2[nH]c(-c3c(NCC(O)c4cccc(Cl)c4)cc[nH]c3=O)nc12,6.15
Cc1cccc2[nH]c3c(N4CCN(CCc5ccc(F)c(F)c5)CC4)ncnc3c12,5.03
Cc1cccc2c(Nc3cccc(-c4nc5c(C(N)=O)cccc5[nH]4)c3)c3ccccc3nc12,5.17
Cc1cccc2c1OCC/C2=N\NC(=O)COc1ccccc1,4.8
Cc1cccc2c3c(ccc12)C1=C(C(=O)C3=O)C(C)CO1,4.9
Cc1cccc2cc(CN(Cc3ccccc3)C(=O)c3cccc(F)c3)c(Cl)nc12,5.05
Cc1cccc2nc(NC(=O)c3cccc(C(F)(F)F)c3)n([C@@H]3CCCCN(C(=O)/C=C/CN(C)C)C3)c12,4.65
Cc1cccc2sc(NC(=O)C3c4ccccc4Oc4ccccc43)nc12,4.9
Cc1cccc2sc(NC(=O)CCN3CCN(c4ccncc4)CC3)nc12,5.94
Cc1ccccc1-c1cc(-c2ccccc2O)on1,4.5
Cc1ccccc1-c1cc(-n2ccnc2)ncn1,6.4
Cc1ccccc1-c1cc(=O)n(C)c2ccc([C@](N)(c3ccc(Cl)cc3)c3cncn3C)cc12,5.87
Cc1ccccc1-c1cc(C(=O)Nc2nc3c(s2)CCCC3)c2ccccc2n1,5.5
Cc1ccccc1-c1cc(C2CCC(CC(=O)O)CC2)nc(C#N)c1N(C)C(=O)C(C)(C)c1cc(C(F)(F)F)cc(C(F)(F)F)c1,5.51
Cc1ccccc1-c1cc(C2CCC(CC(=O)O)CC2)ncc1N(C)C(=O)C(C)(C)c1cc(C(F)(F)F)cc(C(F)(F)F)c1,5.16
Cc1ccccc1-c1cc(N(C)C)ncn1,4.8
Cc1ccccc1-c1cc(N2CCC(CC(=O)O)CC2)ncc1N(C)C(=O)C(C)(C)c1cc(C(F)(F)F)cc(C(F)(F)F)c1,4.89
Cc1ccccc1-c1cc(NCCN2CCOCC2)ncn1,4.9
Cc1ccccc1-c1cc(NCc2cccnc2)ncn1,5.0
Cc1ccccc1-c1cc(Nc2ccc(F)cc2)ncn1,4.4
Cc1ccccc1-c1cc(Nc2ccccc2)ncn1,5.5
Cc1ccccc1-c1ccc2ncnc(-n3ccnc3)c2c1,6.3
Cc1ccccc1-c1ccc2ncnc(N(C)C)c2c1,5.5
Cc1ccccc1-c1ccc2ncnc(N(C)Cc3ccco3)c2c1,4.9
Cc1ccccc1-c1ccc2ncnc(N3CCN(C)CC3)c2c1,5.4
Cc1ccccc1-c1ccc2ncnc(N3CCNCC3)c2c1,4.8
Cc1ccccc1-c1ccc2ncnc(NC3CC3)c2c1,5.5
Cc1ccccc1-c1ccc2ncnc(NCCN3CCOCC3)c2c1,5.4
Cc1ccccc1-c1ccc2ncnc(NCc3cccnc3)c2c1,5.8
Cc1ccccc1-c1ccc2ncnc(NCc3cccs3)c2c1,5.4
Cc1ccccc1-c1cncnc1N(C)Cc1ccco1,5.8
Cc1ccccc1-c1cncnc1N1CCN(C)CC1,5.8
Cc1ccccc1-c1cncnc1N1CCNCC1,5.4
Cc1ccccc1-c1cncnc1NC1CCNCC1,4.8
Cc1ccccc1-c1cncnc1NCCN1CCOCC1,5.8
Cc1ccccc1-c1cncnc1NCCc1cnc[nH]1,6.2
Cc1ccccc1-c1cncnc1NCc1ccccc1,6.5
Cc1ccccc1-c1cncnc1NCc1cccnc1,6.2
Cc1ccccc1-c1cncnc1NCc1cccs1,6.3
Cc1ccccc1-c1cncnc1Nc1ccc(F)cc1,6.7
Cc1ccccc1-c1cncnc1Nc1ccccc1,6.2
Cc1ccccc1-c1nc(-c2ccc(NC(=O)c3cccs3)cc2)no1,4.4
Cc1ccccc1-c1nc(-n2ccnc2)c2ccccc2n1,6.4
Cc1ccccc1-c1nc(C[S+]([O-])CC(=O)NCCCN(C)c2ccccc2)c(C)o1,5.4
Cc1ccccc1-c1nc(C[S+]([O-])CC(=O)NCCN2CCN(Cc3ccccc3)CC2)c(C)o1,5.15
Cc1ccccc1-c1nc(N(C)Cc2ccco2)c2ccccc2n1,4.6
Cc1ccccc1-c1nc(N2CCN(C)CC2)c2ccccc2n1,4.7
Cc1ccccc1-c1nc(N2CCNCC2)c2ccccc2n1,4.6
Cc1ccccc1-c1nc(N2CCOCC2)c2ccccc2n1,4.8
Cc1ccccc1-c1nc(NC2CC2)c2ccccc2n1,5.4
Cc1ccccc1-c1nc(NCCN2CCOCC2)c2ccccc2n1,4.9
Cc1ccccc1-c1nc(NCc2cccnc2)c2ccccc2n1,6.3
Cc1ccccc1-c1nc(NCc2cccs2)c2ccccc2n1,5.1
Cc1ccccc1-c1nc(Nc2ccncc2)c2ccccc2n1,5.2
Cc1ccccc1-c1nc2ccc(-c3ccc(Cl)cc3)cc2c(=O)n1C[C@H]1CCCN(C(C)C)C1,6.17
Cc1ccccc1-c1nccc(-n2ccnc2)n1,6.0
Cc1ccccc1-c1nccc(NCCN2CCOCC2)n1,4.6
Cc1ccccc1-c1nccc(NCc2cccnc2)n1,5.4
Cc1ccccc1-c1nccc(NCc2cccs2)n1,5.7
Cc1ccccc1-c1nccc(Nc2ccc(F)cc2)n1,5.0
Cc1ccccc1-c1nncc2cc(-c3c(C)ccc4c(NC5CC5)noc34)ccc12,5.75
Cc1ccccc1-n1cnc2cc(NCc3cccs3)ccc21,5.3
Cc1ccccc1-n1nc2c(c1NC(=O)c1c(-c3ccccc3Cl)noc1C)CSC2,5.95
Cc1ccccc1-n1nc2c(c1NC(=O)c1ccc(S(=O)(=O)N(C)C)cc1)CSC2,4.85
Cc1ccccc1-n1ncc2c([N+](=O)[O-])cc([N+](=O)[O-])cc21,4.8
Cc1ccccc1C(=N)c1ccccc1Cc1cccc2ccccc12,5.8
Cc1ccccc1C(=O)N/C(=C/c1ccc(-c2cccnc2Cl)o1)C(=O)NCCCN1CCN(C)CC1,5.05
Cc1ccccc1C(=O)N/N=C/c1ccncc1,5.15
Cc1ccccc1C(=O)N1CCc2ccccc2C1,5.2
Cc1ccccc1C(=O)NC(=S)NCC(=O)c1ccccc1,4.55
Cc1ccccc1C(=O)NC(NCc1ccco1)C(Cl)(Cl)Cl,4.6
Cc1ccccc1C(=O)NN(C)c1nc2ccccc2nc1C(F)(F)F,5.15
Cc1ccccc1C(=O)Nc1ccc(C(=O)Nc2nccs2)cc1,5.85
Cc1ccccc1C(=O)Nc1cccc(NC(=S)NC(=O)c2cccs2)c1,5.45
Cc1ccccc1C(=O)Nc1ccccc1-c1nnn(CC(=O)Nc2ccc3c(c2)OCCO3)n1,5.5
Cc1ccccc1C(=O)Oc1ccc(Br)cc1C(=S)N1CCCC1,5.05
Cc1ccccc1C(=O)c1c[nH]c(C(=O)NCc2cccs2)c1,4.65
Cc1ccccc1C(=O)c1cccn1CC(=O)NCc1ccco1,4.65
Cc1ccccc1C(C(=O)NC1CCCC1)N(C(=O)Cc1cccs1)c1ccc2c(c1)OCCO2,6.0
Cc1ccccc1C(C(=O)NCc1ccccc1)N(Cc1ccco1)C(=O)c1ccccn1,5.5
Cc1ccccc1C1C(C#N)=C2N=C(N)c3c(sc4c3CCCCC4)N2C2=C1C(=O)CC(C)(C)C2,5.95
Cc1ccccc1CN1C(=O)C2=C(CCN(Cc3ccccc3)C2)N2CCN=C12,4.97
Cc1ccccc1CN1C2=NCCN2C(=O)C2=C1CCN(Cc1ccccc1)C2,5.4
Cc1ccccc1CN1CCC(N(c2ccc(C(F)(F)F)cc2)c2cccnc2)CC1,4.75
Cc1ccccc1CN1CCN(CC(=O)NCCCN2CCN(c3ccc(F)cc3)CC2)C1=O,4.6
Cc1ccccc1CNc1cc(-n2ccccc2=O)cn2c(C)c(C)nc12,4.955
Cc1ccccc1CNc1cc(-n2cncn2)cn2c(C)c(C)nc12,5.095
Cc1ccccc1CS(=O)(=O)CCC(=O)NCCCN1CCN(c2ccccc2F)CC1,4.95
Cc1ccccc1CS(=O)(=O)Cc1ccc(C(=O)NCc2cccnc2)o1,6.05
Cc1ccccc1CSCCNC(=O)CSCc1ccc([N+](=O)[O-])cc1,4.9
Cc1ccccc1CSc1nccn1-c1ccccc1,5.3
Cc1ccccc1CSc1nnc(-c2cccs2)n1Cc1ccco1,5.35
Cc1ccccc1CSc1nsc(N)n1,4.6
Cc1ccccc1Cn1c(Cc2ccccc2)nc2ccccc21,4.5
Cc1ccccc1Cn1cc(NC(=O)CSc2nc3c(c(C(F)(F)F)n2)CCc2ccccc2-3)cn1,5.3
Cc1ccccc1Cn1cnc2c(cnn2C(C)(C)C)c1=O,4.8
Cc1ccccc1Cn1nc(C)c(NC(=O)c2sc3ccccc3c2Cl)c1C,4.95
Cc1ccccc1N(C(=O)Cc1cccs1)C(C(=O)NCC1CCCO1)c1cccnc1,6.0
Cc1ccccc1N.Cl,4.6
Cc1ccccc1N1C(=O)CN(C(C)(C)C)C(=O)C1c1ccc(N(C)C)cc1,5.55
Cc1ccccc1N1C(=O)NC(=O)/C(=C/Nc2ccc(N(C)C)cc2)C1=O,6.4
Cc1ccccc1N1C(=O)c2cc(S(=O)ON)c(Cl)cc2N[C@H]1C,4.9
Cc1ccccc1N1C(=O)c2cc(S(N)(=O)=O)c(Cl)cc2NC1C,4.65
Cc1ccccc1N1CCN(S(=O)(=O)C[C@@]23CC[C@H](C[C@H]2NC(=O)[C@@H](N)CCS(C)(=O)=O)C3(C)C)CC1,5.5
Cc1ccccc1NC(=O)C(C)c1cccc(C(=O)c2ccccc2)c1,5.1
Cc1ccccc1NC(=O)C1CC(=O)N(c2ccc3c4c(cccc24)CC3)C1,4.9
Cc1ccccc1NC(=O)CN1CCC(n2nnc3ccccc32)CC1,4.75
Cc1ccccc1NC(=O)CSc1nc(N2CCCCC2)nc(N2CCCCC2)n1,5.7
Cc1ccccc1NC(=O)CSc1nnc(-c2ccccc2)n1-c1ccccc1,5.45
Cc1ccccc1NC(=O)OCc1cn(-c2ccc(Cl)cc2)nn1,6.1
Cc1ccccc1NC(=O)c1ccc(N/N=C/c2ccccc2O)c([N+](=O)[O-])c1,5.35
Cc1ccccc1NC(=O)c1cccc(Cn2cc(Br)c([N+](=O)[O-])n2)c1,5.0
Cc1ccccc1NC(=S)NC(=O)c1cc(-c2ccccc2)nc2ccccc12,5.5
Cc1ccccc1NC1=C(C(=O)c2ccccc2)N(C)S(=O)(=O)c2ccccc21,5.5
Cc1ccccc1NC1=NC(=S)N(c2ccccc2)C12CCOC(C)(C)C2,5.0
Cc1ccccc1NS(=O)(=O)c1cc(C(=O)Nc2cccc(N(C)S(C)(=O)=O)c2)ccc1C,6.0
Cc1ccccc1NS(=O)(=O)c1ccc2ncc(C(=O)N(C)Cc3ccco3)c(O)c2c1,6.1
Cc1ccccc1NS(=O)(=O)c1ccc2ncc(C(=O)NCCCN3CCOCC3)c(O)c2c1,5.7
Cc1ccccc1Nc1c([N+](=O)[O-])cc([N+](=O)[O-])c2cccnc12,4.95
Cc1ccccc1OC1C(=O)N(Cc2ccc3c(c2)OCO3)C1c1sccc1C,6.1
Cc1ccccc1OCC(=O)N/N=C1\CCOc2c(C)cccc21,5.5
Cc1ccccc1OCC(=O)NC(=S)Nc1ccc(N2CCOCC2)c(Cl)c1,4.85
Cc1ccccc1OCC(O)Cn1c(NCc2ccccc2)nc2c1c(=O)[nH]c(=O)n2C,4.95
Cc1ccccc1OCC(O)Cn1c2ccccc2c2ccccc21,4.9
Cc1ccccc1OCCCC(=O)NCc1ccco1,4.85
Cc1ccccc1OCCCn1c(=O)sc2ccccc21,4.75
Cc1ccccc1OCCN=C(S)Nc1ccccc1,4.9
Cc1ccccc1OCCNC(=O)c1ccccc1Sc1ccccc1C#N,4.85
Cc1ccccc1OCCNC=C1C(=O)N(C)C(=O)N(C)C1=O,4.7
Cc1ccccc1OCCNc1ccc(C(F)(F)F)cc1[N+](=O)[O-],4.5
Cc1ccccc1S(=O)(=O)c1c(C)cc(-c2ccccc2)nc1O,4.55
Cc1ccccc1[C@@H](OCCN(C)C)c1ccccc1,4.5
Cc1ccccc1[C@H](CC(=O)O)NC(=O)c1cc(=O)n(-c2ccccc2F)[nH]1,7.42
Cc1ccccc1[C@H](CC(=O)O)NC(=O)c1cc(OCC2CC2)n(-c2ccccc2F)n1,7.82
Cc1ccccc1[C@H]1C[C@@H](NCc2ccc(Cl)cc2)CC[C@@H]1C(=O)N1CC(c2ccccc2)(c2ccccc2)C1,4.6
Cc1ccccc1[C@H]1[C@@H]2CN(C3=NC(=O)CO3)C[C@H]2CC[C@@H]1O[C@H](CO)c1cc(C(F)(F)F)cc(C(F)(F)F)c1,4.82
Cc1cccn2c(/C=N/OCc3cccc(F)c3)c(-c3ccc(Cl)cc3)nc12,4.85
Cc1cccn2c(=O)c(/C=N/O)c(N3CCCC3)nc12,4.9
Cc1cccnc1CN(C)C[C@H]1Cc2c(cccc2N2CCNCC2)CN1,5.85
Cc1cccnc1CN1CCC2(CC1)C(=O)N(c1ccc(-c3ccccc3)cc1)C(=O)N2c1cc(O)ncn1,4.16
Cc1cccnc1CN1CCC2(CC1)C(=O)N(c1ccc(C3CCCCC3)cc1)C(=O)N2c1cc(O)ncn1,4.4
Cc1cccnc1NC(=S)NC(=O)c1cccs1,4.75
Cc1cccnc1NC1(C(F)(F)F)N=C(c2ccccc2)NC1=O,5.05
Cc1ccn(-c2ccc(C(=O)N3CCC(F)(F)/C(=C\C(=O)NCCO)c4ccccc43)c(Cl)c2)n1,4.33
Cc1ccn(-c2ccc(C(=O)N3CCC(F)(F)/C(=C\C(=O)NCc4ccccn4)c4ccccc43)c(Cl)c2)n1,4.96
Cc1ccn(-c2ccc(C(=O)N3CCC(F)(F)/C(=C\C(=O)NCc4cccnn4)c4ccccc43)c(Cl)c2)n1,5.1
Cc1ccn2c(NC(=O)c3ccccc3)c(-c3cccs3)nc2c1,5.1
Cc1ccn2cc(CSc3ccccc3N)nc2c1,5.4
Cc1ccnc(N2C(=O)C3C4CC(C(Br)C4Br)C3C2=O)c1,4.6
Cc1ccnc(NC(=S)NC(=O)c2ccco2)c1,4.7
Cc1ccnc(Oc2ccc(-c3cc4c(cc3F)ncc3nc(C)n([C@H]5CCN(C(=O)CO)C[C@@H]5F)c34)c(Cl)c2)n1,5.7
Cc1ccncc1-c1ccc(CN)o1.Cl.Cl,4.54
Cc1ccncc1-c1ccc(CN)s1.Cl.Cl,4.43
Cc1ccncc1C#CCN.Cl.Cl,5.25
Cc1ccncc1CN1CCc2c(sc3ccc(F)cc23)C1,5.07
Cc1ccsc1-c1ccc(F)nc1,4.41
Cc1ccsc1-c1cccnc1,5.369999999999999
Cc1ccsc1-c1nc(-c2ccccc2)c(-c2ccccc2)[nH]1,4.85
Cc1cn(-c2c(Cl)cccc2Cl)c(=O)c2cnc(Nc3ccc(N4CCN(C)CC4)cc3)nc12,5.35
Cc1cn(-c2cc(NC(=O)c3ccc(C)c(Nc4nccc(-c5cccnc5)n4)c3)cc(C(F)(F)F)c2)cn1,6.24
Cc1cn(-c2cc3c(cc2F)Nc2nc(Cc4ccccc4)ccc2C(=O)N3)cn1,7.52
Cc1cn(-c2ccc3c(c2)CCc2ccc(Cc4ccc(F)cc4)nc2C3=O)cn1,6.52
Cc1cn(-c2ccc3c(c2)CCc2sc(Cc4ccccc4)nc2N3)cn1,6.16
Cc1cn(-c2ccc3c(c2)NC(=O)c2ccc(C(C)c4ccccc4)nc2N3)cn1,6.7
Cc1cn(-c2ccc3c(c2)NC(=O)c2ccc(Cc4ccccc4)nc2N3)cn1,6.82
Cc1cn(-c2ccc3n(c2=O)CCN(C[C@@]24C[C@@H]2C(C)(C)Oc2ccc(C(F)(F)F)cc24)C3=O)cn1,4.79
Cc1cn(-c2ccc3n(c2=O)CCN([C@@H](C)[C@@H]2CC[C@H](c4cc(F)c(Cl)cc4C(F)(F)F)O2)C3=O)cn1,4.82
Cc1cn(-c2ccnc(N[C@@H]3CCN(C(=O)c4nccs4)C3)n2)c(-c2ccccc2)n1,6.03
Cc1cn(C2=CCC3C4CC=C5C[C@@H](NC(=O)c6ccc(F)cc6)CC[C@]5(C)C4CC[C@]23C)cn1,5.995
Cc1cn(Cc2ccc(Cl)cc2Cl)c2c(/C=C/C(=O)NS(=O)(=O)c3cc(Cl)c(Cl)s3)cc(F)cc12,5.470000000000001
Cc1cnc(-c2cc(C)c3nc(-c4c(NCC(O)c5cccc(Cl)c5)cc[nH]c4=O)[nH]c3c2)[nH]1,6.44
Cc1cnc(-c2cc(Cl)ccc2F)cc1-n1c(=O)n(C)c2cnccc21,5.8
Cc1cnc(-c2cc(Cl)ccc2F)cc1Nc1ccnc2cn[nH]c12,5.5
Cc1cnc(-c2cc(Cl)ccc2F)cc1Nc1ccnc2cnn(CC(N)=O)c12,4.9
Cc1cnc(-c2cc(F)ccc2F)cc1Nc1ccnc2cn[nH]c12,5.8
Cc1cnc(-c2cc(Oc3ccc4c(c3)nc(Nc3cc(C(F)(F)F)ccc3F)n4C)ccn2)[nH]1,5.47
Cc1cnc(C(=O)N2C[C@H](C(=O)N(C)Cc3cc(C(F)(F)F)cc(C(F)(F)F)c3)[C@@H](c3ccc(F)cc3C)C2)cn1,4.96
Cc1cnc(C(=O)NCCc2ccc(S(=O)(=O)NC(=O)NC3CCCCC3)cc2)cn1,4.9
Cc1cnc(C(=O)c2ccnc3[nH]ncc23)c(NS(=O)(=O)c2ccc(Cl)c(C(F)(F)F)c2)c1,5.52
Cc1cnc(C(=O)c2ncnc3[nH]ccc23)c(NS(=O)(=O)c2ccc(Cl)c(C(F)(F)F)c2)c1,4.7
Cc1cnc(C)n1CC(=O)c1ccc(-c2ccc(N3C[C@H](Cn4ccnn4)OC3=O)cc2F)cn1,4.97
Cc1cnc(CNc2cc(-c3ccc(N(C)C)cc3)ncn2)cn1,5.0
Cc1cnc(CNc2cc(-c3ccc4c(c3)OCO4)ncn2)cn1,5.0
Cc1cnc(CNc2cc(-c3cccc(C#N)c3)ncn2)cn1,4.8
Cc1cnc(CNc2cc(-c3cccc(NS(C)(=O)=O)c3)ncn2)cn1,4.6
Cc1cnc(CNc2cc(-c3ccccc3)nc(-c3cccnc3)n2)nc1,5.02
Cc1cnc(CNc2cc(-c3ccccc3)nc(-c3ccncc3)n2)nc1,7.15
Cc1cnc(CNc2cc(-c3ccccc3C(F)(F)F)ncn2)cn1,5.2
Cc1cnc(CNc2cc(-c3ccccc3C)ncn2)cn1,5.5
Cc1cnc(CNc2cc(-c3ccccc3Cl)ncn2)cn1,5.5
Cc1cnc(CNc2cc(-c3cccnc3)ncn2)cn1,4.8
Cc1cnc(CNc2ccnc(-c3c(C)noc3C)n2)cn1,5.0
Cc1cnc(CNc2ccnc(-c3ccc(C(=O)N(C)C)cc3)n2)cn1,4.5
Cc1cnc(CNc2ccnc(-c3ccc(N(C)C)cc3)n2)cn1,5.0
Cc1cnc(CNc2ccnc(-c3cccc(C#N)c3)n2)cn1,4.9
Cc1cnc(CNc2ccnc(-c3cccc(NS(C)(=O)=O)c3)n2)cn1,4.8
Cc1cnc(CNc2ccnc(-c3ccccc3C)n2)cn1,4.7
Cc1cnc(CNc2ccnc(-c3ccccc3Cl)n2)cn1,5.0
Cc1cnc(CNc2ccnc(-c3cccnc3)n2)cn1,5.3
Cc1cnc(CNc2ccnc(-c3ccoc3)n2)cn1,4.6
Cc1cnc(CNc2nc(-c3c(C)noc3C)nc3ccccc23)cn1,4.7
Cc1cnc(CNc2nc(-c3ccc(C(=O)N(C)C)cc3)nc3ccccc23)cn1,4.8
Cc1cnc(CNc2nc(-c3ccc(N(C)C)cc3)nc3ccccc23)cn1,5.3
Cc1cnc(CNc2nc(-c3ccc4c(c3)OCO4)nc3ccccc23)cn1,6.1
Cc1cnc(CNc2nc(-c3cccc(NS(C)(=O)=O)c3)nc3ccccc23)cn1,4.9
Cc1cnc(CNc2nc(-c3ccccc3C(F)(F)F)nc3ccccc23)cn1,5.3
Cc1cnc(CNc2nc(-c3ccccc3C)nc3ccccc23)cn1,5.0
Cc1cnc(CNc2nc(-c3ccccc3Cl)nc3ccccc23)cn1,5.1
Cc1cnc(CNc2nc(-c3cccnc3)nc3ccccc23)cn1,5.4
Cc1cnc(CNc2nc(-c3ccoc3)nc3ccccc23)cn1,4.9
Cc1cnc(CNc2ncnc3ccc(-c4c(C)noc4C)cc23)cn1,4.8
Cc1cnc(CNc2ncnc3ccc(-c4ccc(N(C)C)cc4)cc23)cn1,5.0
Cc1cnc(CNc2ncnc3ccc(-c4ccc5c(c4)OCO5)cc23)cn1,5.6
Cc1cnc(CNc2ncnc3ccc(-c4cccc(C#N)c4)cc23)cn1,5.5
Cc1cnc(CNc2ncnc3ccc(-c4cccc(NS(C)(=O)=O)c4)cc23)cn1,4.9
Cc1cnc(CNc2ncnc3ccc(-c4ccccc4C#N)cc23)cn1,5.4
Cc1cnc(CNc2ncnc3ccc(-c4ccccc4C(F)(F)F)cc23)cn1,5.7
Cc1cnc(CNc2ncnc3ccc(-c4ccccc4C)cc23)cn1,5.4
Cc1cnc(CNc2ncnc3ccc(-c4ccccc4Cl)cc23)cn1,5.6
Cc1cnc(CNc2ncnc3ccc(-c4ccoc4)cc23)cn1,4.8
Cc1cnc(CNc2ncncc2-c2c(C)noc2C)cn1,4.9
Cc1cnc(CNc2ncncc2-c2ccc(C(=O)N(C)C)cc2)cn1,4.9
Cc1cnc(CNc2ncncc2-c2ccc(N(C)C)cc2)cn1,5.7
Cc1cnc(CNc2ncncc2-c2ccc3c(c2)OCO3)cn1,5.8
Cc1cnc(CNc2ncncc2-c2cccc(C#N)c2)cn1,5.7
Cc1cnc(CNc2ncncc2-c2cccc(NS(C)(=O)=O)c2)cn1,5.5
Cc1cnc(CNc2ncncc2-c2ccccc2C#N)cn1,4.9
Cc1cnc(CNc2ncncc2-c2ccccc2C(F)(F)F)cn1,6.7
Cc1cnc(CNc2ncncc2-c2ccccc2C)cn1,6.0
Cc1cnc(CNc2ncncc2-c2ccccc2CN(C)C)cn1,5.5
Cc1cnc(CNc2ncncc2-c2ccccc2Cl)cn1,6.6
Cc1cnc(CNc2ncncc2-c2cccnc2)cn1,5.0
Cc1cnc(CNc2ncncc2-c2ccoc2)cn1,5.7
Cc1cnc(NC(=O)C2(c3ccccc3C(C)C)CNC2)c(OC(F)F)c1,6.1
Cc1cnc(NC(=O)C2=C([O-])c3ccccc3S(=O)(=O)N2C)s1.[Na+],4.9
Cc1cnc(NC(=O)CCCc2nc3ccccc3s2)s1,5.7
Cc1cnc(NC(=O)CSc2ccc(Cl)cc2)s1,4.8
Cc1cnc(Nc2ccc(F)c(C(F)(F)F)c2)nc1Nc1ccc2oc(=O)[nH]c2c1,6.16
Cc1cnc(Nc2ccc(N3CCN(C)CC3)nc2)nc1Nc1ccc2oc(=O)[nH]c2c1,5.4
Cc1cnc(Nc2ccnn2C)nc1-c1cc2n(c1)C(=O)N([C@H](CO)c1cccc(Cl)c1)C2,5.105
Cc1cnc(Nc2cnn(C(F)F)c2)nc1N1CCC2(CCNC2=O)CC1,5.28
Cc1cnc2[nH]cc(C(=O)c3c(F)ccc(NS(=O)(=O)c4cccc(F)c4)c3F)c2c1,5.3
Cc1cnc2[nH]cc(Cc3ccc(NCc4ccc(C(F)(F)F)nc4)nc3F)c2c1,5.3
Cc1cnc2[nH]cc(Cc3ccc(NCc4ccc(Cl)nc4)nc3F)c2c1,5.3
Cc1cnc2[nH]cc(Cc3ccc(NCc4cccnc4F)nc3F)c2c1,5.3
Cc1cnc2[nH]cc(Cc3ccc(NCc4ccnc(F)c4)nc3F)c2c1,5.3
Cc1cnc2[nH]cc(Cc3ccc(NCc4cnccc4C(F)(F)F)nc3F)c2c1,5.3
Cc1cnc2[nH]cc(Cc3cnc(NCc4cccc(C)n4)nc3)c2c1,5.3
Cc1cnc2[nH]cc(Cc3cnc(NCc4cccc(N5CCOCC5)n4)nc3)c2c1,5.3
Cc1cnc2cc(Cl)ccc2c1SCC(=O)O,5.4
Cc1cnc2nc1-c1cccc(c1)COC/C=C/COCc1cc(ccc1OCCN1CCCC1)N2,5.6
Cc1cnc2nc1-c1cccc(c1)COCC=CCOCc1cc(ccc1OCCN1CCCC1)N2,5.6
Cc1cnc2nc1-c1ccnc(c1)OCC/C=C/COCc1cc(ccc1OCCN1CCCC1)N2,6.01
Cc1cncc(-c2nnc3n2CCN(C(=O)c2ccc(-c4cccs4)cc2)[C@@H]3C)n1,5.7
Cc1cncc(Cc2ccc(-c3ccccc3)nc2)c1,5.96
Cc1cncc(N2CCC(N(c3ccc(C(F)(F)F)cc3)c3cccnc3)CC2)c1,6.22
Cc1cncc(Oc2c(Cl)cc(NS(=O)(=O)c3ccc(Cl)cc3Cl)cc2Cl)c1,9.0
Cc1cncn1-c1nccc(CCNCCCc2cccc(F)c2)n1.Cl,6.05
Cc1cnn(-c2ccc3nnc(-c4ccc(Cl)cc4)n3n2)c1,5.95
Cc1cnn(CCC(=O)NN=C(S)Nc2ccc(F)cc2)c1,4.75
Cc1cnn(CCC(=O)NN=C(S)Nc2cccc(Cl)c2)c1,4.9
Cc1cnnn1-c1ccc(C(=O)CCl)cc1,4.6
Cc1csc(-c2cccnc2)n1,4.64
Cc1csc(-c2nc3ccccc3n2C)n1,4.5
Cc1csc(-c2nnc3n2CCN(C(=O)c2ccc(-c4cccs4)cc2)[C@@H]3C)n1,4.96
Cc1csc(C(C)(O)c2nnc(Nc3ncn(Cc4c(F)cccc4F)n3)s2)n1,4.32
Cc1csc(NC(=O)CCNS(=O)(=O)c2ccc3c(c2)c(=O)n(C)c(=O)n3C)n1,5.1
Cc1csc(NC(=O)CNS(=O)(=O)c2cccs2)n1,4.75
Cc1csc(NC(=O)Cc2c[nH]c3ccccc23)n1,4.45
Cc1csc(NC(=O)c2cc(C(F)(F)c3cncnc3)cc3cccnc23)n1,5.23
Cc1csc(NC(=O)c2cc(Cl)cc(Oc3cncnc3)c2)n1,5.66
Cc1csc(NC(=O)c2cc(F)cc(Oc3cncnc3)c2)n1,4.65
Cc1csc([C@](C)(O)c2nnc(Nc3ccn(Cc4c(F)cccc4F)n3)s2)n1,5.72
Cc1csc2c1c(=O)n(CCc1ccccc1)c(=O)n2CC1CCCO1,4.8
Cc1cscc1-c1ccc(F)nc1,4.41
Cc1cscc1-c1cccnc1,4.09
Cc1n[nH]c(-c2ccc(O)cc2O)c1-c1ccc(Cl)cc1,5.45
Cc1n[nH]c(-c2ccc(OCc3cnn(-c4ccccc4)c3)cc2O)c1Oc1ccc(F)cc1,4.85
Cc1n[nH]c(-c2ccc(OCc3cnn(-c4ccccc4)c3)cc2O)c1Oc1ccccc1F,5.05
Cc1n[nH]c(C)c1Cc1sc2c(c1C(=O)N1C[C@H](O)CO1)c(=O)n(C)c(=O)n2CC(C)C,4.0
Cc1n[nH]c(C)c1N=Nc1cc(Cl)ccc1Cl,4.75
Cc1n[nH]c(Nc2ccccc2)c1[N+](=O)[O-],4.6
Cc1n[nH]c(SC(C(=O)c2ccccc2)c2ccccc2)n1,5.15
Cc1n[nH]c(SCc2cccc(Oc3ccccc3)c2)n1,4.85
Cc1n[nH]c2c1CN(C1=NC(NCc3c(F)cccc3C(F)(F)F)c3cccc(C(N)=O)c3N1)C2,6.2
Cc1n[nH]c2cc(N(C)c3ccnc(Nc4cccc(S(N)(=O)=O)c4)n3)ccc12,4.96
Cc1n[nH]c2ccc(-c3cc(OC[C@@H](N)Cc4c[nH]c5ccccc45)cnc3-c3ccoc3)nc12,7.0
Cc1n[nH]c2cnc(-c3cc(OC[C@@H](N)Cc4c[nH]c5ccccc45)cnc3-c3ccoc3)cc12,7.8
Cc1n[nH]c2cnc(-c3cc(OC[C@@H](N)Cc4c[nH]c5ccccc45)cnc3-c3ccoc3)nc12,5.89
Cc1n[nH]c2ncc(-c3cc(OC[C@@H](N)Cc4c[nH]c5ccccc45)c(C#N)nc3-c3ccoc3)nc12,6.1
Cc1n[nH]c2ncc(-c3cc(OC[C@@H](N)Cc4c[nH]c5ccccc45)cnc3-c3ccoc3)cc12,6.7
Cc1n[nH]c2ncc(-c3cc(OC[C@@H](N)Cc4c[nH]c5ccccc45)cnc3-c3ccoc3)nc12,6.4
Cc1nc(-c2c(C(F)(F)F)noc2-c2ccc(O)cc2O)cs1,6.3
Cc1nc(-c2ccc(-c3ccc(C(=O)N4CCc5cc6c(cc54)C4(CCN(C)CC4)CO6)cc3)c(C)c2)no1,4.5
Cc1nc(-c2ccc(F)cc2F)n(C)c1CC(=O)NCc1ccc(F)cc1Cl.Cl,5.26
Cc1nc(-c2cccc(Cl)c2)c(NC(=O)c2cnn3ccc(N)nc23)s1,5.17
Cc1nc(-c2cccc(NC(=O)c3cc4cc(Br)ccc4oc3=O)c2)cs1,5.0
Cc1nc(-c2cccnc2)sc1C(=O)Nc1ccc(Cl)cc1,4.85
Cc1nc(-c2cccnc2)sc1C(=O)Nc1ccc(F)cc1F,4.8
Cc1nc(-c2cccnc2)sc1C(N)=O,4.55
Cc1nc(-c2ccoc2)c(-c2cnc3[nH]nc(C)c3n2)cc1OC[C@@H](N)Cc1c[nH]c2ccccc12,6.2
Cc1nc(-c2nnc3n2CCN(C(=O)c2ccc(-c4cccs4)cc2)C3)cs1,4.52
Cc1nc(-c2nnc3n2CCN(C(=O)c2ccc(-c4cccs4)cc2)[C@@H]3C)cs1,4.3
Cc1nc(-c2nnc3n2CCN(C(=O)c2ccc(F)cc2)[C@@H]3C)cs1,4.2
Cc1nc(-n2nnc3cc(C)c(C)cc32)c2c3c(sc2n1)CCCC3,5.05
Cc1nc(/N=N\c2cc(S(=O)(=O)[O-])c3cc([N+](=O)[O-])cc(S(=O)(=O)[O-])c3c2)c(COP(=O)([O-])[O-])c(C=O)c1O.[Na+].[Na+].[Na+].[Na+],4.8
Cc1nc(/N=N\c2ccc(C(=O)[O-])cc2)c(COP(=O)([O-])[O-])c(C=O)c1O.[Na+].[Na+].[Na+],5.0
Cc1nc(C(F)(F)F)ccc1Cn1c(=O)c(-c2ccncc2)c(-c2ccc(Cl)cc2)c2nn(C)c(=O)n21,5.17
Cc1nc(C)c(CNc2nc(C3CC3)nc(Cl)c2C)s1,4.77
Cc1nc(C)c(CNc2nc(OCCCc3ccc4ccccc4n3)nc(Cl)c2C)s1,6.05
Cc1nc(C)n(CC(=O)N2CCN(c3sc(C(F)(F)F)nc3-c3nc4ccc(-c5noc(C)n5)cc4[nH]3)C[C@H]2C)n1,4.41
Cc1nc(CN(C)C(=O)N[C@H](C(=O)N[C@H](CC[C@H](Cc2ccccc2)NC(=O)OCc2cncs2)Cc2ccccc2)C(C)C)cs1,7.0
Cc1nc(N)nc(S)c1CCCNc1ccccc1,5.2
Cc1nc(N/N=C/c2ccccc2)nc(N(C)c2ccccc2)c1[N+](=O)[O-],5.15
Cc1nc(N2CCC[C@@H](C(=O)NCCc3ccc(C#N)cc3)C2)nc(N2CCN(C)CC2)c1F,5.12
Cc1nc(N2CCOCC2)c2nc(-c3ccccc3)n(C(C)CN(C)C)c2n1,4.7
Cc1nc(N2CCOCC2)c2nc(-c3ccccc3)n(CC(C)(C)CN(C)C)c2n1,5.0
Cc1nc(N2CCOCC2)c2nc(-c3ccccc3)n(CCCN3CCCCC3C)c2n1,4.8
Cc1nc(N2CCOCC2)c2nc(-c3ccccc3)n(CCCN3CCOCC3)c2n1,4.8
Cc1nc(N2CCOCC2)c2nc(-c3ccccc3)n(CCN3CCCC3)c2n1,4.7
Cc1nc(N2CCOCC2)c2nc(-c3ccccc3)n(CCN3CCCCC3)c2n1,5.6
Cc1nc(N2CCOCC2)c2nc(-c3ccccc3)n(CCN3CCOCC3)c2n1,5.0
Cc1nc(N2CCOCC2)nc(N2CCN(c3ccccc3)CC2)c1[N+](=O)[O-],5.45
Cc1nc(N2C[C@H]3C(=O)N(C)C(=N)N[C@@]3(c3cc(-c4cccc(C#N)c4)cs3)C2)nc(C)c1F,4.89
Cc1nc(N2C[C@H]3C(=O)N(C)C(=N)N[C@@]3(c3cc(-c4cccc(C#N)c4)cs3)C2)ncc1F,6.22
Cc1nc(N2Cc3cn(-c4cccc(S(C)(=O)=O)c4)nc3[C@H]2C(C)C)cc(C(F)(F)F)n1,4.68
Cc1nc(N=C(N)Nc2ccccc2)nc2ccccc12,4.4
Cc1nc(N=C(N)S)sc1C(=O)Nc1ccccc1,4.85
Cc1nc(NC(=O)C(C)(C)CC(F)(F)F)sc1-c1ccc(N)nc1,4.77
Cc1nc(NC(=O)C2(C)CCCCC2)sc1-c1ccc(N)nc1,4.77
Cc1nc(NC(=O)CN(Cc2ccccc2)C(=O)c2ccncc2)sc1-c1ccc(N)nc1,6.15
Cc1nc(NC(=O)Cc2nc(-c3ccccc3)c(C)o2)sc1-c1ccc(N)nc1,5.11
Cc1nc(NC(=O)c2ccccc2)sc1-c1csc(Nc2ccc(Cl)cc2Cl)n1,4.95
Cc1nc(NC(=O)c2ccccc2)sc1-c1csc(Nc2ccc(F)cc2)n1,5.0
Cc1nc(NC(=O)c2ccccc2)sc1-c1csc(Nc2cccc(Cl)c2)n1,5.0
Cc1nc(NC(=O)c2ccccc2)sc1-c1csc(Nc2cccc(F)c2)n1,5.0
Cc1nc(NC(=O)c2ccco2)sc1-c1csc(Nc2ccc(Cl)cc2Cl)n1,5.3
Cc1nc(NC2CCCCC2)c2nc(-c3ccccc3)n(C(C)CN(C)C)c2n1,4.9
Cc1nc(NC2CCCCC2)c2nc(-c3ccccc3)n(CCCN(C)C)c2n1,4.7
Cc1nc(NC2CCCCC2)c2nc(-c3ccccc3)n(CCCN3CCCCC3C)c2n1,5.0
Cc1nc(NC2CCCCC2)c2nc(-c3ccccc3)n(CCCN3CCOCC3)c2n1,5.3
Cc1nc(NC2CCCCC2)c2nc(-c3ccccc3)n(CCN(C)C)c2n1,4.6
Cc1nc(NC2CCCCC2)c2nc(-c3ccccc3)n(CCN3CCCC3)c2n1,4.6
Cc1nc(NC2CCCCC2)c2nc(-c3ccccc3)n(CCN3CCCCC3)c2n1,5.1
Cc1nc(NCc2ccccc2)c2nc(-c3ccccc3)n(C(C)CN(C)C)c2n1,5.0
Cc1nc(NCc2ccccc2)c2nc(-c3ccccc3)n(C3CCN(Cc4ccccc4)C3)c2n1,5.4
Cc1nc(NCc2ccccc2)c2nc(-c3ccccc3)n(CC(C)(C)CN(C)C)c2n1,5.4
Cc1nc(NCc2ccccc2)c2nc(-c3ccccc3)n(CCCN(C)C)c2n1,4.9
Cc1nc(NCc2ccccc2)c2nc(-c3ccccc3)n(CCCN3CCCCC3C)c2n1,5.3
Cc1nc(NCc2ccccc2)c2nc(-c3ccccc3)n(CCCN3CCOCC3)c2n1,5.4
Cc1nc(NCc2ccccc2)c2nc(-c3ccccc3)n(CCN(C)C)c2n1,4.9
Cc1nc(NCc2ccccc2)c2nc(-c3ccccc3)n(CCN3CCCC3)c2n1,5.0
Cc1nc(NCc2ccccc2)c2nc(-c3ccccc3)n(CCN3CCCCC3)c2n1,5.6
Cc1nc(NCc2ccccc2)c2nc(-c3ccccc3)n(CCN3CCOCC3)c2n1,6.2
Cc1nc(NCc2ccco2)c2c3c(sc2n1)CCC3,4.8
Cc1nc(NS(=O)(=O)c2ccc(Br)cc2)c2c3c(sc2n1)CCC3,4.95
Cc1nc(NS(=O)(=O)c2ccccc2C)c2c3c(sc2n1)CCC3,5.05
Cc1nc(N[C@H](C)c2cc(N)cc(C(F)(F)F)c2)c2cc(O[C@H]3CCOC3)c(O)cc2n1,4.99
Cc1nc(N[C@H](C)c2cccc(C(F)F)c2F)c2cc3c(cc2n1)OCC[C@H]1CN(C(=O)C2(C#N)CC2)CCN31,4.73
Cc1nc(N[C@H](C)c2cccc(C(F)F)c2F)c2cc3c(cc2n1)OC[C@H]1CN(C(=O)[C@H]2CCOC2)CCN31,4.1
Cc1nc(Nc2ccccc2)c2nc(-c3ccccc3)n(CCCN3CCCCC3C)c2n1,4.9
Cc1nc(Nc2ccccc2)c2nc(-c3ccccc3)n(CCN3CCOCC3)c2n1,5.8
Cc1nc(Nc2ncc(C(=O)Nc3c(C)cccc3Cl)s2)cc(N2CCN(CCO)CC2)n1.O,5.2
Cc1nc(O)c(C(=O)/C=C/c2ccccc2F)c2c1CCCC2,4.95
Cc1nc(S(=O)(=O)NC2CCCCC2)c(C#N)c(C)c1Cl,5.1
Cc1nc(SC2CC(=O)N(c3ccc([N+](=O)[O-])cc3)C2=O)nc2c1CCCC2,4.7
Cc1nc(SCC(=O)NCCc2ccc(Cl)cc2)nc(C)c1C,5.7
Cc1nc(SCC(=O)NCCc2ccccc2)c2oc3ccccc3c2n1,4.4
Cc1nc(SCC(=O)Nc2ccc(N3CCOCC3)cc2)nc(C)c1C,4.85
Cc1nc(SCC(=O)Nc2ccc3c(c2)OCCO3)c2oc3ccccc3c2n1,5.1
Cc1nc(SCC(=O)c2ccc(Cl)s2)c2oc3ccccc3c2n1,5.55
Cc1nc2c(-c3nnc[nH]3)cc(-c3ccnc(C#N)c3)cc2n1-c1ccnc2c(F)ccc(F)c12,4.62
Cc1nc2c(-c3nnc[nH]3)cc(-c3ccncc3)cc2n1-c1ccnc2c(F)ccc(F)c12,6.0
Cc1nc2c(=O)n(C3CC3)c3c(Cl)c(N4CC[C@@H]([C@H](C)N)C4)c(F)cc3c2o1,4.76
Cc1nc2c(C#N)c(C)nn2c(O)c1Cc1ccccc1,4.6
Cc1nc2c(C(=O)N3CCOCC3)cnn2c(C)c1Cc1ccc(Cl)cc1,4.8
Cc1nc2c(C(=O)NCCC(C)C)cnn2c(O)c1Cc1ccccc1F,4.2
Cc1nc2c(C(=O)NCc3ccc4c(c3)OCO4)cnn2c(O)c1Cc1ccccc1F,5.65
Cc1nc2c(NCc3ccc(F)cc3Cl)cc(-n3ccccc3=O)cn2c1C,5.18
Cc1nc2c(NCc3ccc(F)cc3Cl)cc(-n3cncn3)cn2c1C,5.41
Cc1nc2c(NCc3ccccc3)cc(-n3ccccc3=O)cn2c1C,4.67
Cc1nc2c(N[C@@H]3CCc4ccccc43)cc(-n3ccccc3=O)cn2c1C,4.665
Cc1nc2c(N[C@@H]3CCc4ccccc43)cc(-n3cncn3)cn2c1C,5.275
Cc1nc2c(N[C@H]3CCc4ccccc43)cc(-n3ccccc3=O)cn2c1C,4.41
Cc1nc2c(N[C@H]3c4ccccc4C[C@@H]3O)cc(-n3ccccc3=O)cn2c1C,4.21
Cc1nc2c(N[C@H]3c4ccccc4C[C@@H]3O)cc(-n3cncn3)cn2c1C,5.165
Cc1nc2c(OCc3ccccc3)cccn2c1CC#N,4.8
Cc1nc2c([N+](=O)[O-])c(Cl)c(Cl)cc2n1Cc1ccc(B2OC(=O)CN(C)CC(=O)O2)cc1,4.605
Cc1nc2c([nH]1)c(=O)n(C)c(=O)n2Cc1ccco1,4.4
Cc1nc2c(c(-c3ccc(Cl)cc3Cl)c1CN)C(=O)N(CC(=O)N(C)C)C2,4.665
Cc1nc2c(c(-c3ccc(Cl)cc3Cl)c1CN)C(=O)N(CC(=O)N1CCCC1)C2,4.64
Cc1nc2c(c(-c3ccc(Cl)cc3Cl)c1CN)C(=O)N(CC(=O)N1CCCCC1)C2,5.09
Cc1nc2c(c(-c3ccc(Cl)cc3Cl)c1CN)C(=O)N(C[C@@H]1CCCN1)C2,4.4
Cc1nc2c(c(-c3ccc(Cl)cc3Cl)c1CN)C(=O)N(C[C@@H]1CCCN1S(=O)(=O)C1CC1)C2,5.52
Cc1nc2c(c(-c3ccc(Cl)cc3Cl)c1CN)C(=O)N(C[C@@H]1CCCO1)C2,4.82
Cc1nc2c(c(-c3ccc(Cl)cc3Cl)c1CN)C(=O)N(C[C@H]1CCCO1)C2,4.85
Cc1nc2c(c(-c3ccc(Cl)cc3Cl)c1CN)C(=O)N(Cc1ccccc1)C2,6.05
Cc1nc2c(c(-c3ccc(Cl)cc3Cl)c1CN)C(=O)N(Cc1ccn(C)n1)C2,5.1
Cc1nc2c(c(-c3ccc(Cl)cc3Cl)c1CN)C(=O)N(Cc1ncco1)C2,5.11
Cc1nc2c(c(-c3ccc(Cl)cc3Cl)c1CN)C(=O)N(c1ccn(C)n1)C2,4.96
Cc1nc2c(c(-c3ccc(Cl)cc3Cl)c1CN)CN(CC(=O)NCc1cccnc1)C2=O,5.16
Cc1nc2c(c(-c3ccc(Cl)cc3Cl)c1CN)CN(Cc1ccccc1)C2,6.29
Cc1nc2c(c(-c3ccc(Cl)cc3Cl)c1CN)CN(Cc1ccccc1)C2=O,5.699999999999999
Cc1nc2c(c(-c3ccc(Cl)cc3Cl)c1CN)CN(c1ccc(C#N)cc1)C2=O,6.17
Cc1nc2c(c(-c3ccc(Cl)cc3Cl)c1CN)CN(c1ccc(Cl)cc1)C2=O,6.41
Cc1nc2c(c(-c3ccc(Cl)cc3Cl)c1CN)CN(c1ccc(F)cc1)C2=O,5.85
Cc1nc2c(c(-c3ccc(Cl)cc3Cl)c1CN)CN(c1ccccc1)C2=O,5.92
Cc1nc2c(c(-c3ccn[nH]3)n1)C[C@@H](C)N(C(=O)c1cccc(C(F)(F)F)c1Cl)C2,5.48
Cc1nc2c(ccc3nc(NC(=O)c4ccc(S(=O)(=O)N(C)C)cc4)sc32)s1,5.45
Cc1nc2c(ccc3nc(NC(=O)c4ccc5c(c4)OCCO5)sc32)s1,5.2
Cc1nc2c(cnn2-c2csc(C(=O)NC3COC3)c2)cc1Nc1c(F)cccc1Cl,5.77
Cc1nc2c(n1C1CCCCC1)C(=O)c1ccccc1C2=O,4.85
Cc1nc2c(s1)CC[C@H]2C(=O)Nc1ccc(C[C@@H]2CC[C@H]([C@H](O)c3cccnc3)N2)cc1,4.38
Cc1nc2c3c(c(-n4ccccc4=O)cn2c1C)CC[C@@H](c1ccccc1)N3,5.11
Cc1nc2c3c(c(-n4cncn4)cn2c1C)CC[C@@H](c1ccccc1)N3,5.87
Cc1nc2c3cnn(-c4ccc(C)c(C)c4)c3ncn2n1,4.75
Cc1nc2cc(-c3cc[nH]n3)c(NC(=O)c3cccc(C(F)(F)F)n3)cc2n1C,5.7
Cc1nc2cc(-c3ccccc3)nn2c(-c2ccc(Cl)cc2Cl)c1CN,6.0
Cc1nc2cc(/C=C/C(=O)NO)ccc2c(=O)n1CCc1ccccc1,5.19
Cc1nc2cc(N(C)c3ccnc(Nc4cccc(S(N)(=O)=O)c4)n3)ccc2n1C,4.46
Cc1nc2cc(NC(=O)CSc3nc4c(C)cccc4cc3C#N)ccc2s1,5.55
Cc1nc2cc(OC[C@H](O)CN3CCN(CC(=O)Nc4c(C)cccc4C)CC3)ccc2s1,4.64
Cc1nc2cc(OC[C@H](O)CN3CCN(CC(=O)Nc4ccc(-c5ccccc5)cc4)CC3)ccc2s1,5.1
Cc1nc2cc(OC[C@H](O)CN3CCN(CC(=O)Nc4cccc(-c5ccccc5)c4)CC3)ccc2s1,4.43
Cc1nc2ccc(C(=O)N(CC(C)C)C[C@@H](O)[C@H](Cc3ccccc3)NC(=O)OCc3cncs3)cc2o1,7.28
Cc1nc2ccc(N(C)c3ccnc(Nc4cccc(S(N)(=O)=O)c4)n3)cc2n1C,5.175
Cc1nc2ccc(NC(=O)Nc3ccnc4cccnc34)cc2o1,5.0
Cc1nc2ccccc2c(-c2ccc3c4c(ccnc24)CCO3)c1[C@H](OC(C)(C)C)C(=O)O,4.64
Cc1nc2ccccc2c(=O)n1NC(=O)c1ccccc1Cl,4.65
Cc1nc2ccccn2c(=O)c1CCN1CCC(C(=O)c2ccc(F)cc2)CC1,4.7
Cc1nc2ccccn2c1C(=O)C1=C(O)C(=O)N(CCCn2ccnc2)C1c1ccncc1,4.95
Cc1nc2ccccn2c1C(=O)CSc1ccccc1Cl,4.9
Cc1nc2ccccn2c1C(=O)N/N=C/c1ccccc1[N+](=O)[O-],4.9
Cc1nc2cn(Cc3ccccc3)cc2c(-c2ccc(Cl)cc2Cl)c1CN,6.05
Cc1nc2cnc(N(C)C)nc2n(C)c1=O,4.8
Cc1nc2cnc(N(C)C)nc2n(CCc2ccccc2)c1=O,4.5
Cc1nc2cnc(N(C)C)nc2n(Cc2ccc(F)cc2)c1=O,7.6
Cc1nc2cnc(N(C)C)nc2n(Cc2cccs2)c1=O,5.5
Cc1nc2cnc(N3CCN(C)CC3)nc2n(CCc2ccccc2)c1=O,4.8
Cc1nc2cnc(N3CCN(C)CC3)nc2n(C[C@H]2CCCO2)c1=O,4.4
Cc1nc2cnc(N3CCN(C)CC3)nc2n(Cc2ccc(F)cc2)c1=O,4.7
Cc1nc2cnc(N3CCN(C)CC3)nc2n(Cc2cccs2)c1=O,4.6
Cc1nc2cnc(N3CCNCC3)nc2n(-c2ccccc2)c1=O,4.5
Cc1nc2cnc(N3CCNCC3)nc2n(C)c1=O,4.8
Cc1nc2cnc(N3CCNCC3)nc2n(CCc2ccccc2)c1=O,4.8
Cc1nc2cnc(N3CCNCC3)nc2n(Cc2ccc(F)cc2)c1=O,4.8
Cc1nc2cnc(N3CCNCC3)nc2n(Cc2cccs2)c1=O,5.5
Cc1nc2cnc(N3CCOCC3)nc2n(C2CC2)c1=O,4.8
Cc1nc2cnc(N3CCOCC3)nc2n(CCc2ccccc2)c1=O,4.8
Cc1nc2cnc(N3CCOCC3)nc2n(Cc2ccc(F)cc2)c1=O,4.9
Cc1nc2cnc(N3CCOCC3)nc2n(Cc2cccs2)c1=O,5.1
Cc1nc2cnc(Nc3ccccc3)nc2n(C)c1=O,4.8
Cc1nc2cnc(Nc3ccccc3)nc2n(C2CC2)c1=O,5.2
Cc1nc2cnc(Nc3ccccc3)nc2n(CCc2ccccc2)c1=O,5.0
Cc1nc2cnc(Nc3ccccc3)nc2n(C[C@H]2CCCO2)c1=O,4.8
Cc1nc2cnc(Nc3ccccc3)nc2n(Cc2cccs2)c1=O,5.1
Cc1nc2cnc(OCc3ccccc3)nc2n(CCC#N)c1=O,5.4
Cc1nc2cnc(OCc3ccccc3)nc2n(CCc2ccccc2)c1=O,4.6
Cc1nc2cnc(OCc3ccccc3)nc2n(Cc2ccc(F)cc2)c1=O,5.1
Cc1nc2cnc(Oc3cccc(Cl)c3)nc2n(CCC#N)c1=O,4.8
Cc1nc2cnc(Oc3cccc(Cl)c3)nc2n(C[C@H]2CCCO2)c1=O,4.8
Cc1nc2cnc(Oc3cccc(Cl)c3)nc2n(Cc2ccc(F)cc2)c1=O,4.8
Cc1nc2cnc(Oc3ccccc3)nc2n(-c2ccccc2)c1=O,4.6
Cc1nc2cnc(Oc3ccccc3)nc2n(C2CC2)c1=O,4.6
Cc1nc2cnc(Oc3ccccc3)nc2n(CCC#N)c1=O,4.6
Cc1nc2cnc(Oc3ccccc3)nc2n(CCc2ccccc2)c1=O,4.7
Cc1nc2cnc(Oc3ccccc3)nc2n(Cc2cccs2)c1=O,5.0
Cc1nc2cnc3cc(F)c(-c4ccc(Oc5ncccn5)cc4Cl)cc3c2n1C1CCN(C(=O)CO)CC1,4.96
Cc1nc2cnc3cc(F)c(-c4ccc(Oc5ncccn5)cc4Cl)cc3c2n1C1CCN(CC#N)CC1,5.8
Cc1nc2cnc3cc(F)c(-c4ccc(Oc5ncccn5)cc4Cl)cc3c2n1[C@H]1CCN(C(=O)CO)C[C@@H]1F,5.11
Cc1nc2cnc3cc(F)c(-c4ccc(Oc5ncccn5)cc4Cl)cc3c2n1[C@H]1CC[C@@](N)(CC#N)CC1,5.92
Cc1nc2cnc3cc(F)c(-c4ccc(Oc5ncccn5)cc4Cl)cc3c2n1[C@H]1CC[C@](N)(CC#N)CC1,4.92
Cc1nc2cncnc2n(-c2ccccc2)c1=O,4.9
Cc1nc2cncnc2n(C2CC2)c1=O,4.8
Cc1nc2cncnc2n(Cc2ccc(F)cc2)c1=O,4.8
Cc1nc2cncnc2n(Cc2ccccc2Cl)c1=O,4.8
Cc1nc2nc(-c3ccccc3)cn2c(-c2ccc(Cl)cc2Cl)c1CN,6.0
Cc1nc2nc(C)c(CCC(=O)NC(C)c3ccc4c(c3)OCCO4)c(C)n2n1.Cl,4.85
Cc1nc2nc(SCC(=O)NCc3ccco3)nn2c(C)c1Cc1c(F)cccc1Cl,5.0
Cc1nc2ncnn2c(C)c1CCC(=O)NC(C)c1ccc2c(c1)OCCO2,4.8
Cc1nc2ncnn2c(C)c1CCC(=O)NCCC1=CCCCC1,4.8
Cc1nc2ncnn2c(C)c1CCC(=O)NCc1ccccc1,4.75
Cc1nc2ncnn2c(C)c1CCC(=O)NCc1ccco1,5.0
Cc1nc2ncnn2c(C)c1CCC(=O)Nc1ccc(S(=O)(=O)N2CCCCCC2)cc1,4.4
Cc1nc2sc(C#N)c(N)c2c2c1CCCC2,4.85
Cc1nc2sc3c(NC4CC4)ncnc3c2c(C)c1Cl.Cl,4.8
Cc1nc2sc3c(NC4CC4)nncc3c2c(C)c1Cl.Cl,4.54
Cc1nc2sccn2c(=O)c1CCN1CCC(=C(c2ccc(F)cc2)c2ccc(F)cc2)CC1,4.7
Cc1ncc(C(O)c2c3cc(Cl)cc(C)c3nc3[nH]nc(C)c23)cn1,5.1
Cc1ncc(CN2CC=C(c3ccccc3)CC2)c(N)n1.Cl.Cl,4.6
Cc1ncc(S(=O)(=O)N2CCC(c3cn4ncnc4cc3C)CC2)s1,5.36
Cc1ncc(S(=O)(=O)N2CCC(c3cn4ncnc4cc3Cl)CC2)o1,4.77
Cc1ncc(S(=O)(=O)N2CCC(c3cn4ncnc4cc3Cl)CC2)s1,4.76
Cc1ncc([N+](=O)[O-])n1CCOC(=O)NC(NCc1ccccc1)C(Cl)(Cl)Cl,4.8
Cc1ncc2n1-c1ccc(Cl)cc1C(c1ccccc1F)=NC2,7.18
Cc1nccc(-c2cc3[nH]nc(N[C@H]4CCNC[C@@H]4F)c3cc2C2CC2)c1F,5.35
Cc1nccc2c1[nH]c1cc(O)ccc12.Cl,4.6
Cc1nccc2c1[nH]c1ccccc12,5.4
Cc1ncccc1C(=O)Nc1nc2cc(C(N)=O)ccc2n1CCCCNC(=O)OC(C)(C)C,4.98
Cc1ncccc1Oc1ncc(Cl)cc1NS(=O)(=O)c1ccc(Cl)c(Cl)c1,4.71
Cc1nccn1-c1ccc(-c2cn(CC(=O)Nc3cccc(Cl)c3Cl)nn2)cc1,4.82
Cc1nccn1-c1ccc(-c2cn(CC(=O)Nc3cccc(Cl)c3Cl)nn2)cn1,4.37
Cc1nccn1-c1ccc(OCC(=O)Nc2ccc(-c3ccccc3)cc2)cc1,5.28
Cc1nccn1-c1cccnc1,4.12
Cc1nccn1CC(NC(=O)NC1CCN(Cc2ccn(-c3ccc(C(F)(F)F)cc3)c2)CC1)c1ccccc1,5.7
Cc1nccn1CC1CCc2c(c3ccccc3n2C)C1=O,4.96
Cc1nccn1CCCN1C(=O)/C(=C/c2ccc(C#N)cc2)NC1=S,4.8
Cc1nccn1C[C@@H]1CCc2c(c3ccccc3n2C)C1=O,4.9
Cc1ncn(-c2ccc3c(c2)CCc2cn(Cc4ccccc4)nc2N3)n1,6.52
Cc1ncn(-c2ccc3c(c2)NC(=O)c2ccc(Cc4ccccc4)nc2N3)n1,5.7
Cc1ncnc2[nH]cc(C(=O)c3c(F)ccc(NS(=O)(=O)CC(C)C)c3F)c12,5.12
Cc1ncoc1-c1nnc(SCCCN2CC[C@@]3(C[C@H]3c3ccc(F)cc3)C2)n1C,5.47
Cc1ncoc1-c1nnc(SCCCN2CC[C@]3(C[C@@H]3c3ccc(C(F)(F)F)cc3)C2)n1C,6.52
Cc1ncsc1C(=O)N(Cc1c[n+]([O-])cc2c(F)c(F)ccc12)c1cccc(Cl)c1,5.75
Cc1ncsc1C(=O)N(Cc1cc(=O)[nH]c2c(F)c(F)ccc12)c1cccc(Cl)c1,5.31
Cc1ncsc1C(=O)N(Cc1cc(=O)[nH]c2c(F)cccc12)c1cccc(Cl)c1,5.16
Cc1ncsc1C(=O)N1CCC(N(c2ccc(C(F)(F)F)cc2)c2cccnc2)CC1,5.54
Cc1ncsc1C(=O)N1N=C2/C(=C/c3ccccc3)CCCC2C1c1ccccc1,5.3
Cc1nn(-c2ccc(F)cc2)c(C)c1NS(=O)(=O)c1ccc2ccccc2c1,5.35
Cc1nn(-c2ccccc2)c(C)c1/C=N/N1CCN(Cc2ccccc2)CC1,5.0
Cc1nn(-c2ccccc2)c(Cl)c1C(=O)NC(Cn1ccnc1)C(=O)OC(C)C,5.31
Cc1nn(-c2ccccc2)c(N2CCCCC2)c1/C=N/O,4.85
Cc1nn(-c2ccccc2)c2c1C(c1ccc(O)c(O)c1)N1C(=N2)C(Nc2ccccc2)=Nc2ccccc21,4.85
Cc1nn(-c2ccccc2)nc1CNC(=O)C(C)Cc1ccccc1,5.6
Cc1nn(-c2ccccc2)nc1COc1cc(N)nc2[nH]nnc12,6.43
Cc1nn(-c2nc3ccccc3[nH]2)c(N)c1-c1ccc(Cl)cc1,4.6
Cc1nn(C(=O)c2cccnc2)c(C)c1Sc1ccc(Br)cc1,4.8
Cc1nn(C(=O)c2ccco2)c(C)c1Sc1ccccc1,4.4
Cc1nn(C(C)(C)C)c(OC(=O)c2ccco2)c1Sc1ccccc1,4.4
Cc1nn(C(C)C(=O)N2CCc3ccccc32)c(C)c1[N+](=O)[O-],4.75
Cc1nn(C(C)C(=O)Nc2ccc(Cl)cn2)c(C)c1[N+](=O)[O-],4.8
Cc1nn(C(C)C(=O)Nc2sc3c(c2C#N)CCCC3)c(C)c1[N+](=O)[O-],4.8
Cc1nn(C(C)c2ccc(C(F)(F)F)cc2C(F)(F)F)cc1NC(=O)c1nnc(-c2ccccn2)s1,5.62
Cc1nn(C)c(C)c1CNC(=O)c1cnn2c1NC(c1ccccc1)CC2C(F)(F)F,4.9
Cc1nn(C)c(Cl)c1NC(=O)OCc1ccc(Cl)cc1Cl,4.85
Cc1nn(C)c(Cl)c1S(=O)(=O)N[C@@H](c1ccccc1)[C@]1(C)C[C@H]1[C@@H](C)C(=O)Nc1ccc2ccccc2c1,5.9
Cc1nn(C)c(Oc2ccc(Cl)cc2)c1C(=O)Nc1ccc(F)cc1F,4.65
Cc1nn(C)c2cc(N(C)c3ccnc(Nc4cccc(S(N)(=O)=O)c4)n3)ccc12.Cl,5.33
Cc1nn(C)cc1/C=N\NC(=O)c1csc2ccccc12,4.75
Cc1nn(C)cc1C(C(=O)NC1CCCCC1)N(C(=O)Cc1cccs1)c1ccc(C(C)C)cc1,5.6
Cc1nn(C2CCCC2)c(C)c1S(=O)(=O)N[C@@H](C)CNc1cccc2c1cnn2-c1ccc(F)nc1,4.66
Cc1nn(C2CCN(C(=O)CN)CC2)c(C)c1Nc1ncc(Cl)c(-c2cnn3ccccc23)n1,6.3
Cc1nn(C2CCN(C(=O)[C@@H](C)N)CC2)c(C)c1Nc1ncc(Cl)c(-c2cnn3ccccc23)n1,6.0
Cc1nn(C2CCN(C(=O)[C@@H](C)O)CC2)c(C)c1Nc1ncc(Cl)c(-c2cnn3ccccc23)n1,4.68
Cc1nn(C2CCN(C(=O)[C@H](C)N)CC2)c(C)c1Nc1ncc(Cl)c(-c2cnn3ccccc23)n1,6.52
Cc1nn(C2CCNCC2)c(C)c1Nc1ncc(Cl)c(-c2cnn3ccccc23)n1,5.32
Cc1nn(CC(=O)NCc2ccccc2)c(C)c1[N+](=O)[O-],4.65
Cc1nn(CC(=O)NCc2ccccc2Cl)c(C)c1[N+](=O)[O-],4.85
Cc1nn(CC(O)COc2ccc3c(c2)CCC3)c(C)c1Br,4.8
Cc1nn(CCc2nnc(S)n2-c2ccc(F)c(Cl)c2)c(C)c1[N+](=O)[O-],5.5
Cc1nn(Cc2c(F)c(F)c(F)c(F)c2F)c(C)c1NC(=O)c1c(-c2ccccc2)nn(-c2ccccc2)c1C,5.65
Cc1nn(Cc2c(F)c(F)c(F)c(F)c2F)c(C)c1NC(=O)c1cccc(COc2ccccc2Cl)c1,5.4
Cc1nn(Cc2ccc(Cl)cc2)c(C)c1NC(=O)CSc1nc2c(c(C(F)(F)F)n1)CCc1ccccc1-2,5.5
Cc1nn(Cc2ccc(Cl)cc2)c(C)c1NC(=O)Cn1nc([N+](=O)[O-])c(Cl)c1C,5.95
Cc1nn(Cc2ccc(Cl)cc2Cl)c(C)c1NC(=O)c1sc2ccccc2c1Cl,5.15
Cc1nn(Cc2ccccc2Cl)c(C)c1NC(=O)CCCn1nc(C)c([N+](=O)[O-])c1C,5.6
Cc1nn(S(=O)(=O)c2cccs2)c(C)c1Sc1ccc([N+](=O)[O-])cc1,5.55
Cc1nn2c(NCC(C)C)c3c(nc2c1-c1ccccc1)CCC3,5.0
Cc1nn2c(c1-c1ccccc1)N=C1CCCC(O)=C1C2c1ccccc1,5.2
Cc1nnc(-c2cccc(Br)c2)c2cn(-c3ccccc3Cl)nc12,4.4
Cc1nnc(-c2cnn(-c3ccccc3)c2N)n1Cc1ccc(F)cc1,4.6
Cc1nnc(-c2cnn(-c3ccccc3)c2N)n1Cc1ccccc1,4.6
Cc1nnc(-c2cnn(-c3ccccc3)c2N)n1Cc1ccncc1,4.8
Cc1nnc(C(C)C)n1[C@@H]1C[C@H]2CC[C@@H](C1)N2CC[C@H](NC(=O)C1CCCCC1)c1cccs1,4.785
Cc1nnc(C(C)C)n1[C@H]1C[C@H]2CC[C@@H](C1)N2CC[C@H](NC(=O)C1CCC(F)(F)CC1)c1ccccc1,5.17
Cc1nnc(C)n1/N=C/c1ccc(-c2ccccc2)cc1,4.65
Cc1nnc(CNc2cc(OC[C@H]3C[C@@H]3c3ccccn3)nc3cccnc23)s1,4.43
Cc1nnc(NC(=O)c2oc3c(ccc4ccccc43)c2C)s1,4.9
Cc1nnc(NC(=O)c2sc3nc(-c4cccs4)cc(C(F)(F)F)c3c2N)s1,4.85
Cc1nnc(O)nc1NCc1ccccc1Cl,4.4
Cc1nnc(S)n1/N=C/c1ccc(Br)o1,4.6
Cc1nnc(S)n1/N=C/c1ccccc1OCc1ccc(Cl)cc1,5.9
Cc1nnc(SCC(=O)N2CC(=O)Nc3ccccc32)n1Cc1ccccc1,5.1
Cc1nnc(SCC(=O)NCC2CCCCC2)n(N)c1=O,4.6
Cc1nnc(SCC2=C(C(=O)[O-])N3C(=O)[C@@H](NC(=O)Cn4cnnn4)[C@@H]3SC2)s1.[Na+],4.5
Cc1nnc(SCCCn2c(N3CCN(c4ccccc4)CC3)nc3c2c(=O)[nH]c(=O)n3C)s1,5.55
Cc1nnc(SCc2nc(N)nc(Nc3ccccc3)n2)s1,4.85
Cc1nnc([C@@]23CC(F)(F)[C@@H](C)[C@H](/C=C/c4ccc(-c5cccc(C)c5C#N)cn4)[C@@H]2[C@@H](C)OC3=O)o1,4.77
Cc1nnc2ccc(-c3cccc(C(F)(F)F)c3)nn12,4.5
Cc1nnc2n1-c1sc(CCC(=O)N3CCOCC3)cc1C(c1ccccc1Cl)=NC2,5.1
Cc1nnc2nc(SCC(=O)NCC3CCCO3)n(-c3ccc(Br)cc3)c(N)c1-2,4.95
Cc1nnc2sc(C(=O)NC3CN(c4cccc(F)c4F)C3)c(N)c2c1C,4.96
Cc1nnc2sc(C(=O)NCc3ccc(-c4ccc(F)nc4)cc3)c(N)c2c1C,4.6
Cc1nnc2sc(C(=O)NCc3ccc(-c4ccnc(F)c4)cc3)c(N)c2c1C,4.62
Cc1nnc2sc(C(=O)NCc3ccc(-c4ccncc4)cc3)c(N)c2c1C,6.47
Cc1nnsc1NC(=O)OCc1ccc(C(F)(F)F)cc1,6.05
Cc1noc(-c2nnc3n2CCN(C(=O)c2ccc(-c4cccs4)cc2)[C@@H]3C)n1,4.26
Cc1noc(C)c1-c1cc(NC2CC2)ncn1,4.6
Cc1noc(C)c1-c1cc(NC2CCNCC2)ncn1,7.9
Cc1noc(C)c1-c1cc(NCc2cccnc2)ncn1,4.9
Cc1noc(C)c1-c1cc(NCc2cccs2)ncn1,4.5
Cc1noc(C)c1-c1cc(Nc2ccc(F)cc2)ncn1,4.7
Cc1noc(C)c1-c1ccc(-c2nc(C)c([C@H](OC(C)(C)C)C(=O)O)c(-c3ccc(Cl)cc3)c2C)cc1,4.77
Cc1noc(C)c1-c1ccc2c(Nc3ccccc3)c(C(N)=O)cnc2c1,4.77
Cc1noc(C)c1-c1ccc2c(Nc3ccccc3C(C)(C)C)c(C(=O)O)cnc2c1,4.89
Cc1noc(C)c1-c1ccc2c(Nc3ccccc3C(C)(C)C)c(C(N)=O)cnc2c1,5.7
Cc1noc(C)c1-c1ccc2ncnc(N(C)Cc3ccco3)c2c1,4.6
Cc1noc(C)c1-c1ccc2ncnc(N3CCN(C)CC3)c2c1,4.6
Cc1noc(C)c1-c1ccc2ncnc(N3CCOCC3)c2c1,4.5
Cc1noc(C)c1-c1ccc2ncnc(NC3CC3)c2c1,4.9
Cc1noc(C)c1-c1ccc2ncnc(NCCN3CCOCC3)c2c1,4.9
Cc1noc(C)c1-c1ccc2ncnc(NCc3ccccc3)c2c1,5.0
Cc1noc(C)c1-c1ccc2ncnc(NCc3cccnc3)c2c1,5.6
Cc1noc(C)c1-c1ccc2ncnc(NCc3cccs3)c2c1,5.0
Cc1noc(C)c1-c1ccc2ncnc(Nc3ccc(F)cc3)c2c1,4.8
Cc1noc(C)c1-c1ccc2ncnc(Nc3ccccc3)c2c1,4.9
Cc1noc(C)c1-c1cncnc1-n1ccnc1,5.6
Cc1noc(C)c1-c1cncnc1N(C)Cc1ccco1,5.5
Cc1noc(C)c1-c1cncnc1N1CCN(C)CC1,4.9
Cc1noc(C)c1-c1cncnc1NC1CC1,5.1
Cc1noc(C)c1-c1cncnc1NCCN1CCOCC1,5.2
Cc1noc(C)c1-c1cncnc1NCc1ccccc1,5.7
Cc1noc(C)c1-c1cncnc1NCc1cccnc1,5.5
Cc1noc(C)c1-c1cncnc1Nc1ccccc1,5.5
Cc1noc(C)c1-c1nc(N(C)C)c2ccccc2n1,4.8
Cc1noc(C)c1-c1nc(N(C)Cc2ccco2)c2ccccc2n1,4.9
Cc1noc(C)c1-c1nc(N2CCNCC2)c2ccccc2n1,4.4
Cc1noc(C)c1-c1nc(N2CCOCC2)c2ccccc2n1,5.2
Cc1noc(C)c1-c1nc(NC2CC2)c2ccccc2n1,5.6
Cc1noc(C)c1-c1nc(NCCN2CCOCC2)c2ccccc2n1,4.9
Cc1noc(C)c1-c1nc(NCc2ccccc2)c2ccccc2n1,5.1
Cc1noc(C)c1-c1nc(NCc2cccnc2)c2ccccc2n1,5.7
Cc1noc(C)c1-c1nc(NCc2cccs2)c2ccccc2n1,5.2
Cc1noc(C)c1-c1nc(Nc2ccccc2)c2ccccc2n1,5.2
Cc1noc(C)c1-c1nc(Nc2ccncc2)c2ccccc2n1,6.5
Cc1noc(C)c1-c1nccc(-n2ccnc2)n1,5.9
Cc1noc(C)c1-c1nccc(N(C)C)n1,4.5
Cc1noc(C)c1-c1nccc(N(C)Cc2ccco2)n1,4.6
Cc1noc(C)c1-c1nccc(NC2CC2)n1,5.6
Cc1noc(C)c1-c1nccc(NCCN2CCOCC2)n1,4.7
Cc1noc(C)c1-c1nccc(NCc2ccccc2)n1,5.3
Cc1noc(C)c1-c1nccc(NCc2cccnc2)n1,5.4
Cc1noc(C)c1-c1nccc(NCc2cccs2)n1,4.8
Cc1noc(C)c1-c1nccc(Nc2ccc(F)cc2)n1,4.9
Cc1noc(C)c1C(=O)N1CCC(N(c2ccc(C(F)(F)F)cc2)c2cccnc2)CC1,5.68
Cc1noc(C)c1C(=O)N1CCC2(CC1)CCN(C(c1ccccc1)c1ccccc1)CC2,5.0
Cc1noc(C)c1C(=O)N1CCC2(CC1)CCN(c1ccncc1)CC2,5.4
Cc1noc(C)c1C(=O)N1CCC2(CCCN(C(=O)Nc3cccc(F)c3)C2)CC1,4.8
Cc1noc(C)c1C(=O)N1CCC2(CCCN(Cc3ccccc3)C2)CC1,4.6
Cc1noc(C)c1C(=O)N1CCC2(CCCN(Cc3nccs3)C2)CC1,4.9
Cc1noc(C)c1C(=O)N1CCC2(CCCN(c3ccccc3)C2)CC1,4.8
Cc1noc(C)c1C(=O)N1CCC2(CCCN(c3ccccn3)C2)CC1,4.7
Cc1noc(C)c1C(=O)N1CCC2(CCCN(c3ccncc3)C2)CC1,4.5
Cc1noc(C)c1C(=O)N1CCC2(CCN(C(=O)Nc3ccccc3)CC2)CC1,4.7
Cc1noc(C)c1C(=O)N1CCC2(CCN(Cc3ccncc3)CC2)CC1,4.9
Cc1noc(C)c1C(=O)N1CCC[C@@]2(CCN(C(=O)Nc3cccc(C#N)c3)C2)C1,4.8
Cc1noc(C)c1C(=O)N1CCC[C@@]2(CCN(C(=O)Nc3cccc(F)c3)C2)C1,5.3
Cc1noc(C)c1C(=O)N1CCC[C@@]2(CCN(C(=O)Nc3ccccc3)C2)C1,4.8
Cc1noc(C)c1C(=O)N1CCC[C@@]2(CCN(C(c3ccccc3)c3ccccc3)C2)C1,5.1
Cc1noc(C)c1C(=O)N1CCC[C@@]2(CCN(CC(C)C)C2)C1,5.7
Cc1noc(C)c1C(=O)N1CCC[C@@]2(CCN(Cc3cc(C(F)(F)F)cc(C(F)(F)F)c3)C2)C1,5.1
Cc1noc(C)c1C(=O)N1CCC[C@@]2(CCN(Cc3ccccc3)C2)C1,4.9
Cc1noc(C)c1C(=O)N1CCC[C@@]2(CCN(Cc3nccs3)C2)C1,4.8
Cc1noc(C)c1C(=O)N1CCC[C@@]2(CCN(c3cccc(-c4ccccc4)c3)C2)C1,5.3
Cc1noc(C)c1C(=O)N1CCC[C@@]2(CCN(c3ccccc3)C2)C1,5.3
Cc1noc(C)c1C(=O)N1CCC[C@@]2(CCN(c3ccccn3)C2)C1,4.9
Cc1noc(C)c1COc1cccc(C(=O)OCC(=O)N2CC(=O)Nc3ccccc32)c1,5.35
Cc1noc(C)c1CS(=O)(=O)c1ccc(Br)cc1,4.8
Cc1noc(C)c1NC(=O)[C@@H]1CCCC[C@H]1C(=O)c1ccc(-c2cc[nH]n2)cc1,5.4
Cc1noc(NS(=O)(=O)c2ccc(N/C=C/C(=O)c3ccc4c(c3)OCO4)cc2)c1C,4.95
Cc1noc(NS(=O)(=O)c2ccc(N/C=C\C(=O)c3ccc4c(c3)OCO4)cc2)c1C,4.85
Cc1noc(NS(=O)(=O)c2ccc(NC(=O)CC34CC5CC(CC(Br)(C5)C3)C4)cc2)c1C,5.2
Cc1noc(NS(=O)(=O)c2ccc(NC(=O)c3ccc(Br)o3)cc2)c1C,4.4
Cc1noc(NS(=O)(=O)c2cccc3c(N(C)C)cccc23)c1C,4.7
Cc1noc([C@H]2C[C@@H]2C(=O)NCc2ccc(-c3cccc(OC(F)(F)F)c3)c3c2CN(C(=O)NC(C)(C)C)CC3)n1,4.89
Cc1nsc(-c2nnc3n2CCN(C(=O)c2ccc(-c4cccs4)cc2)[C@@H]3C)n1,4.1
Cc1nsc(-c2nnc3n2CCN(C(=O)c2ccc(F)cc2)[C@@H]3C)n1,4.05
Cc1nsc(-c2nnc3n2CCN(C(=O)c2ccccc2)[C@@H]3C)n1,4.51
Cc1oc(-c2ccc(Cl)cc2)nc1CCOc1cccc(C[C@@H]2C(=O)N(c3ccc(C(C)(C)C)cc3)[C@@H]2C(=O)O)c1,5.33
Cc1oc(-c2cccc(Cl)c2)nc1CCOc1cccc(C[C@@H]2C(=O)N(c3ccc(C(C)(C)C)cc3)[C@@H]2C(=O)O)c1,4.7
Cc1oc(-c2ccccc2)cc1C(=O)Nc1ccc(N(C)C)cc1,4.75
Cc1oc(-c2ccccc2)nc1CCOc1ccc(C[C@@H]2C(=O)N(c3ccc(C(C)(C)C)cc3)[C@@H]2C(=O)O)cc1,4.55
Cc1oc(-c2ccccc2)nc1CCOc1cccc(C[C@@H]2C(=O)N(c3ccc(C(C)(C)C)cc3)[C@@H]2C(=O)O)c1,4.744999999999999
Cc1oc(-c2ccccc2)nc1CCOc1cccc(C[C@H]2C(=O)N(c3ccc(C(C)(C)C)cc3)[C@H]2C(=O)O)c1,4.7
Cc1oc(-c2ccccc2Cl)nc1CSCC(=O)NC1CC1,5.35
Cc1oc(-c2ccccc2F)nc1CS(=O)(=O)CC(=O)NCCCN(C)C1CCCCC1,5.0
Cc1oc(-c2ccccc2F)nc1CSCC(=O)NCc1ccc2c(c1)OCO2,6.0
Cc1oc(-c2ccccc2F)nc1C[S+]([O-])CC(=O)N1CCC2(CC1)OCCO2,4.6
Cc1oc(-c2cccs2)nc1C[S+]([O-])CC(=O)NCCCOC(C)C,4.9
Cc1oc(/C=N/NC(=O)CN(c2ccccc2Br)S(C)(=O)=O)cc1Br,5.25
Cc1oc(=O)c(NC(=O)c2ccccc2)cc1C(=O)c1ccccc1,5.1
Cc1oc2c(C)c(O)ccc2c(=O)c1-c1ccc2ccccc2n1,5.1
Cc1oc2cc(O)ccc2c(=O)c1-c1cnn(-c2ccccc2)c1,4.5
Cc1occc1-c1nc(N)c(OC[C@@H](N)Cc2c(C#N)[nH]c3ccccc23)cc1-c1cnc2[nH]nc(C)c2n1,5.8
Cc1occc1-c1nc(N)c(OC[C@@H](N)Cc2c(C(N)=O)[nH]c3ccccc23)cc1-c1cnc2[nH]nc(C)c2n1,5.4
Cc1occc1-c1nc(N)c(OC[C@@H](N)Cc2c(Cl)[nH]c3ccccc23)cc1-c1cnc2[nH]nc(C)c2n1,6.3
Cc1occc1-c1nc(N)c(OC[C@@H](N)Cc2c[nH]c3ccccc23)cc1-c1cc2c(C)n[nH]c2cn1,5.89
Cc1occc1-c1nc(N)c(OC[C@@H](N)Cc2c[nH]c3ccccc23)cc1-c1ccc2[nH]nc(C)c2c1,7.0
Cc1occc1-c1nc(N)c(OC[C@@H](N)Cc2c[nH]c3ccccc23)cc1-c1cnc2[nH]nc(C)c2c1,6.0
Cc1occc1-c1nc(N)c(OC[C@@H](N)Cc2c[nH]c3ccccc23)cc1-c1cnc2[nH]nc(C)c2n1,5.3
Cc1occc1-c1nc(N)c(OC[C@@H](N)Cc2ccccc2)cc1-c1cnc2[nH]nc(C)c2n1,5.5
Cc1occc1-c1ncc(OC[C@@H](N)Cc2c[nH]c3ccccc23)cc1-c1cnc2[nH]nc(C)c2n1,6.2
Cc1occc1C(=O)NCc1ccccc1,4.8
Cc1onc(-c2c(Cl)cccc2Cl)c1C(=O)N1CCc2ccccc2C1,5.4
Cc1onc(-c2c(Cl)cccc2Cl)c1C(=O)Nc1ccc2c(c1)OCO2,6.0
Cc1onc(-c2ccccc2)c1-c1ccc(S(N)(=O)=O)cc1,4.8
Cc1onc(-c2ccccc2)c1C(=O)NC(CC(=O)O)c1ccc(OC(C)C)cc1,4.55
Cc1onc(-c2ccccc2)c1C(=O)NCCc1c[nH]c2ccccc12,5.05
Cc1onc(-c2ccccc2Cl)c1C(=O)N(C)c1ccc(Cl)cc1,5.9
Cc1onc(-c2ccccc2Cl)c1C(=O)Nc1nnc(Cc2ccc(Cl)cc2)s1,5.5
Cc1oncc1C(=O)Nc1ccc(C(F)(F)F)cc1,5.3
Cc1sc(N)c(C(=O)c2cccc(C(F)(F)F)c2)c1C,4.9
Cc1sc(NC(=O)C2C3CCC(O3)C2C(=O)O)c(C(=O)OC(C)C)c1-c1ccc(Cl)cc1,4.8
Cc1sc(NC(=O)C2CCCCC2)c(C#N)c1-c1ccccc1,5.05
Cc1sc(NC(=O)CN2CCOCC2)c(C(=O)c2ccccc2)c1C,5.35
Cc1sc(NC(=O)Cc2cccc(NS(C)(=O)=O)c2)nc1-c1c[nH]c2ncccc12,5.3
Cc1sc(NC(=O)c2ccco2)c(C(c2cccnc2)N2CCCC2)c1C,5.8
Cc1sc(NC(=O)c2ccco2)c(C(c2ccncc2)N2CCOCC2)c1C,5.5
Cc1sc(NC(=S)NC(=O)C(C)(C)C)c(C(N)=O)c1C,4.8
Cc1sc2c(c1C)C(c1ccc(C(C)(C)C)cc1)=NCC(=O)N2CC(=O)Nc1nccs1,5.1
Cc1sc2ccccc2c1[C@@H]1C=CN=CN1,4.96
Cc1sc2nc(C3CC3)nc(SCC(=O)N3CC(=O)Nc4ccccc43)c2c1C,5.65
Cc1sc2nc(SCC(=O)C(C)(C)C)n(Cc3ccco3)c(=O)c2c1C,4.95
Cc1sc2nc(SCc3ccccc3)n(Cc3ccco3)c(=O)c2c1C,4.9
Cc1sc2ncn(CC(=O)NCCCC(=O)N3CCN(c4ncccn4)CC3)c(=O)c2c1C,4.85
Cc1scc2c1N(C(=O)CN1CCN(C)CC1)c1ccccc1NC2=O,5.9
Cc1snc(SCC(=O)NN=C(N)COc2cccc(C(F)(F)F)c2)c1C#N,5.5
Cl.Cl.Cl.Cl.NCc1ccc(-c2cnccc2-c2cncnc2)s1,4.41
Cl.Cl.Cl.NCC#Cc1cnccc1-c1cccnc1,4.04
Cl.Cl.Cl.NCc1ccc(-c2cnccc2-c2cccnc2)o1,4.05
Cl.Cl.Cl.NCc1ccc(-c2cnccc2-c2cccnc2)s1,4.38
Cl.Cl.Cl.NCc1ccc(-c2cnccc2-c2ccncc2)o1,4.41
Cl.Cl.Cl.c1ccc(N2CCN(Cc3nc4ccccc4[nH]3)CC2)nc1,4.6
Cl.Cl.Fc1ccc(-c2nc3n(c2-c2ccncc2)CCS3)cc1,4.8
Cl.Cl.Fc1ccc([C@@H]2CCNC[C@H]2COc2ccc3c(c2)OCO3)cc1.Fc1ccc([C@@H]2CCNC[C@H]2COc2ccc3c(c2)OCO3)cc1.O,4.8
Cl.Cl.N=C(NCCCCCCNC(=N)NC(=N)Nc1ccc(Cl)cc1)NC(=N)Nc1ccc(Cl)cc1,4.4
Cl.Cl.N=C(Nc1ccc2c(C3CN4CCC3CC4)c[nH]c2c1)c1cccs1,4.0
Cl.Cl.NCC#Cc1cccnc1,5.4
Cl.Cl.NCC#Cc1cnccc1-c1ccccc1,4.41
Cl.Cl.NCC#Cc1cnccc1-c1ccco1,4.96
Cl.Cl.NCC#Cc1cnccc1-c1ccoc1,5.19
Cl.Cl.NCc1ccc(-c2cnccc2-c2ccccc2)o1,5.28
Cl.Cl.NCc1ccc(-c2cnccc2-c2ccccc2)s1,5.28
Cl.Cl.NCc1ccc(-c2cnccc2-c2ccco2)o1,4.54
Cl.Cl.NCc1ccc(-c2cnccc2-c2ccco2)s1,5.16
Cl.Cl.NCc1ccc(-c2cnccc2-c2ccoc2)o1,4.62
Cl.Cl.NCc1ccc(-c2cnccc2-c2ccoc2)s1,5.28
Cl.Cl.Nc1ccc(-c2ccc(N)c(Cl)c2)cc1Cl,4.8
Cl.Cl.Nc1nc(-c2ccc(Cl)c(Cl)c2)c(-c2ccncc2)s1,6.1
Cl.Cl.OC(CN1CCNCC1)Cn1c2ccc(Br)cc2c2cc(Br)ccc21,4.5
Cl.Cl.OCCN1CCN(CCCN2c3ccccc3C=Cc3ccccc32)CC1,6.5
Cl.Cl.OCCN1CCN(CCCN2c3ccccc3Sc3ccc(C(F)(F)F)cc32)CC1,4.5
Cl.Cl.c1ccc(C(NCCNC(c2ccccc2)c2ccccc2)c2ccccc2)cc1,5.3
Cl.Clc1ccc(C(OCCN2CCCCC2)c2ccccc2)cc1,4.8
Cl.Clc1ccc(Sc2ccccc2N2CCNCC2)c(Cl)c1,5.36
Cl.Clc1ccc(Sc2ccccc2N2CCNCC2)cc1,5.17
Cl.Clc1cccc(Sc2ccccc2N2CCNCC2)c1Cl,5.21
Cl.Cn1c(=O)c2c(cc(N3CCC[C@@H](N)C3)n2Cc2cc(F)ccc2C#N)n(C)c1=O,8.195
Cl.Cn1c(=O)c2c(cc(N3CCC[C@@](C)(N)C3)n2Cc2cc(F)ccc2Cl)n(C)c1=O,4.99
Cl.Cn1c(=O)c2c(cc(N3CCC[C@@](C)(N)C3)n2Cc2cc(F)ccc2Cl)n(CCCO)c1=O,5.11
Cl.Cn1cccc1CNCCc1ccccc1,4.5
Cl.Fc1ccc(-c2ccc3c(c2)CC=C3c2ccncc2)cc1,6.8
Cl.Fc1ccc(-c2ccc3c(c2)CCC3c2cccnc2)cc1,5.77
Cl.Fc1ccc(-c2ccc3c(c2)CCC3c2ccncc2)cc1,5.96
Cl.Fc1ccc(-c2ccc3c(c2)CCC=C3c2ccncc2)cc1,5.38
Cl.Fc1ccc(-c2ccc3c(c2)CCC=C3c2ccncc2)cc1F,5.44
Cl.Fc1ccc(-c2ccc3c(c2)CCCC3c2ccncc2)cc1,5.66
Cl.Fc1ccc(-c2ccc3c(c2)CCCC3c2ccncc2)cc1F,5.64
Cl.Fc1ccc(CCNCc2cccc(Cl)c2)cc1,4.9
Cl.Fc1ccc(COc2ccc(Br)cc2CNCc2ccncc2)cc1,6.25
Cl.Fc1ccc(SCCc2ccncc2)cc1,5.45
Cl.Fc1ccc([C@H]2CCNCC2COc2ccc3c(c2)OCO3)cc1,4.5
Cl.Fc1cccc(CCCNCCc2ccnc(-n3ccnc3)n2)c1,5.6
Cl.Fc1cccc(C[C@@H]2C[C@H]2NCCc2ccnc(-n3ccnc3)n2)c1,6.52
Cl.Fc1ccccc1CCNCc1cccc(Cl)c1Cl,6.2
Cl.N#Cc1ccc(C(c2nnnn2Cc2ccccc2)N2CCCC2)cc1,5.1
Cl.N#Cc1cccc(C(c2nnnn2C2CCCC2)N2CCCCCC2)c1,5.3
Cl.N=C1C=CC(=C(c2ccc(N)cc2)c2ccc(N)cc2)C=C1,4.9
Cl.NC(=O)CNCCC(c1ccccc1)c1ccccc1,4.8
Cl.NCC(=O)N(Cc1cccnc1)c1cc(F)cc(-c2nc3ccccc3s2)c1,6.0
Cl.NCC(=O)c1ccccc1,5.2
Cl.NCCCCCCNS(=O)(=O)c1cccc2c(Cl)cccc12,5.6
Cl.NCCCCCc1nnc(SCc2ccc(Cl)c(Cl)c2)o1,4.9
Cl.NCCCCCc1nnc(SCc2ccc(Cl)cc2Cl)o1,4.9
Cl.NCCN(C(=O)c1ccc(Cl)cc1Cl)c1ccc(Cl)cc1,7.16
Cl.NCCN(C(=O)c1ccc(Cl)cc1Cl)c1ccc(F)cc1,7.13
Cl.NCCN(C(=O)c1ccc(Cl)cc1Cl)c1ccc(OCc2ccc(Cl)cc2)cc1,6.75
Cl.NCCN(C(=O)c1ccc(F)cc1C(F)(F)F)c1ccc(OCc2ccc(Cl)cc2)cc1,8.0
Cl.NCCNS(=O)(=O)c1cccc2c(Cl)cccc12,4.8
Cl.NCc1ccnc(Oc2cccc(C(=O)N3C[C@@H](O)[C@H](F)C3)c2)c1,4.52
Cl.NNCc1ccccc1,5.1
Cl.NNc1nncc2ccccc12,4.5
Cl.NOCc1ccc(I)cc1,5.14
Cl.NOCc1cccc(Cl)c1,4.82
Cl.N[C@@H]1CCC=C(c2ccc(F)cc2)[C@H]1CNc1cc(F)c(S(=O)(=O)Nc2cscn2)cc1Cl,4.48
Cl.N[C@@H]1CCC=C(c2ccc(F)cc2)[C@H]1CSc1cc(F)c(S(=O)(=O)Nc2nccs2)cc1Cl,5.29
Cl.N[C@@H]1c2ccccc2OC12CCN(c1cnc3c(N4CCCc5ncccc54)n[nH]c3n1)CC2,5.335
Cl.Nc1c(Br)cc(Br)cc1CN[C@H]1CC[C@H](O)CC1,4.6
Cl.Nc1ccc(-c2ccc3ccccc3n2)cc1,5.4
Cl.Nc1ccc(/N=N/c2ccccc2)c(N)n1,4.7
Cl.Nc1ccc(/N=N\c2ccccc2)c(N)c1,4.9
Cl.Nc1ncccc1-c1nc2ccc(-c3ccccc3)nc2n1-c1ccc(C2(N)CCC2)cc1,4.7
Cl.Nc1ncccc1-c1nc2ccc(-c3cccnc3)nc2n1-c1ccc(C2(N)CCC2)cc1,4.75
Cl.O=C(CN1CCN(c2ncccn2)CC1)NCCC1=CCCCC1,4.75
Cl.O=C(CNCCO)N1CCc2ccccc21,5.85
Cl.O=C(COc1ccc(Cl)cc1)N1CCN(Cc2ccc3c(c2)OCO3)CC1,5.8
Cl.O=C(NCCCn1ccnc1)c1ccc(S(=O)(=O)N2CCCCCC2)cc1,5.65
Cl.O=C(NCCOC(=O)c1ccc(C(=O)OCCNC(=O)c2cccnc2)s1)c1cccnc1,5.6
Cl.O=C(c1ccc(OCCN2CCCCC2)cc1)c1c(-c2ccc(O)cc2)sc2cc(O)ccc12,5.6
Cl.O=C(c1cccc(F)c1)N1CCC(O)(c2cccnc2)CC1,4.65
Cl.O=C1CN=C(Nc2ccc(Cl)cc2)N1c1ccccc1,4.85
Cl.O=C1Nc2ccccc2C2(CCN(CCc3ccc(C(F)(F)F)cc3)CC2)O1,5.1
Cl.O=C1c2cccc3cccc(c23)C(=O)N1CC1CCN(CC(O)COc2ccc3ccccc3c2)CC1,5.1
Cl.OC(COCC1COc2ccccc2O1)CN1CCc2ccccc2C1,4.75
Cl.OC(COc1ccc2cc(Br)ccc2c1)Cn1ccnc1,6.16
Cl.OC(c1ccccc1)(c1ccc(F)cc1)C(c1ccccc1)N1CCOCC1,5.4
Cl.OCCCCNCc1ccc(OCc2ccccc2Cl)cc1,4.6
Cl.c1ccc(-c2nc(NCCCn3ccnc3)c3oc4ccccc4c3n2)cc1,6.0
Cl.c1ccc(-c2nc(NCc3ccco3)c3oc4ccccc4c3n2)cc1,4.7
Cl.c1ccc(N(Cc2ccc3ccccc3c2)C2CNC2)cc1,5.88
Cl.c1ccc2c(c1)CN1CCCC1=N2,4.5
Cl.c1ccc2c(c1)oc1c(NCCCn3ccnc3)ncnc12,6.2
Cl.c1cncc(CCCNCCc2ccnc(-n3ccnc3)n2)c1,4.16
Cl.c1cncc(OC[C@@H]2C[C@@H]3C[C@@H]3N2)c1,4.5
Cl.c1cncc(OC[C@H]2NC[C@@H]3C[C@@H]32)c1,4.68
Cl.c1coc(CN2CCN(C(c3cccs3)c3nnnn3C3CCCC3)CC2)c1,4.85
Cl/C(=C\n1cncn1)c1ccc(Cl)cc1Cl,6.5
Cl/C(=N\c1cccc2ccccc12)N(c1ccccc1)c1ccccc1,5.4
ClC(Cl)=C(c1ccc(Cl)cc1)c1ccc(Cl)cc1,5.1
ClC1=C(Cl)C2(Cl)C3C(Cl)C(Cl)CC3C1(Cl)C2(Cl)Cl,4.8
ClC1=C(Cl)C2(Cl)C3C(Cl)C=CC3C1(Cl)C2(Cl)Cl,4.9
ClC1=C(Cl)C2(Cl)C3C4C=CC(C4)C3C1(Cl)C2(Cl)Cl,5.5
ClC1=C(Cl)C2(Cl)C3C4CC(C5OC45)C3C1(Cl)C2(Cl)Cl,4.9
ClC1C(Cl)C(Cl)C(Cl)C(Cl)C1Cl,4.4
ClC1CC2C(C1Cl)C1(Cl)C(Cl)C(Cl)C2(Cl)C1(Cl)Cl,4.9
ClC1CC=CC=C1C(c1ccccc1)(c1ccccc1)n1ccnc1,6.52
Clc1cc(-c2nc(CSc3nnc(-c4ccncc4)n3C3CC3)no2)ccn1,4.85
Clc1cc(Cl)c(Cl)c(Cl)c1Cl,7.3
Clc1ccc(-c2c[nH]cc2C(c2ccc(Cl)cc2Cl)n2ccnc2)cc1,6.1
Clc1ccc(-c2cc(C(c3ccc(Cl)cc3)n3ccnc3)c[nH]2)cc1,5.85
Clc1ccc(-c2nc3ncccn3c2Nc2ccc3c(c2)OCCO3)cc1,5.35
Clc1ccc(-n2ccc(C(c3ccc(Cl)cc3Cl)n3ccnc3)c2)cc1,6.05
Clc1ccc(/C=N/Nc2nnc(-c3ncc[nH]3)c3ccccc23)cc1,4.8
Clc1ccc(/N=C(\c2ccccc2)N2CCOCC2)cc1Cl,4.65
Clc1ccc(C(Cl)(Cl)Cl)c(Cl)c1,4.5
Clc1ccc(C(c2ccc(Cl)cc2)[n+]2ccn(C[C@@H](OCc3ccc(Cl)cc3Cl)c3ccc(Cl)cc3Cl)c2)cc1,4.8
Clc1ccc(C(c2ccccc2Cl)C(Cl)Cl)cc1,4.6
Clc1ccc(C(c2nnnn2C2CCCC2)N2CCN(Cc3ccncc3)CC2)cc1,5.7
Clc1ccc(C2(Cn3cncn3)CC(Br)CO2)c(Cl)c1,6.89
Clc1ccc(C2(Cn3cncn3)COC(c3cc4ccc(Cl)cc4s3)=N2)cc1,4.54
Clc1ccc(C2(c3ccc(-c4ncnc5[nH]cnc45)cc3)CCNCC2)cc1,5.0
Clc1ccc(C2=CCC[C@H]3CC[C@@H]2N3)cn1,4.4
Clc1ccc(C2[C@H]3CN(CC4CCCCC4)[C@H](c4ccccc4)C34CC2(c2ccccc2)C4)cn1,4.8
Clc1ccc(C2[C@H]3CN(CC4CCCCC4)[C@H](c4ccccc4)C34CC2(c2cccnc2)C4)cn1,5.4
Clc1ccc(C2[C@H]3CN(Cc4ccc(-c5ccccc5)cc4)[C@H](c4ccccc4)C34CC2(c2ccccc2)C4)cn1,4.8
Clc1ccc(C2[C@H]3CN(Cc4ccc(-c5ccccc5)cc4)[C@H](c4ccccc4)C34CC2(c2cccnc2)C4)cn1,4.8
Clc1ccc(C2[C@H]3CN(Cc4cccnc4)[C@H](c4ccccc4)C34CC2(c2ccccc2)C4)cn1,5.7
Clc1ccc(C2[C@H]3CN(Cc4cccnc4)[C@H](c4ccccc4)C34CC2(c2cccnc2)C4)cn1,5.6
Clc1ccc(CCNc2nc3ccccc3s2)cc1,4.8
Clc1ccc(CC[C@H](Cn2ccnc2)Sc2c(Cl)cccc2Cl)cc1,7.0
Clc1ccc(CN(C2CC2)C2CNC2)cc1Cl,6.3
Clc1ccc(CN(C2CCCCC2)C2CNC2)cc1,6.09
Clc1ccc(CN2CCO[C@H](CCc3ccccc3)C2)cc1,4.81
Clc1ccc(CO/N=C(\Cn2ccnc2)c2ccc(Cl)cc2Cl)c(Cl)c1,7.05
Clc1ccc(CO/N=C(\Cn2ccnc2)c2ccc(Cl)cc2Cl)c(Cl)c1.O=[N+]([O-])O,6.7
Clc1ccc(COC(Cn2ccnc2)c2ccc(Cl)cc2Cl)c(Cl)c1,6.3
Clc1ccc(COC(Cn2ccnc2)c2ccc(Cl)cc2Cl)c(Cl)c1.O=[N+]([O-])O,6.4
Clc1ccc(COC(Cn2ccnc2)c2ccc(Cl)cc2Cl)cc1,6.37
Clc1ccc(COC(Cn2ccnc2)c2ccc(Cl)cc2Cl)cc1.O=[N+]([O-])O,6.800000000000001
Clc1ccc(CO[C@@H](Cn2ccnc2)c2ccc(Cl)cc2Cl)cc1,6.5
Clc1ccc(CSC(Cn2ccnc2)c2ccc(Cl)cc2Cl)cc1,7.16
Clc1ccc(CSC(Cn2ccnc2)c2ccc(Cl)cc2Cl)cc1.O=[N+]([O-])O,6.7
Clc1ccc(CSCCc2ccncc2)cc1Cl,6.0
Clc1ccc(CSCc2ccc(Cl)cc2Cl)c(Cl)c1,6.8
Clc1ccc(CS[C@@H](Cn2ccnc2)c2ccc(Cl)cc2Cl)cc1,6.2
Clc1ccc(CSc2nccn2Cc2ccccc2)cc1,5.15
Clc1ccc(CSc2nnc(-c3cccnc3)o2)cc1,5.5
Clc1ccc(CSc2nnc(-c3sccc3-n3cccc3)o2)cc1,5.2
Clc1ccc(Cc2nc(-c3cccnc3)no2)cc1,5.6
Clc1ccc(Cl)c(Nc2ccnc(SCc3ccccc3)n2)c1,5.4
Clc1ccc(Cn2c(CN3CCCC3)nc3ccccc32)cc1,5.2
Clc1ccc(Cn2cc(-c3ccncc3)cn2)c(Cl)c1,6.529999999999999
Clc1ccc(Cn2nccc2-c2cc(Cl)c3nnn(-c4ccc5cn[nH]c5c4)c3c2)nc1,4.45
Clc1ccc(N2CCN(Cc3c[nH]c4ncccc34)CC2)cc1,4.9
Clc1ccc(Nc2nc[nH]n2)cc1,4.5
Clc1ccc(OC(Cn2ccnc2)c2ccc(Cl)cc2Cl)c(Cl)c1,7.22
Clc1ccc(Sc2cc(N3CCOCC3)nc(-c3ccccc3)n2)cc1,4.8
Clc1ccc(Sc2ccc(/C=N/n3cnnc3)o2)cc1,5.95
Clc1ccc([C@@H](OCCN2CCCCC2)c2ccccc2)cc1,4.9
Clc1ccc([C@@]2(COC3CCC3)[C@@H]3CNC[C@@H]32)cc1Cl,5.52
Clc1ccc([C@@]2(COCC3CC3)[C@@H]3CNC[C@@H]32)cc1Cl,5.4
Clc1ccc([C@@]23CCCC[C@@H]2CNC3)cc1Cl,4.89
Clc1ccc([C@H](Cn2ccnc2)OCc2c(Cl)cccc2Cl)c(Cl)c1,6.4
Clc1ccc([C@H](Cn2ccnc2)OCc2csc3c(Cl)cccc23)c(Cl)c1,6.1
Clc1ccc([C@]23CCCC[C@H]2CNC3)cc1Cl,5.08
Clc1ccc([C@]23CCC[C@H]2CNC3)cc1Cl,5.04
Clc1ccc([C@]23CNC[C@H]2C3)cc1Cl,5.475
Clc1ccc2[nH]c(-c3ccccc3)nc2c1,4.9
Clc1ccc2[nH]cc(-c3nnnn3-c3ccccc3)c2c1,5.1
Clc1ccc2c(N3CCN(CCCN4CCN(c5ccnc6cc(Cl)ccc56)CC4)CC3)ccnc2c1,7.05
Clc1ccc2c(NCc3ccccn3)c3c(nc2c1)CCCC3,5.04
Clc1ccc2c(c1)C(N1CCNCC1)=Nc1ccccc1O2,4.8
Clc1ccc2c(c1)C(c1cccs1)=NNC(c1cccnc1)=N2,5.0
Clc1ccc2c(c1)C1=C(C(c3ccncc3)O2)C(c2ccc(Br)cc2)n2ncnc2N1,5.6
Clc1ccc2c(c1)N=C(N1CCNCC1)c1ccccc1N2,5.3
Clc1ccc2c(c1Nc1ccnc(Nc3cc(N4CCOCC4)cc(N4CCOCC4)c3)n1)OCO2,6.05
Clc1ccc2ncc(-c3nnnn3-c3ccccc3)c(-c3ccccc3)c2c1,4.6
Clc1cccc(C(Cl)(Cl)Cl)n1,4.9
Clc1cccc(C(c2ccc3[nH]cnc3c2)n2ccnc2)c1,5.58
Clc1cccc(CN(CC2CNC2)c2ccccc2)c1Cl.O=C(O)C(F)(F)F,4.49
Clc1cccc(CSc2nnc(-c3sccc3-n3cccc3)o2)c1,5.05
Clc1cccc(N(Cc2ccc3ccccc3c2)C2CNC2)c1,6.3
Clc1cccc(N2CCNCC2)c1,7.4
Clc1cccc(Nc2ncnc3ccc(Br)cc23)c1,4.85
Clc1cccc(Nc2nnc(-c3ccccc3)c3ccccc23)c1,5.1
Clc1ccccc1-c1cc(NCc2ccccc2)ncn1,5.3
Clc1ccccc1-c1cc(NCc2cccnc2)ncn1,5.0
Clc1ccccc1-c1ccc2ncnc(N3CCNCC3)c2c1,4.6
Clc1ccccc1-c1ccc2ncnc(NCCN3CCOCC3)c2c1,5.3
Clc1ccccc1-c1ccc2ncnc(NCc3cccnc3)c2c1,5.7
Clc1ccccc1-c1cncnc1NCCN1CCOCC1,6.0
Clc1ccccc1-c1cncnc1NCCc1cnc[nH]1,6.3
Clc1ccccc1-c1cncnc1NCc1cccs1,6.3
Clc1ccccc1-c1n[nH]c(-c2ccccc2)n1,4.55
Clc1ccccc1-c1nc(-c2ccncc2)no1,5.7
Clc1ccccc1-c1nc(-n2ccnc2)c2ccccc2n1,6.3
Clc1ccccc1-c1nc(N/N=C/c2cccnc2)c2ccccc2n1,5.85
Clc1ccccc1-c1nc(N2CCNCC2)c2ccccc2n1,4.6
Clc1ccccc1-c1nc(NCCN2CCOCC2)c2ccccc2n1,4.8
Clc1ccccc1-c1nc(NCc2cccnc2)c2ccccc2n1,5.6
Clc1ccccc1-c1nc(NCc2cccs2)c2ccccc2n1,5.2
Clc1ccccc1-c1nc(Nc2ccncc2)c2ccccc2n1,5.4
Clc1ccccc1-c1nccc(-n2ccnc2)n1,5.9
Clc1ccccc1-c1nccc(NCCN2CCOCC2)n1,4.8
Clc1ccccc1-c1nccc(NCc2ccccc2)n1,5.1
Clc1ccccc1-c1nccc(NCc2cccs2)n1,5.7
Clc1ccccc1C(c1ccccc1)(c1ccccc1)n1ccnc1,7.3
Clc1ccccc1CN(CC1CNC1)c1ccccc1.O=C(O)C(F)(F)F,6.92
Clc1ccccc1CN1CCc2sccc2C1,4.8
Clc1ccccc1CNCC1CCC(CNCc2ccccc2Cl)CC1,5.3
Clc1ccccc1CSc1nnc(-c2ccncc2)o1,4.7
Clc1ccccc1NN(Cc1ccncc1)c1ccccc1Cl,6.6
Clc1cn(-c2ccc3c(c2)CCc2cn(Cc4ccccc4)nc2N3)cn1,6.52
Clc1cnc2[nH]cc(Cc3ccc(NCc4ccc(Cl)nc4)nc3)c2c1,5.3
Clc1cncc(N2CCNCC2)n1,4.8
Clc1nccc2c1ccc1ccccc12,4.9
Cn1/c(=N\C(=O)CCl)sc2ccccc21,4.8
Cn1c(-c2ccc(-c3cnccn3)cc2)nnc1C1(c2ccc(Cl)cc2)CCC1,5.0
Cn1c(-c2ccc(-c3cnccn3)cc2Cl)nnc1C1(c2ccc(Cl)cc2)CC(F)C1,4.44
Cn1c(-c2ccc(Br)cc2)cnc1NCc1cccnc1,5.4
Cn1c(-c2ccc(CN3CCCCC3)o2)nc2ccccc21,4.55
Cn1c(-c2ccc(Cl)cc2)c(C2CCCC2)c2ccc(C(=O)NC3(C(=O)Nc4ccc(/C=C/C(=O)O)cc4)CCC3)cc21,5.08
Cn1c(-c2ccc(Cl)cn2)c(C2CCCC2)c2ccc(C(=O)NC(C)(C)C(=O)Nc3ccc(/C=C/C(=O)O)cc3)cc21,5.03
Cn1c(-c2ccc(Cl)cn2)c(C2CCCC2)c2ccc(C(=O)NC3(C(=O)Nc4ccc(/C=C/C(=O)O)cc4)CCC3)cc21,4.96
Cn1c(-c2ccc(Cl)cn2)c(C2CCCC2)c2ccc(C(=O)NC3(C(=O)Nc4ccc(/C=C/C(=O)O)cc4)CCCC3)cc21,4.97
Cn1c(-c2ccc(F)cc2)cnc1NCc1cccc(F)c1,5.05
Cn1c(-c2ccc(F)cn2)c(C2CCCC2)c2ccc(C(=O)NC3(C(=O)Nc4ccc(/C=C/C(=O)O)cc4)CCC3)cc21,5.17
Cn1c(-c2ccc3c(c2)OCO3)cc(=O)c2ccccc21,5.0
Cn1c(-c2ccc3c(c2)OCO3)cnc1NCc1ccccc1.O=C(O)C(=O)O,5.1
Cn1c(-c2cccc(N)n2)c(C2CCCC2)c2ccc(C(=O)NC3(C(=O)Nc4ccc(/C=C/C(=O)O)cc4)CCC3)cc21,5.16
Cn1c(-c2ccccc2)cnc1N,4.55
Cn1c(-c2ccccn2)c(C2CCCC2)c2ccc(C(=O)NC(C)(C)C(=O)Nc3ccc(/C=C/C(=O)O)cc3)cc21,5.1
Cn1c(-c2ccccn2)c(C2CCCC2)c2ccc(C(=O)NC3(C(=O)Nc4ccc(/C=C/C(=O)O)cc4)CCC3)cc21,5.02
Cn1c(-c2ccccn2)c(C2CCCC2)c2ccc(C(=O)NC3(C(=O)Nc4ccc(/C=C/C(=O)O)cc4)CCCC3)cc21,5.2
Cn1c(-c2ccccn2)c(C2CCCCC2)c2ccc(C(=O)NC(C)(C)C(=O)Nc3ccc(/C=C/C(=O)O)cc3)cc21,5.05
Cn1c(-c2ccncc2)c(C2CCCC2)c2ccc(C(=O)NC3(C(=O)Nc4ccc(/C=C/C(=O)O)cc4)CCCC3)cc21,5.37
Cn1c(-c2ccoc2)c(C2CCCC2)c2ccc(C(=O)NC3(C(=O)Nc4ccc(/C=C/C(=O)O)cc4)CCC3)cc21,5.04
Cn1c(-c2ccoc2)c(C2CCCCC2)c2ccc(C(=O)NC(C)(C)C(=O)Nc3ccc(/C=C/C(=O)O)cc3)cc21,5.06
Cn1c(-c2cnccn2)c(C2CCCC2)c2ccc(C(=O)NC3(C(=O)Nc4ccc(/C=C/C(=O)O)cc4)CCC3)cc21,4.97
Cn1c(-c2nc(-c3ccccc3)cs2)nc2ccccc21,5.0
Cn1c(-c2sc(=S)n(-c3ccccc3)c2N)nc2ccccc21,5.35
Cn1c(/C(C#N)=C(\O)c2ccc(S(=O)(=O)N3CCCCC3)cc2)nc2ccccc21,4.85
Cn1c(/C=C/c2ccc([N+](=O)[O-])o2)nc2ccccc2c1=O,4.6
Cn1c(/C=N/NC(=O)c2ccccc2Br)nc2ccccc21,5.0
Cn1c(=O)[nH]c(=O)c2c1nc(CN(Cc1ccccc1)Cc1ccccc1)n2CCN1CCOCC1,5.35
Cn1c(=O)[nH]c2c(Cl)cc3c(c21)CN(CC(F)(F)F)C(=O)[C@H](CC(=O)N1CCC(N2CCc4ccccc4NC2=O)CC1)C3,5.09
Cn1c(=O)[nH]c2ncn(C)c2c1=O,4.4
Cn1c(=O)c(-c2cc(F)cc(F)c2)nc2cnc(N3CCNCC3)nc21,4.5
Cn1c(=O)c(-c2cc(F)cc(F)c2)nc2cnc(Oc3cccc(Cl)c3)nc21,5.4
Cn1c(=O)c(-c2cc(F)cc(F)c2)nc2cnc(Oc3ccccc3)nc21,5.5
Cn1c(=O)c(-c2cc(F)cc(F)c2)nc2cncnc21,5.9
Cn1c(=O)c(-c2ccc(Cl)cc2)nc2cnc(N3CCNCC3)nc21,4.7
Cn1c(=O)c(-c2ccc(Cl)cc2)nc2cnc(N3CCOCC3)nc21,5.5
Cn1c(=O)c(-c2ccc(Cl)cc2)nc2cnc(Oc3cccc(Cl)c3)nc21,5.4
Cn1c(=O)c(-c2ccc(Cl)cc2)nc2cnc(Oc3ccccc3)nc21,4.7
Cn1c(=O)c(-c2ccc(F)c(F)c2)nc2cncnc21,4.7
Cn1c(=O)c(-c2ccc(F)cc2)nc2cnc(N3CCOCC3)nc21,5.0
Cn1c(=O)c(-c2ccc(F)cc2)nc2cnc(Oc3ccccc3)nc21,5.7
Cn1c(=O)c(-c2ccc(F)cc2)nc2cncnc21,5.1
Cn1c(=O)c(-c2cccc(C#N)c2)nc2cnc(Oc3ccccc3)nc21,5.5
Cn1c(=O)c(-c2cccc(F)c2)nc2cncnc21,4.7
Cn1c(=O)c(-c2ccccc2)nc2cnc(N3CCOCC3)nc21,5.5
Cn1c(=O)c(-c2ccccc2)nc2cnc(OCc3ccccc3)nc21,4.4
Cn1c(=O)c(-c2ccccc2)nc2cnc(Oc3ccccc3)nc21,5.6
Cn1c(=O)c(-c2ccccc2)nc2cncnc21,4.9
Cn1c(=O)c(-c2cccs2)nc2cnc(N3CCNCC3)nc21,4.6
Cn1c(=O)c(-c2cccs2)nc2cncnc21,5.1
Cn1c(=O)c(C(=O)COC(=O)c2cc(-c3ccco3)nc3ccccc23)c(N)n(CC2CC2)c1=O,5.1
Cn1c(=O)c(C(=O)COC(=O)c2cc(-c3ccco3)nc3ccccc23)c(N)n(Cc2ccccc2)c1=O,4.9
Cn1c(=O)c(C(=O)COC(=O)c2cc(C(F)(F)F)nc3c(C(F)(F)F)cccc23)c(N)n(CC2CC2)c1=O,5.4
Cn1c(=O)c(CCc2ccccc2)nc2cnc(N3CCNCC3)nc21,7.6
Cn1c(=O)c(CCc2ccccc2)nc2cnc(Nc3ccccc3)nc21,4.9
Cn1c(=O)c(CCc2ccccc2)nc2cncnc21,4.8
Cn1c(=O)c2c(-c3cccc(F)c3)c3c(nc2n(C)c1=O)-c1ccccc1C3O,4.65
Cn1c(=O)c2c(n(Cc3ccccc3)c1=O)NC(=O)C2CC(=O)NCc1cccc(Cl)c1,5.2
Cn1c(=O)c2c(nc(Cl)n2Cc2ccc(Cl)c(Cl)c2)n(C)c1=O,4.8
Cn1c(=O)c2c(nc(N3CCN(c4ccccn4)CC3)n2Cc2ccc(Cl)cc2Cl)n(C)c1=O,5.65
Cn1c(=O)c2c(nc(N3CCN(c4ccccn4)CC3)n2Cc2ccccc2Cl)n(C)c1=O,5.9
Cn1c(=O)c2c(nc(NCC3CCCO3)n2Cc2cccc(Br)c2)n(C)c1=O,4.85
Cn1c(=O)c2c(ncn2CC(COCc2ccccc2Cl)OCc2ccccc2Cl)n(C)c1=O,5.1
Cn1c(=O)c2cc(S(=O)(=O)NCCC(=O)N3CC=C(c4ccccc4)CC3)ccc2n(C)c1=O,5.0
Cn1c(=O)c2cc(S(=O)(=O)NCCC(=O)NCCc3ccc(Cl)cc3)ccc2n(C)c1=O,4.9
Cn1c(=O)c2cc(S(=O)(=O)NCCC(=O)NCc3ccccc3Cl)ccc2n(C)c1=O,4.85
Cn1c(=O)c2nc(-c3ccccc3)oc2c2ccccc21,4.9
Cn1c(=O)c2nc(C3CCCC3)[nH]c2n(C)c1=O,4.4
Cn1c(=O)c2nc(CCCCc3nc4c(=O)n(C)c(=S)n(C)c4[nH]3)[nH]c2n(C)c1=S,5.9
Cn1c(=O)c2nc(CCCc3ccc([N+](=O)[O-])cc3)[nH]c2n(C)c1=O,5.4
Cn1c(=O)c2nc(CCS)[nH]c2n(C)c1=O,5.0
Cn1c(=O)c2nc(SCCN3CCOCC3)[nH]c2n(C)c1=S,5.5
Cn1c(=O)c2nc(SCc3ccccn3)[nH]c2n(C)c1=S,5.4
Cn1c(=O)cc(N)n(Cc2ccccc2)c1=O,4.4
Cn1c(=O)cc(OCC(=O)NCc2cccnc2)c2ccccc21,4.9
Cn1c(=O)cc(OCCCC(=O)N2CCN(c3ccccc3)CC2)c2ccccc21,5.95
Cn1c(=O)cc(OCCCC(=O)Nc2cccnc2)c2ccccc21,5.2
Cn1c(=O)cc(SCC(=O)NCCCN2CCOCC2)c2ccc(Cl)cc21,5.1
Cn1c(=O)cc(SCC(=O)NCCN2CCN(c3ccccc3F)CC2)c2cc(Cl)ccc21,4.85
Cn1c(=O)cnc2cnc(Nc3ccccc3)nc21,4.6
Cn1c(=O)n(-c2cc(-c3cc(Cl)ccc3F)nc3[nH]ccc23)c2ccncc21,6.0
Cn1c(=O)n(-c2cc(-c3ccc(F)cc3F)nc3[nH]ccc23)c2ccncc21,5.4
Cn1c(=O)n(C)c2cc(/C=C(/C#N)c3ccc(Cl)cc3)ccc21,4.5
Cn1c(=O)n(C)c2cc(/C=N/NC(=O)c3ccc(Cl)cc3Cl)ccc21,7.4
Cn1c(=O)n(C2CCN(C(=O)C3CCN(Cc4ccncc4)CC3)CC2)c2ccccc21,5.12
Cn1c(=O)n(CC(C)(C)C)c2ccc(N3C[C@@H]4CC[C@H]3CN4C(=O)c3ccon3)nc21,6.27
Cn1c(=O)oc2cc(S(=O)(=O)NCCC(=O)N3CC=C(c4ccccc4)CC3)ccc21,4.9
Cn1c(=S)c2nc(SCc3cccnc3)[nH]c2n(C)c1=O,5.5
Cn1c(C(=O)Nc2ccccc2)cc2sccc21,4.6
Cn1c(CC(=O)N2CCc3ccccc32)nc(N2CCOCC2)cc1=O,4.4
Cn1c(CC(=O)Nc2ccc(Cl)c(Cl)c2)nnc1SCC(=O)N1CCN(c2ccccc2)CC1,5.8
Cn1c(CC(=O)Nc2ccc(F)c(Cl)c2)nc(N2CCOCC2)cc1=O,4.4
Cn1c(CN2CCCCC2)nc2cc(NC(=O)c3ccc(Cl)cc3)ccc21,4.8
Cn1c(CN2CCOCC2)nnc1SCc1ccccc1,5.0
Cn1c(CNC(=O)Nc2ccccc2)nnc1SCc1ccccc1,4.85
Cn1c(COc2nnc(-c3ccc(Cl)cc3)c3ccccc23)nc2ccccc21,5.4
Cn1c(Cc2cccc3ccccc23)nnc1SCC(=O)N1CCN(c2ccccc2)CC1,5.8
Cn1c(N)c(C(=O)COC(=O)c2cc(-c3ccccc3)nc3ccccc23)c(=O)n(C)c1=O,4.9
Cn1c(N)c(C(=O)COC(=O)c2cc(-c3ccccc3)nc3ccccc23)c(=O)n(Cc2ccccc2)c1=O,4.9
Cn1c(N)c(C(=O)COC(=O)c2cc(-c3ccco3)nc3ccccc23)c(=O)n(C)c1=O,4.6
Cn1c(N)c(C(=O)COC(=O)c2cc(-c3ccco3)nc3ccccc23)c(=O)n(Cc2ccccc2)c1=O,5.0
Cn1c(N)c(C(=O)COC(=O)c2cc(C(F)(F)F)nc3ccccc23)c(=O)n(Cc2ccccc2)c1=O,4.8
Cn1c(N)c(C(=O)COC(=O)c2cc(C3CC3)nc3ccccc23)c(=O)n(C)c1=O,4.4
Cn1c(N)c(C(=O)COC(=O)c2cc(C3CC3)nc3ccccc23)c(=O)n(Cc2ccccc2)c1=O,4.8
Cn1c(N)c(C(=O)COC(=O)c2ccnc3ccccc23)c(=O)n(C)c1=O,4.8
Cn1c(N)c(C(=O)CSc2ccc3c(c2)OCCO3)c(=O)n(C)c1=O,5.25
Cn1c(N/N=C/c2c[nH]c3ccccc23)nc2ccccc21,4.7
Cn1c(NCCc2ccc(-c3ccc(Cl)cn3)cc2)nc2cc(Cl)ccc2c1=O,5.08
Cn1c(NCCc2ccc(-c3ccc(F)cc3)cc2)nc2cc(Cl)ccc2c1=O,4.75
Cn1c(NCCc2ccc(-c3ccc(F)cc3)cc2)nc2cc(N)ccc2c1=O,4.58
Cn1c(NCCc2ccc(-c3ccc(F)cn3)cc2)nc2cc(Cl)ccc2c1=O,4.71
Cn1c(NCCc2ccc(-c3ccccn3)cc2)nc2cc(Cl)ccc2c1=O,5.03
Cn1c(NCCc2ccc(-c3ncc(Cl)cn3)cc2)nc2cc(Cl)ccc2c1=O,4.8
Cn1c(NCCc2ccc(-c3ncc(F)cn3)cc2)nc2cc(Cl)ccc2c1=O,5.0
Cn1c(NCCc2ccc(-c3ncccn3)cc2)nc2cc(Cl)ccc2c1=O,5.08
Cn1c(NCCc2ccc(-n3cc(Cl)cn3)cc2)nc2cc(Cl)ccc2c1=O,4.8
Cn1c(NCCc2ccc(-n3cccn3)cc2)nc2cc(Cl)ccc2c1=O,4.825
Cn1c(NCCc2ccc(N3CCOCC3)cc2)nc2cc(Cl)ccc2c1=O,4.96
Cn1c(NCCc2ccc(OC(F)(F)F)cc2)nc2cc(Cl)ccc2c1=O,5.4
Cn1c(NCCc2ccc(Oc3ccc(Cl)cc3)cc2)nc2cc(Cl)ccc2c1=O,4.695
Cn1c(NCCc2ccc(Oc3ccc(Cl)cn3)cc2)nc2cc(Cl)ccc2c1=O,4.915
Cn1c(NCCc2ccccc2)nc2cc(Cl)ccc2c1=O,4.855
Cn1c(Nc2cc(C(C)(C)C)ccc2F)nc2cc(Oc3ccnc(-c4ncc(C(F)(F)F)[nH]4)c3)ccc21,5.48
Cn1c(Nc2cc(C(F)(F)F)ccc2F)nc2cc(Oc3ccnc(-c4ncc(C(F)(F)F)[nH]4)c3)ccc21,4.58
Cn1c(Nc2ccc(C(C)(C)C)cc2)nc2cc(Oc3ccnc(-c4ncc(C(F)(F)F)[nH]4)c3)ccc21,4.47
Cn1c(Nc2cccc(C(C)(C)C)c2)nc2cc(Oc3ccnc(-c4ncc(-c5ccccc5)[nH]4)c3)ccc21,5.15
Cn1c(Nc2cccc(C(C)(C)C)c2)nc2cc(Oc3ccnc(-c4ncc(C(F)(F)F)[nH]4)c3)ccc21,5.0
Cn1c(Nc2cccc(C(C)(C)C)c2)nc2cc(Oc3ccnc(-c4ncc[nH]4)c3)ccc21,5.75
Cn1c(O)c(C(c2ccccn2)c2c(O)n(C)c(=S)n(C)c2=O)c(=O)n(C)c1=S,6.1
Cn1c(O)cc(=O)nc1SCC(=O)Nc1ccccc1,5.45
Cn1c(OCc2ccc3c(c2)OCO3)nc2c1c(=O)n(Cc1ccc(Cl)c(Cl)c1)c(=O)n2C,5.45
Cn1c(S)nnc1CNS(=O)(=O)c1ccc(Cl)cc1,4.8
Cn1c(SC2=CS(=O)(=O)c3ccccc32)nc2ccccc21,4.4
Cn1c(SC2CCCCC2=O)nnc1-c1ccncc1,4.6
Cn1c(SCC(=O)N2CCN(S(=O)(=O)c3ccccc3)CC2)nc2ccccc21,4.9
Cn1c(SCC(=O)NC2CC2)nnc1-c1cccc(NC(=O)c2ccccc2F)c1,4.9
Cn1c(SCC(=O)NCc2ccc3c(c2)OCO3)nnc1-c1cc2ccccc2cc1O,6.15
Cn1c(SCC(=O)c2ccc3c(c2)Cc2ccccc2-3)nnc1-c1ccccc1,5.05
Cn1c(SCCCN2CC3CCN(c4ccccc4C(F)(F)F)C3C2)nnc1-c1cccnc1,6.04
Cn1c(SCCCN2CC3CCN(c4ccccc4C(F)(F)F)C3C2)nnc1-c1cnccn1,6.01
Cn1c(SCc2nc3ccccc3n2CCO)nc2ccccc21,5.05
Cn1c(SCc2nnc(-c3ccc(F)cc3)o2)nnc1C1COc2ccccc2O1,4.85
Cn1c(Sc2ccc(-c3cccnc3)n2C)ccc1-c1cccnc1,6.2
Cn1c(Sc2ccc(C(=O)NO)cc2)nnc1-c1cccs1,4.58
Cn1c2c(c(=O)n(C)c1=O)C(C(F)(F)F)(C(F)(F)F)NC(c1ccc(Cl)cc1)=N2,4.8
Cn1c2c(c(=O)n(C)c1=O)[C@@H]1c3c(ccc4ccccc34)OC[C@@H]1CO2,4.85
Cn1c2c(c(=O)n1-c1ccccc1C(F)(F)F)[C@H]1CC[C@]2(C)C1(C)C,4.65
Cn1c2c(c(=O)n1Cc1ccccc1C(F)(F)F)[C@H]1CC[C@]2(C)C1(C)C,5.32
Cn1c2c(c3ccc(-n4ccc(OCc5ccccc5)cc4=O)cc31)CCNC2,4.92
Cn1c2cccc(C(N)=O)c2c2nc(CN3CCOCC3)nc(N3CCN(CCc4ccc(F)c(F)c4)CC3)c21,4.5
Cn1c2cccc(C(N)=O)c2c2ncnc(N3CCN(CCc4ccc(F)c(F)c4)CC3)c21,6.58
Cn1c2ccccc2c2cc(C(=O)N3CCOCC3)sc21,4.55
Cn1c2cccnc2c2ncnc(N3CCN(CCc4ccc(F)c(F)c4)CC3)c21,4.71
Cn1c2ccnc(Cl)c2c2nc(CN3CCOCC3)nc(N3CCN(CCc4ccc(F)c(F)c4)CC3)c21,4.7
Cn1c2ccnc(Cl)c2c2ncnc(N3CCN(CCc4ccc(F)c(F)c4)CC3)c21,5.03
Cn1c2ccnc(N3CCOCC3)c2c2ncnc(N3CCN(CCc4ccc(F)c(F)c4)CC3)c21,4.68
Cn1c2ccnc(NCc3ccccn3)c2c2ncnc(N3CCN(CCc4ccc(F)c(F)c4)CC3)c21,4.73
Cn1c2ccncc2c2ncnc(N3CCN(CCc4ccc(F)c(F)c4)CC3)c21,4.75
Cn1c2nccc(C(N)=O)c2c2nc(CN3CCOCC3)nc(N3CCN(CCc4ccc(F)c(F)c4)CC3)c21,4.47
Cn1c2nccc(C(N)=O)c2c2ncnc(N3CCN(CCc4ccc(F)c(F)c4)CC3)c21,5.91
Cn1cc(-c2cc(C(O)(C(F)(F)F)C(F)(F)F)cnc2N2CCN(S(=O)(=O)c3ccc(N)nc3)CC2)cn1,4.57
Cn1cc(-c2ccc(N3CCC(C4c5c(F)cccc5-c5cncn54)CC3)c(F)c2)cn1,6.24
Cn1cc(-c2ccc(N3CCC(C4c5c(F)cccc5-c5cncn54)CC3)cc2)cn1,5.15
Cn1cc(-c2ccc(N3CCC(C4c5c(F)cccc5-c5cncn54)CC3)cc2F)cn1,5.46
Cn1cc(-c2ccc3c(c2)CCN3C(=O)Cc2cccc(C(F)(F)F)c2)c2c(N)ncnc21,4.945
Cn1cc(-c2ccc3c(c2F)CCN3C(=O)Cc2cccc(C(F)(F)F)n2)c2c(N)ncnc21,5.085
Cn1cc(-c2cccc(NC(=O)c3cc4c(nc3O[C@H]3C[C@@H](O)C3)OC(C)(C)C4)n2)cn1,4.51
Cn1cc(-c2cnc(N)c3c(-c4ccc(NC(=O)Nc5cccc(F)c5)cc4)csc23)cn1,5.335
Cn1cc(-c2cnc3ccc4ccc(CS(=O)(=O)NCc5ccccn5)cc4c(=O)c3c2)cn1,4.94
Cn1cc(-c2nc3cnc(N4CCNCC4)nc3n(-c3ccccc3)c2=O)c2ccccc21,4.7
Cn1cc(-c2nc3cnc(N4CCNCC4)nc3n(C)c2=O)c2ccccc21,4.7
Cn1cc(-c2nc3cnc(N4CCNCC4)nc3n(C3CC3)c2=O)c2ccccc21,5.1
Cn1cc(-c2nc3cnc(N4CCNCC4)nc3n(CCC#N)c2=O)c2ccccc21,4.8
Cn1cc(-c2nc3cnc(N4CCNCC4)nc3n(CCc3ccccc3)c2=O)c2ccccc21,4.9
Cn1cc(-c2nc3cnc(N4CCNCC4)nc3n(Cc3ccc(F)cc3)c2=O)c2ccccc21,4.9
Cn1cc(-c2nc3cnc(N4CCOCC4)nc3n(C3CC3)c2=O)c2ccccc21,5.1
Cn1cc(-c2nc3cnc(N4CCOCC4)nc3n(CCC#N)c2=O)c2ccccc21,4.8
Cn1cc(-c2nc3cnc(Oc4cccc(Cl)c4)nc3n(CCC#N)c2=O)c2ccccc21,5.1
Cn1cc(-c2nc3cnc(Oc4ccccc4)nc3n(C3CC3)c2=O)c2ccccc21,4.6
Cn1cc(-c2nc3cnc(Oc4ccccc4)nc3n(CCC#N)c2=O)c2ccccc21,5.1
Cn1cc(-c2nc3cncnc3n(-c3ccccc3)c2=O)c2ccccc21,5.0
Cn1cc(-c2nc3cncnc3n(C3CC3)c2=O)c2ccccc21,5.1
Cn1cc(-c2nc3cncnc3n(CCN)c2=O)c2ccccc21,4.9
Cn1cc(-c2nc3cncnc3n(Cc3ccccc3Cl)c2=O)c2ccccc21,5.1
Cn1cc(-c2nnc(-c3ccccc3)o2)c2ccccc21,4.85
Cn1cc(/C=C2/SC(=O)N(CC(=O)Nc3ccc4c(c3)OCO4)C2=O)c2ccccc21,6.7
Cn1cc(/C=N/n2cnc3sc4c(c3c2=O)CCCC4)c2ccccc21,4.65
Cn1cc(/C=N/n2cnc3scc(-c4ccccc4)c3c2=O)c2ccccc21,5.4
Cn1cc(C(F)(F)F)nc1-c1ccc(OC[C@@H](O)CNCCOc2ccc(O)c(C(N)=O)c2)cc1,4.6
Cn1cc(C(c2ccc(Cl)cc2)n2ccnc2)cc1-c1ccc(Cl)cc1,5.96
Cn1cc(C2=C(c3ccc(Cl)cc3Cl)C(=O)NC2=O)c2ccccc21,5.7
Cn1cc(C[C@@H](NC(=O)N2CCC(n3c(=O)[nH]c4ccccc43)CC2)C(=O)N2CCC(N3CCCCC3)CC2)c2ccccc21,7.0
Cn1cc(Cc2cn(CC(=O)N(CC(=O)O)Cc3ccc(-c4ccc(C(F)(F)F)cc4)cc3)c(SCc3ccc(F)cc3)nc2=O)cn1,4.51
Cn1cc(Cc2cn(CC(=O)N(CCN)Cc3ccc(-c4ccc(Cl)cc4)cc3)c(SCc3ccc(F)cc3)nc2=O)cn1,4.82
Cn1cc(Cc2cn(CC(=O)N(CCN3CCCC3)Cc3ccc(-c4ccc(Cl)cc4)cc3)c(SCc3ccc(F)cc3)nc2=O)cn1,5.22
Cn1cc(Cc2cn(CC(=O)N(CCN3CCCCC3)Cc3ccc(-c4ccc(C(F)(F)F)cc4)cc3)c(SCc3ccc(F)cc3)nc2=O)cn1,5.0
Cn1cc(Cc2cn(CC(=O)N(CCO)Cc3ccc(-c4ccc(Cl)cc4)cc3)c(SCc3ccc(F)cc3)nc2=O)cn1,4.72
Cn1cc(F)cc(CNc2ncc(Cc3c[nH]c4ncc(Cl)cc34)cn2)c1=O,5.3
Cn1cc(NC(=O)[C@@H]2CCCC[C@H]2C(=O)c2ccc(-c3cc[nH]n3)cc2)c(C(F)(F)F)n1,4.7
Cn1cc(NC(=O)[C@@H]2C[C@@H]3C[C@@H]3C[C@H]2C(=O)c2ccc(-c3cc[nH]n3)cc2)c(C(F)(F)F)n1,5.4
Cn1cc(NC(=O)c2cnn3ccc(N)nc23)c(-c2cc(Cl)ccc2Cl)n1,5.24
Cn1cc(Nc2nccc(-c3ccc4c(c3)CCCC[C@H]4NC(=O)c3cn(C(C)(C)C)nn3)n2)cn1,5.19
Cn1cc(Nc2nccc(-c3ccc4c(c3)CCCC[C@H]4NC(=O)c3nc(C(C)(C)C)no3)n2)cn1,5.58
Cn1cc(Nc2nccc(-c3ccc4c(c3)CCCC[C@H]4NC(=O)c3noc(C(C)(C)C)n3)n2)cn1,5.42
Cn1cc(Nc2ncnc3[nH]cc(C(=O)c4c(F)ccc(NS(=O)(=O)c5ccc(C(F)(F)F)cc5)c4F)c23)cn1,5.12
Cn1cc(S(=O)(=O)N2CCC3=Cc4c(cnn4-c4ccc(F)cc4)C[C@]3(C(=O)c3cc(C(F)(F)F)ccn3)C2)cn1,5.89
Cn1cc(S(=O)(=O)c2ccccc2)c2cc3c(cc21)CCNCC3,5.0
Cn1cc([N+](=O)[O-])c(C(=O)Nc2cc(Oc3cccnc3)cc([N+](=O)[O-])c2)n1,6.3
Cn1ccc(C(=O)N2C[C@@H]3CCc4cc(F)ccc4[C@@H]3N2Cc2cccc(-c3ncccn3)c2)n1,5.37
Cn1ccc(CN(C(=O)Cn2nnc3ccccc32)c2ccc(NC(=O)C3CC3)cc2)c1,5.34
Cn1ccc2c(Nc3cccc(Cl)c3)ncc(C(=O)N3CCOCC3)c21,4.62
Cn1ccc2cc(NC(=O)Nc3cccnc3)ccc21,5.0
Cn1ccc2cc3c(cc21)CCN3C(=O)Nc1cccnc1,5.0
Cn1cccc1-c1cc(-c2ccc(NCc3cccnc3)cc2)no1,4.85
Cn1cccc1/C=N/NC(=O)c1sc2ccccc2c1Cl,5.05
Cn1cccc1C(=O)N1CCC2(CC1)CCN(C(c1ccccc1)c1ccccc1)CC2,4.8
Cn1cccc1C(=O)N1CCC2(CC1)CCN(c1ccc(-c3ccccc3)cc1)CC2,4.8
Cn1cccc1C(=O)N1CCC2(CC1)CCN(c1ccccc1)CC2,4.8
Cn1cccc1C(=O)N1CCC2(CC1)CCN(c1ncccn1)CC2,4.9
Cn1cccc1C(=O)N1CCC2(CC1)CN(C(c1ccccc1)c1ccccc1)C2,4.8
Cn1cccc1C(=O)N1CCC2(CC1)CN(c1cccc(-c3ccccc3)c1)C2,5.6
Cn1cccc1C(=O)N1CCC2(CC1)CN(c1ccccn1)C2,4.9
Cn1cccc1C(=O)N1CCC2(CCCN(C(=O)Nc3cccc(C#N)c3)C2)CC1,4.6
Cn1cccc1C(=O)N1CCC2(CCCN(C(=O)Nc3cccc(F)c3)C2)CC1,5.0
Cn1cccc1C(=O)N1CCC2(CCCN(C(=O)Nc3ccccc3)C2)CC1,4.5
Cn1cccc1C(=O)N1CCC2(CCCN(C(c3ccccc3)c3ccccc3)C2)CC1,5.2
Cn1cccc1C(=O)N1CCC2(CCCN(Cc3ccc(C#N)cc3)C2)CC1,4.8
Cn1cccc1C(=O)N1CCC2(CCCN(Cc3ccccc3)C2)CC1,4.5
Cn1cccc1C(=O)N1CCC2(CCCN(Cc3ccncc3)C2)CC1,5.4
Cn1cccc1C(=O)N1CCC2(CCCN(Cc3nccs3)C2)CC1,4.9
Cn1cccc1C(=O)N1CCC2(CCCN(c3ccc(-c4ccccc4)cc3)C2)CC1,4.9
Cn1cccc1C(=O)N1CCC2(CCCN(c3cccc(-c4ccccc4)c3)C2)CC1,5.0
Cn1cccc1C(=O)N1CCC2(CCCN(c3ccccc3)C2)CC1,4.8
Cn1cccc1C(=O)N1CCC2(CCCN(c3ccccn3)C2)CC1,4.7
Cn1cccc1C(=O)N1CCC2(CCCN(c3ccncc3)C2)CC1,5.1
Cn1cccc1C(=O)N1CCC2(CCN(C(=O)Nc3ccccc3)CC2)CC1,4.8
Cn1cccc1C(=O)N1CCC2(CCN(Cc3ccncc3)CC2)CC1,4.9
Cn1cccc1C(=O)N1CCC2(CCN(Cc3nccs3)CC2)CC1,4.7
Cn1cccc1C(=O)N1CCC[C@@]2(CCN(C(=O)Nc3cccc(C#N)c3)C2)C1,4.6
Cn1cccc1C(=O)N1CCC[C@@]2(CCN(C(=O)Nc3cccc(F)c3)C2)C1,4.8
Cn1cccc1C(=O)N1CCC[C@@]2(CCN(C(c3ccccc3)c3ccccc3)C2)C1,4.9
Cn1cccc1C(=O)N1CCC[C@@]2(CCN(Cc3cc(C(F)(F)F)cc(C(F)(F)F)c3)C2)C1,4.8
Cn1cccc1C(=O)N1CCC[C@@]2(CCN(Cc3ccc(C#N)cc3)C2)C1,4.9
Cn1cccc1C(=O)N1CCC[C@@]2(CCN(Cc3ccccc3)C2)C1,5.3
Cn1cccc1C(=O)N1CCC[C@@]2(CCN(Cc3nccs3)C2)C1,4.8
Cn1cccc1C(=O)N1CCC[C@@]2(CCN(c3cccc(-c4ccccc4)c3)C2)C1,5.1
Cn1cccc1C(=O)N1CCC[C@@]2(CCN(c3ccccc3)C2)C1,5.0
Cn1cccc1C(=O)N1CCC[C@@]2(CCN(c3ccccn3)C2)C1,4.9
Cn1cccc1C(=O)N1CCC[C@@]2(CCN(c3ccncc3)C2)C1,6.0
Cn1cccc1C(=O)N1CCC[C@@]2(CCN(c3ncccn3)C2)C1,4.8
Cn1cccc1CNC(=O)Nc1ccc(Cl)c(Cl)c1,4.85
Cn1ccnc1C(=O)N1CCC(c2ccc(C(=O)NC(=N)N)cc2C(F)(F)F)CC1,4.58
Cn1ccnc1S(=O)(=O)N1CCN(c2ccc(OC[C@@H]3CO[C@@](Cn4ccnc4)(c4ccc(Cl)cc4Cl)O3)cc2)CC1,6.84
Cn1ccnc1SCC(=O)Nc1sccc1C#N,4.85
Cn1ccnc1SC[C@H]1CCN(S(=O)(=O)c2ccc3c(c2)CCO3)C[C@@H]1F,5.09
Cn1ccnc1Sc1ccc(/C=N/NC(=O)c2ccccc2[N+](=O)[O-])cc1[N+](=O)[O-],4.85
Cn1cnc(C(=O)N(Cc2ccc(F)c(C(F)(F)F)c2)[C@@H]2C[C@H]3CNC[C@H]3C2)c1,5.09
Cn1cnc(C(=O)N(Cc2cccc(OC(F)(F)F)c2)[C@@H]2C[C@@H]3CN(CCC(F)(F)F)C[C@@H]3C2)c1,5.06
Cn1cnc(CC(=O)N2CCC(c3ccc(NC(=O)c4nc(C#N)c[nH]4)c(C4=CCCCC4)c3)CC2)c1,5.64
Cn1cnc(CNc2cc(Br)c3ncc(C#N)c(Nc4ccc(F)c(Cl)c4)c3c2)c1,4.82
Cn1cnc([N+](=O)[O-])c1Sc1ncnc2[nH]cnc12,5.4
Cn1cnc2c(NC3CCCC3)ncnc21,4.6
Cn1cnc2c(NCc3ccccc3)nc(NCCO)nc21,4.8
Cn1cnc2c1c(=O)[nH]c(=O)n2C,4.6
Cn1cncc1-c1c[nH]c2ccc(C(N)=O)cc12,5.45
Cn1cncc1C(=O)N(Cc1cc(=O)[nH]c2c(F)c(F)ccc12)c1cccc(Cl)c1,5.85
Cn1cncc1C(=O)N1CCC(c2ccc(C(=O)NC(=N)N)cc2C(F)(F)F)CC1,5.52
Cn1cncc1[C@@](C)(O)C1=Cc2cccnc2[C@@H](N2CCN(C(=O)OC(C)(C)C)CC2)c2ccc(Cl)cc21,6.52
Cn1cncc1[C@@](N)(c1ccc(Cl)cc1)c1ccc2c(c1)c(-c1cccc(Cl)c1)cc(=O)n2C,5.58
Cn1cncc1[C@@](N)(c1ccc(Cl)cc1)c1ccc2c(c1)c(-c1cccc3ccccc13)cc(=O)n2C,6.26
Cn1cnnc1SCC(=O)n1c2ccccc2c2ccccc21,4.6
Cn1nc(-c2ccc(N3CCOCC3)c(NS(=O)(=O)c3ccc(Cl)cc3)c2)c2ccccc2c1=O,5.85
Cn1nc(C(=O)NC2CCCCC2)c2ccccc2c1=O,5.3
Cn1nc(C(F)(F)F)c(/C=N/OC(=O)c2ccccc2Cl)c1SCc1ccc(Cl)cc1,5.15
Cn1nc(C(F)(F)F)c(C(=O)Nc2ccc(F)cc2F)c1Sc1ccc(C(F)(F)F)cc1,4.9
Cn1nc(C(F)(F)F)c(C(=O)Nc2ccc(F)cc2F)c1Sc1cccc(C(F)(F)F)c1,5.2
Cn1nc(C(F)(F)F)c(C(=O)Nc2cccc(Cl)c2)c1Cl,4.6
Cn1nc(NCC(=O)NC2CN([C@H]3CC[C@@H](c4cncs4)CC3)C2)c2cc(C(F)(F)F)ccc21,5.17
Cn1nc(Nc2ccc(F)c([C@@]3(C)COCC(N)=N3)c2)c2ccc(Cl)cc21,4.6
Cn1nc2c(-c3ccc(Cl)cc3)c(-c3ccncc3)c(=O)n(Cc3ccc(C(F)(F)F)nc3)n2c1=O,5.18
Cn1nc2cc1CCc1cc(c3ccc(F)cc3c1)OCCCc1c(C(=O)O)n(CCN3CCOCC3)c3c(c(Cl)ccc13)-c1c(cnn1C)CSC2,5.02
Cn1ncc(-c2cc3c(N[C@@H](c4ccc5c(n4)OCCO5)C(C)(C)C)ncnc3[nH]2)c1C#N,5.06
Cn1ncc(C#N)c1NC(=O)C1CC(c2ccc(Cl)cc2)=NO1,4.7
Cn1ncc(NC(=O)c2nc(-c3c(F)cccc3F)sc2N)c1N1CC[C@@H](N)CC(F)(F)C1,5.42
Cn1ncc(NC(=O)c2nc(-c3c(F)cccc3F)sc2N)c1N1CC[C@@H](N)[C@H](F)CC1,5.2
Cn1ncc(S(=O)(=O)N2CCC(c3cn4ncnc4cc3Cl)CC2)c1Cl,5.34
Cn1ncc2c(NCCc3ccccc3)nc(Cl)nc21,5.7
Cn1ncc2c(Nc3cccc(Cl)c3)nc(Nc3cccc(Cl)c3)nc21,5.2
Cn1ncc2c1CC[C@@H]([C@H]1c3ccccc3-c3cncn31)[C@@H]2O,5.48
Cn1nccc1-c1cc(Cl)ccc1Oc1cc(F)c(S(=O)(=O)Nc2ccncn2)cc1Cl,5.98
Cn1nccc1-c1cc(Cl)ccc1Oc1cc(F)c(S(=O)(=O)Nc2cscn2)cc1Cl,4.58
Cn1nccc1-c1cc(Cl)ccc1Oc1cc(F)c(S(=O)(=O)Nc2nncs2)cc1Cl,4.96
Cn1nccc1-c1cc(Cl)ccc1Oc1ccc(S(=O)(=O)Nc2ncns2)cc1C#N,6.25
Cn1nccc1[C@H]1CCCC[C@@H]1Oc1cc(F)c(S(=O)(=O)Nc2ccncn2)cc1Cl,5.06
Cn1nnnc1Cc1ncc(Cl)cc1NS(=O)(=O)c1ccc(Cl)c(Cl)c1,5.0
Cn1nnnc1SCC1=C(C(=O)[O-])N2C(=O)C(NC(=O)C(O)c3ccccc3)C2SC1.[Na+],7.2
FC(F)(F)Oc1ccc(-c2cc(-c3ccc(NCc4cccnc4)cc3)no2)cc1,5.15
FC(F)(F)Oc1ccc(-c2cc(-c3ccc(NCc4cccnc4)cc3)no2)cn1,4.77
FC(F)(F)Oc1ccc(-c2cc(-c3ccc(NCc4cccnc4)cc3)no2)nc1,4.94
FC(F)(F)Oc1cccc(-c2cc(-c3ccc(NCc4cccnc4)cc3)no2)c1,4.82
FC(F)(F)Oc1cccc(Nc2nnc3n2CCOc2ccc(-c4ccncc4)cc2-3)c1,5.79
FC(F)(F)Oc1ccccc1-c1cc(-c2ccc(NCc3cccnc3)cc2)no1,5.21
FC(F)(F)Oc1cccnc1-c1cc(-c2ccc(NCc3cccnc3)cc2)no1,5.36
FC(F)(F)Oc1ccnc(-c2cc(-c3ccc(NCc4cccnc4)cc3)no2)c1,5.48
FC(F)(F)c1cc(-c2cc(-c3ccc(NCc4cccnc4)cc3)no2)ccn1,4.94
FC(F)(F)c1cc(-c2ccco2)nc(NCc2cccs2)n1,4.6
FC(F)(F)c1cc(CN2CCC3(CCNCC3)CC2)cc(C(F)(F)F)c1,4.5
FC(F)(F)c1cc(CN2CCCC3(CCNCC3)C2)cc(C(F)(F)F)c1,5.1
FC(F)(F)c1cc(CN2CC[C@@]3(CCCNC3)C2)cc(C(F)(F)F)c1,5.4
FC(F)(F)c1cc(CO[C@@H]2CCCN[C@H]2c2ccccc2)cc(C(F)(F)F)c1,4.9
FC(F)(F)c1cc(CO[C@H]2CCCN[C@H]2c2ccccc2)cc(C(F)(F)F)c1,5.4
FC(F)(F)c1cc(NC(=S)N2c3ccccc3-n3cccc3[C@H]2c2cccnc2)cc(C(F)(F)F)c1,6.0
FC(F)(F)c1cc(NCc2cn(-c3ccc(Oc4ccccc4)cc3)nn2)ccn1,4.82
FC(F)(F)c1ccc(-c2cc(-c3ccc(NCc4cccnc4)cc3)no2)cc1,4.8
FC(F)(F)c1ccc(C2[C@H]3CN(CC4CCCCC4)[C@H](c4ccccc4)C34CC2(c2cccnc2)C4)cc1,4.8
FC(F)(F)c1ccc(C2[C@H]3CN(Cc4ccc(-c5ccccc5)cc4)[C@H](c4ccccc4)C34CC2(c2ccccc2)C4)cc1,4.6
FC(F)(F)c1ccc(C2[C@H]3CN(Cc4ccc(-c5ccccc5)cc4)[C@H](c4ccccc4)C34CC2(c2cccnc2)C4)cc1,4.8
FC(F)(F)c1ccc(C2[C@H]3CN(Cc4cccnc4)[C@H](c4ccccc4)C34CC2(c2ccccc2)C4)cc1,5.5
FC(F)(F)c1ccc(C2[C@H]3CN(Cc4cccnc4)[C@H](c4ccccc4)C34CC2(c2cccnc2)C4)cc1,5.7
FC(F)(F)c1ccc(CN2CCC(N(c3ccc(C(F)(F)F)cc3)c3cccnc3)CC2)cc1,5.0
FC(F)(F)c1ccc(CN2C[C@@H]3C(c4ccc(C(F)(F)F)cc4)C4(c5ccccc5)CC3(C4)[C@H]2c2ccccc2)cc1,6.5
FC(F)(F)c1ccc(CN2C[C@@H]3C(c4ccc(C(F)(F)F)cc4)C4(c5cccnc5)CC3(C4)[C@H]2c2ccccc2)cc1,4.5
FC(F)(F)c1ccc(CN2C[C@@H]3C(c4ccc(Cl)nc4)C4(c5ccccc5)CC3(C4)[C@H]2c2ccccc2)cc1,4.7
FC(F)(F)c1ccc(CN2C[C@@H]3C(c4ccc(Cl)nc4)C4(c5cccnc5)CC3(C4)[C@H]2c2ccccc2)cc1,4.8
FC(F)(F)c1ccc(CN2C[C@@H]3C(c4ccccc4)C4(c5ccccc5)CC3(C4)[C@H]2c2ccccc2)cc1,4.8
FC(F)(F)c1ccc(CN2C[C@@H]3C(c4ccccc4)C4(c5cccnc5)CC3(C4)[C@H]2c2ccccc2)cc1,4.8
FC(F)(F)c1ccc(N(c2cccnc2)C2CCN(Cc3cccc(C(F)(F)F)c3)CC2)cc1,4.859999999999999
FC(F)(F)c1ccc(N(c2cccnc2)C2CCN(c3ccc(C(F)(F)F)cn3)CC2)cc1,5.07
FC(F)(F)c1ccc(N(c2cccnc2)C2CCN(c3ccc(C(F)(F)F)nc3)CC2)cc1,4.8
FC(F)(F)c1ccc(N(c2cccnc2)C2CCN(c3ccccc3)CC2)cc1,4.96
FC(F)(F)c1ccc(N(c2cccnc2)C2CCN(c3ncccn3)CC2)cc1,5.75
FC(F)(F)c1ccc(N(c2cccnc2)C2CCN(c3nccs3)CC2)cc1,5.77
FC(F)(F)c1ccc(N(c2cncnc2)C2CCN(c3ccc(C(F)(F)F)cn3)CC2)cc1,5.2
FC(F)(F)c1ccc(N(c2cncnc2)C2CCN(c3ccc(C(F)(F)F)nc3)CC2)cc1,5.05
FC(F)(F)c1ccc(N2CCC(N(c3ccc(C(F)(F)F)cc3)c3cccnc3)CC2)cc1,4.52
FC(F)(F)c1ccc(N2CCC(N(c3ccc(C(F)(F)F)cc3)c3cncnc3)CC2)cc1,4.8
FC(F)(F)c1ccc(N2CCOCC2)c(Nc2nc3ccccc3n3cnnc23)c1,4.65
FC(F)(F)c1ccc(SCC(c2c[nH]cn2)C2CCNCC2)cc1,4.77
FC(F)(F)c1ccc(SCC(c2ccncc2)c2c[nH]cn2)cc1,6.46
FC(F)(F)c1cccc(-c2cc(-c3ccc(NCc4cccnc4)cc3)no2)c1,4.94
FC(F)(F)c1cccc(-c2nc3nc(Cl)c(Cl)nc3[nH]2)c1,5.3
FC(F)(F)c1cccc(N2CCN(CC3CC4C=CC3C4)CC2)c1,4.4
FC(F)(F)c1cccc(NC(=S)Nc2cccc(Cl)c2)c1,4.6
FC(F)(F)c1cccc(NC(S)=Nc2ccc(Cl)cc2Cl)c1,4.55
FC(F)(F)c1cccc(Nc2nnc3n2CCOc2ccc(-c4ccncc4)cc2-3)c1,6.29
FC(F)(F)c1ccccc1-c1cc(-c2ccc(NCc3cccnc3)cc2)no1,5.75
FC(F)(F)c1ccccc1-c1cc(NCc2ccccc2)ncn1,5.0
FC(F)(F)c1ccccc1-c1cc(NCc2cccnc2)ncn1,5.0
FC(F)(F)c1ccccc1-c1ccc2[nH]c(/C=C/C3CCCCC3)nc2c1,5.46
FC(F)(F)c1ccccc1-c1ccc2ncnc(N3CCOCC3)c2c1,5.3
FC(F)(F)c1ccccc1-c1ccc2ncnc(NC3CC3)c2c1,5.8
FC(F)(F)c1ccccc1-c1ccc2ncnc(NCCN3CCOCC3)c2c1,5.5
FC(F)(F)c1ccccc1-c1ccc2ncnc(NCc3cccnc3)c2c1,5.8
FC(F)(F)c1ccccc1-c1ccc2ncnc(NCc3cccs3)c2c1,5.3
FC(F)(F)c1ccccc1-c1cncnc1-n1ccnc1,6.5
FC(F)(F)c1ccccc1-c1cncnc1NCCN1CCOCC1,6.1
FC(F)(F)c1ccccc1-c1cncnc1NCCc1cnc[nH]1,6.5
FC(F)(F)c1ccccc1-c1cncnc1NCc1ccccc1,6.9
FC(F)(F)c1ccccc1-c1cncnc1NCc1cccnc1,6.2
FC(F)(F)c1ccccc1-c1cncnc1NCc1cccs1,6.6
FC(F)(F)c1ccccc1-c1cncnc1Nc1ccccc1,6.3
FC(F)(F)c1ccccc1-c1nc(-n2ccnc2)c2ccccc2n1,5.9
FC(F)(F)c1ccccc1-c1nc(N2CCOCC2)c2ccccc2n1,4.9
FC(F)(F)c1ccccc1-c1nc(NC2CC2)c2ccccc2n1,5.5
FC(F)(F)c1ccccc1-c1nc(NCCN2CCOCC2)c2ccccc2n1,5.1
FC(F)(F)c1ccccc1-c1nc(NCc2cccnc2)c2ccccc2n1,5.7
FC(F)(F)c1ccccc1-c1nc(NCc2cccs2)c2ccccc2n1,5.4
FC(F)(F)c1ccccc1-c1nc(Nc2ccncc2)c2ccccc2n1,6.2
FC(F)(F)c1ccccc1-c1nccc(-n2ccnc2)n1,5.9
FC(F)(F)c1ccccc1-c1nccc(NCCN2CCOCC2)n1,4.8
FC(F)(F)c1ccccc1-c1nccc(NCc2ccccc2)n1,4.5
FC(F)(F)c1ccccc1-c1nccc(NCc2cccs2)n1,5.7
FC(F)(F)c1ccccc1-n1ccnc1,6.2
FC(F)(F)c1ccccc1OC1CCN(c2ccc(-n3ccnc3)nn2)CC1,6.4
FC(F)(F)c1ccncc1CNc1ccc(Cc2c[nH]c3ncc(Cl)cc23)cn1,5.3
FC(F)(F)c1cnc(/C=C/Nc2ccccc2Cl)c(Cl)c1,4.5
FC(F)(F)c1nc(-c2cccnc2)ncc1-c1nnnn1-c1ccccc1,4.9
FC(F)(F)c1nc(-c2ccncc2)ncc1-c1nnnn1-c1ccccc1,5.25
FC(F)(F)c1nc2ccccc2nc1N/N=C/c1ccc(Cl)cc1,4.6
FC(F)(F)c1nc2ccccc2nc1N/N=C\c1ccccc1,4.8
FC(F)(F)c1nc2nc(Cl)c(Cl)nc2n1CCCN1CCOCC1,5.3
FC(F)(F)c1nccc(N[C@H]2CC[C@@H](Nc3ccc4nnc(Cl)n4n3)CC2)n1,4.75
FC(F)Oc1cc(-n2cc(Cn3ccnc3)nn2)ccc1Cl,5.58
FC(F)Oc1ccc(-c2cc(-c3ccc(NCc4cccnc4)cc3)no2)cc1,4.94
FC(F)Oc1ccc2[nH]c(SCc3ccccn3)nc2c1,4.97
FC(F)Oc1cccc(-c2cc(-c3ccc(NCc4cccnc4)cc3)no2)c1,5.77
FC(F)Oc1ccccc1-c1cc(-c2ccc(NCc3cccnc3)cc2)no1,5.72
FC(F)Sc1ccc(NC2=NN=C(c3ccc4c(c3)OCCO4)CS2)cc1,4.9
FC(F)c1cncc(-c2ccc3ncc4nnc(C5=CCCOCC5)n4c3c2)c1,4.82
FC1(F)CCC(CN(C[C@H]2Cc3c(cccc3N3CCNCC3)CN2)[C@H]2CCCc3cccnc32)CC1,5.25
FC1(F)CCC(CNCCCCN(C[C@H]2Cc3ccccc3CN2)[C@H]2CCCc3cccnc32)CC1,4.72
FC1(F)CCC(NC/C=C/CN(C[C@H]2Cc3ccccc3CN2)[C@H]2CCCc3cccnc32)CC1,6.08
FC1(F)CCC(NC/C=C\CN(C[C@H]2Cc3ccccc3CN2)[C@H]2CCCc3cccnc32)CC1,4.92
FC1(F)CCC(NCCCCN(C[C@H]2Cc3ccccc3CN2)[C@H]2CCCc3cccnc32)CC1,4.95
FC1(F)CCC(NCc2ccc(CN(C[C@H]3Cc4ccccc4CN3)[C@H]3CCCc4cccnc43)cc2)CC1,6.7
FC1(F)CCN(CCC2=C(Cc3cnccn3)c3ccccc3C2)C1,5.85
FC1(F)CN(CCC2=C(Cc3cnccn3)c3ccccc3C2)C1,5.41
F[B-](F)(F)F.OCC[NH+]=c1cc(-c2ccccc2)oc2ccc(Cl)cc12,5.0
Fc1cc(Br)ccc1N=C(S)NCCc1ccccc1,4.8
Fc1cc(C(CC2CNC2)Oc2cccc(Cl)c2)ccc1Cl,6.22
Fc1cc(C(CC2CNC2)Oc2ccccc2F)ccc1Cl,6.15
Fc1cc(F)c(F)c(-c2ccc(N[C@H]3C[C@@H]4CN(CC5CCOCC5)C[C@@H]4C3)nn2)c1,5.72
Fc1cc(OC(F)(F)C(F)F)cc([C@@](Cc2ccccc2)(Nc2nc(C(F)(F)F)cs2)c2ccc(Cl)cn2)c1,4.4
Fc1cc(OC(F)(F)C(F)F)cc([C@@](Cc2ccccc2)(Nc2nc3cc(F)cc(F)c3[nH]2)c2ccc(Cl)cn2)c1,4.67
Fc1cc(OC(F)(F)C(F)F)cc([C@@](Cc2ccccc2)(Nc2nc3cc(F)ccc3[nH]2)c2ccc(Cl)cn2)c1,4.45
Fc1cc(OC(F)(F)C(F)F)cc([C@@](Cc2ccccc2)(Nc2nc3ccccc3[nH]2)c2ccc(Cl)cn2)c1,4.645
Fc1cc2nc(-c3ccncc3)[nH]c2cc1F,5.85
Fc1ccc(-c2[nH]ncc2-c2nnnn2-c2ccccc2)c(F)c1,5.0
Fc1ccc(-c2cc(-c3ccc(NCc4cccnc4)cc3)no2)cc1,4.5
Fc1ccc(-c2cc(Nc3ccncc3)c3cc[nH]c3n2)c(F)c1,5.9
Fc1ccc(-c2cc(Nc3ccncc3)c3cc[nH]c3n2)cc1F,5.7
Fc1ccc(-c2cn3cc(C(F)(F)F)cc(Cl)c3n2)cc1,4.85
Fc1ccc(-c2csc(N3CCC(c4ccccc4)C3)n2)cc1,4.55
Fc1ccc(C(OCCCc2c[nH]cn2)c2ccc(F)cc2)cc1,6.1
Fc1ccc(C(OCCN2CCN(C/C=C\c3ccccc3)CC2)c2ccc(F)cc2)cc1,4.8
Fc1ccc(C(OCCN2CCN(CCCc3ccccc3)CC2)c2ccc(F)cc2)cc1,4.9
Fc1ccc(C(c2ccc(F)cc2)N2CCN(C/C=C\c3ccccc3)CC2)cc1,5.0
Fc1ccc(C2(Cn3cncn3)COC(c3cc4ccc(Cl)cc4s3)=N2)cc1,5.0
Fc1ccc(C2(Cn3cncn3)COC(c3ccc(-c4cccc(F)c4)cc3)=N2)cc1,4.82
Fc1ccc(C2(Cn3cncn3)COC(c3ccc(-c4ccccc4F)cc3)=N2)cc1,4.83
Fc1ccc(C2=Nn3c(Cc4ccccc4F)nnc3SC2)cc1,4.9
Fc1ccc(C2CC(c3ccco3)=NN2c2ccccc2)cc1,7.6
Fc1ccc(CNc2ccc(Cc3c[nH]c4ncc(Cl)cc34)cn2)cn1,5.3
Fc1ccc(CSc2ncnc3sc4c(c23)CCCC4)cc1,4.45
Fc1ccc(CSc2nnc(-c3cc4c(s3)-c3ccccc3CC4)o2)cc1,4.8
Fc1ccc(Cn2c(C3CNCCS3)nc3ccccc32)cc1,4.875
Fc1ccc(Cn2c(N3CCC(n4ccnc4)CC3)nc3ccccc32)cc1,4.14
Fc1ccc(Cn2c(SCc3ccc(F)c(C(F)(F)F)c3)nnc2C(F)(F)F)cc1,4.7
Fc1ccc(Cn2c(SCc3ccc(F)c(F)c3)nnc2C(F)(F)F)cc1,4.8
Fc1ccc(Cn2c([C@H]3CNCCS3)nc3ccccc32)cc1,4.81
Fc1ccc(F)c(-c2ccc(NC[C@@H]3CC34CCN(CC3CCOCC3)CC4)nn2)c1,4.77
Fc1ccc(N2CCN(c3ccc4c(C(F)(F)F)cc(C(F)(F)F)nc4n3)CC2)cc1,5.0
Fc1ccc(NCc2ccccc2F)cc1Cl,4.7
Fc1ccc(Nc2ccnc(-c3ccc4c(c3)OCO4)n2)cc1,5.7
Fc1ccc(Nc2ccnc(-c3ccccc3C(F)(F)F)n2)cc1,4.9
Fc1ccc(Nc2ccnc(-c3ccoc3)n2)cc1,5.1
Fc1ccc(Nc2nc(-c3cccnc3)nc3ccccc23)cc1,5.4
Fc1ccc(Nc2nc(-c3ccoc3)nc3ccccc23)cc1,5.4
Fc1ccc(Nc2ncnc3ccc(-c4ccoc4)cc23)cc1,4.8
Fc1ccc(Nc2ncncc2-c2ccccc2C(F)(F)F)cc1,6.4
Fc1ccc(Nc2ncncc2-c2ccoc2)cc1,6.3
Fc1ccc(OC(CC2CNC2)c2ccc(Cl)c(F)c2)cc1,6.4
Fc1ccc([C@@H]2CCNC[C@H]2COc2ccc3c(c2)OCO3)cc1,4.7
Fc1ccc([C@H]2CCNC[C@H]2COc2ccc3c(c2)OCO3)cc1,5.1
Fc1ccc([C@]2(CCNCc3cccc(Cl)c3)CCO[C@]3(CCOC3)C2)nc1,4.39
Fc1ccc2[nH]c3nc4ccccc4c-3nc2c1,4.85
Fc1ccc2[nH]ccc2c1-c1nc(N2CCOCC2)c2sc(CN3CCN4CCOC[C@H]4C3)cc2n1,4.635
Fc1ccc2c(c1)C(c1ccncc1)=NNC(c1ccc(Cl)cc1)=N2,5.75
Fc1ccc2c(c1)c1c(n2CCCOc2ccc(Cl)cc2)CCNC1,4.449999999999999
Fc1ccc2nc(-c3cncc4ccccc34)c(C3CC3)n2c1,5.46
Fc1ccc2nc(Nc3nc4c(s3)CCCC4)sc2c1,4.65
Fc1ccc2sc3c(c2c1)CCN(Cc1c[nH]cn1)C3,6.16
Fc1ccc2sc3c(c2c1)CCN(Cc1cccnc1)C3,5.1
Fc1cccc(-c2cc(-c3ccc(NCc4cccnc4)cc3)no2)c1,5.22
Fc1cccc(-c2ccc(Cc3ccncc3)cc2)c1,6.17
Fc1cccc(/C=N\N=C/c2cccc(F)c2)c1,4.5
Fc1cccc(C2NC(S)=NC3=C2N2CCC3CC2)c1,4.6
Fc1cccc(Cl)c1CSc1nc[nH]n1,5.35
Fc1cccc(F)c1CC1(Cn2ccnc2)COC(c2ccc(-c3ccsc3)cc2)=N1,6.75
Fc1cccc(F)c1CC1(Cn2cncn2)COC(c2ccc(-c3ccsc3)cc2)=N1,5.74
Fc1cccc(NC(S)=NCCCN2CCOCC2)c1,4.75
Fc1cccc(OC(CC2CNC2)c2ccc(Cl)c(F)c2)c1,6.29
Fc1cccc2c1CCC1(CCN(c3ccc(-c4nnc(Cc5cccnc5)o4)nn3)CC1)O2,5.8
Fc1ccccc1-c1cc(-c2ccc(NCc3cccnc3)cc2)no1,4.73
Fc1ccccc1-c1cc(Nc2ccncc2)c2cc[nH]c2n1,5.6
Fc1ccccc1N(Cc1ccc(Cl)cc1)C1CNC1,5.44
Fc1ccccc1N=C(S)NCCc1ccccc1,4.9
Fc1ccccc1OCCCCCCN1CCCC1,4.75
Fc1cnc(N2CCC(N(c3ccc(C(F)(F)F)cc3)c3cccnc3)CC2)nc1,6.16
Fc1cncc(CN2CCc3c(sc4ccc(F)cc34)C2)c1,5.04
Fc1cncc(CNc2ccc(Cc3c[nH]c4ncc(Cl)cc34)c(F)n2)c1,5.3
Fc1cnccc1-c1cc(-c2ccc(NCc3cccnc3)cc2)no1,5.58
Ic1ccc(N2CCN(Cc3c[nH]c4ncccc34)CC2)cc1,4.4
Ic1ccccc1CN[C@@H]1C2CCN(CC2)[C@H]1C(c1ccccc1)c1ccccc1,4.7
N#C/C(=C(/N)Sc1ccc(N)cc1)c1ccccc1C(F)(F)F,5.9
N#C/C(=C(/O)CN1CCCCC1)c1nc(-c2ccc(Cl)cc2)cs1,5.0
N#C/C(=C(/O)Oc1ccccc1)c1nc2ccccc2c2ccccc12,5.15
N#C/C(=C/c1ccc(N2CCCC2)c([N+](=O)[O-])c1)c1nc2ccccc2[nH]1,5.55
N#C/C(=C/c1cccc(C(F)(F)F)c1)c1nc(CCN2C(=O)c3ccccc3C2=O)cs1,5.3
N#C/C(=C\NC(=S)c1ccncc1)c1nc2ccccc2s1,5.6
N#C/C(=C\c1c[nH]c2ccccc12)C(=O)c1ccc(O)c(O)c1,5.1
N#C/C(=C\c1c[nH]nc1-c1ccccc1)C(=O)NC1CCCCCC1,5.15
N#C/C(=C\c1cc(Cl)cc(Cl)c1O)C(=O)NC1CCCCC1,4.8
N#C/C(=C\c1cc([N+](=O)[O-])c(N2CCCCC2)cc1N1CCCCC1)c1nn(-c2ccccc2)c(N)c1C#N,5.65
N#C/C(=C\c1ccc(N2CCCC2)c([N+](=O)[O-])c1)c1nc2ccccc2[nH]1,5.8
N#C/C(=C\c1ccc(O)c(O)c1)C(=O)NCCCCc1ccccc1,5.5
N#C/C(=C\c1ccc(O)c(O)c1)C(=O)NCCCNC(=O)/C(C#N)=C/c1ccc(O)c(O)c1,5.7
N#C/C(=C\c1ccc(O)c(O)c1)C(=O)NCCCc1ccccc1,5.6
N#C/C(=C\c1ccc(O)c(O)c1)C(=O)NCCc1ccccc1,5.4
N#C/C(=C\c1ccc(O)c(O)c1)C(=O)NCc1ccccc1,4.8
N#C/C(=C\c1ccc(O)c(O)c1)C(=O)Nc1ccccc1,4.8
N#C/C(=C\c1ccc(O)c(O)c1)C(=O)OCCc1cccs1,4.7
N#C/C(=C\c1ccc(O)c(O)c1)C(=O)c1ccc(O)c(O)c1,4.8
N#C/C(=C\c1ccc(O)c(O)c1)C(N)=S,4.85
N#C/C(=C\c1ccc(O)cc1)C(=O)O,4.5
N#C/C(=C\c1ccc(Oc2ccc(C(F)(F)F)cc2[N+](=O)[O-])cc1)c1nc2ccccc2[nH]1,4.95
N#C/C(=N\[O-])c1nc(-c2ccccc2)cs1.[K+],4.8
N#CC(=C(/N)Sc1ccccc1N)/C(C#N)=C(/N)Sc1ccccc1N,6.0
N#CC(=C1CCCC1)c1nc(-c2ccccc2)cs1,4.8
N#CC(C#N)=C(N)/C(C#N)=C/c1ccc(O)cc1,4.4
N#CC(C#N)=C/C(N)=C(/C#N)c1cc(O)c(O)c(O)c1,4.6
N#CC(C#N)=Cc1cc(O)c(O)c(O)c1,5.0
N#CC(C#N)=Cc1ccc(O)c(O)c1,4.5
N#CC(C#N)=Cc1ccc([N+](=O)[O-])c(O)c1,5.8
N#CC(C#N)=NNc1ccc(OC(F)(F)F)cc1,5.3
N#CC(C#N)=NNc1ccc2cn[nH]c2c1,5.8
N#CC(C#N)=NNc1cccc(Cl)c1,5.9
N#CC(C#N)=c1s/c(=C/c2cn(-c3ccccc3)nc2-c2cccnc2)c(=O)n1-c1ccccc1F,4.85
N#CC(Cl)Cl,4.5
N#CC(c1ccc(Cl)cc1)(c1ncc(C(F)(F)F)cc1Cl)N1CCOCC1,4.9
N#CC(c1ccccc1F)(c1ncc(C(F)(F)F)cc1Cl)N1CCOCC1,4.65
N#CC(c1ccccn1)(c1ncc(C(F)(F)F)cc1Cl)N1CCOCC1,4.45
N#CC1(NC(=O)[C@@H]2Cc3ccc(c(Cl)c3)OCCCCOc3cc(C(F)(F)F)ccc3C(=O)N2)CC1,4.37
N#CC1(NC(=O)[C@H](Cc2ccc(OC(F)(F)F)c(Cl)c2)NC(=O)c2cnn(-c3ccc(F)nc3)n2)CC1,4.33
N#CC1(NC(=O)[C@H](Cc2ccc(OC(F)(F)F)c(Cl)c2)NC(=O)c2cnn(-c3cccnc3)n2)CC1,5.1
N#CC1=C(N)OC2=C(C(=O)CC(c3ccco3)C2)C1c1ccc(OCc2c(F)cccc2Cl)cc1,5.2
N#CC1=C(N)OC2=C(CC/C2=C\c2ccccc2)C1c1ccccc1,4.4
N#CC1=C(N)Oc2cc(Nc3ccccc3)ccc2C1c1ccncc1,6.25
N#CC1=C(N)SC(N)=C(C#N)C1c1cccc(O)c1,4.85
N#CC1=C(SCC(N)=O)N=C2C(=C(O)c3ccccc32)C1c1ccc(Cl)cc1,5.0
N#CCC(=O)NC(=O)NCC1CC1,7.9
N#CCCCl,7.3
N#CCCN(CC#Cc1ccccc1)OCc1ccccc1,6.7
N#CCCN1C(=O)CC[C@H]1C(=O)N1CC[C@@]2(S(=O)(=O)c3ccc(F)cc3)c3ccc(C(F)(C(F)(F)F)C(F)(F)F)cc3CC[C@@H]12,5.0
N#CCCN1C(=O)CC[C@H]1C(=O)N1CC[C@@]2(S(=O)(=O)c3ccc(F)cc3)c3ccc(C(F)(C(F)(F)F)C(F)(F)F)nc3CC[C@@H]12,4.72
N#CCCN1C(=O)CC[C@H]1C(=O)N1CC[C@@]2(S(=O)(=O)c3ccc(F)cc3)c3cnc(C(F)(C(F)(F)F)C(F)(F)F)cc3CC[C@@H]12,4.92
N#CCCSC(=S)[C@H]1CCCC1=N,5.6
N#CCCn1c(=O)c(-c2cc(F)cc(F)c2)nc2cnc(N3CCOCC3)nc21,4.7
N#CCCn1c(=O)c(-c2cc(F)cc(F)c2)nc2cnc(OCc3ccccc3)nc21,4.8
N#CCCn1c(=O)c(-c2cc(F)cc(F)c2)nc2cnc(Oc3cccc(Cl)c3)nc21,5.0
N#CCCn1c(=O)c(-c2ccc(Cl)cc2)nc2cnc(N3CCNCC3)nc21,4.6
N#CCCn1c(=O)c(-c2ccc(F)cc2)nc2cnc(N3CCNCC3)nc21,4.6
N#CCCn1c(=O)c(-c2ccc(F)cc2)nc2cnc(OCc3ccccc3)nc21,4.8
N#CCCn1c(=O)c(-c2cccc(C#N)c2)nc2cnc(N3CCOCC3)nc21,4.8
N#CCCn1c(=O)c(-c2ccccc2)nc2cnc(N3CCNCC3)nc21,5.5
N#CCCn1c(=O)c(-c2ccccc2)nc2cnc(OCc3ccccc3)nc21,5.1
N#CCCn1c(=O)c(-c2cccs2)nc2cnc(N3CCNCC3)nc21,4.9
N#CCCn1c(=O)c(-c2cccs2)nc2cnc(N3CCOCC3)nc21,4.6
N#CCCn1c(=O)c(-c2cccs2)nc2cnc(Nc3ccccc3)nc21,5.3
N#CCCn1c(=O)c(-c2cccs2)nc2cnc(OCc3ccccc3)nc21,5.4
N#CCCn1c(=O)c(-c2cccs2)nc2cnc(Oc3cccc(Cl)c3)nc21,5.1
N#CCCn1c(=O)c(CCc2ccccc2)nc2cnc(N3CCOCC3)nc21,7.9
N#CCCn1c(=O)c(CCc2ccccc2)nc2cnc(Nc3ccccc3)nc21,6.0
N#CCCn1c(=O)c(CCc2ccccc2)nc2cnc(OCc3ccccc3)nc21,6.7
N#CCCn1c(=O)c(CCc2ccccc2)nc2cnc(Oc3cccc(Cl)c3)nc21,6.1
N#CCCn1c(=O)c(CCc2ccccc2)nc2cnc(Oc3ccccc3)nc21,5.6
N#CCCn1c(=O)cnc2cnc(Nc3ccccc3)nc21,4.9
N#CCCn1c(=O)cnc2cnc(Oc3cccc(Cl)c3)nc21,4.5
N#CCCn1cc(/C=N/O)c(-c2ccc(Cl)cc2)n1,4.9
N#CCN(CC(=O)N1CCCC(c2ccccc2)C1CN1CCCC1)c1ccc(Cl)c(Cl)c1,5.96
N#CCN(CC(=O)N1CCCC(c2ccccc2)C1CN1CCOCC1)c1ccc(Cl)c(Cl)c1,6.31
N#CCO/N=C(\c1ccccc1)c1ccncc1,4.4
N#CCS(=O)(=O)N1CCN(c2ccc(OC[C@@H]3CO[C@@](Cn4ccnc4)(c4ccc(Cl)cc4Cl)O3)cc2)CC1,6.82
N#CCSc1nc(N)c(C#N)c(C2CCCCC2)c1C#N,5.5
N#CCSc1nc2cc(C(=O)N3CCCC3)ccc2c(=O)n1Cc1ccccc1,4.9
N#CCSc1nc2ccc(N3CCCCC3)cc2c(=O)n1Cc1ccccc1,5.15
N#CCSc1nc2scc(-c3cccs3)c2c(=O)n1CCc1ccccc1,5.5
N#CCSc1sc(C#N)c(NC(=O)c2ccccc2)c1-c1ccccc1,4.9
N#CC[C@]1(N)CC[C@@H](n2cnc3cnc4cc(F)c(-c5ccc(Oc6ncccn6)cc5Cl)cc4c32)CC1,5.24
N#CCn1c(=O)c(CCO)c(-c2cc(Cl)ccc2O)c2cc(C(F)(F)F)ccc21,4.82
N#CN=C(NCCCCCCOc1ccc(Cl)cc1)Nc1ccncc1,6.58
N#CSc1ccc2oc(C3=NCCN3)cc2c1,4.9
N#C[C@@H](Cc1ccc(O)c(O)c1)C(=O)N1CCc2ccccc21,5.5
N#C[C@@H]1C[C@@H]2CCC[C@@H]2N1C(=O)C[C@H](N)Cc1cc(F)c(F)cc1F,5.65
N#C[C@@H]1C[C@@H]2C[C@@H]2N1C(=O)[C@@H](N)C12CC3CC(CC(C3)C1)C2,4.7
N#C[C@@H]1C[C@@H]2C[C@@H]2N1C(=O)[C@@H](N)C12CC3CC(CC(O)(C3)C1)C2,4.0
N#C[C@@H]1C[C@H](F)CN1C(=O)C[C@H](N)Cc1cc(F)c(F)cc1F,4.25
N#C[C@@H]1C[C@H](F)CN1C(=O)[C@@H](N)Cc1cc2c(cc1Br)OCO2,5.66
N#C[C@H](Cc1ccc(O)cc1)c1ccc(O)cc1,4.9
N#Cc1c(-c2ccccc2)cc(-c2ccccc2)nc1SCc1nnc(-c2ccccc2)o1,5.15
N#Cc1c(-c2ccccc2)cc(C2CC2)nc1SCC(=O)c1cccs1,4.85
N#Cc1c(-c2ccccc2)no[n+]1[O-],4.9
N#Cc1c(-n2ccnc2)cccc1-n1ccnc1,5.7
N#Cc1c(C2CCCC2)c2ccc(NCc3ccc(F)cn3)cc2n(CC2CCCC2)c1=O,5.23
N#Cc1c(Cl)c(Cl)c(Cl)c(C#N)c1Cl,5.5
N#Cc1c(Cl)cccc1-n1ccnc1,6.0
N#Cc1c(N)nc2c(c1-c1cccc(O)c1)CCCCCC2,5.35
N#Cc1c(N2CCCCC2)nc(N)c2c(N)nc3c(c12)CC(c1ccccc1)O3,6.0
N#Cc1c(NC(=O)C(F)(F)F)sc2c3c(=O)c4ccccc4c(=O)c=3oc3ccccc3c12,5.4
N#Cc1c(NC(=O)C2CC(c3ccccc3Cl)=NO2)sc2c1CCC2,5.3
N#Cc1c(NC(=O)CCN2C(=O)c3ccccc3C2=O)oc(-c2ccccc2)c1-c1ccccc1,5.4
N#Cc1c(SCC(N)=O)nsc1SCc1ccccc1Cl,5.0
N#Cc1c2c(c(-n3cnc4ccccc43)n3c1nc1ccccc13)CCC2,5.5
N#Cc1c[nH]c(C(=O)Nc2ccc(-c3ccncc3)cc2C2=CCCCC2)n1,7.06
N#Cc1c[nH]c(C(=O)Nc2ccc(C3CCN(C(=O)CN4CCOCC4)CC3)cc2C2=CCCCC2)n1,5.75
N#Cc1c[nH]c(C(=O)Nc2ccc(C3CCN(C(=O)CNCCO)CC3)cc2C2=CCCCC2)n1,5.29
N#Cc1c[nH]c(C(=O)Nc2ccc(C3CCN(C(=O)Cc4ccccn4)CC3)cc2C2=CCCCC2)n1,5.82
N#Cc1c[nH]c(C(=O)Nc2ccc(C3CCN(C(=O)Cc4ccncc4)CC3)cc2C2=CCCCC2)n1,6.0
N#Cc1c[nH]c(C(=O)Nc2ccc(C3CCN(C(=O)NCCO)CC3)cc2C2=CCCCC2)n1,5.19
N#Cc1c[nH]c(C(=O)Nc2ccc(C3CCN(C(=O)[C@H](O)CO)CC3)cc2C2=CCCCC2)n1,5.09
N#Cc1c[nH]c(C(=O)Nc2ccc(C3CCN(C(=O)c4ccc[n+]([O-])c4)CC3)cc2C2=CCCCC2)n1,5.72
N#Cc1c[nH]c(C(=O)Nc2ccc(C3CCN(C(=O)c4cccnc4)CC3)cc2C2=CCCCC2)n1,5.21
N#Cc1c[nH]c(C(=O)Nc2ccc(C3CCN(Cc4ccccn4)CC3)cc2C2=CCCCC2)n1,5.25
N#Cc1c[nH]c(C(=O)Nc2ccc(C3CCN(c4ccccn4)CC3)cc2C2=CCCCC2)n1,5.77
N#Cc1cc(-c2ccc(Cl)cc2)cnc1Sc1ccc(F)cc1,4.85
N#Cc1cc(-c2ccccc2)cnc1Sc1ccc(Cl)cc1,4.9
N#Cc1cc(Cl)cc(Oc2cc(OCc3n[nH]c4nc(N)ccc34)cc(F)c2Cl)c1,5.36
N#Cc1cc(F)cc(-c2ccc3ncc(-c4cc(F)cc(F)c4)c(N4CCC(N)CC4)c3c2)c1O,5.0
N#Cc1cc(F)cc(Oc2ccc3c(c2C(F)F)[C@@H](O)C(F)(F)S3(=O)=O)c1,4.88
N#Cc1cc(N)ccc1Sc1ccc(Cl)cc1,5.25
N#Cc1cc(NS(=O)(=O)c2ccc(Cl)cc2Cl)ccc1Oc1cncc(Cl)c1,6.22
N#Cc1cc(S(=O)(=O)Nc2ncns2)ccc1Oc1ccc(-c2cccc(C(F)(F)F)c2)cc1-c1ccnc(CNCCC2CCNCC2)c1,5.94
N#Cc1cc(S(=O)(=O)Nc2ncns2)ccc1Oc1ccc(C(F)(F)F)cc1-c1cccnn1,6.21
N#Cc1cc(S(=O)(=O)Nc2ncns2)ccc1Oc1ccc(C(F)(F)F)cc1-c1ccncn1,6.04
N#Cc1cc(S(=O)(=O)Nc2ncns2)ccc1Oc1ccc(C(F)(F)F)cc1-c1ccnnc1,5.9
N#Cc1cc(S(=O)(=O)Nc2ncns2)ccc1Oc1ccc(Cl)cc1-c1ccn[nH]1,6.4
N#Cc1cc(S(=O)(=O)Nc2ncns2)ccc1Oc1ccc(Cl)cc1-c1ccnc(N)c1,6.69
N#Cc1cc(S(=O)(=O)Nc2ncns2)ccc1Oc1ccc(Cl)cc1-c1cn[nH]c1,6.3
N#Cc1cc(S(=O)(=O)Nc2ncns2)ccc1Oc1ccc(Cl)cc1-c1cn[nH]c1N,6.08
N#Cc1cc2c(nc1N1CCC(C(=O)NS(=O)(=O)Cc3ccccc3)CC1)COC2=O,5.275
N#Cc1cc2c(nc1N1CCC(C(=O)NS(=O)(=O)c3ccc(Cl)s3)CC1)COC2=O,4.3
N#Cc1ccc(-c2cc(-c3ccc(NCc4cccnc4)cc3)no2)cc1,4.28
N#Cc1ccc(-c2ccc(C(F)(F)C(O)(Cn3cnnn3)c3ccc(F)cc3F)nc2)cc1,4.8
N#Cc1ccc(-c2ccc(F)cc2)nc1Sc1ccccc1,4.9
N#Cc1ccc(-c2ccc(NC(=O)Nc3ccc(-c4ccnc5[nH]cnc45)cc3)cc2)cc1,7.96
N#Cc1ccc(-c2cnc3ccc(-c4ccc(C(=O)N5CCNCC5)cc4)nn23)cc1,5.25
N#Cc1ccc(-n2ccnc2)c(NC(=O)c2cnc(-c3ccccc3)s2)c1,5.35
N#Cc1ccc(C(=O)N2CCC(c3ccc(C(=O)NC(=N)N)cc3C(F)(F)F)CC2)cc1,4.96
N#Cc1ccc(C(c2ccc(C#N)cc2)n2cncn2)cc1,5.3
N#Cc1ccc(C(c2nnnn2C2CCCC2)N2CCC(Cc3ccccc3)CC2)cc1,5.35
N#Cc1ccc(C23CC4(C2)[C@H](CN(CC2CCCCC2)[C@@H]4c2ccccc2)C3c2ccc(C(F)(F)F)cc2)cc1,4.8
N#Cc1ccc(C23CC4(C2)[C@H](CN(CC2CCCCC2)[C@@H]4c2ccccc2)C3c2ccc(Cl)nc2)cc1,4.8
N#Cc1ccc(C23CC4(C2)[C@H](CN(CC2CCCCC2)[C@@H]4c2ccccc2)C3c2ccccc2)cc1,4.8
N#Cc1ccc(C23CC4(C2)[C@H](CN(Cc2ccc(-c5ccccc5)cc2)[C@@H]4c2ccccc2)C3c2ccccc2)cc1,4.8
N#Cc1ccc(C23CC4(C2)[C@H](CN(Cc2ccc(C(F)(F)F)cc2)[C@@H]4c2ccccc2)C3c2ccccc2)cc1,4.6
N#Cc1ccc(C23CC4(C2)[C@H](CN(Cc2cccnc2)[C@@H]4c2ccccc2)C3c2ccc(C(F)(F)F)cc2)cc1,5.2
N#Cc1ccc(C23CC4(C2)[C@H](CN(Cc2cccnc2)[C@@H]4c2ccccc2)C3c2ccccc2)cc1,5.4
N#Cc1ccc(C23CC4(C2)[C@H](CN(P(=O)(c2ccccc2)c2ccccc2)[C@@H]4c2ccccc2)C3c2ccc(Cl)nc2)cc1,5.7
N#Cc1ccc(CCNC(=O)[C@@H]2CCCN(c3cc(N4CCN(C5COC5)CC4)nc(C(F)(F)F)n3)C2)cc1,5.96
N#Cc1ccc(CN2CC3(CCN(C(=O)c4cccc(F)c4)CC3)C2)cc1,4.7
N#Cc1ccc(CN2CC3(CCN(C(=O)c4ccncc4)CC3)C2)cc1,4.9
N#Cc1ccc(CN2CCC(NC(=O)c3ccc(C(=O)N4CCC(C(F)c5ccc(F)cc5)CC4)cn3)CC2)cc1,5.01
N#Cc1ccc(CN2CCC(NC(=O)c3ccc(C(=O)N4CCC(Oc5ccc(C#N)cc5)CC4)cn3)CC2)cc1,5.46
N#Cc1ccc(CN2CCC3(CC2)CCN(C(=O)Oc2ccccc2)CC3)cc1,4.8
N#Cc1ccc(CN2CCC3(CC2)CCN(C(=O)c2cccc(F)c2)CC3)cc1,4.8
N#Cc1ccc(CN2CCC3(CC2)CCN(C(=O)c2ccncc2)CC3)cc1,4.9
N#Cc1ccc(CN2CCC3(CC2)CCN(S(=O)(=O)c2ccccc2)CC3)cc1,4.7
N#Cc1ccc(CN2CCCC3(CCN(C(=O)Oc4ccccc4)CC3)C2)cc1,4.8
N#Cc1ccc(CN2CCCC3(CCN(C(=O)c4cc(C(F)(F)F)cc(C(F)(F)F)c4)CC3)C2)cc1,5.1
N#Cc1ccc(CN2CCCC3(CCN(C(=O)c4cccc(F)c4)CC3)C2)cc1,5.0
N#Cc1ccc(CN2CCCC3(CCN(C(=O)c4ccco4)CC3)C2)cc1,4.8
N#Cc1ccc(CN2CCCC3(CCN(C(=O)c4ccncc4)CC3)C2)cc1,5.8
N#Cc1ccc(CN2CCCC3(CCN(C(=O)c4cnccn4)CC3)C2)cc1,5.2
N#Cc1ccc(CN2CCCC3(CCN(C(=O)c4csnn4)CC3)C2)cc1,5.0
N#Cc1ccc(CN2CCCC3(CCN(S(=O)(=O)c4ccccc4)CC3)C2)cc1,5.5
N#Cc1ccc(CN2CC[C@@]3(CCCN(C(=O)Oc4ccccc4)C3)C2)cc1,5.1
N#Cc1ccc(CN2CC[C@@]3(CCCN(C(=O)c4cc(C(F)(F)F)cc(C(F)(F)F)c4)C3)C2)cc1,5.3
N#Cc1ccc(CN2CC[C@@]3(CCCN(C(=O)c4cccc(F)c4)C3)C2)cc1,5.1
N#Cc1ccc(CN2CC[C@@]3(CCCN(C(=O)c4ccco4)C3)C2)cc1,5.0
N#Cc1ccc(CN2CC[C@@]3(CCCN(C(=O)c4ccncc4)C3)C2)cc1,4.9
N#Cc1ccc(CN2CC[C@@]3(CCCN(C(=O)c4cnccn4)C3)C2)cc1,5.1
N#Cc1ccc(CN2CC[C@@]3(CCCN(S(=O)(=O)c4ccccc4)C3)C2)cc1,5.0
N#Cc1ccc(CN2CC[C@@]3(CCCNC3)C2)cc1,4.5
N#Cc1ccc(COc2ccc3nc(N)sc3c2)cc1,5.0
N#Cc1ccc(Cn2ccc(NC(=O)Cc3ccc(C4(C(F)(F)F)CC4)cc3)n2)nc1,4.3149999999999995
N#Cc1ccc(Cn2cncc2CN[C@H]2CCN(Cc3cccc(Cl)c3)C2=O)cc1,6.0
N#Cc1ccc(Cn2nccc2-c2cc(Cl)c3nnn(-c4ccc5cn[nH]c5c4)c3c2)cc1,4.71
N#Cc1ccc(N(c2cccnc2)C2CCN(c3ccc(F)c(F)c3)CC2)cc1,5.37
N#Cc1ccc(N2CCC(N(c3ccc(C(F)(F)F)cc3)c3cccnc3)CC2)cc1,5.4
N#Cc1ccc(NC(=O)NCc2cccc(C(=O)Nc3ccc4c(c3)CNCC4)c2)cc1,5.23
N#Cc1ccc(N[C@@H]2CCN(C(=O)O[C@H]3C4CC5CC3C[C@](C(N)=O)(C5)C4)C2)nc1,4.85
N#Cc1ccc(N[C@H]2CCN(C(=O)O[C@H]3C4CC5CC3C[C@](C(N)=O)(C5)C4)C2)nc1,4.58
N#Cc1ccc(O[C@H]2CN(S(=O)(=O)c3ccc(Cl)cc3Cl)C[C@@]2(O)CN)cc1F,5.8
N#Cc1ccc(O[C@H]2CN(S(=O)(=O)c3ccc(Cl)cn3)C[C@@]2(O)CN)cc1F,4.92
N#Cc1ccc(Oc2ccc(S(=O)(=O)Nc3ccc(F)cn3)cc2C#N)cc1Cl,4.76
N#Cc1ccc(S(=O)(=O)N2C[C@H](S(=O)(=O)c3ccc(Cl)cc3)[C@](O)(CN)C2)c(Cl)c1,7.0
N#Cc1ccc(S(=O)(=O)N2C[C@H](S(=O)(=O)c3ccc(Cl)cn3)[C@@](O)(CN)C2)c(Cl)c1,5.4
N#Cc1ccc(S(=O)(=O)N2C[C@H](S(=O)(=O)c3ccc(Cl)cn3)[C@](O)(CN)C2)c(Cl)c1,6.52
N#Cc1ccc2c(c1)[C@@H](O)[C@H]([C@H]1c3ccccc3-c3cncn31)CC2,5.48
N#Cc1ccc2c(c1)[nH]c(=O)n2[C@H]1C[C@H](c2nnc(-c3ccncn3)n2-c2ccccc2Cl)C1,5.895
N#Cc1ccc2cc1Oc1ccc(Br)c(c1)CN1CCC(NCc3cncn3C2)C1=O,5.21
N#Cc1ccc2cc1Oc1ccc3c(c1)[C@@H](CC3)N1CC[C@@H](NCc3cncn3C2)C1=O,5.08
N#Cc1ccc2cc1Oc1ccc3c(c1)[C@H](CC3)N1CC[C@@H](NCc3cncn3C2)C1=O,5.1899999999999995
N#Cc1ccc2cc1Oc1ccc3cccc(c3c1)N1CCC(NCCc3cncn3C2)C1=O,5.72
N#Cc1ccc2cc1Oc1ccc3cccc(c3c1)N1CC[C@H](NCc3cncn3C2)C1=O,5.199999999999999
N#Cc1ccc2cc1Oc1cccc(c1)CN1CC[C@@H](NCc3cncn3C2)C1=O,5.05
N#Cc1ccc2nnc(C(=O)N3CCC(c4cccc(F)c4C(F)(F)F)CC3)n2c1,4.13
N#Cc1ccc2nnc(C(=O)N3CCC(c4ccccc4C(F)(F)F)CC3)n2c1,4.3
N#Cc1cccc(-c2cc(-c3ccc(NCc4cccnc4)cc3)no2)c1,5.92
N#Cc1cccc(-c2cc(-n3ccnc3)ncn2)c1,6.4
N#Cc1cccc(-c2cc(NCc3cccnc3)ncn2)c1,5.6
N#Cc1cccc(-c2cc(NCc3cccs3)ncn2)c1,5.8
N#Cc1cccc(-c2ccc3ncnc(N4CCNCC4)c3c2)c1,4.7
N#Cc1cccc(-c2ccc3ncnc(NCCN4CCOCC4)c3c2)c1,5.0
N#Cc1cccc(-c2ccc3ncnc(NCc4ccccc4)c3c2)c1,4.8
N#Cc1cccc(-c2ccc3ncnc(NCc4cccnc4)c3c2)c1,5.8
N#Cc1cccc(-c2ccc3ncnc(NCc4cccs4)c3c2)c1,5.5
N#Cc1cccc(-c2cncnc2-n2ccnc2)c1,5.6
N#Cc1cccc(-c2cncnc2NCCc2cnc[nH]2)c1,5.7
N#Cc1cccc(-c2cncnc2NCc2ccccc2)c1,5.9
N#Cc1cccc(-c2cncnc2NCc2cccnc2)c1,5.9
N#Cc1cccc(-c2cncnc2NCc2cccs2)c1,5.9
N#Cc1cccc(-c2nc(N3CCNCC3)c3ccccc3n2)c1,4.5
N#Cc1cccc(-c2nc(NCCN3CCOCC3)c3ccccc3n2)c1,4.9
N#Cc1cccc(-c2nc(NCc3ccccc3)c3ccccc3n2)c1,4.7
N#Cc1cccc(-c2nc(NCc3cccnc3)c3ccccc3n2)c1,5.3
N#Cc1cccc(-c2nc(NCc3cccs3)c3ccccc3n2)c1,5.4
N#Cc1cccc(-c2nc(Nc3ccncc3)c3ccccc3n2)c1,6.3
N#Cc1cccc(-c2nc3cnc(N4CCNCC4)nc3n(C3CC3)c2=O)c1,4.7
N#Cc1cccc(-c2nc3cnc(N4CCOCC4)nc3n(C3CC3)c2=O)c1,4.4
N#Cc1cccc(-c2nc3cnc(Oc4cccc(Cl)c4)nc3n(C3CC3)c2=O)c1,5.9
N#Cc1cccc(-c2nccc(-n3ccnc3)n2)c1,5.6
N#Cc1cccc(-c2nccc(NCc3ccccc3)n2)c1,4.9
N#Cc1cccc(-c2nccc(NCc3cccnc3)n2)c1,6.1
N#Cc1cccc(-c2nccc(NCc3cccs3)n2)c1,5.0
N#Cc1cccc(C(=O)N2CCC(c3ccc(C(=O)NC(=N)N)cc3C(F)(F)F)CC2)c1,4.66
N#Cc1cccc(CC(=O)Nc2nc(-c3c[nH]c4ncccc34)cs2)c1,5.6
N#Cc1cccc(NC(=O)N2CC3(CCN(C(=O)Oc4ccccc4)CC3)C2)c1,5.1
N#Cc1cccc(NC(=O)N2CC3(CCN(C(=O)c4cc(C(F)(F)F)cc(C(F)(F)F)c4)CC3)C2)c1,4.5
N#Cc1cccc(NC(=O)N2CC3(CCN(C(=O)c4cccc(F)c4)CC3)C2)c1,5.0
N#Cc1cccc(NC(=O)N2CC3(CCN(C(=O)c4cnccn4)CC3)C2)c1,5.8
N#Cc1cccc(NC(=O)N2CCC3(CC2)CCN(C(=O)c2cccc(F)c2)CC3)c1,5.1
N#Cc1cccc(NC(=O)N2CCC3(CC2)CCN(C(=O)c2ccco2)CC3)c1,5.8
N#Cc1cccc(NC(=O)N2CCC3(CC2)CCN(C(=O)c2csnn2)CC3)c1,4.7
N#Cc1cccc(NC(=O)N2CCCC3(CCN(C(=O)Oc4ccccc4)CC3)C2)c1,4.9
N#Cc1cccc(NC(=O)N2CCCC3(CCN(C(=O)c4cc(C(F)(F)F)cc(C(F)(F)F)c4)CC3)C2)c1,5.0
N#Cc1cccc(NC(=O)N2CCCC3(CCN(C(=O)c4cccc(F)c4)CC3)C2)c1,4.8
N#Cc1cccc(NC(=O)N2CCCC3(CCN(C(=O)c4ccco4)CC3)C2)c1,5.3
N#Cc1cccc(NC(=O)N2CCCC3(CCN(C(=O)c4ccncc4)CC3)C2)c1,5.1
N#Cc1cccc(NC(=O)N2CCCC3(CCN(C(=O)c4cnccn4)CC3)C2)c1,4.8
N#Cc1cccc(NC(=O)N2CCCC3(CCN(C(=O)c4csnn4)CC3)C2)c1,4.8
N#Cc1cccc(NC(=O)N2CCCC3(CCN(S(=O)(=O)c4ccccc4)CC3)C2)c1,4.9
N#Cc1cccc(NC(=O)N2CC[C@@]3(CCCN(C(=O)Oc4ccccc4)C3)C2)c1,5.6
N#Cc1cccc(NC(=O)N2CC[C@@]3(CCCN(C(=O)c4cccc(F)c4)C3)C2)c1,5.0
N#Cc1cccc(NC(=O)N2CC[C@@]3(CCCN(C(=O)c4ccco4)C3)C2)c1,4.7
N#Cc1cccc(NC(=O)N2CC[C@@]3(CCCN(C(=O)c4ccncc4)C3)C2)c1,4.8
N#Cc1cccc(NC(=O)N2CC[C@@]3(CCCN(C(=O)c4cnccn4)C3)C2)c1,4.7
N#Cc1cccc(NC(=O)N2CC[C@@]3(CCCN(C(=O)c4csnn4)C3)C2)c1,4.8
N#Cc1cccc(NC(=O)N2CC[C@@]3(CCCN(S(=O)(=O)c4ccccc4)C3)C2)c1,5.5
N#Cc1cccc(NC(=O)N2CC[C@@]3(CCCNC3)C2)c1,4.6
N#Cc1ccccc1-c1cc(-c2ccc(NCc3cccnc3)cc2)no1,4.25
N#Cc1ccccc1-c1ccc2ncnc(N3CCNCC3)c2c1,4.5
N#Cc1ccccc1-c1ccc2ncnc(NC3CC3)c2c1,5.7
N#Cc1ccccc1-c1ccc2ncnc(NCCN3CCOCC3)c2c1,5.0
N#Cc1ccccc1-c1ccc2ncnc(NCc3ccccc3)c2c1,5.6
N#Cc1ccccc1-c1ccc2ncnc(NCc3cccnc3)c2c1,5.7
N#Cc1ccccc1-c1ccc2ncnc(NCc3cccs3)c2c1,5.5
N#Cc1ccccc1-c1cncnc1NCc1cccnc1,6.7
N#Cc1ccccc1-c1nc(NCCN2CCOCC2)c2ccccc2n1,4.8
N#Cc1ccccc1/C=N/Nc1nc(-c2ccccc2)c2cc(Cl)ccc2n1,5.2
N#Cc1ccccc1Cn1c(N2CCCC(N)C2)nc2c(Cl)cccc2c1=O,6.89
N#Cc1ccccc1Cn1c(N2CCC[C@@H](N)C2)nc2c(Cl)cc(Cl)cc2c1=O,7.1
N#Cc1ccccc1Cn1c(N2CCC[C@@H](N)C2)nc2cc(Cl)ccc2c1=O,6.6
N#Cc1ccccc1Cn1c(N2CCC[C@@H](N)C2)nc2cc(N3CCOCC3)c(F)cc2c1=O,6.1
N#Cc1ccccc1Cn1c(N2CCC[C@@H](N)C2)nc2ccc(Br)cc2c1=O,6.6
N#Cc1ccccc1Cn1c(N2CCC[C@@H](N)C2)nc2ccc(Cl)cc2c1=O,6.6
N#Cc1ccccc1Cn1c(N2CCC[C@@H](N)C2)nc2ccc(F)cc2c1=O,5.6
N#Cc1ccccc1Cn1c(N2CCC[C@@H](N)C2)nc2cccc(F)c2c1=O,6.3
N#Cc1ccccc1Cn1c(N2CCC[C@@H](N)C2)nc2ccccc2c1=O,5.7
N#Cc1ccccc1N1CCC(N(c2ccc(C(F)(F)F)cc2)c2cccnc2)CC1,5.28
N#Cc1ccccc1Oc1ccc(C(=O)NCc2ccncc2)cc1,6.0
N#Cc1ccccc1Sc1ccccc1N,4.75
N#Cc1cccnc1N[C@@H]1CCN(C(=O)O[C@H]2C3CC4CC2C[C@](C(N)=O)(C4)C3)C1,4.77
N#Cc1cccnc1N[C@H]1CCN(C(=O)O[C@H]2C3CC4CC2C[C@](C(N)=O)(C4)C3)C1,4.73
N#Cc1ccnc(Oc2nn([C@H]3C[C@H](F)C3)c3ncnc(N)c23)c1,4.3
N#Cc1ccnc2[nH]cc(C(=O)c3c(F)ccc(NS(=O)(=O)c4cccnc4)c3F)c12,5.3
N#Cc1cnc(C(=O)Nc2ccc(C3CCN(CCN4CCOCC4)CC3)cc2C2=CCCCC2)[nH]1,5.42
N#Cc1cnc2[nH]cc(C(=O)c3c(F)ccc(NS(=O)(=O)c4cccnc4)c3F)c2c1,5.3
N#Cc1cnc2[nH]cc(C(=O)c3cccc(NS(=O)(=O)c4cc(F)ccc4F)c3F)c2c1,5.3
N#Cc1cnc2c(Cl)cc(NCc3cccc[n+]3[O-])cc2c1Nc1ccc(F)c(Cl)c1,4.75
N#Cc1cnc2c(Cl)cc(NCc3cnc[nH]3)cc2c1Nc1ccc(F)c(Cl)c1,5.05
N#Cc1cncc(Oc2c(Cl)cc(NS(=O)(=O)c3ccc(Cl)cc3Cl)cc2Cl)c1,8.0
N#Cc1cncc(Oc2cc(C(=O)Nc3ccc(F)cn3)c3ncnn3c2)c1,4.97
N#Cc1cncc(Oc2cc(Cl)cc(C(=O)Nc3ccc(F)cn3)c2)c1,5.77
N#Cc1nc(-c2ccc(F)cc2)oc1N1CCCC1,4.85
N#Cc1nc(-c2ccc(OCc3ccccc3)cc2)oc1NCCN1CCOCC1,5.4
N#Cc1nc(-c2cccs2)oc1NCc1ccccc1,4.9
N#Cc1nc(COc2ccccc2Cl)oc1NCc1ccco1,5.3
N#Cc1nn(-c2c(Cl)cc(C(F)(F)F)cc2Cl)c(N)c1[S+]([O-])C(F)(F)F,4.6
N#Cc1sc2nc(-c3cccs3)cc(-c3ccc(Cl)cc3)c2c1N,5.85
N.O=NN(O)c1ccccc1,4.5
N/C(=N/CCc1ccc(I)cc1)SCCCc1cnc[nH]1,6.1
N/C(=N\C(=O)c1nc(Cl)c(N)nc1N)NCc1ccc(Cl)c(Cl)c1,4.9
N/C(S)=N/CCC[C@@H](N)C(=O)O,6.7
N=C(Cc1cccs1)NOC(=O)COc1ccc(Br)cc1Cl,5.0
N=C(N)N/N=C(/c1ccccc1)c1ccc(O)cc1O,5.4
N=C(N)NC(=N)Nc1cccc(Cl)c1,4.1
N=C(N)NC(=O)Cc1c(Cl)cccc1Cl,4.9
N=C(N)NC(=O)c1ccc(C2CCN(C(=O)C3CC3)CC2)c(C(F)(F)F)c1,4.8
N=C(N)NC(=O)c1ccc(C2CCN(C(=O)c3ccc(C(N)=O)cc3)CC2)c(C(F)(F)F)c1,4.61
N=C(N)NC(=O)c1ccc(C2CCN(C(=O)c3ccc(F)cc3)CC2)c(C(F)(F)F)c1,5.22
N=C(N)NC(=O)c1ccc(C2CCN(C(=O)c3ccc(S(N)(=O)=O)cc3)CC2)c(C(F)(F)F)c1,4.62
N=C(N)NC(=O)c1ccc(N2CCN(C(=O)c3ccc[nH]3)CC2)c(C(F)(F)F)c1,5.16
N=C(N)NCCCCNC(=N)N,4.4
N=C(N)NCCC[C@H](NC(=O)CC1(CC(=O)N2CCN(C3c4ccccc4NC(=O)c4ccccc43)CC2)CCCC1)C(=O)NCCn1c(=O)n(-c2ccccc2)n(-c2ccccc2)c1=O,4.9
N=C(N)NCCNOS(=O)c1cccc2cnccc12,5.0
N=C(N)NN,4.8
N=C(N)NOCCC(N)C(=O)O,7.4
N=C(N)N[C@H](CCC(=O)O)C(=O)O,5.5
N=C(N)Nc1ccc2[nH]c3c(c2c1)C[C@]1(O)[C@@H]2Cc4ccc(O)c5c4[C@]1(CCN2CC1CC1)[C@H]3O5.O=C(O)C(F)(F)F.O=C(O)C(F)(F)F,5.1
N=C(N)Nc1nc2cc([N+](=O)[O-])ccc2[nH]1,5.5
N=C(N)SCCc1c[nH]cn1,4.6
N=C(N)SCCc1ccc(CCSC(=N)N)cc1,5.7
N=C(N)SCc1cccc2c(=O)cc(-c3ccccc3)oc12,5.5
N=C(N)SCc1nc(-c2ccc(Cl)cc2)no1,5.3
N=C(N)S[C@H]1c2ccccc2-c2cc([N+](=O)[O-])ccc21,5.3
N=C(NCCCCCCNC(=N)NC(=N)Nc1ccc(Cl)cc1)NC(=N)Nc1ccc(Cl)cc1,4.5
N=C(NCc1ccc(Cl)cc1)SCCCc1c[nH]cn1,5.8
N=C(NO)c1ccc2nc(-c3cccc(-c4cn5ccccc5n4)c3)[nH]c2c1,6.63
N=C(NOC(=O)Cc1ccc(Cl)cc1)c1cccnc1,6.1
N=C(Nc1ccc(I)cc1)NC1C2CC3CC(C2)CC1C3,4.8
N=C1/C(=C/c2cccs2)C(=O)N=C2SN=C(SCc3ccccc3)N12,4.85
N=C1/C(=C\c2ccc(SCc3ccco3)o2)C(=O)N=C2SC=NN12,5.4
N=C1C=CC(=C(c2ccc(N)cc2)c2ccc(N)cc2)C=C1,5.5
N=C1C=CC(=C(c2cccc(N)c2)c2cccc(N)c2)C=C1.O=C(O)c1cc2ccccc2c(Cc2c(O)c(C(=O)O)cc3ccccc23)c1O,5.3
N=C1O[C@@H](c2c[nH]c3ccc(OCc4ccccc4)cc23)C(O)=C1O,5.5
N=C1Sc2ccccc2C2=NCCCN12,4.6
N=Cc1ccc(-c2cccnc2)s1.N=Cc1ccc(-c2cccnc2)s1.NCc1ccc(-c2cccnc2)s1,4.11
N=c1ccn2c(n1)O[C@@H]1[C@@H](O)[C@H](CO)O[C@H]12,4.4
N=c1n(-c2ccccc2)c(O)cc(=O)n1-c1ccccc1,4.6
N=c1sc2ccccc2n1CC[S-].c1ccc2c(c1)sc1[n+]2CCS1,5.5
NC(=NOC(=O)Cc1ccc(-c2ccccc2)cc1)c1cccc([N+](=O)[O-])c1,4.85
NC(=O)/C(=C\c1ccncc1)c1cccc2ccccc12,5.5
NC(=O)/N=N/C(N)=O,4.5
NC(=O)C(Nc1c(Nc2ccncc2)c(=O)c1=O)c1ccccc1,5.07
NC(=O)C1(N2CCCCC2)CCN(C(=O)c2cccn3c(=O)c4cc(Cl)ccc4nc23)CC1,4.95
NC(=O)C1(NC(=O)[C@@H]2CC3(CC(c4cccc(NC(=O)[C@@H]5CCC(=O)N5)c4)=NO3)CN2C(=O)Cc2ccc(Cl)cc2)CC1,4.85
NC(=O)C1(NC(=O)[C@@H]2CC3(CC(c4cccc(NC(=O)c5cc([N+](=O)[O-])cc([N+](=O)[O-])c5)c4)=NO3)CN2C(=O)c2ccccc2)CC1,5.5
NC(=O)C1CCN(c2c(Cl)cncc2Cl)CC1,5.16
NC(=O)C1CCN(c2ccc(C(F)(F)F)cc2[N+](=O)[O-])CC1,5.3
NC(=O)CC[C@@H](N)C(=O)O,4.9
NC(=O)CI,7.2
NC(=O)CN1CCN(c2nc(-c3ccc(F)cc3)cs2)CC1,4.85
NC(=O)CNCCC(c1ccccc1)c1ccccc1,5.7
NC(=O)COc1c(F)cc(SCCNS(=O)(=O)c2ccccc2)cc1F,4.9
NC(=O)C[S+]([O-])Cc1ccccc1Oc1ccc(Cl)c(Cl)c1,4.45
NC(=O)Cn1c(=O)c(CCO)c(-c2cc(Cl)ccc2O)c2cc(C(F)(F)F)ccc21,4.4399999999999995
NC(=O)Cn1c(=O)n(Cc2ccco2)c(=O)c2c3c(sc21)CCCCC3,4.6
NC(=O)Cn1cc2nccc(Nc3ccnc(-c4cc(Cl)ccc4F)c3)c2n1,4.9
NC(=O)N/N=C/c1ccc([N+](=O)[O-])o1,4.5
NC(=O)N/N=C\c1ccc([N+](=O)[O-])o1,4.9
NC(=O)N1c2ccccc2CC(=O)c2ccccc21,4.4
NC(=O)NC(=O)CSc1nnc(-c2ccco2)n1Cc1ccccc1,4.6
NC(=O)NC/C=C\CN(C[C@H]1Cc2ccccc2CN1)[C@H]1CCCc2cccnc21,4.72
NC(=O)NO,4.4
NC(=O)Nc1nc2ccccc2[nH]1,4.5
NC(=O)SCC(=O)Nc1ccc2ncccc2c1,5.4
NC(=O)[C@H](Cc1cc2ccccc2s1)NC(=O)[C@@H]1CC2(CC(c3cccc(NC(=O)[C@@H]4CCC(=O)N4)c3)=NO2)CN1C(=O)/C=C/c1c(F)cccc1Cl,5.5
NC(=O)[C@]12CC3CC(C1)[C@@H](OC(=O)N1CC[C@@H](Nc4ccc(C(F)(F)F)cn4)C1)C(C3)C2,5.14
NC(=O)[C@]12CC3CC(C1)[C@@H](OC(=O)N1CC[C@@H](Nc4cccc(C(F)(F)F)n4)C1)C(C3)C2,5.32
NC(=O)[C@]12CC3CC(C1)[C@@H](OC(=O)N1CC[C@@H](Nc4ncccc4C(F)(F)F)C1)C(C3)C2,5.48
NC(=O)[C@]12CC3CC(C1)[C@@H](OC(=O)N1CC[C@H](Nc4ccc(C(F)(F)F)cn4)C1)C(C3)C2,4.99
NC(=O)[C@]12CC3CC(C1)[C@H](OC(=O)N1CC[C@H](Nc4ncccc4C(F)(F)F)C1)C(C3)C2,5.07
NC(=O)c1c2n(c3c(N4CCN(CCc5ccc(F)c(F)c5)CC4)ncnc13)CCCC2,4.34
NC(=O)c1cc(Cl)c2c(Cl)c(C3CC3)n([C@H]3CCCNC3)c2n1,4.68
NC(=O)c1cc(Cn2cc(-c3c(-c4ccc(Cl)cc4)nc4ccccn34)nn2)ccc1Cl,4.79
NC(=O)c1cc(N2CC2)c([N+](=O)[O-])cc1[N+](=O)[O-],4.4
NC(=O)c1cc([N+](=O)[O-])cc([N+](=O)[O-])c1,5.1
NC(=O)c1ccc(-c2nc(-c3ccccn3)c(-c3ccc4c(c3)OCO4)[nH]2)cc1,5.0
NC(=O)c1ccc(N2CCCCC2)c(N2C(=O)C3CC=CCC3C2=O)c1,4.6
NC(=O)c1ccc([N+](=O)[O-])cc1SCc1ccccc1,4.9
NC(=O)c1ccc2c(c1)[C@@H](O)[C@H]([C@H]1c3ccccc3-c3cncn31)CC2,5.44
NC(=O)c1cccc2[nH]c3c(N4CCN(CCc5ccc(F)c(F)c5)CC4)ncnc3c12,5.87
NC(=O)c1cccc2c1c1ncnc(N3CCN(CCc4ccc(F)c(F)c4)CC3)c1n2Cc1ccncc1,6.7
NC(=O)c1ccccc1,8.3
NC(=O)c1ccccc1-c1nc(-n2ccnc2)c2ccccc2n1,5.4
NC(=O)c1ccccc1NC(=O)/C=C/c1cccc(Cl)c1,4.55
NC(=O)c1cncc(Oc2c(Cl)cc(NS(=O)(=O)c3ccc(Cl)cc3Cl)cc2Cl)c1,7.52
NC(=O)c1nc(-c2cccc(-c3ccccc3OC(F)(F)F)c2)cs1,4.75
NC(=O)c1ncn([C@@H]2O[C@H](CO)[C@@H](O)[C@H]2O)n1,6.1
NC(=O)c1nn(CC(=O)N2[C@@H]3C[C@@H]3C[C@H]2C(=O)Nc2cccc(Br)n2)c2ccccc12,4.77
NC(=O)c1nnn(Cc2cc(Cl)c(C(=O)c3ccc(Cl)cc3)c(Cl)c2)c1N,5.5
NC(=O)c1sc(-c2ccc(F)cc2)cc1N,5.7
NC(=O)c1sc(-c2ccccc2)cc1N,5.46
NC(=O)c1sc(N2CCOCC2)nc1CC(=O)N1CCc2c(Br)cccc21,4.4
NC(=O)c1sc(N2CCOCC2)nc1CC(=O)N1CCc2c(Cl)cccc21,4.4
NC(=O)c1sc(N2CCOCC2)nc1CC(=O)N1CCc2cc(F)ccc21,4.4
NC(=O)c1sc(N2CCOCC2)nc1CC(=O)N1CCc2ccccc21,4.4
NC(=S)N/N=C\c1c[nH]c2ccccc12,5.8
NC(=S)Nc1ccc(Oc2ccc(NC(N)=S)cc2)cc1,5.35
NC(=S)c1ccc[n+]([C@@H]2O[C@@H](COP(=O)([O-])OP(=O)(O)OC[C@@H]3O[C@@H](n4cnc5c(N)ncnc54)[C@@H](OP(=O)([O-])O)[C@H]3O)[C@@H](O)[C@H]2O)c1.[Na+],4.9
NC(C(=O)N1CCC(Nc2ccc3[nH]ncc3c2)CC1)c1ccc(Br)cc1,6.31
NC(C(=O)N1CCC(Nc2ccc3[nH]ncc3c2)CC1)c1cccc(Cl)c1,6.77
NC(C(=O)N1CCN(c2ccc3[nH]ncc3c2)CC1)c1ccc(Br)cc1,6.39
NC(C(=O)N1CCN(c2ccc3[nH]ncc3c2)CC1)c1ccc(Cl)cc1,6.28
NC(C(=O)N1CCN(c2ccc3[nH]ncc3c2)CC1)c1cccc(Cl)c1,6.6
NC(C(=O)NC1C(=O)N2C(C(=O)O)=C(Cl)CSC12)c1ccccc1,4.4
NC(CC(=O)Nc1cc(C(F)(F)F)ccc1Cl)=NO,5.4
NC(Cc1c[nH]c2ccccc12)C(=O)O,4.9
NC(Cc1c[nH]cn1)C(=O)Nc1ccc2ccccc2c1,5.6
NC(Cc1cc(I)c(Oc2cc(I)c(O)c(I)c2)c(I)c1)C(=O)O,4.5
NC(Cc1ccc(N(CCCl)CCCl)cc1)C(=O)O,5.4
NC(Cc1ccc([N+](=O)[O-])cc1)=NOC(=O)COc1cccc2ccccc12,4.8
NC(N)=NOCC[C@H](N)C(=O)O,4.8
NC(S)=Nc1cc2ccccc2c2ccccc12,4.8
NC(S)=Nc1cccc2cccnc12,4.9
NC/C=C/CN(C[C@H]1Cc2ccccc2CN1)[C@H]1CCCc2cccnc21,5.03
NC/C=C\CN(C[C@H]1Cc2ccccc2CN1)[C@H]1CCCc2cccnc21,4.895
NC1=C(c2nc(-c3ccc(F)cc3)cs2)C(=O)CN1CCCN1CCOCC1,5.0
NC1CCCC(NC(=O)[C@H](Cc2ccc(Cl)cc2Cl)NC(=O)C2(c3ccc(Cl)cc3Cl)CC2)C1,6.38
NC1CCN(C(=O)[C@H](Cc2ccc(Br)cc2)NC(=O)C2(c3ccc(Cl)cc3Cl)CC2)CC1,5.1
NC1C[C@H]2CC[C@@H](C1)N2C(=O)[C@H](Cc1ccc(Br)cc1)NC(=O)C1(c2ccc(Cl)cc2Cl)CC1,6.22
NC1C[C@H]2CC[C@@H](C1)N2C(=O)[C@H](Cc1ccc(Br)cc1)NC(=O)C1(c2ccc(OC(F)(F)F)cc2)CC1,5.54
NC1C[C@H]2CC[C@@H](C1)N2C(=O)[C@H](Cc1ccc(Cl)cc1Cl)NC(=O)C1(c2ccc(Cl)cc2Cl)CC1,6.37
NC1C[C@H]2CC[C@@H](C1)N2C(=O)[C@H](Cc1ccc(Cl)cc1Cl)NC(=O)C1(c2ccc(OC(F)(F)F)cc2)CC1,5.62
NCC#Cc1c(Oc2ccc(NC(=O)NC(=O)Cc3ccc(F)cc3)cc2F)ccnc1N,5.75
NCC#Cc1ccccc1,4.8
NCC#Cc1cccnc1,4.82
NCC(=O)N(Cc1cccnc1)c1ccc(-c2nc3ccccc3s2)cc1,4.88
NCC(=O)OCc1ccc(-c2cn(Cc3c(F)cccc3C(F)(F)F)c(=O)n(C[C@H](N)c3ccccc3)c2=O)cc1,6.17
NCC(CC(=O)O)c1ccc(Cl)cc1,7.5
NCC(Cc1ccccc1F)c1ccc2ccccc2c1,5.43
NCC(c1ccc2ccccc2c1)C(O)c1ccc(F)cc1F,4.72
NCC1=C(CN(C[C@H]2Cc3ccccc3CN2)[C@H]2CCCc3cccnc32)CCCC1,4.96
NCC1CCC(CNc2nc(NCc3ccccc3Cl)ncc2[N+](=O)[O-])CC1,6.005
NCC1CCC(c2cccnc2)O1,4.19
NCC1O[C@H](O[C@@H]2C(O)[C@H](O[C@H]3OC(CO)C(O)C(N)C3O)[C@@H](N)C[C@H]2N)[C@@H](N)CC1O,4.4
NCCC(=O)NCCc1c[nH]cn1,4.4
NCCCCCC(=O)NCc1cccnc1,5.0
NCCCCCCCCCCNS(=O)(=O)c1cccc2c(Cl)cccc12,5.6
NCCCCCCNS(=O)(=O)c1ccc2c(Cl)cccc2c1,4.9
NCCCCCCNS(=O)(=O)c1cccc2c(Cl)cccc12,5.5
NCCCCCCNS(=O)(=O)c1cccc2ccccc12,5.2
NCCCCN(CC1CN(CC[C@@H](NC(=O)C2CCC(F)(F)CC2)c2ccccc2)CCN1)C1CCCc2cccnc21,4.2
NCCCCNS(=O)(=O)c1ccc2c(Cl)cccc2c1,4.6
NCCCCNS(=O)(=O)c1cccc2c(Cl)cccc12,4.6
NCCCC[C@H](NC(=O)C(NC(=O)[C@H](Cc1c[nH]c2ccccc12)NC(=O)[C@H](CCCCN)NC(=O)[C@H](CCCCN)NC(=O)[C@H](Cc1c[nH]c2ccccc12)NC(=O)[C@H](Cc1c[nH]c2ccccc12)NC(=O)[C@H](CCCCN)NC(=O)[C@@H](N)CCCCN)C(c1ccccc1)c1ccccc1)C(N)=O,4.825
NCCCP(=O)(O)O,6.8
NCCN1C(=O)c2ccccc2[C@@]1(O)c1ccc(Cl)cc1,5.2
NCCNC(=O)c1ncsc1-c1cccc(F)c1,4.5
NCCNS(=O)(=O)c1ccc(N)cc1,5.3
NCCNS(=O)(=O)c1cccc2c(Cl)cccc12,4.8
NCCNS(=O)(=O)c1cccc2cnccc12,4.550000000000001
NCCOB(c1ccccc1)c1ccccc1,4.9
NCCS,6.0
NCCS(=O)(=O)CC[C@@H]1OCC[C@@]2(S(=O)(=O)c3ccc(Cl)cc3)c3c(F)ccc(F)c3OC[C@@H]12,5.1850000000000005
NCCSC(c1ccccc1)c1ccccc1,5.5
NCCSCc1ccccc1Cl,5.5
NCCSc1nc2ccccc2s1,5.5
NCC[C@@H](Cc1cccnc1)c1ccc(Cl)c(Cl)c1,4.75
NCCc1c[nH]c2ccc(O)cc12,4.6
NCCc1c[nH]c2ccccc12,4.4
NCCc1cn(S(=O)(=O)c2c(Cl)nc3sccn23)c2ccccc12,4.48
NCCn1c(=O)c(CCc2ccccc2)nc2cncnc21,4.8
NC[C@@H](Cc1ccccc1O)c1ccc2ccccc2c1,5.0
NC[C@@H](O)c1ccc(O)c(O)c1,4.5
NC[C@@H](c1ccc2ccccc2c1)C(O)c1ccncc1Cl,4.7
NC[C@@H](c1ccc2ccccc2c1)[C@@H](O)c1ccc(Cl)nc1,4.7
NC[C@@H](c1ccc2ccccc2c1)[C@@H](O)c1ccccc1,4.7
NC[C@@H]1CC[C@@H](c2cccnc2)O1,4.19
NC[C@@H]1O[C@H](C23CC4CC(CC(C4)C2)C3)Cc2c1ccc(O)c2O,4.6
NC[C@@H]1O[C@H](c2ccccc2)Cc2c1ccc(O)c2O,4.5
NC[C@H](O)c1cc(O)c(O)cc1F,4.5
NC[C@H](c1ccc2ccccc2c1)[C@@H](O)c1ccncc1Cl,4.96
NC[C@H]1CC[C@H](CN(C[C@H]2Cc3ccccc3CN2)[C@H]2CCCc3cccnc32)CC1,4.92
NC[C@H]1CC[C@]2(CC1)OOC1(O2)C2CC3CC(C2)CC1C3,5.01
NC[C@](O)(CS(=O)(=O)O)c1ccc(Cl)cc1,6.0
NCc1c(N)nc(-c2ccccc2)nc1-c1ccc(Cl)cc1Cl,5.0
NCc1cc(Cl)ccc1Cn1c(=S)[nH]c(=O)c2[nH]ccc21,4.72
NCc1ccc(-c2ccccc2)o1,4.2
NCc1ccc(-c2ccccc2)s1,4.02
NCc1ccc(-c2cccnc2)o1,4.33
NCc1ccc(-c2cccnc2)s1,4.24
NCc1ccc(-c2cn(Cc3c(F)cccc3C(F)(F)F)c(=O)n(C[C@H](N)c3ccccc3)c2=O)cc1,5.04
NCc1ccc(CN(C[C@H]2Cc3ccccc3CN2)[C@H]2CCCc3cccnc32)cc1,5.13
NCc1cccc(CN(C[C@H]2Cc3ccccc3CN2)[C@H]2CCCc3cccnc32)c1,5.33
NCc1ccccc1CN(C[C@H]1Cc2ccccc2CN1)[C@H]1CCCc2cccnc21,4.82
NCc1noc(-c2nn(Cc3ccccc3)c3ccccc23)n1,5.51
NNC(=O)CCSc1ccccc1,5.4
NNC(=O)CCc1ccc2ccc3ccccc3c2c1,6.4
NNC(=O)CNC(c1ccccc1)c1cc(Br)ccc1NC(=O)c1ccccc1Br,6.1
NNC(=O)CNc1cccc(Br)c1,5.6
NNC(=O)Cc1cccnc1,5.5
NNC(=O)c1cc2c(s1)CCCCCC2,5.7
NNC(=O)c1ccc(O)cc1,5.3
NNC(=O)c1ccc(OCc2nc3ccccc3[nH]2)cc1,6.2
NNC(=O)c1ccncc1,5.1
NNC(=O)c1cn2ccccc2n1,4.9
NNC(=O)c1nn(-c2ccc(Cl)cc2)ccc1=O,4.6
NNC(NN)NN.n1n[nH]c(-c2nnn[nH]2)n1,5.4
NNCCc1ccccc1,5.5
NNCCc1ccccc1.O=S(=O)(O)O,5.2
NNCc1cccc(O)c1,4.6
NNc1ccccc1,6.05
NNc1nc(-c2ccccc2)cc(-c2ccccc2O)n1,4.9
NNc1nncc2ccccc12,5.15
NS(=O)(=O)NCCNc1nonc1/C(=N/O)Nc1ccc(F)c(Br)c1,4.55
NS(=O)(=O)c1cc2c(cc1C(F)(F)F)NC(Cc1ccccc1)NS2(=O)=O,4.4
NS(=O)(=O)c1cc2c(cc1C(F)(F)F)N[C@H](Cc1ccccc1)NS2(=O)=O,4.9
NS(=O)(=O)c1cc2c(cc1Cl)N=C(CSCc1ccccc1)NS2(=O)=O,4.9
NS(=O)(=O)c1cc2c(cc1Cl)N=CNS2(=O)=O,5.0
NS(=O)(=O)c1cc2c(cc1Cl)N[C@@H]([C@@H]1C[C@@H]3C=C[C@H]1C3)NS2(=O)=O,4.8
NS(=O)(=O)c1ccc(/N=N\c2cc3ccccc3c(C(=O)O)c2O)cc1,5.5
NS(=O)(=O)c1ccc(/N=N\c2nc3c(O)nc(O)nc3[nH]2)cc1,6.2
NS(=O)(=O)c1ccc(/N=N\c2ncccc2O)cc1,5.4
NS(=O)(=O)c1ccc(CCNC(=O)C2CCCN2C(=O)OCc2ccccc2)cc1,4.9
NS(=O)(=O)c1ccc(CCNC(=O)CSc2ccccc2)cc1,4.8
NS(=O)(=O)c1ccc(CNC(=O)/C=C/c2c(Cl)cccc2Cl)cc1,4.8
NS(=O)(=O)c1ccc(NCc2ccccc2OCc2ccccc2F)cc1,4.8
NS(=O)(=O)c1cccc(-c2n[nH]c3ccc(NC(=O)C(c4ccsc4)N4CCCC4)cc23)c1,5.4
N[C@@H](C(=O)N1CCN(c2ccc3[nH]ncc3c2)CC1)c1ccccc1,6.33
N[C@@H](C(=O)O)c1cc(O)ccc1Cl,4.8
N[C@@H](CC(=O)N1CCN(C(=O)c2ccc(C(=O)O)cc2)CC1)Cc1cc(F)c(F)cc1F,6.0
N[C@@H](CC(=O)N1CCN(C(=O)c2ccc(C(F)(F)F)cc2)CC1)Cc1cc(F)c(F)cc1F,6.0
N[C@@H](CC(=O)N1CCN(C(=O)c2ccc(F)cc2)CC1)Cc1cc(F)c(F)cc1F,6.0
N[C@@H](CC(=O)N1CCN(C(=O)c2ccc(O)cc2)CC1)Cc1cc(F)c(F)cc1F,6.0
N[C@@H](CC(=O)N1CCN(C(=O)c2ccc(OC(F)(F)F)cc2)CC1)Cc1cc(F)c(F)cc1F,6.0
N[C@@H](CC(=O)N1CCN(C(=O)c2ccc(S(N)(=O)=O)cc2)CC1)Cc1cc(F)c(F)cc1F,6.0
N[C@@H](CC(=O)N1CCN(C(=O)c2cccc(C(=O)O)c2)CC1)Cc1cc(F)c(F)cc1F,6.0
N[C@@H](CC(=O)N1CCN(C(=O)c2ccccc2)CC1)Cc1cc(F)c(F)cc1F,6.0
N[C@@H](CC1=CS(=O)(=O)c2ccc(Cl)cc21)C(=O)O,5.3
N[C@@H](CO)C(=O)NNCc1ccc(O)c(O)c1O,4.8
N[C@@H](COP(=O)(O)O)C(=O)O,6.1
N[C@@H](Cc1c[nH]c2ccc(O)cc12)C(=O)O,4.7
N[C@@H](Cc1c[nH]cn1)C(=O)O,6.1
N[C@@H](Cc1cc(O)c(O)cc1O)C(=O)O,4.8
N[C@@H](Cc1ccc(N(CCCl)CCCl)cc1)C(=O)O,5.5
N[C@@H](Cc1ccccc1)C(=O)N1CCC(Nc2ccc3[nH]ncc3c2)CC1,6.0
N[C@@H](Cn1c(=O)c(-c2ccc(CNCC(=O)O)cc2)cn(Cc2c(F)cccc2C(F)(F)F)c1=O)c1ccccc1,4.44
N[C@@H](Cn1c(=O)c(-c2ccc(CNCCC(=O)O)cc2)cn(Cc2c(F)cccc2C(F)(F)F)c1=O)c1ccccc1,4.51
N[C@@H](Cn1c(=O)c(-c2ccc(CO)cc2)cn(Cc2c(F)cccc2C(F)(F)F)c1=O)c1ccccc1,6.1
N[C@@H](Cn1c(=O)c(-c2ccc(COC(=O)C3CC3)cc2)cn(Cc2c(F)cccc2C(F)(F)F)c1=O)c1ccccc1,7.32
N[C@@H](Cn1c(=O)c(-c2ccc(COC(=O)CO)cc2)cn(Cc2c(F)cccc2C(F)(F)F)c1=O)c1ccccc1,6.92
N[C@@H](Cn1c(=O)c(-c2ccc(COCC(=O)O)cc2)cn(Cc2c(F)cccc2C(F)(F)F)c1=O)c1ccccc1,4.7
N[C@@H](Cn1c(=O)c(-c2ccc(CSCC(=O)O)cc2)cn(Cc2c(F)cccc2C(F)(F)F)c1=O)c1ccccc1,4.8
N[C@@H](Cn1c(=O)c(-c2cccc(OCCCCC(=O)O)c2F)cn(Cc2c(F)cccc2C(F)(F)F)c1=O)c1ccccc1,4.44
N[C@@H](Cn1c(=O)c(-c2cccc(OCCCCCC(=O)O)c2F)cn(Cc2c(F)cccc2C(F)(F)F)c1=O)c1ccccc1,4.6
N[C@@H](Cn1c(=O)c(-c2ccccc2)cn(Cc2c(F)cccc2C(F)(F)F)c1=O)c1ccccc1,6.52
N[C@@H](Cn1c(=O)c(-c2ccccc2Cl)cn(Cc2c(F)cccc2C(F)(F)F)c1=O)c1ccccc1,6.8
N[C@@H](Cn1c(=O)c(-c2ccccc2Cl)cn(Cc2c(F)cccc2F)c1=O)c1ccccc1,6.36
N[C@@H](Cn1oc(=O)[nH]c1=O)C(=O)O,6.0
N[C@@H]1CCN(O)C1=O,5.5
N[C@@H]1CONC1=O,4.5
N[C@@H]1C[C@H]1c1ccccc1.N[C@H]1C[C@@H]1c1ccccc1,5.1
N[C@@H]1c2cccnc2[C@H](OC(=O)N2CCC(n3c(=O)[nH]c4ncccc43)CC2)CC[C@H]1c1cccc(F)c1F,4.77
N[C@H](C(=O)N1CCC(Nc2ccc3[nH]ncc3c2)CC1)c1ccccc1,6.35
N[C@H](C(=O)N[C@@H]1C(=O)N2C(C(=O)O)=C(Cl)CS[C@@H]12)c1ccccc1,4.8
N[C@H](C(=O)O)[C@H](O)C(=O)O,7.5
N[C@H](C(=O)O)c1cc(O)cc(O)c1,5.0
N[C@H](CCC(=O)O)C(=O)O,4.6
N[C@H](CCP(=O)(O)O)C(=O)O,4.4
N[C@H](Cc1ccc(Cl)cc1)C(=O)O,5.0
N[C@H](Cc1ccc(N(CCCl)CCCl)cc1)C(=O)O,5.0
N[C@H](Cc1ccc2oc3cc(=O)c4ccccc4c-3nc2c1)C(=O)O.O=[N+]([O-])O,5.4
N[C@H](Cc1ccccc1)C(=O)N1CCN(c2ccc3[nH]ncc3c2)CC1,5.16
N[C@H]1CC[C@@H](CCNc2cc(F)c(S(=O)(=O)Nc3nccs3)cc2Cl)CC1,4.7
N[C@H]1CC[C@@H](CNc2cc(F)c(S(=O)(=O)Nc3nccs3)cc2Cl)CC1,4.7
N[C@H]1CC[C@@H](CNc2cc(F)c(S(=O)(=O)Nc3ncns3)cc2Cl)CC1,5.64
N[C@H]1CC[C@@](CCNc2cc(F)c(S(=O)(=O)Nc3nccs3)cc2Cl)(c2ccccc2)CC1,5.01
N[C@H]1CC[C@@](CCOc2cc(F)c(S(=O)(=O)Nc3ncns3)cc2Cl)(c2ccccc2)CC1,6.24
N[C@H]1CC[C@@](CCOc2cc(F)c(S(=O)(=O)Nc3ncns3)cc2F)(c2ccccc2)CC1,6.17
N[C@H]1CC[C@H](CCNc2cc(F)c(S(=O)(=O)Nc3nccs3)cc2Cl)CC1,5.05
N[C@H]1CC[C@H](CN(C[C@H]2Cc3ccccc3CN2)[C@H]2CCCc3cccnc32)CC1,5.0
N[C@H]1CC[C@](CCNc2cc(F)c(S(=O)(=O)Nc3nccs3)cc2Cl)(c2ccccc2)CC1,5.17
N[C@H]1CC[C@](CCOc2cc(F)c(S(=O)(=O)Nc3ncns3)cc2Cl)(c2ccccc2)CC1,6.57
N[C@H]1CC[C@](CCOc2cc(F)c(S(=O)(=O)Nc3ncns3)cc2F)(c2ccc(Cl)cc2)CC1,6.55
N[C@H]1CC[C@](CCOc2cc(F)c(S(=O)(=O)Nc3ncns3)cc2F)(c2ccccc2)CC1,6.37
N[N-][C+]1c2ccccc2N[C@H]1OC(=O)Nc1cccc(Cl)c1,5.3
Nc1[nH]nc(-c2ccc(Br)cc2)c1Cl,4.6
Nc1[nH]nc2ccccc12,5.4
Nc1c(-c2ccccc2)cnn1-c1cccc([N+](=O)[O-])c1,4.85
Nc1c(-c2cccs2)cnn1-c1nc(-c2ccc(Cl)cc2Cl)cs1,4.9
Nc1c(-c2cccs2)cnn1-c1nc(-c2ccc(F)cc2)cs1,5.4
Nc1c(Br)cc([N+](=O)[O-])cc1[N+](=O)[O-],4.6
Nc1c(C(=O)NCC(O)(CN(CCF)C(=O)c2c(F)cccc2F)C(F)(F)F)cnn1-c1ccc(F)cc1,6.3
Nc1c(C(=O)NCC(O)(CN(CCO)C(=O)c2c(Cl)cccc2Cl)C(F)(F)F)cnn1-c1ccc(F)cc1,4.0
Nc1c(C(=O)NCC(O)(CN(CCO)C(=O)c2c(F)cccc2F)C(F)(F)F)cnn1-c1ccc(F)cc1,4.12
Nc1c(C(=O)NCC2CCCO2)c2nc3ccccc3nc2n1-c1ccccc1,5.35
Nc1c(C(=O)NCc2ccccc2)sc2nc3c(cc12)C(=O)CCC3,4.6
Nc1c(C(=O)c2cccc(OC[C@@H](O)CO)c2)cnn1-c1ccc(F)cc1,4.6
Nc1c(F)cc(C[C@@H]2CS(=O)(=O)C[C@H](NCc3cccc(OC(F)(F)F)c3)[C@H]2O)cc1OC(C(F)(F)F)C(F)(F)F,5.04
Nc1c(S(=O)(=O)O)cc(Nc2cccc(S(N)(=O)=O)c2)c2c1C(=O)c1ccccc1C2=O,5.1
Nc1c(S(=O)(=O)[O-])cc(Nc2ccc(Nc3nc(Cl)nc(Nc4ccc(S(=O)(=O)[O-])cc4)n3)c(S(=O)(=O)[O-])c2)c2c1C(=O)c1ccccc1C2=O.[Na+].[Na+].[Na+],4.6
Nc1c(S(=O)(=O)c2ccccc2)c2nc3ccccc3nc2n1Cc1ccco1,5.4
Nc1c2c(=O)oc(-c3ccccc3)cc2nn1-c1ccccc1,4.6
Nc1c2c(nc3ccccc13)CCCC2,4.8
Nc1c2cnnc-2ncn1Nc1ccccc1F,4.5
Nc1cc(-c2ccncc2)c[nH]c1=O,5.5
Nc1cc(=O)[nH]c(=O)n1CC1CC1,5.4
Nc1cc(=O)[nH]c(=O)n1Cc1ccccc1,4.6
Nc1cc(=O)nc(N)[nH]1,5.9
Nc1cc(=O)nc(SCC(=O)Nc2cccc3ccccc23)n1CCc1ccccc1,6.9
Nc1cc(CN2CCC(C(=O)N3CCC(n4c(=O)n(C5CCCC5)c5cc(F)ccc54)CC3)CC2)ccn1,4.66
Nc1cc(CN2CCC(C(=O)N3CCC(n4c(=O)n(CC5CC5)c5cc(F)ccc54)CC3)CC2)ccn1,4.52
Nc1cc(CN2CCC(C(=O)N3CCC(n4c(=O)n(CCCC(F)(F)F)c5cc(F)ccc54)CC3)CC2)ccn1,4.52
Nc1cc(CN2CCC(C(=O)N3CCC(n4c(=O)n(CCN5CCOCC5)c5ccccc54)CC3)CC2)ccn1,4.52
Nc1cc(CN2CCC(F)(C(=O)N3CCC(N4Cc5ccccc5-c5ccccc5C4)CC3)CC2)ccn1,4.75
Nc1cc(CN2CCC(F)(C(=O)N3CCC(N4Cc5ccccc5Cc5ccccc54)CC3)CC2)ccn1,4.75
Nc1cc(Cc2ccccc2)c2nn[nH]c2n1,5.18
Nc1cc(Cc2ccn(-c3ccc(F)cc3)n2)c2nn[nH]c2n1,6.96
Nc1cc(Cc2ccn(-c3cccc(-c4ccccc4)c3)n2)c2nn[nH]c2n1,8.15
Nc1cc(Cc2ccn(-c3ccccc3)n2)c2nn[nH]c2n1,6.68
Nc1cc(Cc2ccn(-c3ccccn3)n2)c2nn[nH]c2n1,6.68
Nc1cc(Cc2ccn(Cc3ccc4c(c3)CCNC4)n2)c2nn[nH]c2n1,5.16
Nc1cc(Cc2ccn(Cc3ccc4ccccc4c3)n2)c2nn[nH]c2n1,7.4
Nc1cc(Cc2ccn(Cc3ccc4cnccc4c3)n2)c2nn[nH]c2n1,6.68
Nc1cc(Cc2ccn(Cc3cccc(-c4ccccc4)c3)n2)c2nn[nH]c2n1,7.77
Nc1cc(Cc2ccn(Cc3cccc(C4CCNCC4)c3)n2)c2nn[nH]c2n1,5.48
Nc1cc(Cc2ccn(Cc3cccc(Cc4ccccc4)c3)n2)c2nn[nH]c2n1,7.43
Nc1cc(Cc2ccn(Cc3cccc(O[C@H]4CCNC4)c3)n2)c2nn[nH]c2n1,4.89
Nc1cc(Cc2ccn(Cc3cccc(Oc4cccc5c4CNC5)c3)n2)c2nn[nH]c2n1,6.85
Nc1cc(Cc2ccn(Cc3cccc(Oc4ccccc4)c3)n2)c2nn[nH]c2n1,7.96
Nc1cc(Cc2ccn(Cc3ccccc3)n2)c2nn[nH]c2n1,6.51
Nc1cc(Cl)c(N)c(Cl)c1,4.7
Nc1cc(Cl)c([N+](=O)[O-])cc1O,4.5
Nc1cc(Cl)cc(C(=O)O)c1Cl,4.6
Nc1cc(Cl)cc(Cl)c1,4.5
Nc1cc(Cl)ccc1Oc1ccccc1,4.65
Nc1cc(Cl)nc(N/N=C/c2ccccc2[N+](=O)[O-])n1,4.85
Nc1cc(F)c(S(=O)(=O)N2CCC(O)CC2)cc1C(=O)Nc1cc(F)c(F)c(F)c1,4.55
Nc1cc(F)c(S(=O)(=O)N2CCC(O)CC2)cc1C(=O)Nc1ccc(F)c(C(F)F)c1,4.68
Nc1cc(F)c(S(=O)(=O)N2CCC(O)CC2)cc1C(=O)Nc1ccc(F)c(F)c1,4.39
Nc1cc(N)nc(SCC(=O)NNC(=O)c2ccc(Cl)cc2)n1,4.85
Nc1cc(N)nc(SCC(=O)c2ccccc2)n1,4.45
Nc1cc(O)nc(SCC(=O)Nc2ccc(S(=O)(=O)N3CCOCC3)cc2)n1,4.55
Nc1cc(OCc2cc(-c3cccc(F)c3)ccc2Cl)c2nn[nH]c2n1,7.22
Nc1cc([C@H](CCCc2ccccc2)c2ccccc2)c2nn[nH]c2n1,5.75
Nc1cc([C@H](CCNCc2ccccc2)c2ccccc2)c2nn[nH]c2n1,4.92
Nc1cc([C@H](CCOCc2ccccc2)c2ccccc2)c2nn[nH]c2n1,5.58
Nc1cc([C@H](Cc2ccccc2)c2ccccc2)c2nn[nH]c2n1,5.47
Nc1cc([N+](=O)[O-])ccc1C(=O)O,5.0
Nc1ccc(-c2ccc(Cc3ccncc3)cc2)cc1,5.61
Nc1ccc(-c2ccc(N)c(O)c2)cc1O,4.5
Nc1ccc(-c2ccc(N)cc2)cc1,4.6
Nc1ccc(-c2ccc(NC(=O)Nc3ccc(-c4ccnc5[nH]cnc45)cc3)cc2)cc1,6.7
Nc1ccc(-c2ccccc2)cc1,4.9
Nc1ccc(-c2cccnc2)s1,5.8
Nc1ccc(-c2cnc(NC(=O)CN(Cc3ccccc3)C(=O)c3ccncc3)s2)cc1,6.3
Nc1ccc(-c2cnc(NC(=O)CN(Cc3ccccc3)C(=O)c3ccncc3)s2)cn1,5.75
Nc1ccc(-c2cnc3[nH]cc(-c4ccc5[nH]ccc5c4)c3c2)cn1,5.38
Nc1ccc(-c2nc3c(Cl)c(N)ccc3[nH]2)cc1,6.0
Nc1ccc(-c2nc3ccc(-c4nc5ccc(N)cc5[nH]4)cc3[nH]2)cc1,7.2
Nc1ccc(-c2sc(N)nc2-c2ccccc2)cc1,5.0
Nc1ccc(/N=N\c2ccccc2)c(N)n1,4.9
Nc1ccc(C(=O)/C=C/c2ccc3ccccc3c2)cc1,7.21
Nc1ccc(C(=O)/C=C/c2ccc3cnccc3c2)cc1,7.12
Nc1ccc(C(=O)/C=C/c2ccc3ncccc3c2)cc1,7.36
Nc1ccc(C(=O)/C=C/c2ccc3nccnc3c2)cc1,7.19
Nc1ccc(C(=O)N/N=C/c2ccccc2)cc1,4.8
Nc1ccc(C(=O)O)c(O)c1.Nc1ccc(C(=O)O)c(O)c1,5.1
Nc1ccc(C(=O)Oc2ccccc2)c(O)c1,4.8
Nc1ccc(CCN2CCN(c3cccc(C(F)(F)F)c3)CC2)cc1,5.1
Nc1ccc(CCNc2ncnc3c2ncn3[C@@H]2O[C@@H](CO)[C@H](O)[C@@H]2O)cc1,4.6
Nc1ccc(Cc2ccc(N)c(Cl)c2)cc1Cl,5.3
Nc1ccc(Cc2ccc(N)cc2)cc1,4.6
Nc1ccc(Cl)c(Cl)c1,4.6
Nc1ccc(Cl)cc1Cl,4.5
Nc1ccc(Cl)cc1N,5.1
Nc1ccc(N(S(=O)(=O)c2ccccc2)S(=O)(=O)c2ccccc2)c(Cl)c1,7.5
Nc1ccc(N(c2ccccc2)c2ccc(N)cc2)cc1,5.75
Nc1ccc(N)c(Cl)c1.O=S(=O)(O)O,5.0
Nc1ccc(N)c([N+](=O)[O-])c1,4.6
Nc1ccc(N2C(=O)c3ccccc3C2=O)c(Cl)c1,4.8
Nc1ccc(Nc2ccccc2)cc1,4.7
Nc1ccc(O)c(C(=O)O)c1,5.1
Nc1ccc(O)cc1,4.6
Nc1ccc(Oc2ccc(N)cc2)cc1,4.5
Nc1ccc(Oc2ccc3nc(-c4ccccc4)c(-c4ccc([N+](=O)[O-])cc4)nc3c2)cc1,5.45
Nc1ccc(S(=O)(=O)N2CCN(c3ncc(C(O)(C(F)(F)F)C(F)(F)F)cc3-c3cccnc3)CC2)cn1,4.57
Nc1ccc(S(=O)(=O)Nc2ccnn2-c2ccccc2)cc1,5.5
Nc1ccc(S(=O)(=O)[N-]c2cnc3ccccc3n2)cc1.[Na+],4.6
Nc1ccc(S(=O)(=O)c2ccc(N)cc2)cc1,5.1
Nc1ccc(S(=O)(=O)c2ccc(NC(=O)c3cccnc3)cc2)cc1,5.5
Nc1ccc(S(=O)(=O)c2ccc(NCN3C(=O)NC(=O)C(=O)C3=O)cc2)cc1,5.7
Nc1ccc(SC[C@@H]2CO[C@](CCc3ccc(Cl)cc3)(Cn3ccnc3)O2)cc1,7.55
Nc1ccc(SC[C@H]2CO[C@@](CCc3ccc(Cl)cc3)(Cn3ccnc3)O2)cc1,7.48
Nc1ccc(Sc2ccc(N)cc2)cc1,4.9
Nc1ccc(Sc2cnn(-c3ccccc3)c(=O)c2Cl)cc1,5.05
Nc1ccc([C@@H]2C[C@H]2C(=O)Nc2ccc(S(=O)(=O)c3ccccc3)cc2)cn1,5.58
Nc1ccc2[nH]c(SCc3ccccn3)nc2c1,6.28
Nc1ccc2c(c1)C(=O)c1ccccc1C2=O,5.6
Nc1ccc2c3c(cccc13)C(=O)NC2=O,5.5
Nc1ccc2cc3ccccc3cc2c1,4.8
Nc1ccc2ccccc2c1,4.9
Nc1ccc2oc(CCc3ccccc3)nc2c1,5.15
Nc1cccc(-c2c(O)ccc3cc(-c4cccc(O)c4)ccc23)c1,5.97
Nc1cccc(-c2ccc(Cc3ccncc3)cc2)c1,5.82
Nc1cccc(-c2cccc(-c3c(-c4ccc(O)cc4)n[nH]c3N)c2)c1,4.95
Nc1cccc(N)c1,4.5
Nc1cccc(OCc2nc(N)nc(N)c2-c2ccc(Cl)cc2)c1,5.8
Nc1cccc2c(N)cccc12,4.8
Nc1cccc2ccccc12,4.5
Nc1cccc2cnccc12,5.1
Nc1ccccc1C#CCCCCO,4.8
Nc1ccccc1C#Cc1ccccc1,4.8
Nc1ccccc1C(=O)/C=C\c1ccc2c(c1)OCO2,5.5
Nc1ccccc1C(=O)OCC(=O)Nc1ccc(Br)cc1F,4.85
Nc1ccccc1C(=O)OCCc1ccccc1,4.9
Nc1ccccc1N,4.7
Nc1ccccc1NC(=O)/C=C/c1ccc([C@H]2CN(CCO)C[C@@H]2C(=O)Nc2ccc(Cl)cc2)cc1,5.7
Nc1ccccc1NC(=O)c1ccc(C2CCN(CCC(=O)Nc3ccccc3F)CC2)cc1,5.0
Nc1ccccc1NC(=O)c1ccc(CNC(=O)OCc2cccnc2)cc1,6.14
Nc1ccccc1NC(=O)c1ccc(CNC2=N[C@@H](c3ccccc3)CS2)cc1,4.699999999999999
Nc1ccccc1NC(=O)c1ccc(CNc2nccc(-c3cccnc3)n2)cc1,6.24
Nc1ccccc1Oc1ncc(C(F)(F)F)cc1Cl,4.85
Nc1ccccc1SCc1csc(-c2ccc(Cl)cc2)n1,6.0
Nc1ccccc1S[C@@H](C[N+](=O)[O-])c1ccc2c(c1)OCO2,5.6
Nc1cccnc1Sc1ccc(Cl)cc1,4.7
Nc1ccn([C@@H]2O[C@@H](CO)[C@@H](O)[C@H]2O)c(=O)n1,4.5
Nc1ccn([C@@H]2O[C@H](CO)[C@@H](OP(=O)(O)O)[C@H]2O)c(=O)n1,5.1
Nc1n[nH]c(SCC(=O)Nc2ccccc2Sc2ccc(Cl)cc2)n1,6.15
Nc1n[nH]c2nc(-c3ccc(NS(=O)(=O)c4cc(Cl)ccc4F)cc3)cnc12,4.54
Nc1n[nH]c2nc(-c3ccc(NS(=O)(=O)c4cccc(Cl)c4Cl)cc3)cnc12,4.84
Nc1n[nH]c2nc3ccccc3nc12,6.9
Nc1nc(-c2cccs2)cs1,5.4
Nc1nc(-n2cc(C(=O)O)c(=O)c3cc(F)c(N4CC(N)C4)c(Cl)c32)c(F)cc1F,4.87
Nc1nc(-n2cc(C(=O)O)c(=O)c3cc(F)c([C@H]4C[C@@H](O)C4)c(Cl)c32)c(F)cc1F,4.61
Nc1nc(/C(=C/CC(=O)O)C(=O)NC2C(=O)N3C(C(=O)O)=CCSC23)cs1,4.5
Nc1nc(Br)c2c(F)cccc2c1-c1ccc(Cl)cc1,4.7
Nc1nc(Br)c2c(F)cccc2c1-c1ccc(F)cc1,4.65
Nc1nc(Br)c2c(F)cccc2c1-c1ccccc1,4.85
Nc1nc(Br)c2ccccc2c1-c1ccc(F)cc1,4.85
Nc1nc(CSc2nnnn2-c2ccc(Cl)cc2)nc(N2CCOCC2)n1,5.4
Nc1nc(Cc2ccccc2)nc(Cc2ccccc2)c1-c1ccccc1,5.5
Nc1nc(Cl)cc(N2CCC(c3cc(-c4ccc(Cl)cc4Cl)[nH]n3)CC2)n1,4.7
Nc1nc(N)c(-c2cccc(C(F)(F)F)c2)c(Cc2cccc(C(F)(F)F)c2)n1,5.5
Nc1nc(N)c(C(C[N+](=O)[O-])c2ccccc2OCc2ccc(Cl)c(Cl)c2)c(N)n1,5.23
Nc1nc(N)c2nc(-c3ccccc3)c(N)nc2n1,4.4
Nc1nc(NCCc2ccc(O)cc2)nc2nc(-c3ccco3)nn12,4.8
Nc1nc(Nc2ccc(Oc3ccnc4[nH]ccc34)c(F)c2)cc(-c2ccncc2)n1,5.64
Nc1nc(OCc2ccccc2)c2[nH]nnc2n1,4.85
Nc1nc(OCc2ccccc2)c2nc[nH]c2n1,5.1
Nc1nc(S)nc2c1C1(CCCC1)Cc1ccccc1-2,4.7
Nc1nc(SC/C=C\c2ccccc2)c2nc[nH]c2n1,5.6
Nc1nc(SCC(=O)c2ccc(Br)cc2)c2nc[nH]c2n1,5.7
Nc1nc(SCCc2ccccc2)c2nc[nH]c2n1,5.6
Nc1nc(SCc2ccc([N+](=O)[O-])cc2)c2ncn([C@@H]3O[C@@H](CO)[C@@H](O)[C@H]3O)c2n1,4.8
Nc1nc(SCc2ccccc2)c2ncn(Cc3ccccc3)c2n1,5.4
Nc1nc(SCc2ccccc2[N+](=O)[O-])c2[nH]cnc2n1,5.5
Nc1nc2c(c(-c3c(Cl)cc(Cl)cc3OCCn3cc(F)cn3)n1)CN(C(=O)NCC(F)(F)F)C2,6.1
Nc1nc2c(c(-c3c(Cl)cc(Cl)cc3OCCn3cccn3)n1)CN(C(=O)NC13CC(C1)C3)C2,5.96
Nc1nc2c(c(-c3c(Cl)cc(Cl)cc3OCCn3cccn3)n1)CN(C(=O)NCC(F)(F)F)C2,5.72
Nc1nc2c(cnn2CCc2ccccc2)c2nc(-c3ccco3)nn12,4.5
Nc1nc2c(nc(Sc3ccc(Cl)cc3)n2C2OC(CO)C(O)C2O)c(=O)[nH]1,4.8
Nc1nc2c(ncn2C2OC(COC(=O)c3ccccc3)C(OC(=O)c3ccccc3)C2OC(=O)c2ccccc2)c(=O)[nH]1,5.4
Nc1nc2c(ncn2COC(CO)CO)c(=O)[nH]1,4.6
Nc1nc2c(s1)CC[C@H]2C(=O)Nc1ccc(C[C@@H]2CC[C@H]([C@H](O)c3ccccc3)N2)cc1,4.07
Nc1nc2ccc(C(=O)N(CCO)Cc3ccccc3)cc2s1,5.0
Nc1nc2ccc(C(=O)NCc3ccccc3N)cc2s1,5.0
Nc1nc2ccc(Cl)cc2c2nc(-c3ccco3)nn12,5.1
Nc1nc2ccc(OC(F)(F)F)cc2s1,4.5
Nc1nc2ccc(OC3CCOC3)nc2n1CC(O)c1ccc(C(F)(F)F)cc1Cl,5.62
Nc1nc2ccc(OCc3ccccc3)cc2s1,5.0
Nc1nc2ccc(S(=O)(=O)Cc3ccc(Cl)c(Cl)c3)cc2s1,5.0
Nc1nc2ccc(SCc3ccccc3)cc2s1,5.0
Nc1nc2ccc([N+](=O)[O-])cc2s1,4.5
Nc1nc[nH]n1,4.8
Nc1ncc(-c2ccccc2)n1CC1CCCO1,5.15
Nc1ncc(-c2cccnc2)nc1C(=O)Nc1ccccc1,5.7
Nc1ncc(-c2cnc3[nH]cc(-c4ccc5[nH]ccc5c4)c3c2)cn1,4.66
Nc1nccc(Oc2ccc(NC(=O)NC(=O)Cc3ccc(F)cc3)cc2F)c1C#CCO,6.16
Nc1nccc(Oc2ccc(NC(=O)NC(=O)Cc3ccc(F)cc3)cc2F)c1C#Cc1ccccn1,4.43
Nc1nccc(Oc2ccc(NC(=O)c3cccn(-c4ccc(F)cc4)c3=O)cc2F)c1Cl,5.4
Nc1nccn2c(C3CCC3)nc(-c3ccc4ccc(-c5ccccc5)nc4c3)c12,5.475
Nc1nccn2c1c(-c1ccc3ccc(-c4ccccc4)nc3c1)nc2[C@H]1C[C@@H](N2CCCC2)C1,4.77
Nc1nccn2c1c(-c1ccc3ccc(-c4ccccc4)nc3c1)nc2[C@H]1C[C@@H](N2CCCCC2)C1,5.12
Nc1nccn2c1c(-c1ccc3ccc(-c4ccccc4)nc3c1)nc2[C@H]1C[C@@H](N2CCOCC2)C1,4.92
Nc1nccn2c1c(-c1ccc3ccc(-c4ccccc4)nc3c1)nc2[C@H]1C[C@@H](N2CCSCC2)C1,5.11
Nc1nccn2c1c(-c1ccc3ccc(-c4ccccc4)nc3c1)nc2[C@H]1C[C@H](CN2CCC2)C1,4.77
Nc1ncnc(N(c2ccccc2)C2CCCCC2)c1[N+](=O)[O-],5.2
Nc1ncnc2c(C(=O)Nc3cccc4c3c(Br)nn4Cc3cccnc3)csc12,6.51
Nc1ncnc2c1c(-c1ccc(Oc3ccccc3)cc1)cn2C1CCCC1,5.5
Nc1ncnc2c1c(Oc1cc(C(F)(F)F)ccn1)nn2C1CC1,4.3
Nc1ncnc2c1c(Oc1cc(C(F)(F)F)ccn1)nn2[C@@H]1CCCC[C@H]1O,4.3
Nc1ncnc2c1ncn2C1OC(CO)C(O)C1O,4.9
Nc1ncnc2c1ncn2[C@@H]1O[C@@H](C(=O)NC2CC2)[C@H](O)[C@@H]1O,6.0
Nc1ncnc2nc(-c3ccc(C[P+](c4ccccc4)(c4ccccc4)c4ccccc4)cc3)[nH]c12,6.1
Nc1ncncc1-c1ccc([N+](=O)[O-])cc1,4.9
Nc1ncncc1-c1ccnc2c1cnn2-c1ccc(F)cc1,4.44
Nc1nn(-c2ccc3cn[nH]c3c2)c2cc(-c3ccnn3Cc3ccc(Cl)cc3Cl)cnc12,5.38
Nc1nn2c(O)c3c(nc2c1N=Nc1ccccc1)CCCC3,5.3
Nc1nnc(CC(=O)N/N=C/c2cccc([N+](=O)[O-])c2)s1,4.55
Nc1nnc(SCCOc2cccc(Br)c2)s1,4.9
Nc1noc2ccc(-c3cc(Cl)ccc3Oc3cc(F)c(S(=O)(=O)Nc4ncns4)cc3F)cc12,7.11
Nc1nonc1-c1nc2ccccc2n1Cc1ccc(F)cc1Cl,4.85
Nc1nonc1-c1noc(CCCN2C(=O)c3ccccc3C2=O)n1,5.1
Nc1nonc1-n1nncc1-c1ccccc1,4.8
Nn1nnc2ccccc21,5.2
O.O.O=c1c(O)c(-c2ccc(O)c(O)c2)oc2cc(O)cc(O)c12,4.9
O/C(=C\c1nc2ncc(Br)cc2nc1O)c1ccc(F)cc1,5.3
O/N=C/Nc1ccc(N2CCOCC2)c(Cl)c1,7.0
O/N=C/c1cc(Br)ccc1OCc1cccc(F)c1,4.9
O/N=C/c1cc(Cl)ccc1OCc1cccc2ccccc12,5.1
O/N=C/c1ccc(-c2cccnc2)o1.O/N=C\c1ccc(-c2cccnc2)o1,4.29
O/N=C/c1ccc(-c2cccnc2)s1,4.89
O/N=C/c1ccccc1OCc1ccc(Cl)cc1,4.9
O=C(/C(=C/c1ccc(Cl)cc1)c1nc2ccccc2[nH]1)c1ccccc1,5.45
O=C(/C=C(\O)c1ccccc1)c1ccccc1O,4.8
O=C(/C=C/C=C/c1ccc2c(c1)OCO2)N1CCCCC1,4.9
O=C(/C=C/Nc1ccccc1)c1ccc(Oc2ncccn2)cc1,4.8
O=C(/C=C/c1c(C(=O)[O-])[nH]c2cc(Cl)cc(Cl)c12)Nc1ccccc1.[Na+],4.8
O=C(/C=C/c1cc(F)cc(F)c1)N1CCC([C@@H](CO)N2CCC(c3c[nH]c4ncccc34)CC2)CC1,4.645
O=C(/C=C/c1cc2c(cc1Br)OCO2)NCc1ccc(Cl)cc1,5.6
O=C(/C=C/c1ccc(-c2ccccc2[N+](=O)[O-])o1)c1ccc(F)cc1,5.0
O=C(/C=C/c1ccc(CN(CCO)CCc2c[nH]c3ccccc23)cc1)NO,4.85
O=C(/C=C/c1ccc(Cl)c(Cl)c1)c1cccnc1,4.82
O=C(/C=C/c1ccc(Cl)cc1)c1cccs1,4.6
O=C(/C=C/c1ccc(O)c(O)c1)OCCc1ccccc1,4.5
O=C(/C=C/c1ccc(O)cc1)OC[C@H]1O[C@@H](Oc2c(-c3ccc(O)cc3)oc3cc(O)cc(O)c3c2=O)[C@H](O)[C@@H](O)[C@@H]1O,6.16
O=C(/C=C/c1ccc(O)cc1)c1c(O)cc(O)cc1O,5.1
O=C(/C=C/c1ccc(O)cc1)c1ccc(O)cc1O,5.2
O=C(/C=C/c1ccc(O)cc1)c1ccccc1,5.29
O=C(/C=C/c1ccc(O)cc1)c1ccccc1O,5.8
O=C(/C=C/c1ccc(O)cc1)c1cccs1,5.9
O=C(/C=C/c1ccc2c(c1)OCO2)c1cccnc1,4.92
O=C(/C=C/c1ccc2c(c1)OCO2)c1cccs1,6.3
O=C(/C=C/c1ccc2ccccc2c1)c1cccnc1,4.75
O=C(/C=C/c1ccc2cnccc2c1)c1ccccc1,6.99
O=C(/C=C/c1ccc2cnccc2c1)c1ccccc1O,6.94
O=C(/C=C/c1ccc2ncccc2c1)c1ccccc1,5.41
O=C(/C=C/c1cccc(Cl)c1)Nc1ccncc1,6.75
O=C(/C=C/c1ccccc1)N/C(=C/c1ccccc1)C(=O)Nc1ccccc1O,4.85
O=C(/C=C/c1ccccc1)NC(NC(=S)Nc1ccc(Cl)cc1)C(Cl)(Cl)Cl,5.35
O=C(/C=C/c1ccccc1)OC1CC(O)C2(O)C=CO[C@@H](OC3OC(CO)C(O)C(O)C3O)C12,5.4
O=C(/C=C/c1ccccc1)c1ccc(O)cc1,4.4
O=C(/C=C/c1ccccc1)c1ccc(O)cc1O,5.8
O=C(/C=C/c1ccccc1)c1cccnc1,4.96
O=C(/C=C/c1ccccc1Cl)NC(=S)Nc1ccccc1C(=O)NC1CCCCC1,5.85
O=C(/C=C/c1ccccc1Cl)NCCN1CCOCC1,4.8
O=C(/C=C/c1ccccc1Cl)Nc1ccncc1,6.85
O=C(/C=C/c1cccnc1)NCCCCC1CCN(C(=O)c2ccccc2)CC1,6.045
O=C(/C=C/c1cccnc1)c1ccc(NC(=O)c2cccc(Br)c2)cc1,5.65
O=C(/C=C/c1cccnc1)c1ccc2ccc3ccccc3c2c1,4.58
O=C(/C=C/c1cccnc1)c1ccc2ccccc2c1,4.55
O=C(/C=C/c1cccnc1)c1cccc(Br)c1,4.85
O=C(/C=C/c1cccnc1)c1cccc(Cl)c1,4.9
O=C(/C=C/c1cccnc1)c1cccc2ccccc12,5.22
O=C(/C=C/c1ccco1)Nc1ccc(Oc2ccccc2)cc1,4.4
O=C(/C=C\C=C/c1ccc2c(c1)OCO2)N1CCCCC1,5.4
O=C(/C=C\NCC(=O)c1ccccc1)c1ccc(F)cc1,4.85
O=C(/C=C\NCC(=O)c1ccccc1)c1ccccc1,4.8
O=C(/C=C\c1ccc(Cl)cc1)N[C@@]12CCC(=O)[C@@H]3Oc4c(O)ccc5c4[C@@]31CCN(CC1CC1)[C@@H]2C5,4.8
O=C(/C=C\c1ccc(O)c(O)c1)OCCc1ccccc1,4.8
O=C(/C=C\c1ccc(O)cc1)OC[C@H]1O[C@@H](Oc2c(-c3ccc(O)cc3)oc3cc(O)cc(O)c3c2=O)[C@H](O)[C@@H](O)[C@@H]1O,6.16
O=C(/C=C\c1ccc(O)cc1)c1ccc(O)cc1O,5.5
O=C(/C=C\c1ccc2c(c1)OCO2)c1ccc(F)cc1,5.5
O=C(C(Cc1ccccc1)N1C(=O)C2C3CCC(C3)C2C1=O)N1CCCCC1,4.9
O=C(C(NS(=O)(=O)c1cccs1)c1ccccc1)N1CCN(c2ccccc2)CC1,5.5
O=C(C(O)C1([C@H]2COC[C@@H](C3CC3)N2S(=O)(=O)c2ccc(Cl)cc2)CC1)N1CC2CCC(C1)N2,5.05
O=C(C(O)c1ccc(Br)cc1)N1CCC(Nc2ccc3[nH]ncc3c2)CC1,5.46
O=C(C(O)c1ccc(Br)cc1)N1CCN(c2ccc3[nH]ncc3c2)CC1,5.4
O=C(C(O)c1ccc(Cl)cc1)N1CCN(c2ccc3[nH]ncc3c2)CC1,5.52
O=C(C(c1ccc(Cl)cc1)c1cccnc1)N1CCN(Cc2ccccc2C(F)(F)F)CC1,4.82
O=C(C(c1ccc(Cl)cc1)c1cccnc1)N1CCN(c2ccc(C(F)(F)F)cc2)CC1,4.965
O=C(C(c1ccc(Cl)cc1)c1cccnc1)N1CCN(c2ccc(C(F)(F)F)cn2)CC1,5.16
O=C(C(c1ccc(Cl)cc1)c1cccnc1)N1CCN(c2ccc(C(F)(F)F)nc2)CC1,4.7
O=C(C(c1ccc(Cl)cc1)c1cncnc1)N1CCN(c2ccc(C(F)(F)F)cc2)CC1,4.7
O=C(C(c1ccc(Cl)cc1)c1cncnc1)N1CCN(c2ccc(C(F)(F)F)cn2)CC1,4.75
O=C(C/C=N/OCc1ccc(Cl)cc1Cl)c1ccc(Cl)cc1,4.6
O=C(C/C=N/OCc1ccc(F)cc1Cl)c1cnc(-c2ccccc2)s1,4.85
O=C(C1=C(O)C(=O)N(Cc2ccco2)C1c1ccccc1)c1cccs1,4.85
O=C(C1=C(O)C(=O)N(c2cccc(Cl)c2)C1c1ccccc1[N+](=O)[O-])c1ccccc1,4.9
O=C(C1=C(c2ccc(CCCOc3c(F)ccc(F)c3Cl)cc2)CCNC1)N(Cc1cccc(Cl)c1Cl)C1CC1,5.89
O=C(C1=C(c2ccc(CCCOc3c(F)ccc(F)c3Cl)cc2)C[C@H]2CC[C@H]1N2)N(Cc1cccc(Cl)c1Cl)C1CC1,5.72
O=C(C1CC1)N(Cc1cccnc1)c1cc(F)cc(-c2nc3ccccc3s2)c1,5.96
O=C(C1CC1)N(Cc1cccnc1)c1cccc(-c2nc3ccccc3s2)c1,5.85
O=C(C1CC1)N(Cc1cccnc1)c1cncc(-c2nc3ccccc3s2)c1,5.95
O=C(C1CC1)N1CCC(N(c2ccc(Cl)cc2)c2cccnc2)CC1,5.82
O=C(C1CCC(=O)N1Cc1ccccc1Cl)N1CCN(c2ccc(F)cc2)CC1,4.9
O=C(C1CCC(=O)N1Cc1ccccc1Cl)N1CCN(c2cccc(Cl)c2)CC1,7.45
O=C(C1CCCCC1)N1CC(=O)N2CCc3ccccc3C2C1,4.7
O=C(C1CCCCC1)N1CCC(C(O)CC2c3ccccc3-c3cncn32)CC1,6.16
O=C(C1CCCCN1S(=O)(=O)c1ccccc1)N1CCCCC1,5.1
O=C(C1CCCN(S(=O)(=O)c2cccc3nsnc23)C1)N1CC=C(c2ccccc2)CC1,5.2
O=C(C1CCN(Cc2ccncc2)CC1)N1CCC(n2c(=O)[nH]c3ccccc32)CC1,5.02
O=C(C1CCN(Cc2ccncc2)CC1)N1CCC(n2c(=O)n(CCN3CCCCC3)c3ccccc32)CC1,4.52
O=C(C1CCN(Cc2ccncc2)CC1)N1CCC(n2c(=O)n(CCN3CCOCC3)c3ccccc32)CC1,4.52
O=C(C1CCN(Cc2ccncc2)CC1)N1CCC(n2c(=O)n(CCOc3ccccc3)c3ccccc32)CC1,5.05
O=C(C1CCN(Cc2ccncc2)CC1)N1CCC(n2c(=O)n(Cc3ccc(Cl)cc3)c3ccccc32)CC1,6.4
O=C(C1CCN(Cc2ccncc2)CC1)N1CCC(n2c(=O)n(Cc3cccc(Cl)c3)c3ccccc32)CC1,6.52
O=C(C1CCN(Cc2ccncc2)CC1)N1CCC(n2c(=O)n(Cc3ccccc3)c3ccccc32)CC1,6.4
O=C(C1CCN(Cc2ccncc2)CC1)N1CCC(n2c(=O)n(Cc3ccccc3Cl)c3ccccc32)CC1,6.3
O=C(C1CCN(S(=O)(=O)c2cccc3cccnc23)CC1)N1CCN(c2ccccn2)CC1,5.45
O=C(C1CCN(S(=O)(=O)c2cccc3nsnc23)CC1)N1CCCc2ccccc21,4.85
O=C(C1CCN(S(=O)(=O)c2cccc3nsnc23)CC1)N1CCc2ccccc21,4.85
O=C(C1CCN(S(=O)(=O)c2cccc3nsnc23)CC1)N1CCn2c1nc1ccccc12,4.85
O=C(C1CCN(c2ccncc2)CC1)N1CC[C@@H](CNS(=O)(=O)/C=C/c2ccc(-c3ccc(Cl)s3)s2)C1,5.8149999999999995
O=C(C1CCS(=O)(=O)CC1)N1CC[C@@]2(S(=O)(=O)c3ccc(F)cc3)c3ccc(C(F)(C(F)(F)F)C(F)(F)F)cc3CC[C@@H]12,4.89
O=C(C=C1SCCS1)/C=C/c1ccco1,4.8
O=C(CC(=O)N/N=C\c1c(Cl)cccc1Cl)NCc1ccccc1,4.9
O=C(CC(=O)c1ccccc1)c1ccccc1,4.9
O=C(CC(=O)c1ccncc1)c1ccccc1,5.5
O=C(CC(NS(=O)(=O)c1ccc(Cl)cc1)c1ccco1)NCc1ccco1,4.85
O=C(CC(c1ccccc1)c1ccccc1)NCC1CCCO1,4.65
O=C(CC(c1ccccc1)c1ccccc1)Nc1ccc2c(c1)OCCO2,4.7
O=C(CC1([C@H]2CCC[C@@H](C3CC3)N2S(=O)(=O)c2ccc(Cl)cc2)CC1)N1CC2CCC(C1)N2CCO,6.0
O=C(CC1([C@H]2CCC[C@@H](C3CC3)N2S(=O)(=O)c2ccc(Cl)cc2)CC1)N1CCC2(CCN2)CC1,5.16
O=C(CC1([C@H]2CCC[C@@H](C3CC3)N2S(=O)(=O)c2ccc(Cl)cc2)CC1)N1CCN2CCCC[C@H]2C1,5.75
O=C(CC1([C@H]2COC[C@@H](C3CC3)N2S(=O)(=O)c2ccc(Cl)cc2)CC1)N1C2CCC1CC(N1CCCCC1)C2,5.7
O=C(CC1([C@H]2COC[C@@H](C3CC3)N2S(=O)(=O)c2ccc(Cl)cc2)CC1)N1CC2CCC(C1)N2,5.0
O=C(CC1([C@H]2COC[C@@H](C3CC3)N2S(=O)(=O)c2ccc(F)cc2)CC1)N1CCC(N2CCCCC2)CC1,5.82
O=C(CC1([C@H]2COC[C@@H](C3CC3)N2S(=O)(=O)c2ccc(F)cc2)CC1)N1CCN(CCO)CC1,5.16
O=C(CC1([C@H]2CO[C@H]3CCC[C@H]3N2S(=O)(=O)c2ccc(Cl)cc2)CC1)N1CCC(CO)CC1,4.52
O=C(CC1([C@H]2CO[C@H]3CCC[C@H]3N2S(=O)(=O)c2ccc(Cl)cc2)CC1)N1CCC(N2CCCCC2)CC1,4.89
O=C(CC1([C@H]2CO[C@H]3CCC[C@H]3N2S(=O)(=O)c2ccc(Cl)cc2)CC1)N1CC[C@@H](CO)C1,4.52
O=C(CC1C(=O)N(c2ccc(Cl)cc2)C(=S)N1CCc1ccncc1)Nc1ccc(F)cc1,5.9
O=C(CC1C(=O)NCCN1C(=S)Nc1ccccc1)Nc1ccc2c(c1)OCCO2,4.6
O=C(CC1CCCC1)Nc1ccc2c(c1)CCC2,4.85
O=C(CC1CCCCC1)N1CCC(c2nc(-c3ccc(S(=O)(=O)N4CCCC4)cc3)no2)CC1,4.85
O=C(CC1c2ccccc2Oc2ccccc21)N1CCN(c2ccccn2)CC1,4.9
O=C(CCBr)N1CCN(C(=O)CCBr)CC1,7.2
O=C(CCC(=O)OCc1ccc(Cl)cc1)Nc1cccc([N+](=O)[O-])c1,4.95
O=C(CCC1CCCCC1)Nc1c2c(nn1-c1ccc(F)cc1)CS(=O)(=O)C2,5.25
O=C(CCCC(=O)OCC(=O)c1ccc(Cl)cc1Cl)Nc1cc(C(F)(F)F)ccc1Cl,4.65
O=C(CCCC1=NS(=O)(=O)c2ccccc2N1)N1CCC2(CC1)OCCO2,4.45
O=C(CCCCCCC(=O)Nc1ccccc1)NO,4.92
O=C(CCCCCCC(=O)Nc1ccccc1)NOC(c1ccccc1)(c1ccccc1)c1ccccc1,5.25
O=C(CCCCCCCCCCCCC1CCCC1)Nc1ccc(S(=O)(=O)c2ccc(NC(=O)CCCCCCCCCCCCC3CCCC3)cc2)cc1,4.5
O=C(CCCCCN1C(=O)c2ccccc2C1=O)NCc1ccccn1,4.6
O=C(CCCCCn1c(=O)[nH]c2ccsc2c1=O)NCc1ccc2c(c1)OCO2,6.2
O=C(CCCCCn1c(=S)[nH]c2cc3c(cc2c1=O)OCO3)N1CCN(C2CCCCC2)CC1,5.95
O=C(CCCCCn1c(=S)[nH]c2ccccc2c1=O)NCc1ccc2c(c1)OCO2,6.4
O=C(CCCCn1c(=O)c2ccccc2n(CC(=O)NC2CCCC2)c1=O)NC1CCCC1,5.3
O=C(CCCCn1c(=S)[nH]c2ccsc2c1=O)NCc1ccco1,5.15
O=C(CCCN1C(=O)C2C3C=CC(C3)C2C1=O)N1CCN(c2ccccc2)CC1,6.1
O=C(CCCN1C(=O)c2cccc3cccc(c23)C1=O)N1CCc2ccccc2C1,5.3
O=C(CCCN1C=C[C@@H](n2c(=O)[nH]c3ccccc32)CC1)c1ccc(F)cc1,5.4
O=C(CCCN1CC=C(n2c(=O)[nH]c3ccccc32)CC1)c1ccc(F)cc1,5.2
O=C(CCCN1CCC(O)(c2ccc(Br)cc2)CC1)c1ccc(F)cc1,5.0
O=C(CCCN1CCC(O)(c2ccc(Cl)cc2)CC1)c1ccc(F)cc1,5.3
O=C(CCCN1CCC(O)(c2cccc(C(F)(F)F)c2)CC1)c1ccc(F)cc1,7.4
O=C(CCCN1CCC2(CC1)C(=O)N(Cc1cccc(F)c1)CN2c1ccccc1)c1ccc(F)cc1,4.5
O=C(CCCN1CCC2(CC1)C(=O)NCN2c1ccccc1)c1ccc(F)cc1,5.0
O=C(CCCN1CCN(c2ccccn2)CC1)c1ccc(F)cc1,5.2
O=C(CCCNC(=O)/C(=C\c1ccccc1F)NC(=O)c1ccccc1)OCc1ccccc1,6.3
O=C(CCCNS(=O)(=O)c1cccc2nsnc12)NCCc1ccccc1,5.15
O=C(CCCc1ccc(-c2ccccc2F)cc1)Nc1ccc(O)cc1,4.5
O=C(CCCn1c(=S)[nH]c2cc3c(cc2c1=O)OCO3)N1CCN(c2ccccc2)CC1,6.35
O=C(CCCn1c(=S)[nH]c2cc3c(cc2c1=O)OCO3)N1CCN(c2ncccn2)CC1,5.7
O=C(CCCn1c(=S)[nH]c2ccc(Br)cc2c1=O)N1CCN(c2ccccn2)CC1,5.9
O=C(CCCn1c(=S)[nH]c2ccc(Br)cc2c1=O)NCC1CCCO1,4.45
O=C(CCCn1cnc([N+](=O)[O-])n1)Nc1ccc(Cl)c(Cl)c1,4.85
O=C(CCN1C(=O)/C(=C/c2cccc(Br)c2)SC1=S)NNC(=O)c1cccnc1,5.5
O=C(CCN1C(=O)C2C3C=CC(C3)C2C1=O)N1CCN(c2cccc(Cl)c2)CC1,5.95
O=C(CCN1C(=O)C2C3C=CC(C3)C2C1=O)NCCN1CCCc2ccccc21,5.4
O=C(CCN1C(=O)C2C3C=CC(C3)C2C1=O)Nc1c(F)cccc1F,5.4
O=C(CCN1C(=O)C2C3C=CC(C3)C2C1=O)Nc1ccc2ncccc2c1,5.6
O=C(CCN1C(=O)S/C(=C\c2ccccc2)C1=O)Nc1ccc(S(=O)(=O)Nc2nccs2)cc1,5.3
O=C(CCN1C(=O)c2cccc3cccc(c23)C1=O)N1CCN(Cc2ccc3c(c2)OCO3)CC1,6.0
O=C(CCN1C(=O)c2ccccc2C1=O)NC(=S)Nc1cccc(Cl)c1,4.8
O=C(CCN1CCN(CC(=O)Nc2ccccc2Cl)CC1)Nc1ccccc1F,4.7
O=C(CCN1CCc2ccccc2C1)Nc1ccc(F)cc1,4.8
O=C(CCNC(=O)c1ccc(Br)o1)NCc1ccccn1,4.85
O=C(CCNC(=O)c1ccccc1)OCN1C(=O)c2ccccc2C1=O,4.8
O=C(CCNNC(=O)c1ccncc1)NCc1ccccc1,4.9
O=C(CCNS(=O)(=O)c1ccc2c(c1)CCC(=O)N2)NCc1ccc2c(c1)OCO2,5.85
O=C(CCNS(=O)(=O)c1cccs1)N1CCCCCC1,4.7
O=C(CCNS(=O)(=O)c1cccs1)N1CCc2ccccc2C1,4.85
O=C(CCNc1cccc(Cl)c1)c1cccs1,4.85
O=C(CCOC[C@@H]1CCN1c1cn[nH]c(=O)c1C(F)(F)F)N1CCN2c3ncc(Cl)cc3OCC[C@H]2C1,4.66
O=C(CCOc1ccccc1)Nc1ccccc1,4.65
O=C(CCS(=O)(=O)c1cccc2nsnc12)NC1CCCCC1,5.3
O=C(CCS(=O)(=O)c1cccs1)N1CCN(c2ccc(F)cc2)CC1,4.9
O=C(CCSc1ccc(Cl)cc1)N1CCCCCC1,4.8
O=C(CCc1ccc(O)cc1)c1c(O)cc(O)cc1O,5.0
O=C(CCc1ccc(O)cc1)c1c(O)cc(O)cc1O[C@H]1OC(CO)C(O)C(O)C1O,4.4
O=C(CCc1ccc(S(=O)(=O)NC2CCCCC2)cc1)N(Cc1ccccc1)Cc1ccccc1,5.5
O=C(CCc1ccccc1)NCc1cccnc1,5.3
O=C(CCc1ccccc1)Nc1nncs1,4.9
O=C(CCc1nc(-c2ccccc2)c(-c2ccccc2)o1)OCc1ccc(Cl)cc1,4.45
O=C(CCc1nc(O)c2ccccc2n1)OCC(=O)N1CCN(S(=O)(=O)c2ccccc2)CC1,5.1
O=C(CCl)Nc1ccc(Oc2cnc3ccccc3n2)cc1,4.85
O=C(CCn1c(=S)[nH]c2ccccc2c1=O)NCCCN1CCOCC1,5.15
O=C(CCn1nc(-c2ccc(Cl)cc2)c2ccccc2c1=O)NCCN1CCOCC1,5.15
O=C(CCn1nc(-c2ccc(Cl)cc2)ccc1=O)N1CCOCC1,4.6
O=C(CCn1nc(-c2ccc(Cl)cc2)ccc1=O)NCc1ccccn1,5.0
O=C(CCn1nc(-c2ccccc2)ccc1=O)NCCCN1CCCCCC1,4.6
O=C(CN(C(=O)CSc1nc2ccccc2o1)c1cccc(F)c1)NC1CCCCC1,4.9
O=C(CN(CC1CCCO1)C(=O)CNS(=O)(=O)c1ccc(Cl)cc1)NCCc1ccccc1,4.95
O=C(CN(Cc1ccccc1Cl)C(=O)c1ccc(CN2CCOCC2)o1)NCC1CCCO1,4.9
O=C(CN(Cc1ccco1)C(=O)c1cccc(Cl)c1)Nc1c(Cl)cc(Cl)cc1Cl,4.95
O=C(CN(Cc1ccco1)C(=O)c1ccccc1)Nc1ccc(Cl)c(Cl)c1,4.75
O=C(CN(c1ccc(Cl)cc1)S(=O)(=O)c1ccc(NCCN2CCOCC2)cc1)N/N=C1\C(=O)Nc2ccccc21,6.51
O=C(CN(c1ccccc1)S(=O)(=O)c1ccccc1)NCCSCc1ccco1,4.85
O=C(CN1C(=O)C2C3C=CC(C3)C2C1=O)NC1CCCc2ccccc21,5.45
O=C(CN1C(=O)C2C3C=CC(C3)C2C1=O)Nc1ccc2c(c1)OCCO2,4.6
O=C(CN1C(=O)C2C3C=CC(C3)C2C1=O)Nc1cccc2c1CCCC2,5.35
O=C(CN1C(=O)NC2(CCCCCC2)C1=O)N1CCN(S(=O)(=O)c2ccc(Cl)cc2)CC1,5.2
O=C(CN1C(=O)c2cccc3cccc(c23)C1=O)N1CCCCCC1,5.0
O=C(CN1C(=O)c2ccccc2C1=O)NCC(=O)OCC(=O)c1ccc(Br)cc1,5.45
O=C(CN1CCCC2=C1C(=O)N(C1CC1)C2=O)Nc1ccc(-c2cccnc2)nn1,5.68
O=C(CN1CCCC2=C1C(=O)N(C1CC1)C2=O)Nc1ccc(-c2cncc(F)c2)nn1,4.8
O=C(CN1CCCCC1)Nc1nnc(-c2ccc([N+](=O)[O-])cc2)s1,5.1
O=C(CN1CCN(CC(=O)Nc2ccccc2Cl)CC1)Nc1ccc2c(c1)OCCO2,4.85
O=C(CN1CCN(Cc2ccccc2)CC1)N1CCCc2c1c(=O)oc1ccc(O)cc21,5.4
O=C(CN1CCN(Cc2ccccc2)CC1)c1ccc(Br)cc1,4.85
O=C(CN1CCN(S(=O)(=O)c2ccc(Cl)cc2)CC1)Nc1ccc2c(c1)OCO2,6.0
O=C(CN1CCN(S(=O)(=O)c2ccc(F)cc2)CC1)Nc1ccc(Cl)c(C(F)(F)F)c1,5.3
O=C(CN1CCN(S(=O)(=O)c2ccc(F)cc2)CC1)Nc1ccc2c(c1)OCO2,5.7
O=C(CN1CCN(c2ccc(Cl)cc2)CC1)Nc1ccc(F)c(F)c1,4.6
O=C(CN1CCN(c2ccc(Cl)cc2)CC1)Nc1cccc(F)c1,4.6
O=C(CN1CCN(c2ccc(OC(F)(F)F)cc2)CC1)Nc1ccc(-c2nc3ccccn3c2CN2CCN(c3ccccc3)CC2)cc1,4.495
O=C(CN1CCc2ccccc21)NC(=O)NCc1ccco1,4.55
O=C(CNC(=O)/C(=C\c1ccccc1)NC(=O)c1ccc(Br)cc1)OCc1ccccc1,6.7
O=C(CNC(=O)OCc1ccccc1)NCC(=O)N1CCCC1C(=O)OCc1ccccc1,4.75
O=C(CNC(=O)c1ccccc1)NCC(=O)OCc1ccc(Cl)cc1,4.85
O=C(CNC(=O)c1ccco1)OC(C(=O)c1ccccc1)c1ccccc1,4.55
O=C(CNC(=O)c1cccs1)NCC(=O)OCc1ccc(Cl)cc1,4.6
O=C(CNC(=O)c1cccs1)NCC(=O)OCc1ccc(Cl)cc1Cl,5.15
O=C(CNS(=O)(=O)c1ccc(Br)s1)N1CCC2(CC1)OCCO2,4.6
O=C(CNS(=O)(=O)c1ccccc1C(=O)NCCc1ccc(O)c(O)c1)Nc1ccc(O)cc1,5.32
O=C(CNc1ccc(-c2ccc(NC(=O)C3CC3)nc2)cc1)Nc1ccc(CN2CCNCC2)c(C(F)(F)F)c1,5.96
O=C(COC(=O)C1CCN(S(=O)(=O)c2cc([N+](=O)[O-])ccc2Cl)CC1)Nc1ncc(Cl)cc1Cl,5.3
O=C(COC(=O)c1cccc(S(=O)(=O)N2CCN(c3ccccc3)CC2)c1)NCc1ccco1,4.9
O=C(COC(=O)c1cccc(S(=O)(=O)N2CCOCC2)c1)Nc1nc(-c2ccccc2Cl)cs1,4.95
O=C(COC(=O)c1ccccc1Nc1ccc(SC(F)F)cc1)NCc1ccco1,4.6
O=C(COC(=O)c1ccccc1Nc1cccc(C(F)(F)F)c1)NCc1ccco1,4.65
O=C(COC(=O)c1cccnc1)c1ccc(Cl)c(Cl)c1,6.25
O=C(COC(=O)c1cccnc1Nc1cccc(C(F)(F)F)c1)NCc1ccc2c(c1)OCO2,6.3
O=C(COC(=O)c1ccncc1)NC(=O)C1CCCCC1,5.0
O=C(COc1ccc(-c2ccccc2)cc1)N/N=C/c1ccccc1Br,4.85
O=C(COc1ccc(-n2ccnc2)cc1)Nc1ccc(-c2ccccc2)cc1,7.7
O=C(COc1ccc(Br)cc1)N1CCC(c2ccccc2)C1,4.55
O=C(COc1ccc(Br)cc1)Nc1ccc2nc[nH]c2c1,4.71
O=C(COc1ccc(Cl)cc1)N(Cc1ccccc1)c1ccccn1,4.65
O=C(COc1ccc(Cl)cc1)N1CCN(Cc2ccc3c(c2)OCO3)CC1,6.2
O=C(COc1ccc(Cl)cc1Cl)N/N=C/CCc1ccccc1,4.95
O=C(COc1ccc(F)cc1)Nc1nnc(-c2ccncc2)s1,5.35
O=C(COc1ccc([N+](=O)[O-])cc1)NN=C1CCCC1,4.6
O=C(COc1ccc([N+](=O)[O-])cc1)Nc1ccc(C(=O)NCc2cccnc2)cc1,4.9
O=C(COc1ccc2ccccc2c1)N1CCN(C(=O)c2cccnc2)CC1,5.05
O=C(COc1ccc2ccccc2c1)N1CCN(CC2CC3C=CC2C3)CC1.O=C(O)C(=O)O,4.9
O=C(COc1ccc2ccccc2c1)NNC(=O)Cc1cccc2ccccc12,4.85
O=C(COc1ccc2ccccc2c1)Nc1ccc(Cc2ccncc2)cc1,6.15
O=C(COc1ccc2ccccc2c1Br)NNC(=O)Nc1ccccc1,4.85
O=C(COc1cccc2ccccc12)N1c2ccccc2CCc2ccccc21,5.1
O=C(COc1cccc2ccccc12)NNC(=O)c1cccs1,4.6
O=C(COc1ccccc1)Nc1cc(C(F)(F)F)ccc1N1CCCC1,5.4
O=C(COc1ccccc1Cl)Nc1cc(Cl)ccc1Oc1ccccc1,4.8
O=C(CS(=O)(=O)c1cccc(Cl)c1)Nc1ccccc1Cl,5.2
O=C(CSC1=NCCN1)Nc1ccccc1,5.3
O=C(CSC1=NCCN1)c1ccccc1,5.5
O=C(CSC1=NCCS1)N1CCN(c2ccc(Cl)cc2)CC1,4.8
O=C(CSC1CC(=O)N(CC(c2ccccc2)c2ccccc2)C1=O)Nc1ccc(Cl)cc1,5.05
O=C(CSCC(=O)OCn1nnc2ccccc2c1=O)Nc1ccc(Cl)cc1,4.65
O=C(CSCc1c(Cl)cccc1Cl)NCc1cccnc1,5.5
O=C(CSCc1ccc(Cl)cc1)Nc1nccs1,5.45
O=C(CSCc1cccc(Br)c1)N/N=C/c1ccc2c(c1)OCO2,5.4
O=C(CSCc1cccc(Cl)c1)N/N=C/c1ccc(OCC(=O)N2CCCCC2)cc1,4.85
O=C(CSCc1cccc(Cl)c1)NCc1ccc2c(c1)OCO2,5.95
O=C(CSCc1ccccc1)Nc1cccc(C(=O)Nc2ccccc2C(=O)O)c1,4.85
O=C(CSCc1ccccc1Cl)NN1C(=O)c2ccccc2C1=O,4.85
O=C(CSCc1ccccc1Cl)NNC(=O)c1ccccc1,4.95
O=C(CSCc1ccccc1Cl)NNC(=S)Nc1ccccc1,5.35
O=C(CSc1c[nH]c2ccccc12)N1CCOCC1,4.8
O=C(CSc1ccc(C(F)(F)F)cc1[N+](=O)[O-])Nc1ccccc1,4.8
O=C(CSc1ccc(Cl)cc1)N1CCN(c2ccc(Cl)cc2[N+](=O)[O-])CC1,6.2
O=C(CSc1ccc(Cl)cc1)Nc1ccc(N2CCN(C(=O)c3ccc(Cl)cc3)CC2)cc1,6.05
O=C(CSc1ccc(Cl)cc1)Nc1cccc(-c2nc3ncccc3o2)c1,4.9
O=C(CSc1ccccn1)Nc1nc2ccc(Br)cc2s1,4.65
O=C(CSc1n[nH]c(-c2cccs2)n1)N1CCCc2ccccc21,5.2
O=C(CSc1nc(-c2ccccc2)cs1)N1CCc2ccccc21,5.0
O=C(CSc1nc(-c2ccccc2)nc2ccccc12)Nc1nccs1,6.0
O=C(CSc1nc(-c2ccccc2O)n[nH]1)N1CCCc2ccccc21,5.5
O=C(CSc1nc(O)c2c(C(F)(F)F)cc(-c3cccs3)nc2n1)NCc1ccco1,4.85
O=C(CSc1nc2ccc([N+](=O)[O-])cc2s1)c1ccc2ccccc2c1,5.4
O=C(CSc1nc2ccccc2[nH]1)Nc1c(F)cccc1F,4.85
O=C(CSc1nc2ccccc2c(=O)n1-c1ccc(Cl)cc1)c1ccco1,5.15
O=C(CSc1nc2ccccc2c(=O)n1CCCC(=O)N1CCCC1)NCc1ccco1,5.2
O=C(CSc1nc2ccccc2c(=O)n1CCCN1CCCCC1)NCc1ccccc1,5.4
O=C(CSc1nc2ccccc2c(=O)n1CCCO)NCc1ccccc1,5.45
O=C(CSc1nc2ccccc2c(=O)n1Cc1ccccc1)NCc1ccco1,4.4
O=C(CSc1nc2ccccc2c(=O)n1NC(=O)Cc1ccccc1)NCc1ccccc1Cl,5.25
O=C(CSc1nc2ccccc2c(=O)n1NC(=O)c1ccccc1)c1ccc(Cl)cc1,4.85
O=C(CSc1nc2ccccc2c2ccccc12)c1ccccc1,5.4
O=C(CSc1nc2ccccc2o1)N1c2ccccc2Sc2ccc(Cl)cc21,5.05
O=C(CSc1nc2ccccc2o1)NC(=O)NCc1ccccc1,4.65
O=C(CSc1nc2ccccc2o1)Nc1ccccc1N1CCCCCC1,5.4
O=C(CSc1nc2ccccc2s1)N1c2ccccc2Sc2ccc(C(F)(F)F)cc21,5.2
O=C(CSc1nc2ccccc2s1)N1c2ccccc2Sc2ccccc21,4.95
O=C(CSc1nc2ccccc2s1)NNC(=S)Nc1ccc(Br)cc1,5.6
O=C(CSc1nc2ccccc2s1)Nc1nccs1,5.0
O=C(CSc1ncccn1)Nc1ccc(S(=O)(=O)N2CCCCC2)cc1,4.6
O=C(CSc1nccn1-c1ccccc1)c1ccc(Cl)cc1,5.0
O=C(CSc1nccn1-c1ncc(C(F)(F)F)cc1Cl)c1ccc(Cl)cc1,4.85
O=C(CSc1ncnc2c1cnn2CCc1ccccc1)Nc1ccc(F)cc1,5.85
O=C(CSc1nnc(-c2c[nH]c3ccccc23)n1Cc1ccco1)NCc1ccccc1Cl,5.96
O=C(CSc1nnc(-c2ccc(Cl)cc2Cl)n1C1CCCCC1)NC1CCS(=O)(=O)C1,5.0
O=C(CSc1nnc(-c2cccc(S(=O)(=O)N3CCOCC3)c2)n1C1CCCCCC1)NCc1ccccc1,5.6
O=C(CSc1nnc(-c2ccccc2)n1-c1ccccc1)c1cccs1,5.15
O=C(CSc1nnc(-c2ccccn2)n1Cc1ccco1)Nc1ccc2c(c1)OCO2,6.05
O=C(CSc1nnc(-c2ccco2)n1-c1ccccc1)NCc1ccco1,4.8
O=C(CSc1nnc(-c2cccs2)n1-c1ccccc1)N1CCCC1,4.55
O=C(CSc1nnc(CNc2ccc(F)cc2)o1)N1c2ccccc2Sc2ccccc21,5.15
O=C(CSc1nnc(CNc2ccc(F)cc2)o1)OC1CCCCC1,4.55
O=C(CSc1nnc(CNc2ccccc2)o1)N1CCCc2ccccc21,5.05
O=C(CSc1nnc(COc2ccccc2)n1-c1ccccc1)c1ccccc1,4.85
O=C(CSc1nnc(Cc2cc(O)nc(O)n2)n1-c1ccccc1)N1CCCc2ccccc21,4.8
O=C(CSc1nnc(Cn2nnc3ccccc32)o1)Nc1cccc(Cl)c1,5.05
O=C(CSc1nnc(SCc2cccc3ccccc23)s1)c1ccc2c(c1)OCO2,5.55
O=C(CSc1nnc2c(n1)[nH]c1ccc(F)cc12)OCc1ccccc1,5.05
O=C(CSc1nncn1-c1ccccc1)Nc1ccc(N2CCOCC2)cc1,5.5
O=C(CSc1nnnn1-c1ccccc1)NCc1cccs1,5.6
O=C(CSc1nnnn1C1CCCC1)Nc1ccc(F)cc1,4.85
O=C(C[C@@H]1C=Cc2ccccc2N1C(=O)c1ccccc1)c1ccccc1,5.4
O=C(C[C@@H]1Cc2cc(Cl)c3[nH]c(=O)n(CC(F)(F)F)c3c2CN(CC(F)(F)F)C1=O)N1CCC(N2CCc3ccccc3NC2=O)CC1,5.08
O=C(C[C@@H]1Cc2cc(Cl)c3[nH]ncc3c2CN(CC(F)(F)F)C1=O)N1CCC(N2CCc3ccccc3NC2=O)CC1,7.0
O=C(C[C@H](c1ccccc1)c1c(O)c2ccccc2oc1=O)c1ccccc1,5.5
O=C(C[N+]12CN3CN(CN(C3)C1)C2)c1ccc(-c2ccccc2)cc1,5.5
O=C(C[S+]([O-])c1cccc(C(F)(F)F)c1)Nc1ccccc1Cl,5.1
O=C(C[S+]([O-])c1cccc(Cl)c1)Nc1ccccc1Cl,4.85
O=C(Cc1c[nH]c2ccccc12)OCC(=O)c1ccccc1,4.65
O=C(Cc1cc(O)n[nH]1)N/N=C/C(Cl)=C/c1ccccc1,4.8
O=C(Cc1ccc(-n2c(=O)[nH]c3ccccc3c2=O)cc1)N1CCN(c2cccc(Cl)c2)CC1,5.5
O=C(Cc1ccc(-n2nc(C(F)(F)F)c3c2CCCC3)cc1)NC1CCCC1,6.16
O=C(Cc1ccc(Br)cc1)Nc1ccccc1Sc1ccccc1,5.2
O=C(Cc1ccc(Cl)c(Cl)c1)N1CCCC[C@H]1CN1CCCC1,4.949999999999999
O=C(Cc1ccc(Cl)cc1)Nc1cccc(-c2nnc(-c3ccco3)o2)c1,5.1
O=C(Cc1ccc(Cl)cc1)c1c(O)cc(O)cc1O,5.3
O=C(Cc1ccc(F)cc1)N1CCC(C(O)CC2c3ccccc3-c3cncn32)CC1,7.22
O=C(Cc1ccc(S(=O)(=O)N2CCOCC2)s1)Nc1nc2c(s1)CCCC2,4.85
O=C(Cc1ccc2c(c1)OCO2)Nc1nc(-c2c[nH]c3ncccc23)cs1,5.7
O=C(Cc1cccc(OCCCC2CCNCC2)c1)Nc1nc(-c2c[nH]c3nccc(F)c23)cs1,4.0
O=C(Cc1cccc(OCCCC2CCNCC2)c1)Nc1nc(-c2c[nH]c3ncccc23)cs1,4.68
O=C(Cc1cccc(OCCCN2CCNCC2)c1)Nc1nc(-c2c[nH]c3ncccc23)cs1,4.9
O=C(Cc1cccc(OCCN2CCNCC2)c1)Nc1nc(-c2c[nH]c3ncccc23)cs1,4.83
O=C(Cc1ccccc1)N/N=C/c1cc(Br)c(Br)o1,4.55
O=C(Cc1ccccc1)N/N=C/c1ccccc1OCc1ccc(Cl)cc1,4.8
O=C(Cc1ccccc1)N1CCC(C(O)CC2c3ccccc3-c3cncn32)CC1,6.89
O=C(Cc1ccccc1)NC(NC(=S)Nc1cc(Cl)ccc1Cl)C(Cl)(Cl)Cl,5.35
O=C(Cc1ccccc1)NC(NCCc1ccccc1)C(Cl)(Cl)Cl,4.85
O=C(Cc1ccccc1)NC(Nc1cccc2ccccc12)C(Cl)(Cl)Cl,4.95
O=C(Cc1ccccc1)NCCSCc1ccc(Cl)cc1,4.85
O=C(Cc1ccccc1)N[C@@H](Cc1ccccc1)c1nc2ccccc2[nH]1,5.0
O=C(Cc1ccccc1)Nc1ccccc1N1CCOCC1,5.2
O=C(Cc1ccccc1)Nc1nc2ccc(Cl)cc2c2nc(-c3ccco3)nn12,5.5
O=C(Cc1ccccc1[N+](=O)[O-])NCCSCc1c(F)cccc1Cl,4.85
O=C(Cc1ccccc1[N+](=O)[O-])NCc1ccccc1Cl,4.8
O=C(Cc1ccccn1)Nc1cccc(/C=C/c2ccc(NC(=O)NCC3CCOCC3)cc2)c1,5.51
O=C(Cc1cccs1)N1CCC(c2nc(O)c3nnn(Cc4ccccc4Cl)c3n2)CC1,5.5
O=C(Cc1cccs1)NNC(=S)NCc1ccc(Cl)cc1,5.8
O=C(Cc1ccncc1)N1CCC(C(O)CC2c3ccccc3-c3cncn32)CC1,5.42
O=C(Cc1cncnc1)N1CCC(C(O)CC2c3ccccc3-c3cncn32)CC1,5.07
O=C(Cc1csc(Nc2nc(S)nc3ccccc23)n1)NCc1cccc(Cl)c1,5.75
O=C(Cc1nc(N2CCOCC2)cc(=O)[nH]1)N1CCc2c(-c3ccccc3)cccc21,4.4
O=C(Cc1nc(N2CCOCC2)cc(=O)[nH]1)N1CCc2c(-c3ccccn3)cccc21,4.96
O=C(Cc1nc(N2CCOCC2)cc(=O)[nH]1)N1CCc2c(-c3cccnc3)cccc21,4.4
O=C(Cc1nc(N2CCOCC2)cc(=O)[nH]1)N1CCc2c(-c3ccncc3)cccc21,4.51
O=C(Cc1nc(N2CCOCC2)cc(=O)[nH]1)N1CCc2c(Br)cccc21,4.4
O=C(Cc1nc(N2CCOCC2)cc(=O)[nH]1)N1CCc2c(Cl)cccc21,4.4
O=C(Cc1nc(N2CCOCC2)cc(=O)[nH]1)N1CCc2c(F)cccc21,4.4
O=C(Cc1nc(N2CCOCC2)cc(=O)[nH]1)N1CCc2c(OC(F)(F)F)cccc21,4.4
O=C(Cc1nc(N2CCOCC2)cc(=O)[nH]1)N1CCc2c1cccc2C(F)(F)F,4.4
O=C(Cc1nc(N2CCOCC2)cc(=O)[nH]1)N1CCc2cc(Cl)ccc21,4.4
O=C(Cc1nc(N2CCOCC2)cc(=O)[nH]1)N1CCc2cc(F)ccc21,4.4
O=C(Cc1nc(N2CCOCC2)cc(=O)[nH]1)N1CCc2ccccc21,4.4
O=C(Cc1nc(N2CCOCC2)cc(=O)[nH]1)Nc1ccc(F)c(Br)c1,4.4
O=C(Cc1nc(N2CCOCC2)cc(=O)[nH]1)Nc1ccc(F)c(Cl)c1,4.4
O=C(Cc1nc(N2CCOCC2)cc(=O)[nH]1)Nc1ccc(F)cc1,4.4
O=C(Cc1nc(N2CCOCC2)cc(=O)[nH]1)Nc1cccc(Br)c1,4.4
O=C(Cc1nc(N2CCOCC2)cc(=O)[nH]1)Nc1cccc(Cl)c1,4.4
O=C(Cc1nc(N2CCOCC2)cc(=O)[nH]1)Nc1ccccc1,4.4
O=C(Cc1ncc(C(F)(F)F)cc1Cl)Nc1cccc(Br)c1,4.85
O=C(Cn1c(-c2cscn2)nc2ccccc21)Nc1cc(F)ccc1F,4.85
O=C(Cn1c(=O)cnc2cc(Cl)c(Cl)cc21)N1CCCC(c2ccccc2)C1CN1CCCC1,5.92
O=C(Cn1c(=O)cnc2cc(Cl)c(Cl)cc21)N1CCCC(c2ccccc2)C1CN1CCOCC1,6.0
O=C(Cn1c(=O)n(Cc2ccco2)c(=O)c2c3c(sc21)CCCCC3)c1ccccc1,4.85
O=C(Cn1c(=O)oc2ccc(Cl)cc21)N1CCCC(c2ccccc2)C1CN1CCCC1,5.68
O=C(Cn1c(=O)oc2ccc(Cl)cc21)N1CCCC(c2ccccc2)C1CN1CCOCC1,5.89
O=C(Cn1c(=O)oc2ccccc21)NC(=O)NCc1ccccc1,4.45
O=C(Cn1c(=O)sc2ccc(Cl)cc21)N1CCCC(c2ccccc2)C1CN1CCCC1,6.0
O=C(Cn1c(=O)sc2ccc(Cl)cc21)N1CCCC(c2ccccc2)C1CN1CCOCC1,6.17
O=C(Cn1c(C(F)(F)F)nc2ccccc21)c1ccc(F)cc1,4.9
O=C(Cn1c(SCC(=O)N2CCc3ccccc3C2)nc2ccccc21)NC1CCCC1,5.45
O=C(Cn1c(SCc2ccccc2)nc2ccccc21)N1CCOCC1,4.8
O=C(Cn1cc(C(=O)c2ccco2)c2ccccc21)NCc1ccco1,4.6
O=C(Cn1cc(Nc2nncc3cc(OCCCN4CCC[C@@H]4COP(=O)(O)O)ccc23)cn1)Nc1cccc(F)c1F,5.21
O=C(Cn1ccc([N+](=O)[O-])n1)N1CCc2ccccc2C1,4.65
O=C(Cn1ccc([N+](=O)[O-])n1)NCc1cccs1,4.4
O=C(Cn1ccc2ccccc2c1=O)N1CCN(c2cccc(Cl)c2)CC1,5.5
O=C(Cn1cccc1)NC1CCCCCC1,4.75
O=C(Cn1cccc1C(=O)c1ccccc1)NCc1cccs1,5.0
O=C(Cn1ccnc1)c1ccc(-c2ccc(N3C[C@H](Cn4ccnn4)OC3=O)cc2F)cn1,6.52
O=C(Cn1ccnc1[N+](=O)[O-])NCc1ccccc1,4.01
O=C(Cn1cnc2ccccc21)NC(c1ccccc1)c1ccccc1,5.1
O=C(Cn1cnc2ccccc2c1=O)Nc1ccc(C[C@@H]2CC[C@H]([C@H](O)c3ccccc3)N2)cc1,4.02
O=C(Cn1cnc2sc3c(c2c1=O)CCCC3)NCCC(=O)N1CCC2(CC1)OCCO2,4.85
O=C(Cn1nc(C(F)F)cc1C(F)F)N/N=C/c1ccc2c(c1)OCO2,5.3
O=C(N/C(=C/c1ccc(Br)cc1)c1nc2ccccc2[nH]1)c1ccco1,5.8
O=C(N/C(=C/c1ccco1)C(=O)N1CCCCCC1)c1cccs1,4.85
O=C(N/C(=C/c1cccs1)c1nc2ccccc2[nH]1)c1ccccc1,4.85
O=C(N/C(=C\c1cccnc1)C(=O)N1CCOCC1)c1cccc(Br)c1,6.0
O=C(N/C(=C\c1cccs1)C(=O)N1CCCCCC1)c1ccccc1,5.1
O=C(N/N=C(\c1ccccc1)c1cccnc1)C(O)(c1ccccc1)c1ccccc1,5.1
O=C(N/N=C/C1C(c2ccccc2)C1(Cl)Cl)c1cccc(Br)c1,4.9
O=C(N/N=C/c1c(Cl)cccc1Cl)c1cccc(F)c1,4.85
O=C(N/N=C/c1c[nH]c2ccc(Br)cc12)c1ccn(Cc2ccc(Cl)cc2)n1,5.4
O=C(N/N=C/c1c[nH]c2ccccc12)c1ccn(Cc2ccc(Cl)cc2Cl)n1,5.45
O=C(N/N=C/c1ccc(Br)s1)c1ccccc1[N+](=O)[O-],4.75
O=C(N/N=C/c1ccc(Cl)cc1)Nc1ccccc1,4.9
O=C(N/N=C/c1ccc(Cl)cc1Cl)c1cccc(F)c1,4.5
O=C(N/N=C/c1ccc(F)cc1)c1ccc(Br)cc1,4.65
O=C(N/N=C/c1ccc(OCc2ccccc2)cc1)c1cccs1,4.4
O=C(N/N=C/c1ccc(Sc2nc3ccccc3s2)c([N+](=O)[O-])c1)c1ccccn1,5.45
O=C(N/N=C/c1ccc([N+](=O)[O-])o1)c1cc(-c2ccncc2)nc2ccccc12,6.05
O=C(N/N=C/c1ccc([N+](=O)[O-])s1)c1ccccc1Br,4.65
O=C(N/N=C/c1ccc2c(c1)OCO2)/C(=C/c1ccc2c(c1)OCO2)NC(=O)c1ccccc1,5.95
O=C(N/N=C/c1cccc(F)c1)c1csc2c1CCCC2,4.8
O=C(N/N=C/c1cccc(OCc2ccccc2)c1)c1cccs1,4.7
O=C(N/N=C/c1cccc(Oc2ccc([N+](=O)[O-])cc2[N+](=O)[O-])c1)c1cncc(Br)c1,5.9
O=C(N/N=C/c1ccco1)/C(=C/c1cccc([N+](=O)[O-])c1)NC(=O)c1ccccc1,5.95
O=C(N/N=C/c1ccncc1)c1cc([N+](=O)[O-])cc([N+](=O)[O-])c1O,6.0
O=C(N/N=C/c1ccncc1)c1cc2c(ccc3ccccc32)o1,5.85
O=C(N/N=C/c1ccncc1)c1nc(-c2ccccc2)n2c1CCCCC2,6.3
O=C(N/N=C1/C[C@@H](O)[C@@H](O)[C@@H]2[C@@H]3C(=O)N(C4CCCCC4)C(=O)[C@H]3CC[C@H]12)OCc1ccccc1,5.2
O=C(N/N=C1/C[C@@H](O)[C@@H](O)[C@@H]2[C@@H]3C(=O)N(Cc4ccc5c(c4)OCO5)C(=O)[C@H]3CC[C@@H]12)OCc1ccccc1,5.9
O=C(N/N=C1/C[C@@H](O)[C@@H](O)[C@@H]2[C@@H]3C(=O)N(Cc4ccc5c(c4)OCO5)C(=O)[C@H]3CC[C@H]12)OCc1ccccc1,5.4
O=C(N/N=C1/C[C@@H](O)[C@@H](O)[C@@H]2[C@@H]3C(=O)N(c4cccc(Oc5ccccc5)c4)C(=O)[C@H]3CC[C@H]12)OCc1ccccc1,5.4
O=C(N/N=C1/C[C@@H](O)[C@@H](O)[C@@H]2[C@H]3C(=O)N(c4ccc(F)cc4F)C(=O)[C@@H]3CC[C@@H]12)OCc1ccccc1,5.4
O=C(N/N=C1/C[C@@H](O)[C@@H](O)[C@@H]2[C@H]3C(=O)N(c4ccc(F)cc4F)C(=O)[C@@H]3CC[C@H]12)OCc1ccccc1,5.4
O=C(N/N=C\c1ccc(-c2ccccc2[N+](=O)[O-])o1)C1COc2cc3ccccc3cc2O1,4.75
O=C(N/N=C\c1ccc(Sc2ccccn2)o1)c1cccc(Br)c1,4.65
O=C(N/N=C\c1ccc([N+](=O)[O-])o1)c1ccc(O)cc1,5.0
O=C(N/N=C\c1ccccc1O)c1ccccc1O,5.2
O=C(N/N=C\c1cn(-c2ccccc2)nc1-c1ccccc1)c1ccc(Br)o1,5.4
O=C(N/N=C\c1cn(-c2ccccc2)nc1-c1ccccc1)c1ccc2c(c1)OCO2,5.8
O=C(N1CCCC1)C1(c2ccc(-n3nc(C(F)(F)F)c4c3CCCC4)cc2)CC1,5.22
O=C(N1C[C@@H]2CN(c3ccccn3)C[C@@H]2C1)C12CC3CC(CC(C3)C1)C2,5.21
O=C(NC(=S)N(CCCCO)C1CCCCC1)c1sc2ccccc2c1Cl,5.5
O=C(NC(=S)N(Cc1ccccc1)Cc1ccccc1)c1ccccc1F,4.8
O=C(NC(=S)NC1CCSC1=O)c1ccccc1Cl,4.8
O=C(NC(=S)Nc1ccc(C(=O)N2CCOCC2)cc1)c1ccc([N+](=O)[O-])cc1,5.85
O=C(NC(=S)Nc1ccc2c(c1)OCO2)c1ccccc1,6.2
O=C(NC(=S)Nc1cccc(Cl)c1N1CCCC1)c1ccc(-c2cccc([N+](=O)[O-])c2)o1,5.35
O=C(NC(=S)Nc1cccc(Cl)c1N1CCCCC1)c1ccco1,4.8
O=C(NC(C(=O)c1ccccc1)n1cnccc1=O)c1ccccc1,4.85
O=C(NC(Cc1c[nH]c2ccccc12)c1nnc2n1CCCCC2)c1ccc(Cl)cc1,5.1
O=C(NC(Cc1c[nH]c2ccccc12)c1nnc2n1CCCCC2)c1ccccc1,4.9
O=C(NC(Cc1c[nH]c2ccccc12)c1nnc2n1CCCCC2)c1ccccc1Cl,5.15
O=C(NC(Cc1cc(Cl)c2[nH]ncc2c1)C(=O)N1CCC(N2CCCCC2)CC1)N1CCC(N2Cc3ccccc3NC2=O)CC1,5.82
O=C(NC(Cc1ccc2[nH]ccc2c1)C(=O)N1CCC(N2CCCCC2)CC1)N1CCC(n2c(=O)[nH]c3ccccc32)CC1,5.6
O=C(NC(Cc1ccc2[nH]ncc2c1)C(=O)N1CCC(N2CCCCC2)CC1)N1CCC(n2c(=O)[nH]c3ccccc32)CC1,4.77
O=C(NC(Cc1ccccc1)CN(CC(Cc1ccccc1)NC(=O)OCc1cncs1)CC(Cc1ccccc1)NC(=O)OCc1nccs1)OCc1cncs1,7.19
O=C(NC(Cn1ccnc1)C(=O)c1cccc(F)c1)c1ccc(-c2ccc(Cl)cc2)s1,5.93
O=C(NC(NC(=S)Nc1cc(Cl)ccc1Cl)C(Cl)(Cl)Cl)c1ccco1,5.2
O=C(NC(NC(=S)Nc1ccccc1)C(Cl)(Cl)Cl)c1cccc(Cl)c1,5.3
O=C(NC(NCc1ccccc1)C(Cl)(Cl)Cl)c1cccnc1,4.9
O=C(NC1(C(F)(F)F)NC(=O)N(Cc2cccnc2)C1=O)c1ccccc1,6.05
O=C(NC12CC3CC(CC(C3)C1)C2)C12CC3CC(C1)CC(n1cnc(Cl)n1)(C3)C2,4.85
O=C(NC12CC3CC(CC(C3)C1)C2)N1CCN(c2nc(-c3ccccc3)cs2)CC1,4.95
O=C(NC12CC3CC(CC(C3)C1)C2)c1ccc(COc2ccc(Cl)cc2[N+](=O)[O-])o1,4.8
O=C(NC1CC1)c1cnccc1Nc1cc(-c2cc(Cl)ccc2F)nc2[nH]ccc12,4.8
O=C(NC1CCC(=Cc2cccc(Oc3ccc(C(F)(F)F)cn3)c2)CC1)c1cccnc1,9.01
O=C(NC1CCCC1)C(c1ccsc1)N(Cc1ccccc1)C(=O)Cc1cccs1,5.7
O=C(NC1CCCC1)C1CC(c2ccc(F)cc2)=NO1,4.6
O=C(NC1CCCC1)N[C@@](Cc1ccccc1)(c1cc(F)cc(OC(F)(F)C(F)F)c1)c1ccc(Cl)cn1,5.25
O=C(NC1CCCC1)c1cccnc1N1CCCCCC1,4.85
O=C(NC1CCCC1)c1cnn2c(C(F)(F)F)cc(-c3ccco3)nc12,4.85
O=C(NC1CCCCC1)C(Cc1ccccc1)N1C(=O)C2C3CCC(C3)C2C1=O,5.05
O=C(NC1CCCCC1)C(c1ccccc1)N1CCOCC1,4.95
O=C(NC1CCCCC1)C(c1cccs1)N(C(=O)C(F)(F)F)c1ccccc1,5.15
O=C(NC1CCCCC1)C(c1cccs1)N(Cc1cccs1)C(=O)c1ccco1,5.5
O=C(NC1CCCCC1)C12CC3CC(C1)CC(n1cncn1)(C3)C2,5.45
O=C(NC1CCCCC1)C1CC=CCC1C(=O)OCC(Cl)=C(Cl)Cl,5.1
O=C(NC1CCCCC1)N1CCCC(c2nc(-c3cccs3)no2)C1,5.1
O=C(NC1CCCCC1)NC1CC2CCC(C1)N2Cc1nnnn1Cc1ccc2c(c1)OCO2,5.5
O=C(NC1CCCCC1)NC1CCCCC1,5.5
O=C(NC1CCCCC1)[C@H](C1CCCCC1)n1c(-c2ccc(Cl)cc2)nc2cc(F)c(Cl)cc21,5.35
O=C(NC1CCCCC1)[C@H](C1CCCCC1)n1c(-c2ccc(Cl)cc2)nc2cc(F)c(F)cc21,5.12
O=C(NC1CCCCC1)c1sc(=S)n2c1[nH]c(=O)c1ccccc12,6.1
O=C(NC1CCCCCC1)c1cccs1,4.85
O=C(NC1CCCc2ccccc21)C1CCN(S(=O)(=O)N2CCCCCC2)CC1,5.1
O=C(NC1CCN(Cc2ccc3c(c2)OCO3)CC1)c1cc(=O)c2ccc(F)cc2o1,4.63
O=C(NC1CCN(Cc2ccccc2)CC1)c1ccc(I)cc1,5.1
O=C(NC1CCN(Cc2ccn(-c3ccc(C(F)(F)F)cc3)c2)CC1)N1CCn2cccc2C1c1ccccc1,5.6
O=C(NC1CCN(Cc2ccn(-c3ccc(C(F)(F)F)cc3)c2)CC1)NC(CN1CCOCC1)c1ccccc1,4.78
O=C(NC1CCN(Cc2ccn(-c3ccc(C(F)(F)F)cc3)c2)CC1)NC(Cc1cnccn1)c1ccccc1,5.49
O=C(NC1CCN(Cc2ccn(-c3ccc(C(F)(F)F)cc3)c2)CC1)NC(Cn1cccn1)c1ccccc1,5.36
O=C(NC1CCN(Cc2ccn(-c3ccc(C(F)(F)F)cc3)c2)CC1)NC(Cn1ccnc1)c1ccccc1,7.4
O=C(NC1CCN(Cc2ccn(-c3ccc(C(F)(F)F)cc3)c2)CC1)NC(Cn1cncn1)c1ccccc1,6.24
O=C(NC1CCN(Cc2ccn(-c3ccc(C(F)(F)F)cc3)c2)CC1)NC(c1ccccc1)c1ncc[nH]1,4.87
O=C(NC1CCN(Cc2ccn(-c3ccc(C(F)(F)F)cc3)c2)CC1)N[C@H](CO)c1ccccc1,4.69
O=C(NC1CCc2ccccc2CC1)N1CCC(c2nc(-c3ccccn3)no2)CC1,5.0
O=C(NCC(=O)N(c1ccccc1)C(C(=O)NC1CCCC1)c1cccnc1)c1cccs1,5.7
O=C(NCC(c1cccnc1)N1CCOCC1)Nc1ccccc1,4.85
O=C(NCC1(O)CCCCC1)c1cnc(Nc2cccc(Cl)c2)nc1C(F)(F)F,5.0
O=C(NCC12CC3CC(CC(C3)C1)C2)c1cc2n(n1)C(C(F)(F)F)CC(c1ccco1)N2,4.7
O=C(NCC1CC1)[C@@H]1C[C@H]1[C@@H](NP(=O)(c1ccccc1)c1ccccc1)c1ccccc1,5.6
O=C(NCC1CC1)[C@H]1C[C@@H]1[C@H](NP(=O)(c1ccccc1)c1ccccc1)c1ccccc1,4.9
O=C(NCC1CCC1)c1cnc(Nc2cccc(Cl)c2)nc1C(F)(F)F,4.12
O=C(NCC1CCCC1)c1cnc(Nc2cccc(Cl)c2)nc1C(F)(F)F,4.19
O=C(NCC1CCCCC1)c1cnc(Nc2cccc(Cl)c2)nc1C(F)(F)F,4.09
O=C(NCC1CCCO1)C(c1cccnc1)N(C(=O)Cc1cccs1)c1ccccc1,5.4
O=C(NCC1CCCO1)C1c2ccccc2C(=O)N1Cc1ccc2c(c1)OCO2,5.85
O=C(NCC1CCCO1)c1ccc2c(=O)n(Cc3ccco3)c(SCC(=O)N3CCCC3)nc2c1,4.9
O=C(NCC1CCCO1)c1nn2c(c1Cl)NC(c1ccc(F)cc1)CC2C(F)(F)F,4.85
O=C(NCC1CCCO1)c1onc(CSc2ccccc2F)c1C(=O)O,4.6
O=C(NCC1CCOCC1)c1cnc(Nc2cc(Cl)cc(Cl)c2)nc1C(F)(F)F,4.42
O=C(NCC1CCOCC1)c1cnc(Nc2cc(Cl)ccc2F)nc1C(F)(F)F,4.17
O=C(NCC1CCOCC1)c1cnc(Nc2cccc(Cl)c2)nc1C(F)(F)F,4.29
O=C(NCC1CCOCC1)c1cnc(Nc2cccc(OC(F)(F)F)c2)cc1C1CC1,4.24
O=C(NCC1CCOCC1)c1ncccc1NC(=O)c1ccc(Cn2ccnn2)c2ccccc12,6.21
O=C(NCC1COc2ccccc2O1)C1CCN(S(=O)(=O)c2cccc3nsnc23)CC1,4.7
O=C(NCCC1=CCCCC1)C1CCCN(c2nc3ccccc3o2)C1,4.9
O=C(NCCCCc1ccccc1)C1CC(c2ccccc2[N+](=O)[O-])=NO1,4.85
O=C(NCCCN1CCCC1=O)Nc1ccc(F)c(Cl)c1,4.55
O=C(NCCCN1CCCCCC1)[C@@H](c1ccccc1)C1CCCCC1,5.4
O=C(NCCCN1CCOCC1)C1COc2ccccc2O1,4.85
O=C(NCCCN1CCOCC1)c1cc2c(s1)CSC2,4.8
O=C(NCCCN1CCc2ccccc2C1)C1CCN(S(=O)(=O)N2CCCC2)CC1,4.7
O=C(NCCCNc1cc(-c2cn(-c3ccccc3)nc2-c2cccc(O)c2)ccn1)Nc1ccc(F)cc1,4.73
O=C(NCCC[N+]1=CC=N[C@H]1c1ccccc1)N1CCCc2nc(-c3ccc(Br)cc3)ccc21,5.5
O=C(NCCCn1ccnc1)Nc1ccc(Cl)cc1,6.4
O=C(NCCCn1ccnc1)c1ccc(Br)c(S(=O)(=O)N2CCOCC2)c1,5.7
O=C(NCCF)[C@H]1C[C@@H]1[C@H](NP(=O)(c1ccccc1)c1ccccc1)c1ccccc1,5.4
O=C(NCCN1CCC2(CC1)C(=O)NCN2c1cccc(F)c1)c1ccc(F)c(F)c1,4.75
O=C(NCCN1CCCC1)C1(S(=O)(=O)c2ccc(Cl)cc2)CC1,4.4
O=C(NCCN1CCN(C(=O)c2cc3ccccc3oc2=O)CC1)c1cc2ccccc2oc1=O,4.85
O=C(NCCN1CCOCC1)Nc1nc2ccc(Sc3nnc4ccc(-c5cccc(F)c5)nn34)cc2s1,5.75
O=C(NCCN1CCOCC1)Nc1nc2ccc(Sc3nnc4ccc(NC5CC5)nn34)cc2s1,6.7
O=C(NCCN1CCOCC1)Nc1nc2ccc(Sc3nnc4ccc(NC5CCCCC5)nn34)cc2s1,5.54
O=C(NCCN1CCOCC1)Nc1nc2ccc(Sc3nnc4ccc(OC5CCCC5)nn34)cc2s1,4.51
O=C(NCCN1CCOCC1)Nc1nc2ccc(Sc3nnc4ccc(OC5CCCCC5)nn34)cc2s1,5.57
O=C(NCCN1CCOCC1)Nc1nc2ccc(Sc3nnc4ccc(OC5CCCCCC5)nn34)cc2s1,4.85
O=C(NCCN1CCOCC1)Nc1nc2ccc(Sc3nnc4ccc(Oc5cccc(F)c5)nn34)cc2s1,5.7
O=C(NCCN1CCOCC1)Nc1nc2ccc(Sc3nnc4ccc(Oc5ccccc5)nn34)cc2s1,5.1
O=C(NCCN1CCOCC1)Nc1nc2ccc(Sc3nnc4cccnn34)cc2s1,4.47
O=C(NCCN1CCOCC1)c1nn2c(c1Cl)NC(c1ccccc1)CC2C(F)(F)F,5.15
O=C(NCCNC(=O)c1cc(OCC(F)(F)F)ccc1OCC(F)(F)F)Nc1ccc(OC(F)(F)F)cc1,5.25
O=C(NCCNS(=O)(=O)c1ccc(Cl)cc1)c1cc(OCC(F)(F)F)ccc1OCC(F)(F)F,5.15
O=C(NCCNS(=O)(=O)c1ccccc1Cl)c1cc(OCC(F)(F)F)ccc1OCC(F)(F)F,4.6
O=C(NCCNc1cc(-c2cn(-c3ccccc3)nc2-c2cccc(O)c2)ccn1)Nc1cccc(C(F)(F)F)c1,4.69
O=C(NCCNc1ccc([N+](=O)[O-])cc1)c1ccccc1Br,4.55
O=C(NCCO)c1ccccc1Oc1ncc(Cl)cc1NS(=O)(=O)c1ccc(Cl)c(Cl)c1,4.69
O=C(NCCOc1nc(N2CCOCC2)nc(N2CCOCC2)n1)Nc1ccccc1,4.65
O=C(NCCc1c[nH]c2ccccc12)C1CCN(c2nnc(N3CCCC3=O)s2)CC1,5.05
O=C(NCCc1c[nH]c2ccccc12)[C@@H]1C[C@H]1[C@@H](NP(=O)(c1ccccc1)c1ccccc1)c1ccccc1,5.9
O=C(NCCc1c[nH]c2ccccc12)[C@H]1C[C@@H]1[C@H](NP(=O)(c1ccccc1)c1ccccc1)c1ccccc1,5.8
O=C(NCCc1ccc(Cl)cc1)C1CCN(S(=O)(=O)N2CCC3(CC2)OCCO3)CC1,5.45
O=C(NCCc1ccc(Cl)cc1)Nc1cccc(Cl)c1,4.85
O=C(NCCc1ccccc1)C(=O)NCC1(c2ccccc2)CCCC1,5.5
O=C(NCCc1ccccc1)C(=O)NN=C1CCCC1,4.5
O=C(NCCc1ccccc1)N1c2ccccc2Sc2ccccc21,4.85
O=C(NCCc1ccccn1)c1cc(C(=O)C2CCCCC2)c[nH]1,5.0
O=C(NCCc1cnc[nH]1)c1ccc2cc(Br)ccc2c1,5.48
O=C(NCCc1cnc[nH]1)c1cnc(-c2ccccc2)cn1,4.8
O=C(NC[C@@H](Cc1ccccc1)N1CCC(O)(C(F)(F)F)CC1)C1(c2ccc(Cl)cc2)CCCC1,5.67
O=C(NC[C@@H]1OC(=O)N2c3ccc(N4CCOCC4=O)cc3OC[C@@H]12)c1ccc(Cl)s1,4.07
O=C(NC[C@@H]1[C@H]2C[C@@H](Oc3ccnc4ccc(F)cc34)C[C@@H]12)c1ccc(Cl)cc1,5.72
O=C(NC[C@H]1CCCCN1)c1cc(OCC(F)(F)F)ccc1OCC(F)(F)F,4.5
O=C(NC[C@H]1[C@H]2C[C@@H](Oc3ccnc4ccc(F)cc34)C[C@@H]12)c1ccc(Cl)cc1,5.17
O=C(NC[C@H]1[C@H]2C[C@H](Oc3ccnc4ccc(F)cc34)C[C@@H]12)c1ccc(Cl)cc1,5.68
O=C(NCc1cc(Cl)ccc1-n1cnnn1)[C@@H]1CC=NN1C(=O)[C@H](O)c1ccccc1,4.55
O=C(NCc1cc(F)cc2c1OCCO2)[C@H]1C[C@@H]1[C@H](NP(=O)(c1ccccc1)c1ccccc1)c1ccccc1,5.4
O=C(NCc1ccc(Br)cc1)Nc1ccc(-c2ccnc3[nH]cnc23)cc1,6.57
O=C(NCc1ccc(Cl)cc1)c1ccc(Cl)cc1[N+](=O)[O-],4.9
O=C(NCc1ccc(F)cc1)C(c1ccncc1)N(C(=O)c1csnn1)C1CC1,5.7
O=C(NCc1ccc(F)cc1)C1CCN(S(=O)(=O)N2CCCCC2)CC1,4.85
O=C(NCc1ccc(F)cc1)Nc1ccc(-c2ccnc3[nH]cnc23)cc1,6.55
O=C(NCc1ccc(F)cc1)c1cnc(Nc2cccc(Cl)c2)nc1C(F)(F)F,5.3
O=C(NCc1ccc(S(=O)(=O)c2cccc(C(F)(F)F)c2)cc1)c1cnc2[nH]ncc2c1,5.074999999999999
O=C(NCc1ccc2c(c1)OCO2)C1CC(=O)N(C2CCCC2)C1,5.35
O=C(NCc1ccc2c(c1)OCO2)C1CC(c2cccc(Br)c2)=NO1,6.15
O=C(NCc1ccc2c(c1)OCO2)c1cc(-c2ccc(Cl)cc2Cl)on1,6.0
O=C(NCc1ccc2sccc2c1)[C@@H]1CN(c2ncnc3nn(-c4ccc(C(F)(F)F)cc4)cc23)CCN1,4.87
O=C(NCc1cccc(C(F)(F)F)c1)c1cc(Cl)cc(Cl)c1,4.85
O=C(NCc1cccc2c1OCCO2)c1ccc(-c2ccncc2)cc1,7.1
O=C(NCc1cccc2ccccc12)[C@H]1C[C@@H]1[C@H](NP(=O)(c1ccccc1)c1ccccc1)c1ccccc1,6.0
O=C(NCc1ccccc1)C(c1ccc(F)cc1)N(Cc1ccco1)C(=O)c1ccccn1,5.65
O=C(NCc1ccccc1)C(c1cccs1)N(Cc1cccs1)C(=O)c1cnccn1,6.05
O=C(NCc1ccccc1)C(c1ccncc1)N(C(=O)c1csnn1)C1CC1,5.55
O=C(NCc1ccccc1)C12CN(Cc3ccccc3)CC1C(c1cccc([N+](=O)[O-])c1)=NO2,5.15
O=C(NCc1ccccc1)[C@@H]1C[C@H]1[C@@H](NP(=O)(c1ccccc1)c1ccccc1)c1ccccc1,5.4
O=C(NCc1ccccc1)[C@H]1C[C@@H]1[C@H](NP(=O)(c1ccccc1)c1ccccc1)c1ccccc1,4.9
O=C(NCc1ccccc1)c1ccc(Cl)cc1[N+](=O)[O-],4.65
O=C(NCc1ccccc1)c1ccc(S(=O)(=O)N2CCCc3ccccc32)cc1,5.0
O=C(NCc1ccccc1)c1onc(CSc2ccc(F)cc2)c1C(=O)NCCCN1CCOCC1,5.6
O=C(NCc1ccccc1)c1sc(=S)n2c1[nH]c(=O)c1ccccc12,5.4
O=C(NCc1ccccc1C(F)(F)F)C1CC(c2ccccc2[N+](=O)[O-])=NO1,4.8
O=C(NCc1ccccc1Cl)C1CCN(S(=O)(=O)N2CCC3(CC2)OCCO3)CC1,4.85
O=C(NCc1ccccc1Cl)c1ccc2c(=O)n(CCCN3CCCC3=O)c(=S)[nH]c2c1,4.8
O=C(NCc1ccccc1Cl)c1cnccn1,6.0
O=C(NCc1ccccn1)C1CC(c2ccc(Cl)c(Cl)c2)=NO1,4.6
O=C(NCc1ccccn1)[C@@H]1C[C@H]1[C@@H](NP(=O)(c1ccccc1)c1ccccc1)c1ccccc1,4.8
O=C(NCc1ccccn1)[C@H]1C[C@@H]1[C@H](NP(=O)(c1ccccc1)c1ccccc1)c1ccccc1,5.1
O=C(NCc1ccccn1)c1c2n(c3c(N4CCN(CCc5ccc(F)c(F)c5)CC4)ncnc13)CCCC2,4.52
O=C(NCc1ccccn1)c1cc(-c2ccccc2Cl)on1,4.8
O=C(NCc1ccccn1)c1cccc([N+](=O)[O-])c1,4.75
O=C(NCc1cccnc1)/C(=C/c1ccc(-c2cccc(Cl)c2)o1)S(=O)(=O)c1ccccc1,6.3
O=C(NCc1cccnc1)C1CC2c3ccccc3C1c1ccccc12,5.35
O=C(NCc1cccnc1)C1COc2ccccc2O1,5.3
O=C(NCc1cccnc1)C1c2ccccc2C(=O)N1C1CCCCCCC1,5.7
O=C(NCc1cccnc1)c1sc2cc(Cl)ccc2c1Cl,6.05
O=C(NCc1ccco1)C(c1ccccc1)N(C(=O)Cc1cccs1)c1ccccc1F,6.1
O=C(NCc1ccco1)Nc1cccs1,4.7
O=C(NCc1cccs1)C1CCN(S(=O)(=O)c2cccc3nsnc23)CC1,4.9
O=C(NCc1ccncc1)c1ccc(Oc2ccc(Cl)cc2)cc1,6.0
O=C(NCc1ccncc1)c1ccc(Oc2ccc(F)cc2)cc1,6.0
O=C(NCc1ccncc1)c1ccc(Oc2ccccc2)cc1,6.0
O=C(NCc1ccncc1)c1nc(CS(=O)(=O)c2ccccc2)no1,4.84
O=C(NCc1cn(-c2ccccc2)nc1-c1ccccc1)c1cc([N+](=O)[O-])cc([N+](=O)[O-])c1,5.6
O=C(NCc1nc2ccccc2[nH]1)[C@H]1C[C@@H]1[C@H](NP(=O)(c1ccccc1)c1ccccc1)c1ccccc1,6.1
O=C(NCc1nc2cccnc2n1C1(c2ccccc2)CC1)[C@@H](Cc1c(F)ccc(F)c1F)NC(=O)C1(C(F)(F)F)CC1,6.01
O=C(NCc1nc2cccnc2n1C1(c2ccccc2)CC1)[C@@H](Cc1ccccc1C(F)(F)F)NC(=O)C1(C(F)(F)F)CC1,5.72
O=C(NCc1nnc(S)n1-c1cccc(Cl)c1)c1ccc(S(=O)(=O)N2CCCC2)cc1,5.35
O=C(NCc1nnc(S)n1-c1ccccc1)c1ccc(S(=O)(=O)N2CCOCC2)cc1,4.5
O=C(NN=C1C2CC3CC(C2)CC1C3)c1cc(Cl)ccc1O,4.95
O=C(NN=C1C2CC3CC(C2)CC1C3)c1ccncc1,4.6
O=C(NN=C1c2ccccc2-c2ccccc21)c1ccccn1,4.85
O=C(NNC(=O)C1CC(c2cccnc2)=NO1)Nc1cccc(F)c1,4.85
O=C(NNC(=O)C1CCN(S(=O)(=O)c2ccc(Cl)cc2)CC1)c1ccc(Cl)cc1,5.45
O=C(NNC(=O)c1cc2cc3ccccc3nc2s1)c1cccc(C(F)(F)F)c1,5.9
O=C(NNC(=O)c1ccc2c(c1)C(=O)N(C1CCCCC1)C2=O)c1cccnc1,4.95
O=C(NNC(=O)c1ccccc1-n1cccc1)c1ccc(Cl)c(Cl)c1,4.8
O=C(NNC(=O)c1sc2ccccc2c1Cl)Nc1ccc(Cl)cc1,4.9
O=C(NNC(=S)NCc1ccco1)c1ccc(Cl)s1,4.65
O=C(NNS(=O)(=O)c1cc(Cl)cc(Cl)c1)c1sccc1-n1cccc1,5.1
O=C(NNS(=O)(=O)c1ccc(Cl)cc1)c1cnn(-c2ccccc2)c1-n1cccc1,4.6
O=C(NNS(=O)(=O)c1ccc(Cl)cc1)c1sccc1-n1cccc1,4.6
O=C(NNS(=O)(=O)c1ccc2ccccc2c1)c1ccccc1F,4.97
O=C(NNS(=O)(=O)c1ccccc1)c1cccnc1,5.4
O=C(NNc1cccc(Cl)n1)Nc1ccc(Cl)cc1,4.85
O=C(NNc1cccc(Cl)n1)Nc1ccccc1Cl,4.9
O=C(NO)c1ccc(-c2ccc(CNCc3ccccc3)cn2)s1,4.58
O=C(NO)c1ccc(-c2ccn(CCNCc3ccc4c(c3)OCO4)n2)s1,5.285
O=C(NO)c1ccc(Cn2nnnc2-c2cccs2)cc1,4.32
O=C(NO)c1cnc(N2C[C@@H]3[C@H](C2)[C@H]3NCc2ccc3cc(F)ccc3n2)nc1,5.0
O=C(NO)c1cnc(N2C[C@@H]3[C@H](C2)[C@H]3NS(=O)(=O)c2ccc3ccccc3c2)nc1,5.0
O=C(NOCCO)c1ccc2cnsc2c1Nc1ccc(I)cc1F,5.05
O=C(NS(=O)(=O)c1ccc(NCC2CCOCC2)c([N+](=O)[O-])c1)c1ccc(N2CCC3(CC2)CC(N2CCC[C@H]2c2ccccc2C2CC2)C3)cc1Oc1cnc2[nH]ccc2c1,5.1
O=C(N[C@@H](CC[C@@H](Cc1ccccc1)NC(=O)[C@H](CO)NC(=O)N(Cc1cncs1)C1CC1)Cc1ccccc1)OCc1cncs1,7.1
O=C(N[C@@H](CNC[C@@H](Cc1ccccc1)NC(=O)OCc1nccs1)Cc1ccccc1)OCc1cncs1,7.0
O=C(N[C@@H](Cc1c[nH]c2ccc(O)cc12)c1cscn1)c1ccc2c(c1)nc(-c1ccoc1)n2C1CCCCC1,6.380000000000001
O=C(N[C@@H](Cc1ccc2[nH]ncc2c1)C(=O)N1CCC(N2CCCCC2)CC1)N1CCC(N2Cc3ccccc3NC2=O)CC1,5.14
O=C(N[C@@H](Cc1ccccc1)C(=O)CCl)OCc1ccccc1,5.9
O=C(N[C@@H](Cc1ccccc1)CN(CC1CC1)C[C@H](Cc1ccccc1)NC(=O)OCc1nccs1)OCc1cncs1,7.28
O=C(N[C@@H](Cc1ccccc1)CN(Cc1c[nH]cn1)C[C@H](Cc1ccccc1)NC(=O)OCc1nccs1)OCc1cncs1,7.18
O=C(N[C@@H](Cc1ccccc1)CN(Cc1ccccc1)C[C@H](Cc1ccccc1)NC(=O)OCc1nccs1)OCc1cncs1,6.87
O=C(N[C@@H](Cc1ccccc1)CN(Cc1cccnc1)C[C@H](Cc1ccccc1)NC(=O)OCc1nccs1)OCc1cncs1,7.18
O=C(N[C@@H](Cc1ccccc1)CN(Cc1ccncc1)C[C@H](Cc1ccccc1)NC(=O)OCc1nccs1)OCc1cncs1,7.31
O=C(N[C@@H](Cc1ccccc1)[C@H](O)CN(CC1CCC(F)(F)CC1)C(=O)c1ccc2nc(N3CCCC3)oc2c1)OCc1cncs1,7.52
O=C(N[C@@H](Cc1ccccc1)[C@H](O)CN(CC1CCCCC1)C(=O)c1ccc2nc(N3CCCC3)oc2c1)OCc1cncs1,7.58
O=C(N[C@@H](Cc1ccccc1)[C@H](O)CN(CCN1CCCC1)C(=O)c1ccc2nc(N3CCCC3)oc2c1)OCc1cncs1,6.89
O=C(N[C@@H](Cc1ccccc1)[C@H](O)CN(CCN1CCOCC1)C(=O)c1ccc2nc(N3CCCC3)oc2c1)OCc1cncs1,6.92
O=C(N[C@@H](c1ccccc1)[C@@H]1C[C@H]1C(=O)NCc1ccccc1)OCc1ccccc1,4.8
O=C(N[C@@H](c1ccccc1)[C@@H]1C[C@H]1C(=O)NCc1ccccn1)OCc1ccccc1,5.2
O=C(N[C@@H](c1ccccc1F)C1CC1)c1ccc2[nH]nc(-c3ccc(N4C5CCC4COC5)cc3)c2c1,6.62
O=C(N[C@@H](c1ccccn1)C1CC1)c1ccc2[nH]nc(-c3ccc(N4C5CCC4COC5)cc3)c2c1,5.85
O=C(N[C@@H](c1ccccn1)C1CC1)c1ccc2[nH]nc(-c3ccc(N4[C@H]5CC[C@H]4CC(O)C5)cc3)c2c1,5.869999999999999
O=C(N[C@@H](c1ccccn1)C1CCCC1)c1ccc2[nH]nc(-c3ccc(N4C5CCC4COC5)cc3)c2c1,6.44
O=C(N[C@@H](c1ccccn1)C1CCCC1)c1ccc2[nH]nc(-c3ccc(N4[C@H]5CC[C@H]4CC(O)C5)cc3)c2c1,6.64
O=C(N[C@@H](c1ccccn1)C1CCCC1)c1ccc2[nH]nc(-c3ccc(N4[C@H]5COC[C@H]4CC(O)C5)cc3)c2c1,6.48
O=C(N[C@@H]1CC[C@@]2(S(=O)(=O)c3ccc(F)cc3)c3ccc(C(F)(C(F)(F)F)C(F)(F)F)cc3CC[C@@H]12)C1CCS(=O)(=O)CC1,5.24
O=C(N[C@H](CC1CC1)c1ccccn1)c1ccc2[nH]nc(-c3ccc(N4[C@H]5CC[C@H]4CC(O)C5)cc3)c2c1,5.89
O=C(N[C@H](CC[C@H](Cc1ccccc1)NC(=O)[C@H](CO)NC(=O)N(Cc1cncs1)C1CC1)Cc1ccccc1)OCc1cncs1,6.92
O=C(N[C@H](CNC[C@@H](Cc1ccccc1)NC(=O)OCc1nccs1)Cc1ccccc1)OCc1cncs1,7.05
O=C(N[C@H](CNC[C@H](Cc1ccccc1)NC(=O)OCc1nccs1)Cc1ccccc1)OCc1cncs1,6.83
O=C(N[C@H](CO)[C@H](O)c1ccc([N+](=O)[O-])cc1)C(Cl)Cl,4.97
O=C(N[C@H](Cc1cc(Br)c(O)c(Br)c1)C(=O)N1CCC(N2CCCCC2)CC1)N1CCC(n2c(=O)[nH]c3ccccc32)CC1,5.62
O=C(N[C@H](Cc1cc(Br)c2[nH]c(=O)oc2c1)C(=O)N1CCC(N2CCCCC2)CC1)N1CCC(N2Cc3ccccc3NC2=O)CC1,5.14
O=C(N[C@H](Cc1cc(Cl)c2[nH]c(=O)oc2c1)C(=O)N1CCC(N2CCCCC2)CC1)N1CCC(N2Cc3ccccc3NC2=O)CC1,4.77
O=C(N[C@H](Cc1cc(I)c2[nH]c(=O)oc2c1)C(=O)N1CCC(N2CCCCC2)CC1)N1CCC(N2Cc3ccccc3NC2=O)CC1,4.88
O=C(N[C@H](Cc1cc2oc(=O)[nH]c2cc1Br)C(=O)N1CCC(N2CCCCC2)CC1)N1CCC(N2Cc3ccccc3NC2=O)CC1,5.195
O=C(N[C@H](Cc1cc2oc(=O)[nH]c2cc1Cl)C(=O)N1CCC(N2CCCCC2)CC1)N1CCC(N2Cc3ccccc3NC2=O)CC1,5.3
O=C(N[C@H](Cc1ccc(-c2ccccc2)cc1)C(=O)N1CCC(N2CCCCC2)CC1)N1CCC(n2c(=O)[nH]c3ccccc32)CC1,5.89
O=C(N[C@H](Cc1ccc2[nH]c(=O)oc2c1)C(=O)N1CCC(N2CCCCC2)CC1)N1CCC(N2Cc3ccccc3NC2=O)CC1,4.52
O=C(N[C@H](Cc1ccc2[nH]ncc2c1)C(=O)N1CCC(N2CCCCC2)CC1)N1CCC(N2Cc3ccccc3NC2=O)CC1,5.4
O=C(N[C@H](Cc1ccc2[nH]nnc2c1)C(=O)N1CCC(N2CCCCC2)CC1)N1CCC(N2Cc3ccccc3NC2=O)CC1,4.64
O=C(N[C@H](Cc1ccc2ccccc2c1)C(=O)N1CCC(N2CCCCC2)CC1)N1CCC(n2c(=O)[nH]c3ccccc32)CC1,7.52
O=C(N[C@H](Cc1cccc2ccccc12)C(=O)N1CCC(N2CCCCC2)CC1)N1CCC(n2c(=O)[nH]c3ccccc32)CC1,7.52
O=C(N[C@H](Cc1ccccc1)CN(Cc1ccccc1)C[C@@H](Cc1ccccc1)NC(=O)OCc1nccs1)OCc1cncs1,7.22
O=C(N[C@H](Cc1ccccc1)CN(Cc1ccccc1)C[C@H](Cc1ccccc1)NC(=O)OCc1cncs1)OCc1nccs1,7.06
O=C(N[C@H](Cc1ccccc1)CN(Cc1cnc2ccccc2c1)C[C@H](Cc1ccccc1)NC(=O)OCc1cncs1)OCc1nccs1,7.16
O=C(N[C@H](Cc1ccccc1C(F)(F)F)C(=O)NCc1nc2cccnc2n1C1(c2ccccc2)CC1)c1ccccc1OC(F)(F)F,5.75
O=C(N[C@H](Cc1csc2ccccc12)C(=O)N1CCC(N2CCCCC2)CC1)N1CCC(N2Cc3ccccc3NC2=O)CC1,6.57
O=C(N[C@H](Cc1csc2ccccc12)C(=O)N1CCC(N2CCCCC2)CC1)N1CCC(n2c(=O)[nH]c3ccccc32)CC1,6.57
O=C(N[C@H](c1ccccn1)C1CC1)c1ccc2[nH]nc(-c3ccc(N4[C@H]5CC[C@H]4CC(O)C5)cc3)c2c1,5.725
O=C(N[C@H](c1ccccn1)C1CCCC1)c1ccc2[nH]nc(-c3ccc(N4C5CCC4COC5)cc3)c2c1,6.03
O=C(N[C@H](c1ccccn1)C1CCCC1)c1ccc2[nH]nc(-c3ccc(N4[C@H]5CC[C@H]4CC(O)C5)cc3)c2c1,6.095
O=C(N[C@H](c1ncccn1)C1CCCC1)c1ccc2[nH]nc(-c3ccc(N4[C@H]5CC[C@H]4CC(O)C5)cc3)c2c1,6.03
O=C(N[C@H]1CC[C@@H](C(O)CC2c3ccccc3-c3cncn32)CC1)c1ccccc1,5.96
O=C(N[C@H]1CC[C@H](C(O)CC2c3ccccc3-c3cncn32)CC1)c1ccccc1,5.92
O=C(N[C@H]1CC[C@H](O)CC1)[C@H](C1CCCCC1)n1c(-c2ccc(Cl)cc2)nc2cc(F)c(F)cc21,4.48
O=C(N[C@H]1CN2CCC1CC2)c1c[nH]c2ccsc2c1=O,5.03
O=C(N[C@H]1c2ccccc2OC[C@H]1O)[C@H](Cc1ccccc1)C[C@H](O)CN1CCN(Cc2ccc(-c3ccccn3)o2)C[C@H]1C(=O)NCC(F)(F)F,5.28
O=C(N[C@H]1c2ccccc2OC[C@H]1O)[C@H](Cc1ccccc1)C[C@H](O)CN1CCN(Cc2ccc(-c3cccnc3)o2)C[C@H]1C(=O)NCC(F)(F)F,6.36
O=C(N[C@H]1c2ccccc2OC[C@H]1O)[C@H](Cc1ccccc1)C[C@H](O)CN1CCN(Cc2ccc(-c3ccncc3)o2)C[C@H]1C(=O)NCC(F)(F)F,6.5
O=C(N[C@H]1c2ccccc2OC[C@H]1O)[C@H](Cc1cccnc1)C[C@H](O)CN1CCN(CC2=CC3C=CSC3S2)C[C@H]1C(=O)NCC(F)(F)F,6.51
O=C(N[C@H]1c2ccccc2OC[C@H]1O)[C@H](Cc1cccnc1)C[C@H](O)CN1CCN(Cc2cc3cccc(Cl)c3o2)C[C@H]1C(=O)NCC(F)(F)F,6.3
O=C(N[C@H]1c2ccccc2OC[C@H]1O)[C@H](Cc1cccnc1)C[C@H](O)CN1CCN(Cc2cc3ccccc3o2)C[C@H]1C(=O)NCC(F)(F)F,6.32
O=C(N[C@H]1c2ccccc2OC[C@H]1O)[C@H](Cc1cccnc1)C[C@H](O)CN1CCN(Cc2ccc(-c3ccccc3)o2)C[C@H]1C(=O)NCC(F)(F)F,6.37
O=C(N[C@H]1c2ccccc2OC[C@H]1O)[C@H](Cc1cccnc1)C[C@H](O)CN1CCN(Cc2ccn(-c3ccc(Cl)cc3)c2)C[C@H]1C(=O)NCC(F)(F)F,7.3
O=C(N[C@H]1c2ccccc2OC[C@H]1O)[C@H](Cc1cccnc1)C[C@H](O)CN1CCN(Cc2ccn(-c3ccc(F)c(F)c3F)c2)C[C@H]1C(=O)NCC(F)(F)F,7.3
O=C(N[C@H]1c2ccccc2OC[C@H]1O)[C@H](Cc1cccnc1)C[C@H](O)CN1CCN(Cc2ccn(-c3cccc(Cl)c3)c2)C[C@H]1C(=O)NCC(F)(F)F,7.1
O=C(N[C@H]1c2ccccc2OC[C@H]1O)[C@H](Cc1cccnc1)C[C@H](O)CN1CCN(Cc2ccn(-c3ccccc3)c2)C[C@H]1C(=O)NCC(F)(F)F,6.4
O=C(N[C@H]1c2ccccc2OC[C@H]1O)[C@H](Cc1ccncc1)C[C@H](O)CN1CCN(CC2=CC3C=CSC3S2)C[C@H]1C(=O)NCC(F)(F)F,6.33
O=C(N[C@H]1c2ccccc2OC[C@H]1O)[C@H](Cc1ccncc1)C[C@H](O)CN1CCN(Cc2cc3ccccc3o2)C[C@H]1C(=O)NCC(F)(F)F,5.66
O=C(N[C@H]1c2ccccc2OC[C@H]1O)[C@H](Cc1ccncc1)C[C@H](O)CN1CCN(Cc2ccc(-c3ccccc3)o2)C[C@H]1C(=O)NCC(F)(F)F,5.82
O=C(Nc1c(C(=O)N2CCCCC2)cnn1-c1ccccc1)c1ccco1,4.75
O=C(Nc1c2c(nn1-c1ccc(F)cc1)CS(=O)(=O)C2)C12CC3CC(CC(C3)C1)C2,5.05
O=C(Nc1c[nH]nc1-c1cccc(Cl)c1)c1cnn2cccnc12,5.14
O=C(Nc1cc(-c2nc3ccccc3s2)ccc1Cl)c1ccc2c(c1)OCO2,5.65
O=C(Nc1cc(C(=O)Nc2ccc(S(=O)(=O)[O-])cc2S(=O)(=O)[O-])cc(C(=O)Nc2ccc(S(=O)(=O)[O-])cc2S(=O)(=O)[O-])c1)Nc1cc(C(=O)Nc2ccc(S(=O)(=O)[O-])cc2S(=O)(=O)[O-])cc(C(=O)Nc2ccc(S(=O)(=O)[O-])cc2S(=O)(=O)[O-])c1.[Na+].[Na+].[Na+].[Na+].[Na+].[Na+].[Na+].[Na+],5.7
O=C(Nc1cc(Sc2ccccn2)cc([N+](=O)[O-])c1)c1ccc(Cl)cc1,5.1
O=C(Nc1cc(Sc2ccccn2)cc([N+](=O)[O-])c1)c1ccc([N+](=O)[O-])cc1,5.1
O=C(Nc1ccc(-c2ccc(F)cn2)cc1)c1cc2sc(NCCN3CCOCC3)nc2s1,5.16
O=C(Nc1ccc(-c2ccc(O)cc2)cc1)Nc1ccc(-c2ccnc3[nH]cnc23)cc1,7.52
O=C(Nc1ccc(-c2cccc3ccccc23)cc1)Nc1ccc(-c2ccnc3[nH]cnc23)cc1,5.77
O=C(Nc1ccc(-c2ccccc2)cc1)Nc1ccc(-c2ccnc3[nH]cnc23)cc1,7.58
O=C(Nc1ccc(-c2cccnc2)cc1)Nc1ccc(-c2ccnc3[nH]cnc23)cc1,6.66
O=C(Nc1ccc(-c2ccnc3[nH]cnc23)cc1)Nc1cccc(Br)c1,7.04
O=C(Nc1ccc(-c2ccnc3[nH]cnc23)cc1)Nc1cccc(C(=O)N2CCCCC2)c1,7.1
O=C(Nc1ccc(-c2ccnc3[nH]cnc23)cc1)Nc1cccc(C(=O)N2CCOCC2)c1,6.54
O=C(Nc1ccc(-c2ccnc3[nH]cnc23)cc1)Nc1cccc(C(=O)NC2CCCC2)c1,7.16
O=C(Nc1ccc(-c2ccnc3[nH]cnc23)cc1)Nc1cccc(C(=O)Nc2ccccc2)c1,7.28
O=C(Nc1ccc(-c2ccnc3[nH]cnc23)cc1)Nc1cccc(Cl)c1,6.32
O=C(Nc1ccc(-c2ccnc3[nH]cnc23)cc1)Nc1cccc(F)c1,6.15
O=C(Nc1ccc(-c2ccnc3[nH]cnc23)cc1)Nc1cccc([N+](=O)[O-])c1,7.21
O=C(Nc1ccc(-c2ccnc3[nH]cnc23)cc1)Nc1ccccc1Cl,6.22
O=C(Nc1ccc(-c2ccncc2)cc1)Nc1ccc(-c2ccnc3[nH]cnc23)cc1,6.44
O=C(Nc1ccc(-c2nc3ccccc3[nH]2)cc1)c1ccc2c(c1)OCO2,5.6
O=C(Nc1ccc(-c2nc3ccccc3o2)cc1)c1ccc(N2CCOCC2)c([N+](=O)[O-])c1,4.95
O=C(Nc1ccc(-c2nc3ccccc3o2)cc1)c1cccnc1,5.25
O=C(Nc1ccc(-c2nnc(NCCCCN3CCOCC3)o2)c(F)c1)c1ccccc1F,4.19
O=C(Nc1ccc(-c2nnn[nH]2)cc1F)[C@H](C1CCCCC1)n1c(-c2ccc(Cl)cc2)nc2cc(F)c(F)cc21,5.11
O=C(Nc1ccc(-n2nncc2-c2ccco2)cc1)c1cc2ccccc2oc1=O,5.35
O=C(Nc1ccc(-n2nncc2-c2ccco2)cc1)c1ccc(F)cc1,6.15
O=C(Nc1ccc(Br)cc1)Nc1ccc(-c2ccnc3[nH]cnc23)cc1,6.68
O=C(Nc1ccc(Br)cc1)c1ccc(CSC2=NCCS2)cc1,5.45
O=C(Nc1ccc(Cc2ccncc2)cc1)c1ccc(S(=O)(=O)N2CCOCC2)cc1,6.0
O=C(Nc1ccc(Cl)c(C(F)(F)F)c1)C1CCCN(S(=O)(=O)c2c[nH]cn2)C1,6.9
O=C(Nc1ccc(Cl)c(Cl)c1)N1CCC(N2CCCCC2)CC1,4.65
O=C(Nc1ccc(Cl)c(Cl)c1)N1CCN(C[C@@H]2CCCN(C3CC3)C2)CC1,5.8
O=C(Nc1ccc(Cl)cc1)C1CCN(C(=O)NC2CCCCC2)CC1,4.85
O=C(Nc1ccc(Cl)cc1)N1CCc2[nH]c3ccccc3c2C1,4.85
O=C(Nc1ccc(Cl)cc1)Nc1ccc(-c2ccnc3[nH]cnc23)cc1,6.51
O=C(Nc1ccc(Cl)cc1)OC(CN1CCCCC1)C(F)(F)F,4.95
O=C(Nc1ccc(Cl)cc1)OCCn1nnnc1C(c1ccccc1Cl)N1CCOCC1,6.05
O=C(Nc1ccc(Cl)cc1C(=O)c1ccccc1)c1ccco1,4.65
O=C(Nc1ccc(Cl)cc1Cl)c1cccc(N2C(=O)C=CC2=O)c1,5.9
O=C(Nc1ccc(Cl)cc1Cl)c1cn[nH]n1,4.24
O=C(Nc1ccc(F)c(-c2nc3cc(-c4ccccc4)cnc3[nH]2)c1)N1CCCC1,5.82
O=C(Nc1ccc(F)cc1)N1N=C(c2ccncc2)CC1c1ccc(F)cc1,5.25
O=C(Nc1ccc(F)cc1)Nc1nnc(-c2ccncc2)s1,5.95
O=C(Nc1ccc(F)cc1)c1cc(S(=O)(=O)N2CCCCC2)cs1,4.85
O=C(Nc1ccc(F)cc1)c1ccc(-n2ccnc2)nc1,6.9
O=C(Nc1ccc(F)cc1Cl)c1ccc2c(=O)n3c(nc2c1)CCCCC3,5.35
O=C(Nc1ccc(F)cc1F)c1cccn1-c1ncc(C(F)(F)F)cc1Cl,4.55
O=C(Nc1ccc(F)cn1)c1cc(Cl)cc(Oc2cncc(F)c2)c1,5.89
O=C(Nc1ccc(F)cn1)c1cc(Cl)cc(Oc2cncnc2)c1,5.21
O=C(Nc1ccc(F)cn1)c1cc(Oc2cnc(F)c(F)c2)cn2ncnc12,4.64
O=C(Nc1ccc(F)cn1)c1cc(Oc2cncc(F)c2)cn2ccnc12,5.41
O=C(Nc1ccc(F)cn1)c1cc(Oc2cncc(F)c2)cn2cnnc12,4.75
O=C(Nc1ccc(N(Cc2ccsc2)C(=O)Cn2nnc3ccccc32)cc1)C1CC1,5.34
O=C(Nc1ccc(N2CCCCC2)cc1)c1cncc(Br)c1,5.85
O=C(Nc1ccc(N2CCN(C(=O)Nc3ccccc3Cl)CC2)nc1)c1oc(N2CCCCC2)nc1C(F)(F)F,5.3
O=C(Nc1ccc(OC(=O)c2cccnc2)cc1)c1cccnc1,4.9
O=C(Nc1ccc(OC(F)(F)F)cc1)c1n[nH]c(Cn2cncn2)n1,4.8
O=C(Nc1ccc(OC(F)(F)F)cc1)c1sccc1NCc1ccnc2ccccc12,4.62
O=C(Nc1ccc(Oc2ccc(F)cc2)cc1)[C@@H]1C[C@@H](Cc2ccc(F)cc2)CN1C(=O)Cn1cncn1,4.9
O=C(Nc1ccc(Oc2ccc(F)cc2)cc1)[C@@H]1C[C@@H](Cc2ccccc2)CN1C(=O)Cc1cnc[nH]1,5.15
O=C(Nc1ccc(Oc2ccc(F)cc2)cc1)[C@@H]1C[C@@H](c2ccccc2)CN1C(=O)Cc1cnc[nH]1,6.52
O=C(Nc1ccc(S(=O)(=O)N2CC3CCC(C2)O3)cc1)[C@@H]1C[C@H]1c1cccnc1,5.324999999999999
O=C(Nc1ccc(S(=O)(=O)c2cccc(OC(F)(F)F)c2)cc1)[C@@H]1C[C@H]1c1cccnc1,6.62
O=C(Nc1ccc(S(=O)(=O)c2ccccc2)cc1)[C@@H]1C[C@H]1c1cccnc1,6.4399999999999995
O=C(Nc1ccc(S(=O)(=O)c2ccccc2)cc1)[C@H]1C[C@@H]1c1cccnc1,6.609999999999999
O=C(Nc1ccc(S(=O)(=O)c2cnn(C3CCOCC3)c2)cc1)[C@@H]1C[C@H]1c1cccnc1,5.8
O=C(Nc1ccc(SC(F)(F)F)c(Cl)c1)c1ccc(CN2CCCCC2)cc1,4.82
O=C(Nc1ccc([N+](=O)[O-])cc1)/C(=C/c1cccc([N+](=O)[O-])c1)NC(=O)C1CCCCC1,6.25
O=C(Nc1ccc([N+](=O)[O-])cc1Cl)c1cc(Cl)ccc1O,5.5
O=C(Nc1ccc2[nH]c(-c3ccc(Br)o3)nc2c1)c1ccco1,4.85
O=C(Nc1ccc2c(c1)NC(=O)C(CCO)O2)C1CCN(c2cc(F)c(F)c(F)c2)CC1,5.43
O=C(Nc1ccc2c(c1)OCCO2)c1cc2sccc2n1Cc1ccc(F)cc1,5.3
O=C(Nc1ccc2c(c1)OCCO2)c1cc2sccc2n1Cc1ccccc1,5.2
O=C(Nc1ccc2c(c1)OCCO2)c1cccc2nc3ccccc3nc12,4.95
O=C(Nc1ccc2c(c1)OCO2)c1ccc[n+]([O-])c1,4.65
O=C(Nc1ccc2c(c1)nc1n2CCN(C2CCCCC2)C1)NC1CCCCC1,4.8
O=C(Nc1ccc2ccccc2c1)[C@H]1C[C@@H]1[C@H](NP(=O)(c1ccccc1)c1ccccc1)c1ccccc1,5.6
O=C(Nc1ccc2nc(SCc3ccc(Cl)cc3)sc2c1)c1ccccc1C(=O)N1CCOCC1,5.1
O=C(Nc1ccc2oc(-c3ccccc3F)nc2c1)c1ccc2c(c1)OCCO2,5.5
O=C(Nc1cccc(-c2cn3cccnc3n2)c1)c1ccco1,4.6
O=C(Nc1cccc(-c2cnc3ccccc3n2)c1)c1ccc(Cl)cc1,5.45
O=C(Nc1cccc(-c2nc3ccccc3s2)c1)c1ccc2c(c1)OCO2,5.65
O=C(Nc1cccc(-c2nc3ncccc3o2)c1)c1sc2ccccc2c1Cl,5.4
O=C(Nc1cccc(Br)c1)/C(=C\c1cccnc1)NC(=O)c1ccco1,6.3
O=C(Nc1cccc(C(=O)Nc2ccc(S(=O)(=O)[O-])c3cc(S(=O)(=O)[O-])cc(S(=O)(=O)[O-])c23)c1)Nc1cccc(C(=O)Nc2ccc(S(=O)(=O)[O-])c3cc(S(=O)(=O)[O-])cc(S(=O)(=O)[O-])c23)c1.[Na+].[Na+].[Na+].[Na+].[Na+].[Na+],5.8
O=C(Nc1cccc(C(F)(F)F)c1)C1CCCN(S(=O)(=O)c2c[nH]cn2)C1,6.75
O=C(Nc1cccc(C(F)(F)F)c1)C1CCCN1S(=O)(=O)c1cccc2cccnc12,4.95
O=C(Nc1cccc(C(F)(F)F)c1)N(Cc1ccc(Cl)cc1)CC(O)C(F)(F)F,4.65
O=C(Nc1cccc(C(F)(F)F)c1)c1cccn(Cc2ccc3c(c2)OC(F)(F)O3)c1=O,4.6
O=C(Nc1cccc(C(F)(F)F)c1)c1n[nH]c(Cn2cncn2)n1,4.6
O=C(Nc1cccc(Cl)c1)Nn1cnnc1,5.5
O=C(Nc1cccc(Cl)c1)OCc1cn(-c2ccc(Cl)cc2)nn1,4.85
O=C(Nc1cccc(Cl)c1N1CCCC1)c1cccc(-c2cc3ccccc3oc2=O)c1,5.2
O=C(Nc1cccc(Cl)n1)c1cc(Cl)cc(Oc2cncnc2)c1,5.72
O=C(Nc1cccc(F)c1)N1CC2(CCN(C(=O)Oc3ccccc3)CC2)C1,4.9
O=C(Nc1cccc(F)c1)N1CC2(CCN(C(=O)c3cc(C(F)(F)F)cc(C(F)(F)F)c3)CC2)C1,4.4
O=C(Nc1cccc(F)c1)N1CC2(CCN(C(=O)c3cccc(F)c3)CC2)C1,4.9
O=C(Nc1cccc(F)c1)N1CC2(CCN(C(=O)c3ccncc3)CC2)C1,4.9
O=C(Nc1cccc(F)c1)N1CCC2(CC1)CCN(C(=O)Oc1ccccc1)CC2,5.0
O=C(Nc1cccc(F)c1)N1CCC2(CC1)CCN(C(=O)c1cccc(F)c1)CC2,5.1
O=C(Nc1cccc(F)c1)N1CCC2(CC1)CCN(C(=O)c1ccco1)CC2,5.0
O=C(Nc1cccc(F)c1)N1CCC2(CC1)CCN(C(=O)c1ccncc1)CC2,4.9
O=C(Nc1cccc(F)c1)N1CCCC2(CCN(C(=O)Oc3ccccc3)CC2)C1,4.8
O=C(Nc1cccc(F)c1)N1CCCC2(CCN(C(=O)c3cc(C(F)(F)F)cc(C(F)(F)F)c3)CC2)C1,4.9
O=C(Nc1cccc(F)c1)N1CCCC2(CCN(C(=O)c3cccc(F)c3)CC2)C1,4.8
O=C(Nc1cccc(F)c1)N1CCCC2(CCN(C(=O)c3ccco3)CC2)C1,4.7
O=C(Nc1cccc(F)c1)N1CCCC2(CCN(C(=O)c3ccncc3)CC2)C1,5.2
O=C(Nc1cccc(F)c1)N1CCCC2(CCN(C(=O)c3cnccn3)CC2)C1,4.9
O=C(Nc1cccc(F)c1)N1CCCC2(CCN(C(=O)c3csnn3)CC2)C1,4.9
O=C(Nc1cccc(F)c1)N1CCCC2(CCN(S(=O)(=O)c3ccccc3)CC2)C1,4.9
O=C(Nc1cccc(F)c1)N1CCCC2(CCNCC2)C1,4.8
O=C(Nc1cccc(F)c1)N1CC[C@@]2(CCCN(C(=O)Oc3ccccc3)C2)C1,5.3
O=C(Nc1cccc(F)c1)N1CC[C@@]2(CCCN(C(=O)c3cc(C(F)(F)F)cc(C(F)(F)F)c3)C2)C1,4.8
O=C(Nc1cccc(F)c1)N1CC[C@@]2(CCCN(C(=O)c3cccc(F)c3)C2)C1,4.8
O=C(Nc1cccc(F)c1)N1CC[C@@]2(CCCN(C(=O)c3ccco3)C2)C1,5.0
O=C(Nc1cccc(F)c1)N1CC[C@@]2(CCCN(C(=O)c3ccncc3)C2)C1,4.9
O=C(Nc1cccc(F)c1)N1CC[C@@]2(CCCN(C(=O)c3cnccn3)C2)C1,4.9
O=C(Nc1cccc(F)c1)N1CC[C@@]2(CCCN(C(=O)c3csnn3)C2)C1,5.2
O=C(Nc1cccc(F)c1)N1CC[C@@]2(CCCN(S(=O)(=O)c3ccccc3)C2)C1,4.6
O=C(Nc1cccc(F)c1)N1CC[C@@]2(CCCNC2)C1,5.1
O=C(Nc1cccc(F)n1)c1cc(Oc2cncc(F)c2)cn2ccnc12,5.64
O=C(Nc1cccc(NC(=O)N2CCN(c3ccccc3)CC2)c1)N1CCN(c2ccccc2)CC1,5.2
O=C(Nc1cccc(NC(=O)c2ccc(-c3cccc(Br)c3)o2)c1)c1ccco1,5.3
O=C(Nc1cccc(NC(=O)c2ccccc2[N+](=O)[O-])n1)c1ccccc1[N+](=O)[O-],5.0
O=C(Nc1cccc([C@H]2CCCN(c3ncnc4[nH]ccc34)C2)c1)Nc1ccccc1N1CCCC1,6.0
O=C(Nc1cccc([N+](=O)[O-])c1)c1ccc(CSc2ccccc2)cc1,4.7
O=C(Nc1cccc2[nH]ncc12)c1ccc(F)cc1,4.8
O=C(Nc1cccc2ccccc12)/C(=C/c1ccc([N+](=O)[O-])cc1)NC(=O)c1ccccc1,5.95
O=C(Nc1cccc2ccccc12)c1ccccc1,5.5
O=C(Nc1cccc2ccccc12)c1cn(-c2ccccc2)nc1-c1cccs1,5.1
O=C(Nc1cccc2ncccc12)c1ccc(-c2ccc(Br)cc2)o1,5.55
O=C(Nc1cccc2ncccc12)c1cccc(F)c1,4.65
O=C(Nc1ccccc1)/C(=C\c1ccc2c(c1)OCO2)NC(=O)c1ccco1,4.7
O=C(Nc1ccccc1)/C(=C\c1ccncc1)NC(=O)c1ccccc1,6.1
O=C(Nc1ccccc1)N1CC2(CCN(C(=O)Oc3ccccc3)CC2)C1,4.8
O=C(Nc1ccccc1)N1CC2(CCN(C(=O)c3cccc(F)c3)CC2)C1,4.7
O=C(Nc1ccccc1)N1CC2(CCN(C(=O)c3ccncc3)CC2)C1,4.6
O=C(Nc1ccccc1)N1CCC(C(O)CC2c3ccccc3-c3cncn32)CC1,6.29
O=C(Nc1ccccc1)N1CCC2(CC1)CCN(C(=O)Oc1ccccc1)CC2,5.0
O=C(Nc1ccccc1)N1CCC2(CC1)CCN(C(=O)c1cccc(F)c1)CC2,4.9
O=C(Nc1ccccc1)N1CCC2(CC1)CCN(C(=O)c1ccco1)CC2,4.9
O=C(Nc1ccccc1)N1CCC2(CC1)CCN(C(=O)c1ccncc1)CC2,4.7
O=C(Nc1ccccc1)N1CCC2(CC1)CCN(S(=O)(=O)c1ccccc1)CC2,4.8
O=C(Nc1ccccc1)N1CCCC(c2nc(-c3ccc(F)cc3)no2)C1,4.85
O=C(Nc1ccccc1)N1CCCC2(CCN(C(=O)Oc3ccccc3)CC2)C1,4.8
O=C(Nc1ccccc1)N1CCCC2(CCN(C(=O)c3cc(C(F)(F)F)cc(C(F)(F)F)c3)CC2)C1,4.8
O=C(Nc1ccccc1)N1CCCC2(CCN(C(=O)c3cccc(F)c3)CC2)C1,4.8
O=C(Nc1ccccc1)N1CCCC2(CCN(C(=O)c3ccco3)CC2)C1,4.8
O=C(Nc1ccccc1)N1CCCC2(CCN(C(=O)c3cnccn3)CC2)C1,4.6
O=C(Nc1ccccc1)N1CCCC2(CCN(C(=O)c3csnn3)CC2)C1,4.8
O=C(Nc1ccccc1)N1CCCC2(CCN(S(=O)(=O)c3ccccc3)CC2)C1,5.3
O=C(Nc1ccccc1)N1CCCC2(CCNCC2)C1,4.7
O=C(Nc1ccccc1)N1CC[C@@]2(CCCN(C(=O)Oc3ccccc3)C2)C1,4.6
O=C(Nc1ccccc1)N1CC[C@@]2(CCCN(C(=O)c3cc(C(F)(F)F)cc(C(F)(F)F)c3)C2)C1,4.9
O=C(Nc1ccccc1)N1CC[C@@]2(CCCN(C(=O)c3cccc(F)c3)C2)C1,4.6
O=C(Nc1ccccc1)N1CC[C@@]2(CCCN(C(=O)c3ccncc3)C2)C1,4.8
O=C(Nc1ccccc1)N1CC[C@@]2(CCCN(C(=O)c3cnccn3)C2)C1,4.8
O=C(Nc1ccccc1)N1CC[C@@]2(CCCN(C(=O)c3csnn3)C2)C1,5.0
O=C(Nc1ccccc1)N[C@H]1C[C@H](C(=O)O)Nc2cc(Cl)cc(Cl)c21,4.6
O=C(Nc1ccccc1)Nc1ccc(-c2ccnc3[nH]cnc23)cc1,5.92
O=C(Nc1ccccc1)OC[C@H](CN1CCCCC1)OC(=O)Nc1ccccc1,5.1
O=C(Nc1ccccc1)c1cc(-c2ccccc2)nc2ccccc12,5.39
O=C(Nc1ccccc1)c1cc(-c2ccccn2)nc2ccccc12,4.84
O=C(Nc1ccccc1)c1cc(-c2ccncc2)nc2ccccc12,6.16
O=C(Nc1ccccc1)c1cc(-c2ccncn2)nc2ccccc12,5.66
O=C(Nc1ccccc1)c1cc(-c2cnccn2)nc2ccccc12,5.16
O=C(Nc1ccccc1)c1cc([N+](=O)[O-])ccc1Cl,4.6
O=C(Nc1ccccc1)c1ccccc1CC[N+](=O)[O-],5.1
O=C(Nc1ccccc1-n1ccnc1)c1cnc(-c2ccccc2)s1,5.7
O=C(Nc1ccccc1C(=O)NCC1CCCO1)c1ccc(Cl)cc1Cl,5.35
O=C(Nc1ccccc1C(=O)NCCc1ccccc1)c1ccco1,4.85
O=C(Nc1ccccc1C(=O)Nc1ccc(N2CCN(Cc3cccc(-c4cccnc4)c3)CC2)cc1)c1cc(=O)c2ccccc2o1,6.065
O=C(Nc1ccccc1C(=O)Nc1ccc2c(c1)OCO2)c1ccco1,5.9
O=C(Nc1ccccc1N1CCN(C(=O)c2ccc(Cl)cc2)CC1)c1cc(Br)ccc1Cl,5.4
O=C(Nc1ccccc1N1CCN(C(=O)c2ccccc2)CC1)c1cc(Br)ccc1Cl,5.45
O=C(Nc1ccccc1N1CCOCC1)c1cnccn1,4.85
O=C(Nc1ccccc1[N+](=O)[O-])C1C(c2ccccc2)=C1c1ccccc1,4.7
O=C(Nc1ccccn1)C(NS(=O)(=O)c1cccc2nsnc12)c1ccccc1,4.9
O=C(Nc1cccn(Cc2c(Cl)cccc2Cl)c1=O)c1ccc(Cl)cc1Cl,4.85
O=C(Nc1cccn(Cc2c(Cl)cccc2Cl)c1=O)c1ccccc1,4.5
O=C(Nc1cccn(Cc2ccc(F)cc2)c1=O)NC1CCCCC1,4.8
O=C(Nc1cccnc1)N1CCC(=Cc2cccc(Oc3ccc(C(F)(F)F)cn3)c2)CC1,5.734999999999999
O=C(Nc1cccnc1)c1c2n(c3c(N4CCN(CCc5ccc(F)c(F)c5)CC4)ncnc13)CCCC2,5.01
O=C(Nc1cccnc1)c1ccc(COc2cc(Cl)ccc2Cl)o1,5.35
O=C(Nc1cccnc1)c1ccc2snnc2c1,4.95
O=C(Nc1cccnc1Cl)C1c2ccccc2Oc2ccccc21,4.85
O=C(Nc1cccnn1)N1CCC(=Cc2cccc(Oc3ccc(C(F)(F)F)cn3)c2)CC1,4.52
O=C(Nc1ccn(-c2cn(Cc3cccc(C(F)(F)F)c3)cn2)c(=O)c1)c1cscn1,5.72
O=C(Nc1ccn(Cc2ccccc2F)n1)c1ccc(COc2cc(Cl)ccc2Cl)o1,6.05
O=C(Nc1ccnc(-c2cccnc2)n1)c1cccc(Cl)c1Cl,5.35
O=C(Nc1ccncc1)c1c(Cl)cccc1Cl,5.33
O=C(Nc1ccncc1)c1cc([N+](=O)[O-])ccc1Cl,5.9
O=C(Nc1ccncc1)c1cn(Cc2ccc(Cl)c(Cl)c2)c(=O)c2cnn(C3CCNCC3)c12,5.16
O=C(Nc1ccncc1-c1cccc(Cl)c1)c1cnn2cccnc12,6.7
O=C(Nc1ccnnc1)c1cc(N2CCOCC2)ccc1OCc1ccccc1,5.2
O=C(Nc1ccsc1C(=O)NC1CCCCC1)c1ccc(F)cc1,4.85
O=C(Nc1cnc(-c2ccncc2)c(-c2cccnc2)n1)C1CC1,5.3
O=C(Nc1cnc(-c2ccncc2)c(-c2ccco2)n1)C1CC1,4.6
O=C(Nc1cnc(-c2ccncc2)c(-c2ccncc2)n1)C1CC1,6.0
O=C(Nc1cnc(-c2ccncc2F)c(-c2cccnc2)n1)C1CC1,5.3
O=C(Nc1cnc(-c2ccncc2F)c(-c2ccncc2)n1)C1CC1,6.0
O=C(Nc1cnc(-c2ccncc2F)c(-c2cnco2)n1)C1CC1,5.3
O=C(Nc1cnccn1)N1CCC(=Cc2cccc(Oc3ccc(C(F)(F)F)cn3)c2)CC1,4.574999999999999
O=C(Nc1cnn(Cc2ccc(Cl)cc2Cl)c1)c1cc(-c2cccs2)on1,5.0
O=C(Nc1nc(-c2ccccc2)c(-c2ccccc2)o1)c1ccc(F)cc1,5.15
O=C(Nc1nc(-c2ccccc2)cs1)c1ccc(Br)o1,4.5
O=C(Nc1nc(-c2ccccc2)cs1)c1cccc([N+](=O)[O-])c1,5.0
O=C(Nc1nc2c(s1)CN(Cc1ccccc1)CC2)c1cccc(S(=O)(=O)N2CCc3ccccc32)c1,5.15
O=C(Nc1nc2ccc(O)cc2s1)c1c(F)ccc(O)c1F,4.27
O=C(Nc1nc2ccccc2n1CCN1CCCCC1)C1CCCCC1,4.75
O=C(Nc1nc2ccccc2n1Cc1ccccc1)c1ccc(COc2ccccc2[N+](=O)[O-])o1,5.35
O=C(Nc1nc[nH]n1)c1ccc([N+](=O)[O-])cc1[N+](=O)[O-],4.85
O=C(Nc1ncc(Cc2cc(Cl)ccc2Cl)s1)c1ccc([N+](=O)[O-])cc1,5.2
O=C(Nc1ncc(Cc2cccc(Cl)c2)s1)c1cccs1,4.8
O=C(Nc1ncc2c(n1)-c1ccccc1CC2)c1ccc(Cl)cc1,5.0
O=C(Nc1ncc2c(n1)-c1ccccc1CC2)c1ccc(F)cc1,4.55
O=C(Nc1ncc2c(n1)-c1ccccc1CC2)c1cccc(Cl)c1,5.1
O=C(Nc1ncc2c(n1)-c1ccccc1CC2)c1ccccc1,4.8
O=C(Nc1nccs1)C1Cc2ccccc2CN1S(=O)(=O)c1ccc(F)cc1,5.5
O=C(Nc1nccs1)c1sc2cc(Cl)ccc2c1Cl,5.0
O=C(Nc1nnc(C2CC2)s1)C1Cc2ccccc2CN1S(=O)(=O)c1ccccc1F,5.15
O=C(Nc1nnc(C2CC2)s1)c1cc(S(=O)(=O)N2CCN(c3ccccc3)CC2)ccc1Cl,5.7
O=C(Nc1nnc(C2CC2)s1)c1ccncc1,4.85
O=C(Nc1nnc(SCc2c(Cl)cccc2Cl)s1)C1CCCO1,4.9
O=C(Nc1nnc(SCc2ccc(Cl)cc2)s1)c1ccco1,4.5
O=C(Nc1nnc(SCc2ccc(Cl)cc2Cl)s1)C1COc2ccccc2O1,5.35
O=C(Nn1cc(C(=O)N2CCN(c3ccccc3F)CC2)c2ccccc2c1=O)c1cnccn1,4.55
O=C(O)/C(=C\c1ccccc1)Cc1ccccc1,5.5
O=C(O)/C(=C\c1ccncc1)c1cccc2ccccc12,5.4
O=C(O)/C=C/c1ccc(NC(=O)C2(NC(=O)c3ccc4c(c3)nc(-c3ccccn3)n4C3CCCCC3)CCCC2)cc1,4.52
O=C(O)/C=C/c1ccc(NC(=O)C2(NC(=O)c3ccc4c(c3)nc(-c3ccoc3)n4C3CCCCC3)CCCC2)cc1,4.52
O=C(O)/C=C/c1ccc(O)c(O)c1,4.6
O=C(O)/C=C\C(=O)Nc1ccc2c(c1)-c1ccccc1C2,5.4
O=C(O)/C=C\C(=O)Nc1ccc2c(c1)C(=O)c1cc(F)ccc1-2,5.5
O=C(O)/C=C\C(=O)O.c1ccc2nc(N3CCNCC3)ccc2c1,4.5
O=C(O)/C=C\c1c[nH]cn1,6.6
O=C(O)C(=O)Cc1ccc2c(c1)OCO2,5.4
O=C(O)C(O)C(O)C(=O)O.O=C(c1ccc(F)cc1)C1CCN(CCn2c(=O)[nH]c3ccccc3c2=O)CC1,4.7
O=C(O)C1(c2ccc(-c3ccc(-c4ccc(F)cc4)c(F)c3)c(F)c2)CC1,4.42
O=C(O)C1(c2ccc(-c3ccc(-c4ccc(O)cc4)c(F)c3)c(F)c2)CC1,4.24
O=C(O)C1(c2ccc(-c3ccc(C4CCCCC4)cc3)c(F)c2)CC1,4.23
O=C(O)C1(c2ccc(-c3ccc(Cl)c(Cl)c3)c(F)c2)CC1,4.32
O=C(O)C1=CCCN(CCOC(c2ccc(C(F)(F)F)cc2)c2ccc(C(F)(F)F)cc2)C1,4.4
O=C(O)C1CCN(c2ncnc3ccc(-c4ccccc4C(F)(F)F)cc23)CC1,4.4
O=C(O)C1CN(Cc2ccc3c(c2)CCc2c-3noc2-c2onc(-c3ccccc3)c2C(F)(F)F)C1,4.85
O=C(O)C=Cc1ccc(Cn2ccnc2)cc1,4.6
O=C(O)CC/C=C\C[C@@H]1CO[C@H](c2ccccc2Cl)O[C@@H]1c1ccccc1O,4.8
O=C(O)CC1CCC2(CC1)CCN(c1ccc(-c3nc4cc(C(F)(F)F)ccc4[nH]3)cn1)CC2,5.19
O=C(O)CC1CCC2(CCN(c3ccc(-c4nc5cc(C(F)(F)F)ccc5[nH]4)cn3)CC2)OC1,4.795
O=C(O)CCC(=O)N1CCN(c2ccccn2)CC1,5.45
O=C(O)CCC(=O)Nc1ccc(-c2c(O)ccc3cc(-c4cccc(O)c4)ccc23)cc1,6.66
O=C(O)CCC(=O)OC[C@@H](NC(=O)C(Cl)Cl)C(O)c1ccc([N+](=O)[O-])cc1,4.5
O=C(O)CCC/C=C\C[C@@H]1CO[C@H](C(F)(F)F)O[C@@H]1c1ccccc1O,4.8
O=C(O)CCCN[C@@H](Cn1c(=O)c(-c2ccccc2Cl)cn(Cc2c(F)cccc2C(F)(F)F)c1=O)c1ccccc1,4.785
O=C(O)CCCN[C@@H](Cn1c(=O)c(-c2ccccc2Cl)cn(Cc2c(F)cccc2F)c1=O)c1ccccc1,4.7
O=C(O)CCN1CCC2(CC1)C(=O)Nc1cc(/C=C3\c4ccccc4COc4cc(F)ccc43)ccc12,4.58
O=C(O)CCNC(=O)c1ccc(Cn2nc(-c3cc(Cl)cc(Cl)c3)cc2-c2ccc(OC(F)(F)F)cc2)cc1,4.41
O=C(O)CC[C@@H](C(=O)O)N1C(=O)c2ccccc2C1=O,5.2
O=C(O)CCc1nc(-c2ccccc2)c(-c2ccccc2)o1,4.6
O=C(O)CCc1nc(-c2ccccc2-n2cccc2)no1,5.6
O=C(O)CN(C1(c2ccc(-c3ccccc3OC(F)(F)F)cc2)CCC1)S(=O)(=O)c1ccc(OC(F)F)cc1,5.22
O=C(O)CN(CC(=O)O)Cc1cc2c(-c3ccccc3C(=O)O)c3cc(CN(CC(=O)O)CC(=O)O)c(=O)cc-3oc2cc1O,4.7
O=C(O)CN(Cc1cccc(-c2ccccc2OC(F)(F)F)c1)S(=O)(=O)c1ccc(OC(F)F)cc1,4.52
O=C(O)CN1CCN(Cc2ccc(F)cc2Cl)C1=O,5.65
O=C(O)CN1CCN(Cc2ccccc2Cl)C1=O,4.55
O=C(O)COc1cccc(-c2ocnc2-c2nc(-c3ccccc3)c(-c3ccccc3)o2)c1,4.6
O=C(O)CSCNC(=O)CC12CC3CC(CC(C3)C1)C2,6.65
O=C(O)CSc1nnc(Br)n1-c1ccc(C2CC2)c2ccccc12,4.49
O=C(O)CSc1sc(=S)sc1SCC(=O)O,4.95
O=C(O)C[S+]([O-])c1ccc2c3c(cccc13)C(=O)c1ccccc1-2,5.4
O=C(O)Cc1c[nH]cn1,4.5
O=C(O)Cc1ccc(Cc2cc(-c3cccc(Cl)c3)nc(C(F)(F)F)c2)cc1,4.82
O=C(O)[C@@H]1[C@@H](C(=O)NCc2ccncc2)[C@@H]2C=C[C@@H]1O2,5.4
O=C(O)[C@H](Cc1ccc(-n2c(-c3cccnc3)nc3cccnc32)cc1)NC1=C(Br)C(=O)C12CCCCC2,4.21
O=C(O)[C@H](Cc1ccc(-n2c(C3(C(F)(F)F)CC3)nc3cccnc32)cc1)NC1=C(Br)C(=O)C12CCCCC2,5.0
O=C(O)[C@H]1CCN1,5.6
O=C(O)[C@H]1[C@H]2C[C@H]3c4[nH]c5ccccc5c4CCN3C[C@@H]2CC[C@@H]1O,4.9
O=C(O)c1c(Br)c(Br)c(Br)c(Br)c1C1c2ccc(O)cc2Oc2cc(O)ccc21,5.4
O=C(O)c1c(Cl)c(Cl)c(Cl)c(Cl)c1C(=O)Nc1ccc2cn[nH]c2c1,5.4
O=C(O)c1c(O)c(-c2ccc(Cl)cc2)nc2c(-c3ccccc3)cccc12,4.26
O=C(O)c1c(Sc2ccccc2)c2cc(Cl)ccc2n1Cc1ccc(Cl)cc1,5.1
O=C(O)c1cc(-c2ccc(C34CCN(CC3)CC4)cc2)c2ccc(-c3ccc(C(F)(F)F)cc3)cc2c1,4.52
O=C(O)c1cc(Cl)ccc1NC(=O)N1C[C@H]2C[C@@H](c3ccccc3C(F)(F)F)C[C@H]2C1,4.3
O=C(O)c1cc(F)c2nc(N3CCC4(C=C(c5c(-c6c(Cl)cccc6Cl)noc5C5CC5)C4)CC3)sc2c1,6.05
O=C(O)c1cc(F)c2nc(N3CCC4(C=C(c5c(-c6c(Cl)cncc6Cl)noc5C5CC5)C4)CC3)sc2c1,5.75
O=C(O)c1cc(F)c2nc(N3CCC4(C=C(c5c(-c6ccccc6C(F)(F)F)noc5C5CC5)C4)CC3)sc2c1,4.97
O=C(O)c1cc(F)c2nc(N3CCC4(C=C(c5c(-c6ccccc6OC(F)(F)F)noc5C5CC5)C4)CC3)sc2c1,6.0
O=C(O)c1cc(F)ccc1NC(=O)N1C[C@H]2C[C@@H](c3ccccc3C(F)(F)F)C[C@H]2C1,4.28
O=C(O)c1cc(O)c2c(c1)C(=O)c1cc(O)cc(O)c1C2=O,4.8
O=C(O)c1cc(O)c2c(c1)C(=O)c1cccc(O)c1C2=O,5.0
O=C(O)c1cc(O)c2c(c1)[C@H]([C@H]1c3cc(C(=O)O)cc(O)c3C(=O)c3c(O[C@@H]4OC(CO)C(O)C(O)C4O)cccc31)c1cccc(O[C@@H]3OC(CO)C(O)C(O)C3O)c1C2=O,4.4
O=C(O)c1cc(Oc2ccccc2)ccc1NS(=O)(=O)c1ccc(Br)cc1F,4.58
O=C(O)c1cc(S(=O)(=O)N2CCCCC2)ccc1F,5.9
O=C(O)c1cc2c(cc1S(=O)(=O)O)[C@H]1[C@@H](C3[C@H]2[C@@]2(Cl)C(Cl)=C(Cl)[C@@]3(Cl)C2(Cl)Cl)[C@]2(Cl)C(Cl)=C(Cl)[C@]1(Cl)C2(Cl)Cl,5.5
O=C(O)c1cc2ccccc2c(Cc2c(O)c(C(=O)O)cc3ccccc23)c1O.OCCOCCN1CCN(C(c2ccccc2)c2ccc(Cl)cc2)CC1,4.7
O=C(O)c1ccc(-c2nn(C(=O)c3c(Cl)cccc3C(F)(F)F)c3cnccc23)c(F)c1,5.32
O=C(O)c1ccc(-n2cc(C(=O)c3c(Cl)cccc3C(F)(F)F)c3c(F)cccc32)cc1,4.79
O=C(O)c1ccc(-n2cc(C(=O)c3c(Cl)cccc3C(F)(F)F)c3cccc(F)c32)cc1,4.825
O=C(O)c1ccc(-n2cc(C(=O)c3c(Cl)cccc3C(F)(F)F)c3ccccc32)cc1,4.43
O=C(O)c1ccc(-n2cc(C(=O)c3c(Cl)cccc3Cl)c3c(F)cccc32)c(F)c1,5.08
O=C(O)c1ccc(-n2cc(C(=O)c3c(Cl)cccc3Cl)c3c(F)cccc32)cc1,4.31
O=C(O)c1ccc(-n2cc(C(=O)c3c(Cl)cccc3Cl)c3cccc(F)c32)c(F)c1,4.545
O=C(O)c1ccc(-n2cc(C(=O)c3c(Cl)cccc3Cl)c3cccc(F)c32)cc1,4.345
O=C(O)c1ccc(-n2cc(C(=O)c3c(Cl)cccc3Cl)c3ccccc32)c(F)c1,4.42
O=C(O)c1ccc(-n2cc(C(=O)c3c(Cl)cccc3Cl)c3ccccc32)cc1,4.81
O=C(O)c1ccc(N2CCC3(C=C(c4c(-c5c(Cl)cccc5Cl)noc4C4CC4)C3)CC2)cn1,5.21
O=C(O)c1ccc(N2CCC3(C=C(c4c(-c5c(Cl)cccc5Cl)noc4C4CC4)C3)CC2)nc1,5.96
O=C(O)c1ccc(NC(=O)[C@H](C2CCCCC2)n2c(-c3ccc(Cl)cc3)nc3cc(F)c(F)cc32)c(Cl)c1,4.64
O=C(O)c1ccc(NC(=O)[C@H](C2CCCCC2)n2c(-c3ccc(Cl)cc3)nc3cc(F)c(F)cc32)c(F)c1,4.41
O=C(O)c1ccc(NC(=O)[C@H](C2CCCCC2)n2c(-c3ccc(Cl)cc3)nc3cc(F)c(F)cc32)cc1,4.43
O=C(O)c1ccc(NC(=O)[C@H](C2CCCCC2)n2c(-c3ccc(Cl)cc3)nc3ccccc32)c(C(F)(F)F)c1,4.31
O=C(O)c1ccc(N[C@H](c2ccccc2)c2ccc3cccnc3c2O)cc1,5.7
O=C(O)c1ccc(Oc2nc3ccccc3s2)cc1,5.4
O=C(O)c1ccc2cc(-c3ccc(O)c(C45CC6CC(CC(C6)C4)C5)c3)ccc2c1,4.5
O=C(O)c1ccc2cc(N3CCC4(C=C(c5c(-c6c(Cl)cc(F)cc6Cl)noc5C5CC5)C4)CC3)ccc2n1,5.51
O=C(O)c1ccc2cc(N3CCC4(C=C(c5c(-c6c(Cl)cccc6Cl)noc5C5CC5)C4)CC3)ccc2n1,5.72
O=C(O)c1ccc2cc(N3CCC4(C=C(c5c(-c6c(Cl)cncc6Cl)noc5C5CC5)C4)CC3)ccc2n1,5.33
O=C(O)c1ccc2ccccc2c1O.OCc1cc(C(O)CNCCCCCCOCCCCc2ccccc2)ccc1O,5.1
O=C(O)c1cccc(-c2ccncc2-c2cc(Cl)ccc2OCc2ccccc2)c1,5.85
O=C(O)c1cccc(C2=C(c3cc(Cl)ccc3OCc3ccc(F)cc3F)CCC2)n1,4.05
O=C(O)c1cccc(N2CCCC2=O)c1,5.05
O=C(O)c1cccc(OCC2CCN(c3ccc(NC(=O)c4cccc(Oc5ccccc5)c4)cn3)CC2)c1,5.3
O=C(O)c1ccccc1-c1ccccc1C(=O)Nc1ccc2c(c1)nc(O)c1ccccc12,5.4
O=C(O)c1ccccc1-c1ccccc1C(=O)Nc1ccccc1,4.55
O=C(O)c1ccccc1C(=O)NNc1ccc(Cl)cc1,5.1
O=C(O)c1ccccc1C(=O)NNc1ccc(F)cc1,4.95
O=C(O)c1ccccc1C(=O)Nc1ccc(S(=O)(=O)Nc2nccs2)cc1,8.89
O=C(O)c1ccccc1NC(=O)N1C[C@H]2C[C@@H](c3ccccc3C(F)(F)F)C[C@H]2C1,4.55
O=C(O)c1ccccc1Nc1cccc(OCc2ccc3ccccc3n2)c1,5.8
O=C(O)c1ccccc1Nc1ccccc1,4.5
O=C(O)c1ccccc1Oc1ccc(Cl)cc1NS(=O)(=O)c1ccc(Cl)c(Cl)c1,5.0
O=C(O)c1ccccc1Oc1ncc(Cl)cc1NS(=O)(=O)c1ccc(Cl)c(Cl)c1,4.0
O=C(O)c1cccnc1C(=O)O,5.8
O=C(O)c1cccnc1Nc1cccc(C(F)(F)F)c1,5.1
O=C(O)c1cnc(N(C(=O)c2ccc(OCc3cccc(C(F)(F)F)c3)cc2)C2CCCCC2)s1,4.52
O=C(O)c1cnncc1NC(=O)N1C[C@H]2C[C@@H](c3ccccc3C(F)(F)F)C[C@H]2C1,4.92
O=C(O)c1nc2nc(Cl)c(Cl)nc2[nH]1,5.5
O=C(O)c1nn(Cc2ccc(Cl)cc2Cl)c2ccccc12,5.6
O=C(O)c1sc(N2CCOCC2)nc1CC(=O)N1CCc2c(Br)cccc21,4.4
O=C(O)c1sc(N2CCOCC2)nc1CC(=O)N1CCc2c(Cl)cccc21,4.4
O=C(O)c1sc(N2CCOCC2)nc1CC(=O)N1CCc2cc(F)ccc21,4.4
O=C(O)c1sccc1S(=O)(=O)Nc1ccc(Cl)cc1,5.1
O=C(O)c1sccc1S(=O)(=O)Nc1ccccc1N1CCCCC1,4.8
O=C(O/N=C\c1ccc(N2CCCCC2)c([N+](=O)[O-])c1)c1c(F)cccc1F,4.9
O=C(OC(C(=O)NC1CCCC1)c1ccncc1)C1=Cc2ccccc2OC1,5.4
O=C(OC1([C@H]2CCC[C@@H](C3CC3)N2S(=O)(=O)c2ccc(Cl)cc2)CC1)N1CCN(CCO)CC1,6.4
O=C(OC1([C@H]2CCC[C@@H](c3cc(F)cc(F)c3)N2S(=O)(=O)c2ccc(Cl)cc2)CC1)N1CCN(CCO)CC1,7.22
O=C(OC1([C@H]2COC[C@@H](CC3CC3)N2S(=O)(=O)c2ccc(Cl)cc2)CC1)N1CC2CC1CN2CCO,8.49
O=C(OC1([C@H]2COC[C@@H](CC3CC3)N2S(=O)(=O)c2ccc(Cl)cc2)CC1)N1CC2CCC(C1)N2,9.1
O=C(OC1([C@H]2COC[C@@H](CC3CC3)N2S(=O)(=O)c2ccc(Cl)cc2)CC1)N1CC2CCC(C1)N2CCO,8.64
O=C(OC1([C@H]2COC[C@@H](CC3CC3)N2S(=O)(=O)c2ccc(Cl)cc2)CC1)N1CCC2(CCN2)CC1,7.95
O=C(OC1CCN(CCCl)CC1)C(c1ccccc1)c1ccccc1,5.0
O=C(OC1Cc2c(O)cc(O)cc2OC1c1cc(O)c(=O)c2c(O)c(O)cc(C3Oc4cc(O)cc(O)c4CC3OC(=O)c3cc(O)c(O)c(O)c3)c2c1)c1cc(O)c(O)c(O)c1,4.6
O=C(OC1Cc2c(O)cc(O)cc2OC1c1cc(O)c(O)c(O)c1)c1cc(O)c(O)c(O)c1,4.7
O=C(OCC#CCSc1nnc(-c2cccc3ccccc23)o1)c1ccco1,5.1
O=C(OCC(=O)c1ccc([N+](=O)[O-])cc1)/C(=C\c1ccc(Cl)cc1)NC(=O)c1ccccc1,4.65
O=C(OCC(=O)c1cccs1)c1cccc(C(=O)OCC(=O)c2cccs2)n1,4.45
O=C(OCC(O)CO)c1ccccc1Nc1ccnc2cc(Cl)ccc12,5.1
O=C(OCC1CO1)C1CCCCC1C(=O)OCC1CO1,4.6
O=C(OCCN1CCOCC1)C1(c2ccccc2)CCCCC1,5.65
O=C(OCCNC(=O)c1ccc2ccccc2n1)c1ccc(F)cc1,4.85
O=C(OC[C@@H](O)CO)c1ccccc1Nc1ccnc2cc(Cl)ccc12,5.3
O=C(OC[C@H]1CCC[C@@H](C2CC2)N1S(=O)(=O)c1ccc(Cl)cc1)N1CCC(N2CCCCC2)CC1,5.92
O=C(OC[C@H]1CCC[C@@H](C2CC2)N1S(=O)(=O)c1ccc(Cl)cc1)N1CCN(CCO)CC1,6.52
O=C(OCc1ccc(C(=O)c2ccccc2)cc1)c1cccc(-c2nnc(-c3ccccc3)o2)c1,5.45
O=C(OCc1ccc(Cl)cc1)c1ccccc1C(=O)c1ccccc1,4.75
O=C(OCc1ccccc1)/C(=C/c1ccc(Cl)cc1)NC(=O)c1ccccc1Cl,6.75
O=C(OCc1ccccc1)N1CCC(CNc2cccnc2)CC1,5.04
O=C(OCc1ccccc1)N1CCC(CNc2ccncn2)CC1,5.29
O=C(OCc1ccccc1)N1CCC(CNc2cnccn2)CC1,4.66
O=C(OCc1ccccn1)c1ccc(COc2ccccc2Cl)o1,4.5
O=C(OCc1nc2ccccc2[nH]1)C12CC3CC(CC(C3)C1)C2,5.95
O=C(OCc1nc2ccccc2s1)c1ccc(Br)s1,4.6
O=C(OCc1nnc(-c2ccccc2)o1)c1ccc2c(c1)OCCO2,4.7
O=C(OCn1nnc2ccccc2c1=O)c1cccnc1,5.05
O=C(O[C@@H]1Cc2c(O)cc(O)cc2OC1c1ccc(O)c(O)c1)c1cc(O)c(O)c(O)c1,4.6
O=C(Oc1cc2oc(=O)cc(-c3ccccc3)c2cc1Cl)C1CCCCC1,4.6
O=C(Oc1ccc(C(=S)N2CCOCC2)cc1Br)c1cc(Cl)ccc1Cl,4.9
O=C(Oc1ccc(OC(=O)c2ccco2)c(S(=O)(=O)c2ccc(Br)cc2)c1)c1ccco1,5.25
O=C(Oc1ccc2c(c1)CN(Cc1ccccc1)CO2)c1ccccc1,5.4
O=C(Oc1ccc2cc(Br)ccc2c1)c1cccnc1,6.05
O=C(Oc1ccc2ccccc2c1Br)N1CCCCCC1,4.85
O=C(Oc1ccccc1)N1CCC2(CC1)CCN(C(c1ccccc1)c1ccccc1)CC2,5.5
O=C(Oc1ccccc1)N1CCC2(CC1)CCN(c1cccc(-c3ccccc3)c1)CC2,5.1
O=C(Oc1ccccc1)N1CCC2(CC1)CCN(c1ccccc1)CC2,5.5
O=C(Oc1ccccc1)N1CCC2(CC1)CCN(c1ccccn1)CC2,5.6
O=C(Oc1ccccc1)N1CCC2(CC1)CCN(c1ncccn1)CC2,5.2
O=C(Oc1ccccc1)N1CCC2(CC1)CN(C(c1ccccc1)c1ccccc1)C2,5.2
O=C(Oc1ccccc1)N1CCC2(CC1)CN(Cc1ccncc1)C2,4.9
O=C(Oc1ccccc1)N1CCC2(CC1)CN(c1ccccc1)C2,4.8
O=C(Oc1ccccc1)N1CCC2(CC1)CN(c1ccccn1)C2,4.8
O=C(Oc1ccccc1)N1CCC2(CC1)CN(c1ccncc1)C2,4.8
O=C(Oc1ccccc1)N1CCC2(CC1)CN(c1ncccn1)C2,4.8
O=C(Oc1ccccc1)N1CCC2(CCCN(Cc3ccccc3)C2)CC1,4.9
O=C(Oc1ccccc1)N1CCC2(CCCN(Cc3nccs3)C2)CC1,4.9
O=C(Oc1ccccc1)N1CCC2(CCCN(c3ccc(-c4ccccc4)cc3)C2)CC1,4.5
O=C(Oc1ccccc1)N1CCC2(CCCN(c3cccc(-c4ccccc4)c3)C2)CC1,4.8
O=C(Oc1ccccc1)N1CCC2(CCCN(c3ccccc3)C2)CC1,4.5
O=C(Oc1ccccc1)N1CCC2(CCCN(c3ccccn3)C2)CC1,4.6
O=C(Oc1ccccc1)N1CCC2(CCCN(c3ccncc3)C2)CC1,4.7
O=C(Oc1ccccc1)N1CCC2(CCN(Cc3ccccc3)CC2)CC1,5.0
O=C(Oc1ccccc1)N1CCC2(CCN(Cc3ccncc3)CC2)CC1,4.9
O=C(Oc1ccccc1)N1CCC2(CCN(Cc3nccs3)CC2)CC1,4.6
O=C(Oc1ccccc1)N1CCC[C@@]2(CCN(C(c3ccccc3)c3ccccc3)C2)C1,5.0
O=C(Oc1ccccc1)N1CCC[C@@]2(CCN(Cc3cc(C(F)(F)F)cc(C(F)(F)F)c3)C2)C1,4.9
O=C(Oc1ccccc1)N1CCC[C@@]2(CCN(Cc3ccccc3)C2)C1,4.8
O=C(Oc1ccccc1)N1CCC[C@@]2(CCN(Cc3nccs3)C2)C1,5.2
O=C(Oc1ccccc1)N1CCC[C@@]2(CCN(c3ccccc3)C2)C1,4.9
O=C(Oc1ccccc1)N1CCC[C@@]2(CCN(c3ccccn3)C2)C1,5.0
O=C(Oc1ccccc1)N1CCC[C@@]2(CCN(c3ccncc3)C2)C1,4.9
O=C(Oc1ccccc1)N1CCC[C@@]2(CCN(c3ncccn3)C2)C1,4.8
O=C([C@@H](O)c1cccc(Cl)c1)N1CCC(Nc2ccc3[nH]ncc3c2)CC1,5.7
O=C([C@@H](O)c1ccccc1Cl)N1CCC(Nc2ccc3[nH]ncc3c2)CC1,5.4
O=C([C@@H](c1ccc(Cl)cc1)c1cccnc1)N1CCN(c2ccc(C(F)(F)F)cc2)CC1,4.82
O=C([C@@H]1COC(c2nc3cc(C(F)(F)F)cc([N+](=O)[O-])c3s2)=N1)N1CCCC1,4.73
O=C([C@@H]1C[C@H]1c1ccc(C(F)(F)F)cc1)N1CCN(S(=O)(=O)c2cc(-c3nnc[nH]3)cc(C(F)(F)F)c2)CC1,5.33
O=C([C@@H]1Cc2ccccc2CN1)N1CCN(c2ccc3[nH]ncc3c2)CC1,5.0
O=C([C@H](Cc1ccc(Br)cc1)NC(=O)C1(c2ccc(Cl)cc2Cl)CC1)N1CCC(O)CC1,5.89
O=C([C@H](O)c1cccc(Cl)c1)N1CCN(c2ccc3[nH]ncc3c2)CC1,5.46
O=C([C@H](O)c1ccccc1)N1CCC(Nc2ccc3[nH]ncc3c2)CC1,6.0
O=C([C@H](O)c1ccccc1)N1CCN(c2ccc3[nH]ncc3c2)CC1,5.0
O=C([C@H](O)c1ccccc1Cl)N1CCN(c2ccc3[nH]ncc3c2)CC1,5.1
O=C([C@H](c1ccc(Cl)cc1)c1cccnc1)N1CCN(c2ccc(C(F)(F)F)cc2)CC1,4.77
O=C([C@H]1CNCC[C@@]12OCc1cc(F)c(F)cc12)N(Cc1cc(Cl)ccc1Cl)C1CC1,5.8
O=C([C@H]1CNCC[C@@]12OCc1cc(F)c(F)cc12)N(Cc1ccc(Cl)cc1Cl)C1CC1,5.72
O=C([C@H]1CNCC[C@@]12OCc1cc(F)c(F)cc12)N(Cc1cccc(C(F)(F)F)c1Cl)C1CC1,5.44
O=C([C@H]1CNCC[C@@]12OCc1cc(F)c(F)cc12)N(Cc1cccc(Cl)c1Cl)C1CC1,5.25
O=C([C@H]1CNCC[C@@]12OCc1cc(F)c(F)cc12)N(Cc1cccc2ccccc12)C1CC1,5.22
O=C([C@H]1CNCC[C@@]12OCc1cc(F)c(F)cc12)N(Cc1cccc2cccnc12)C1CC1,5.05
O=C([C@H]1CNCC[C@@]12OCc1cc(F)c(F)cc12)N(Cc1ccccc1Cl)C1CC1,5.3
O=C([C@H]1CNCC[C@@]12OCc1cc(F)c(F)cc12)N(Cc1ccnc2ccccc12)C1CC1,4.51
O=C([C@H]1CNCC[C@@]12OCc1cc(F)c(F)cc12)N(Cc1nccc2ccccc12)C1CC1,5.03
O=C([O-])Cc1ccccc1Nc1c(Cl)cccc1Cl.[Na+],5.0
O=C([O-])c1cc2cc(Cc3cccnc3)ccc2o1.[Na+],4.6
O=C([O-])c1cccc(Cc2cc(Cl)ccc2OCc2ccc(F)cc2Cl)n1.[Na+],4.46
O=C(c1[nH]o[n+](=O)c1C(=O)c1csc2ccccc12)c1csc2ccccc12,5.5
O=C(c1c(F)ccc(NS(=O)(=O)c2cc(F)ccc2F)c1F)c1c[nH]c2nccc(Cl)c12,5.3
O=C(c1c(F)ccc(NS(=O)(=O)c2ccc(C(F)(F)F)cc2)c1F)c1c[nH]c2ncnc(NC3CCCC3)c12,5.12
O=C(c1c(F)ccc(NS(=O)(=O)c2ccc(C(F)(F)F)cc2)c1F)c1c[nH]c2ncnc(NCC3CC3)c12,5.12
O=C(c1c(F)ccc(NS(=O)(=O)c2cccc(F)c2)c1F)c1c[nH]c2nccc(Cl)c12,5.3
O=C(c1c(O)nc2cc(Cl)ccc2c1O)C1CC1,8.49
O=C(c1cc(-c2ccccc2)nc2ccccc12)N1CCC2(CC1)OCCO2,4.6
O=C(c1cc(-c2cccs2)on1)N1CCN(c2ccc(F)cc2)CC1,4.7
O=C(c1cc(-c2ccncc2)nc2ccccc12)N1CCN(c2ccc(N3CCOCC3)nn2)CC1,5.8
O=C(c1cc(C(F)(F)F)cc(C(F)(F)F)c1)N1CCC2(CC1)CCN(c1ccccc1)CC2,5.1
O=C(c1cc(C(F)(F)F)cc(C(F)(F)F)c1)N1CCC2(CC1)CCN(c1ccncc1)CC2,5.0
O=C(c1cc(C(F)(F)F)cc(C(F)(F)F)c1)N1CCC2(CC1)CN(Cc1ccncc1)C2,4.8
O=C(c1cc(C(F)(F)F)cc(C(F)(F)F)c1)N1CCC2(CC1)CN(c1ccccc1)C2,5.4
O=C(c1cc(C(F)(F)F)cc(C(F)(F)F)c1)N1CCC2(CCCN(Cc3ccccc3)C2)CC1,5.1
O=C(c1cc(C(F)(F)F)cc(C(F)(F)F)c1)N1CCC2(CCCN(Cc3ccncc3)C2)CC1,5.0
O=C(c1cc(C(F)(F)F)cc(C(F)(F)F)c1)N1CCC2(CCCN(Cc3nccs3)C2)CC1,4.7
O=C(c1cc(C(F)(F)F)cc(C(F)(F)F)c1)N1CCC2(CCCN(c3ccccc3)C2)CC1,5.0
O=C(c1cc(C(F)(F)F)cc(C(F)(F)F)c1)N1CCC2(CCCN(c3ccccn3)C2)CC1,4.8
O=C(c1cc(C(F)(F)F)cc(C(F)(F)F)c1)N1CCC2(CCCN(c3ccncc3)C2)CC1,5.4
O=C(c1cc(C(F)(F)F)cc(C(F)(F)F)c1)N1CCC2(CCCN(c3ncccn3)C2)CC1,4.8
O=C(c1cc(C(F)(F)F)cc(C(F)(F)F)c1)N1CCC2(CCN(Cc3ccncc3)CC2)CC1,5.2
O=C(c1cc(C(F)(F)F)cc(C(F)(F)F)c1)N1CCC2(CCN(Cc3nccs3)CC2)CC1,4.8
O=C(c1cc(C(F)(F)F)cc(C(F)(F)F)c1)N1CCC[C@@]2(CCN(Cc3ccccc3)C2)C1,5.3
O=C(c1cc(C(F)(F)F)cc(C(F)(F)F)c1)N1CCC[C@@]2(CCN(Cc3ccncc3)C2)C1,6.3
O=C(c1cc(C(F)(F)F)cc(C(F)(F)F)c1)N1CCC[C@@]2(CCN(Cc3nccs3)C2)C1,5.5
O=C(c1cc(C(F)(F)F)cc(C(F)(F)F)c1)N1CCC[C@@]2(CCN(c3ccccc3)C2)C1,5.5
O=C(c1cc(C(F)(F)F)cc(C(F)(F)F)c1)N1CCC[C@@]2(CCN(c3ccccn3)C2)C1,5.4
O=C(c1cc(C(F)(F)F)cc(C(F)(F)F)c1)N1CCC[C@@]2(CCN(c3ccncc3)C2)C1,5.2
O=C(c1cc(C(F)(F)F)cc(C(F)(F)F)c1)N1CCC[C@@]2(CCN(c3ncccn3)C2)C1,5.0
O=C(c1cc(Cl)c(=O)n(Cc2ccc(Cl)cc2)c1)N1CCOCC1,4.55
O=C(c1cc(Cl)ccc1-n1nccn1)N1CCOC[C@H]1Cc1cc(-c2ncccn2)ccc1F,4.77
O=C(c1cc(Cl)ccc1-n1nccn1)N1CCOC[C@H]1Cc1cc(-c2ncon2)ccc1F,4.66
O=C(c1cc(Cl)ccc1-n1nccn1)N1CCOC[C@H]1Cc1cc(-n2nccn2)ccc1F,4.58
O=C(c1cc(Cl)ccc1-n1nccn1)N1CCOC[C@H]1Cc1cccc(-c2ncccn2)c1,4.7
O=C(c1cc(Cl)ccc1-n1nccn1)N1CCOC[C@H]1Cc1cccc(-c2ncon2)c1,4.68
O=C(c1cc(Cl)ccc1-n1nccn1)N1CCOC[C@H]1Cc1cccc(-n2nccn2)c1,4.77
O=C(c1cc(F)c(F)cc1-n1nccn1)N1CCOC[C@H]1Cc1cccc(-n2nccn2)c1,4.77
O=C(c1cc(F)ccc1-n1nccn1)N1CCOC[C@H]1Cc1cccc(-n2cccn2)c1,4.6
O=C(c1cc(F)ccc1-n1nccn1)N1CCOC[C@H]1Cc1cccc(-n2nccn2)c1,4.62
O=C(c1cc(O)c(O)c([N+](=O)[O-])c1)c1ccccc1F,4.7
O=C(c1cc2sccc2n1Cc1ccccc1)N1CCN(c2nc3ccccc3s2)CC1,6.2
O=C(c1ccc(-c2nnc(Nc3ccccc3)c3ccccc23)cc1)N1C[C@H]2C[C@H](C1)c1cccc(=O)n1C2,4.5
O=C(c1ccc(Br)cc1)c1cc([N+](=O)[O-])ccc1N1CCCCC1,5.45
O=C(c1ccc(C(F)(F)F)cc1)c1c[nH]c(C(=O)NCCCn2ccnc2)c1,6.0
O=C(c1ccc(C(F)(F)F)cc1-n1nccn1)N1CCOC[C@H]1Cc1cc(-n2nccn2)ccc1F,5.13
O=C(c1ccc(C(F)(F)F)cc1-n1nccn1)N1CCOC[C@H]1Cc1cccc(-c2ncon2)c1,4.82
O=C(c1ccc(C(F)(F)F)cc1-n1nccn1)N1CCOC[C@H]1Cc1cccc(-n2nccn2)c1,5.12
O=C(c1ccc(CN2CCc3ccccc3C2)cc1)N1CCc2ccccc2C1,5.4
O=C(c1ccc(Cl)c(Cl)c1)c1cc(-c2ccccn2)c(N2CCOCC2)s1,4.85
O=C(c1ccc(Cl)cc1-n1nccn1)N1CCOC[C@H]1Cc1cc(-c2ncccn2)ccc1F,4.77
O=C(c1ccc(Cl)cc1-n1nccn1)N1CCOC[C@H]1Cc1cc(-c2ncon2)ccc1F,4.62
O=C(c1ccc(Cl)cc1-n1nccn1)N1CCOC[C@H]1Cc1cc(-n2nccn2)ccc1Cl,5.01
O=C(c1ccc(Cl)cc1-n1nccn1)N1CCOC[C@H]1Cc1cc(-n2nccn2)ccc1F,4.7
O=C(c1ccc(Cl)cc1-n1nccn1)N1CCOC[C@H]1Cc1cccc(-n2nccn2)c1,4.8
O=C(c1ccc(F)c(F)c1)N1CCN2C(=O)c3ccccc3[C@@]12c1ccc(Cl)cc1,4.8
O=C(c1ccc(F)c(O)c1)c1nc2ccc(O)cc2s1,4.27
O=C(c1ccc(F)cc1)C1CCN(C(S)=Nc2ccccc2)CC1,5.0
O=C(c1ccc(F)cc1)C1CCN(CCCCc2ccccc2)CC1,4.6
O=C(c1ccc(F)cc1)C1CCN(CCn2c(=O)[nH]c3ccccc3c2=O)CC1,4.7
O=C(c1ccc(F)cc1)C1CCN(CCn2c(=S)[nH]c3ccccc3c2=O)CC1,4.9
O=C(c1ccc(F)cc1)N1CCC(N(c2ccc(C(F)(F)F)cc2)c2cccnc2)CC1,5.36
O=C(c1ccc(F)cc1)N1CCN(c2ccc(OCCCN3CCCCC3)cc2)C(=O)C1.O=CO,4.0
O=C(c1ccc(F)cc1-n1nccn1)N1CCOC[C@H]1Cc1cccc(-n2nccn2)c1,4.44
O=C(c1ccc(N2CCCCC2)c([N+](=O)[O-])c1)N(Cc1ccccc1)c1ccccn1,5.45
O=C(c1ccc(OCCN2CCCCC2)cc1)c1c(-c2ccc(O)cc2)sc2cc(O)ccc12,5.6
O=C(c1ccc(Oc2ccc(C(F)(F)F)cn2)cc1)N1CCN(c2ccccc2)CC1,4.85
O=C(c1ccc([N+](=O)[O-])cc1)[C@@H](Br)[C@@H](Br)c1ccnc2ccccc12,5.5
O=C(c1ccc2c(=O)n(CC3CCCO3)c(=S)[nH]c2c1)N1CCN(c2ccccc2)CC1,5.15
O=C(c1ccc2c(=O)n(Cc3ccco3)c(=S)[nH]c2c1)N1CCN(c2ccccc2)CC1,5.2
O=C(c1ccc2c(c1)N(Cc1ccc(F)cc1)C(=O)CS2)N1CCOCC1,4.6
O=C(c1ccc2c(c1)OCO2)N1CCCCC1,4.8
O=C(c1ccc2nc(-c3ccco3)c(-c3ccco3)nc2c1)N1CCN(c2ncccn2)CC1,4.95
O=C(c1ccc2ncsc2c1)N1CCN(c2ccc(O)cc2)CC1,5.45
O=C(c1cccc(C(F)(F)F)c1)N1CCC(O)(CS(=O)(=O)Cc2ccccc2)CC1,5.5
O=C(c1cccc(C(F)(F)F)c1-n1nccn1)N1CCOC[C@H]1Cc1cccc(-n2nccn2)c1,4.85
O=C(c1cccc(Cl)c1)N1CCC(=CC#Cc2cccc(Cl)n2)CC1,5.64
O=C(c1cccc(Cl)c1)c1cc(Cc2ccc(=O)[nH]n2)cc2ccoc12,6.22
O=C(c1cccc(Cl)c1-n1nccn1)N1CCOC[C@H]1Cc1cc(-c2ncccn2)ccc1F,4.48
O=C(c1cccc(Cl)c1-n1nccn1)N1CCOC[C@H]1Cc1cc(-c2ncon2)ccc1F,4.44
O=C(c1cccc(Cl)c1-n1nccn1)N1CCOC[C@H]1Cc1cc(-n2nccn2)ccc1Cl,4.89
O=C(c1cccc(Cl)c1-n1nccn1)N1CCOC[C@H]1Cc1cc(-n2nccn2)ccc1F,4.52
O=C(c1cccc(Cl)c1-n1nccn1)N1CCOC[C@H]1Cc1cccc(-n2nccn2)c1,4.66
O=C(c1cccc(F)c1)N1C2C=CC(C2)C1(C(F)(F)F)C(F)(F)F,6.15
O=C(c1cccc(F)c1)N1CCC2(CC1)CCN(C(c1ccccc1)c1ccccc1)CC2,5.3
O=C(c1cccc(F)c1)N1CCC2(CC1)CCN(c1ccc(-c3ccccc3)cc1)CC2,4.9
O=C(c1cccc(F)c1)N1CCC2(CC1)CCN(c1cccc(-c3ccccc3)c1)CC2,5.3
O=C(c1cccc(F)c1)N1CCC2(CC1)CCN(c1ccccc1)CC2,5.1
O=C(c1cccc(F)c1)N1CCC2(CC1)CCN(c1ccccn1)CC2,5.5
O=C(c1cccc(F)c1)N1CCC2(CC1)CCN(c1ccncc1)CC2,4.8
O=C(c1cccc(F)c1)N1CCC2(CC1)CCN(c1ncccn1)CC2,5.1
O=C(c1cccc(F)c1)N1CCC2(CC1)CN(C(c1ccccc1)c1ccccc1)C2,5.1
O=C(c1cccc(F)c1)N1CCC2(CC1)CN(c1ccc(-c3ccccc3)cc1)C2,5.6
O=C(c1cccc(F)c1)N1CCC2(CC1)CN(c1cccc(-c3ccccc3)c1)C2,5.5
O=C(c1cccc(F)c1)N1CCC2(CC1)CN(c1ccccc1)C2,5.1
O=C(c1cccc(F)c1)N1CCC2(CC1)CN(c1ccccn1)C2,5.0
O=C(c1cccc(F)c1)N1CCC2(CC1)CN(c1ncccn1)C2,4.6
O=C(c1cccc(F)c1)N1CCC2(CCCN(Cc3cc(C(F)(F)F)cc(C(F)(F)F)c3)C2)CC1,5.0
O=C(c1cccc(F)c1)N1CCC2(CCCN(Cc3ccncc3)C2)CC1,5.4
O=C(c1cccc(F)c1)N1CCC2(CCCN(Cc3nccs3)C2)CC1,5.0
O=C(c1cccc(F)c1)N1CCC2(CCCN(c3ccc(-c4ccccc4)cc3)C2)CC1,4.9
O=C(c1cccc(F)c1)N1CCC2(CCCN(c3cccc(-c4ccccc4)c3)C2)CC1,4.9
O=C(c1cccc(F)c1)N1CCC2(CCCN(c3ccccc3)C2)CC1,5.0
O=C(c1cccc(F)c1)N1CCC2(CCCN(c3ccccn3)C2)CC1,4.6
O=C(c1cccc(F)c1)N1CCC2(CCCN(c3ccncc3)C2)CC1,4.9
O=C(c1cccc(F)c1)N1CCC2(CCN(Cc3cc(C(F)(F)F)cc(C(F)(F)F)c3)CC2)CC1,4.8
O=C(c1cccc(F)c1)N1CCC2(CCN(Cc3ccncc3)CC2)CC1,4.8
O=C(c1cccc(F)c1)N1CCC2(CCN(Cc3nccs3)CC2)CC1,4.8
O=C(c1cccc(F)c1)N1CCC[C@@]2(CCN(C(c3ccccc3)c3ccccc3)C2)C1,5.4
O=C(c1cccc(F)c1)N1CCC[C@@]2(CCN(Cc3ccccc3)C2)C1,4.8
O=C(c1cccc(F)c1)N1CCC[C@@]2(CCN(Cc3ccncc3)C2)C1,5.5
O=C(c1cccc(F)c1)N1CCC[C@@]2(CCN(Cc3nccs3)C2)C1,5.1
O=C(c1cccc(F)c1)N1CCC[C@@]2(CCN(c3cccc(-c4ccccc4)c3)C2)C1,5.1
O=C(c1cccc(F)c1)N1CCC[C@@]2(CCN(c3ccccc3)C2)C1,5.2
O=C(c1cccc(F)c1)N1CCC[C@@]2(CCN(c3ccccn3)C2)C1,5.0
O=C(c1cccc(F)c1)N1CCC[C@@]2(CCN(c3ccncc3)C2)C1,6.5
O=C(c1cccc(F)c1)N1CCC[C@@]2(CCN(c3ncccn3)C2)C1,4.8
O=C(c1ccccc1)C1CN(c2ccccc2)CC1c1ccc(Cl)cc1,5.05
O=C(c1ccccc1)N1CCC(N(c2ccc(Cl)cc2)c2cccnc2)CC1,5.72
O=C(c1ccccc1)[C@H](Nc1ccc2ccccc2c1)c1ccccc1,5.5
O=C(c1ccccc1)[C@H]1[C@H](c2ccccc2[N+](=O)[O-])N1C1CCCCC1,5.4
O=C(c1ccccc1)c1c[nH]c(C(=O)NCCCn2ccnc2)c1,6.7
O=C(c1ccccc1)c1c[nH]c(C(=O)NCc2cccnc2)c1,5.35
O=C(c1ccccc1)c1cc(F)c(N2CCOCC2)cc1Cl,4.75
O=C(c1ccccc1)c1nc2ccccc2n(CCCn2c(=O)c(C(=O)c3ccccc3)nc3ccccc32)c1=O,5.85
O=C(c1ccccc1-c1nc(-c2ccccc2)no1)N1CCOCC1,4.55
O=C(c1ccccc1-n1nccn1)N1CCCC[C@H]1Cc1cccc(-n2nccn2)c1,5.21
O=C(c1ccccc1-n1nccn1)N1CCC[C@H]1Cc1cccc(-n2nccn2)c1,5.26
O=C(c1ccccc1-n1nccn1)N1CCOC[C@H]1Cc1cc(-n2nccn2)ccc1Cl,4.77
O=C(c1ccccc1-n1nccn1)N1CCOC[C@H]1Cc1cc(-n2nccn2)ccc1F,4.7
O=C(c1ccccc1-n1nccn1)N1CCOC[C@H]1Cc1cc(F)cc(-n2nccn2)c1,4.66
O=C(c1ccccc1-n1nccn1)N1CCOC[C@H]1Cc1ccc(Cl)c(-c2ncon2)c1,4.68
O=C(c1ccccc1-n1nccn1)N1CCOC[C@H]1Cc1cccc(-c2cccnn2)c1,5.02
O=C(c1ccccc1-n1nccn1)N1CCOC[C@H]1Cc1cccc(-c2ncccn2)c1,4.41
O=C(c1ccccc1-n1nccn1)N1CCOC[C@H]1Cc1cccc(-c2ncco2)c1,5.29
O=C(c1ccccc1-n1nccn1)N1CCOC[C@H]1Cc1cccc(-c2nccs2)c1,5.7
O=C(c1ccccc1-n1nccn1)N1CCOC[C@H]1Cc1cccc(-n2cccn2)c1,4.37
O=C(c1ccccc1-n1nccn1)N1CCOC[C@H]1Cc1cccc(-n2nccn2)c1,4.52
O=C(c1ccccc1C(F)(F)F)N(CC1CCC1)[C@H]1CCNC1,4.66
O=C(c1ccccc1C(F)(F)F)N1CCC(N(c2ccc(C(F)(F)F)cc2)c2cccnc2)CC1,5.77
O=C(c1ccccc1F)c1cn(CC(=O)N2CCOCC2)c2ccccc12,4.75
O=C(c1ccccc1NS(=O)(=O)c1cccc([N+](=O)[O-])c1)N1CCOCC1,4.75
O=C(c1ccccc1Nc1ccc(SC(F)F)cc1)N1CCCCC1,4.85
O=C(c1ccccn1)C1CCCN(Cc2ccccc2)C1,4.46
O=C(c1cccnc1-c1ccncc1)N1CCC(O)(Cc2ccccc2)CC1,5.18
O=C(c1cccnc1Oc1cc(Cl)ccc1Cl)N1CCN(C2COC2)c2ccccc21,6.52
O=C(c1cccnc1Oc1cccc(C(F)(F)F)c1)N1CCCc2ccccc21,5.23
O=C(c1ccco1)N(CCC(c1ccccc1)c1ccco1)Cc1ccco1,4.95
O=C(c1ccco1)N1CCC2(CC1)CCN(C(c1ccccc1)c1ccccc1)CC2,4.9
O=C(c1ccco1)N1CCC2(CC1)CCN(c1ccc(-c3ccccc3)cc1)CC2,4.6
O=C(c1ccco1)N1CCC2(CC1)CCN(c1ccccn1)CC2,5.0
O=C(c1ccco1)N1CCC2(CC1)CCN(c1ncccn1)CC2,5.6
O=C(c1ccco1)N1CCC2(CC1)CN(C(c1ccccc1)c1ccccc1)C2,5.0
O=C(c1ccco1)N1CCC2(CC1)CN(Cc1ccncc1)C2,4.8
O=C(c1ccco1)N1CCC2(CC1)CN(c1ccc(-c3ccccc3)cc1)C2,5.4
O=C(c1ccco1)N1CCC2(CC1)CN(c1ccccc1)C2,4.8
O=C(c1ccco1)N1CCC2(CC1)CN(c1ccccn1)C2,5.0
O=C(c1ccco1)N1CCC2(CC1)CN(c1ncccn1)C2,4.8
O=C(c1ccco1)N1CCC2(CCCN(C(c3ccccc3)c3ccccc3)C2)CC1,4.9
O=C(c1ccco1)N1CCC2(CCCN(Cc3ccccc3)C2)CC1,4.9
O=C(c1ccco1)N1CCC2(CCCN(Cc3ccncc3)C2)CC1,5.3
O=C(c1ccco1)N1CCC2(CCCN(c3cccc(-c4ccccc4)c3)C2)CC1,5.0
O=C(c1ccco1)N1CCC2(CCCN(c3ccccc3)C2)CC1,4.8
O=C(c1ccco1)N1CCC2(CCCN(c3ccccn3)C2)CC1,4.8
O=C(c1ccco1)N1CCC2(CCN(Cc3ccccc3)CC2)CC1,4.7
O=C(c1ccco1)N1CCC2(CCN(Cc3ccncc3)CC2)CC1,4.9
O=C(c1ccco1)N1CCC2(CCN(Cc3nccs3)CC2)CC1,4.6
O=C(c1ccco1)N1CCC[C@@]2(CCN(C(c3ccccc3)c3ccccc3)C2)C1,4.9
O=C(c1ccco1)N1CCC[C@@]2(CCN(Cc3ccccc3)C2)C1,4.7
O=C(c1ccco1)N1CCC[C@@]2(CCN(Cc3ccncc3)C2)C1,4.8
O=C(c1ccco1)N1CCC[C@@]2(CCN(Cc3nccs3)C2)C1,5.1
O=C(c1ccco1)N1CCC[C@@]2(CCN(c3cccc(-c4ccccc4)c3)C2)C1,4.9
O=C(c1ccco1)N1CCC[C@@]2(CCN(c3ccccc3)C2)C1,4.9
O=C(c1ccco1)N1CCC[C@@]2(CCN(c3ccccn3)C2)C1,4.8
O=C(c1ccco1)N1CCC[C@@]2(CCN(c3ccncc3)C2)C1,5.9
O=C(c1ccco1)N1CCN(C(=O)C2(S(=O)(=O)c3ccc(Cl)cc3)CC2)CC1,4.6
O=C(c1ccncc1)C1CCCN(Cc2ccccc2)C1,4.9
O=C(c1ccncc1)N1CCC2(CC1)CCN(c1ccc(-c3ccccc3)cc1)CC2,5.3
O=C(c1ccncc1)N1CCC2(CC1)CCN(c1cccc(-c3ccccc3)c1)CC2,4.6
O=C(c1ccncc1)N1CCC2(CC1)CCN(c1ccncc1)CC2,5.1
O=C(c1ccncc1)N1CCC2(CC1)CN(C(c1ccccc1)c1ccccc1)C2,5.4
O=C(c1ccncc1)N1CCC2(CC1)CN(Cc1cc(C(F)(F)F)cc(C(F)(F)F)c1)C2,5.3
O=C(c1ccncc1)N1CCC2(CC1)CN(Cc1ccccc1)C2,4.7
O=C(c1ccncc1)N1CCC2(CC1)CN(c1ccc(-c3ccccc3)cc1)C2,5.6
O=C(c1ccncc1)N1CCC2(CC1)CN(c1cccc(-c3ccccc3)c1)C2,5.1
O=C(c1ccncc1)N1CCC2(CC1)CN(c1ccccn1)C2,6.1
O=C(c1ccncc1)N1CCC2(CC1)CN(c1ccncc1)C2,4.9
O=C(c1ccncc1)N1CCC2(CCCN(C(c3ccccc3)c3ccccc3)C2)CC1,6.0
O=C(c1ccncc1)N1CCC2(CCCN(Cc3ccccc3)C2)CC1,5.0
O=C(c1ccncc1)N1CCC2(CCCN(Cc3ccncc3)C2)CC1,5.3
O=C(c1ccncc1)N1CCC2(CCCN(Cc3nccs3)C2)CC1,5.1
O=C(c1ccncc1)N1CCC2(CCCN(c3ccc(-c4ccccc4)cc3)C2)CC1,5.6
O=C(c1ccncc1)N1CCC2(CCCN(c3cccc(-c4ccccc4)c3)C2)CC1,6.6
O=C(c1ccncc1)N1CCC2(CCCN(c3ccccc3)C2)CC1,5.6
O=C(c1ccncc1)N1CCC2(CCCN(c3ccccn3)C2)CC1,6.1
O=C(c1ccncc1)N1CCC2(CCCN(c3ncccn3)C2)CC1,5.5
O=C(c1ccncc1)N1CCC2(CCN(Cc3cc(C(F)(F)F)cc(C(F)(F)F)c3)CC2)CC1,4.9
O=C(c1ccncc1)N1CCC2(CCN(Cc3ccccc3)CC2)CC1,4.8
O=C(c1ccncc1)N1CCC2(CCN(Cc3ccncc3)CC2)CC1,4.8
O=C(c1ccncc1)N1CCC[C@@]2(CCN(C(c3ccccc3)c3ccccc3)C2)C1,5.6
O=C(c1ccncc1)N1CCC[C@@]2(CCN(Cc3cc(C(F)(F)F)cc(C(F)(F)F)c3)C2)C1,5.6
O=C(c1ccncc1)N1CCC[C@@]2(CCN(Cc3ccccc3)C2)C1,4.8
O=C(c1ccncc1)N1CCC[C@@]2(CCN(Cc3ccncc3)C2)C1,4.8
O=C(c1ccncc1)N1CCC[C@@]2(CCN(Cc3nccs3)C2)C1,4.9
O=C(c1ccncc1)N1CCC[C@@]2(CCN(c3cccc(-c4ccccc4)c3)C2)C1,5.9
O=C(c1ccncc1)N1CCC[C@@]2(CCN(c3ccccc3)C2)C1,5.5
O=C(c1ccncc1)N1CCC[C@@]2(CCN(c3ccccn3)C2)C1,5.1
O=C(c1ccncc1)N1CCC[C@@]2(CCN(c3ccncc3)C2)C1,5.3
O=C(c1ccncc1)N1CCC[C@@]2(CCN(c3ncccn3)C2)C1,4.8
O=C(c1cn(-c2ccccc2)nc1-c1cccs1)N1CCOCC1,4.8
O=C(c1cnc(N2CCN(c3ncccn3)CC2)c2ccccc12)N1CCN(c2ncccn2)CC1,4.4
O=C(c1cnccn1)N1CCC2(CC1)CCN(C(c1ccccc1)c1ccccc1)CC2,5.5
O=C(c1cnccn1)N1CCC2(CC1)CCN(c1ccccc1)CC2,5.2
O=C(c1cnccn1)N1CCC2(CC1)CCN(c1ccccn1)CC2,4.8
O=C(c1cnccn1)N1CCC2(CC1)CCN(c1ncccn1)CC2,5.1
O=C(c1cnccn1)N1CCC2(CC1)CN(C(c1ccccc1)c1ccccc1)C2,4.9
O=C(c1cnccn1)N1CCC2(CC1)CN(c1cccc(-c3ccccc3)c1)C2,4.4
O=C(c1cnccn1)N1CCC2(CC1)CN(c1ccccn1)C2,5.4
O=C(c1cnccn1)N1CCC2(CCCN(C(c3ccccc3)c3ccccc3)C2)CC1,5.8
O=C(c1cnccn1)N1CCC2(CCCN(Cc3ccccc3)C2)CC1,4.8
O=C(c1cnccn1)N1CCC2(CCCN(Cc3ccncc3)C2)CC1,4.8
O=C(c1cnccn1)N1CCC2(CCCN(Cc3nccs3)C2)CC1,4.9
O=C(c1cnccn1)N1CCC2(CCCN(c3ccc(-c4ccccc4)cc3)C2)CC1,5.8
O=C(c1cnccn1)N1CCC2(CCCN(c3cccc(-c4ccccc4)c3)C2)CC1,5.7
O=C(c1cnccn1)N1CCC2(CCCN(c3ccccc3)C2)CC1,5.8
O=C(c1cnccn1)N1CCC2(CCCN(c3ccccn3)C2)CC1,5.1
O=C(c1cnccn1)N1CCC2(CCCN(c3ccncc3)C2)CC1,4.9
O=C(c1cnccn1)N1CCC2(CCN(Cc3cc(C(F)(F)F)cc(C(F)(F)F)c3)CC2)CC1,5.6
O=C(c1cnccn1)N1CCC2(CCN(Cc3ccncc3)CC2)CC1,4.5
O=C(c1cnccn1)N1CCC[C@@]2(CCN(C(c3ccccc3)c3ccccc3)C2)C1,5.6
O=C(c1cnccn1)N1CCC[C@@]2(CCN(Cc3cc(C(F)(F)F)cc(C(F)(F)F)c3)C2)C1,5.1
O=C(c1cnccn1)N1CCC[C@@]2(CCN(Cc3ccccc3)C2)C1,4.8
O=C(c1cnccn1)N1CCC[C@@]2(CCN(Cc3ccncc3)C2)C1,4.8
O=C(c1cnccn1)N1CCC[C@@]2(CCN(Cc3nccs3)C2)C1,4.8
O=C(c1cnccn1)N1CCC[C@@]2(CCN(c3cccc(-c4ccccc4)c3)C2)C1,5.4
O=C(c1cnccn1)N1CCC[C@@]2(CCN(c3ccccc3)C2)C1,5.1
O=C(c1cnccn1)N1CCC[C@@]2(CCN(c3ccccn3)C2)C1,5.0
O=C(c1cnccn1)N1CCC[C@@]2(CCN(c3ccncc3)C2)C1,5.5
O=C(c1cnccn1)N1CCC[C@@]2(CCN(c3ncccn3)C2)C1,4.8
O=C(c1cnn(-c2ccccc2)c1)c1ccc2ccccc2c1O,4.75
O=C(c1coc2ccccc2c1=O)N1CCN(c2cccc(C(F)(F)F)c2)CC1,4.65
O=C(c1csnn1)N1CCC2(CC1)CCN(C(c1ccccc1)c1ccccc1)CC2,4.8
O=C(c1csnn1)N1CCC2(CC1)CCN(c1cccc(-c3ccccc3)c1)CC2,4.4
O=C(c1csnn1)N1CCC2(CC1)CCN(c1ccncc1)CC2,4.8
O=C(c1csnn1)N1CCC2(CC1)CN(C(c1ccccc1)c1ccccc1)C2,5.0
O=C(c1csnn1)N1CCC2(CC1)CN(Cc1ccncc1)C2,4.8
O=C(c1csnn1)N1CCC2(CC1)CN(c1cccc(-c3ccccc3)c1)C2,4.4
O=C(c1csnn1)N1CCC2(CC1)CN(c1ccccn1)C2,4.6
O=C(c1csnn1)N1CCC2(CCCN(C(c3ccccc3)c3ccccc3)C2)CC1,5.7
O=C(c1csnn1)N1CCC2(CCCN(Cc3cc(C(F)(F)F)cc(C(F)(F)F)c3)C2)CC1,4.8
O=C(c1csnn1)N1CCC2(CCCN(c3ccc(-c4ccccc4)cc3)C2)CC1,5.1
O=C(c1csnn1)N1CCC2(CCCN(c3cccc(-c4ccccc4)c3)C2)CC1,5.3
O=C(c1csnn1)N1CCC2(CCCN(c3ccccc3)C2)CC1,4.9
O=C(c1csnn1)N1CCC2(CCCN(c3ccccn3)C2)CC1,4.8
O=C(c1csnn1)N1CCC2(CCCN(c3ccncc3)C2)CC1,4.8
O=C(c1csnn1)N1CCC2(CCCN(c3ncccn3)C2)CC1,4.9
O=C(c1csnn1)N1CCC2(CCN(Cc3cc(C(F)(F)F)cc(C(F)(F)F)c3)CC2)CC1,4.7
O=C(c1csnn1)N1CCC[C@@]2(CCN(C(c3ccccc3)c3ccccc3)C2)C1,6.0
O=C(c1csnn1)N1CCC[C@@]2(CCN(Cc3cc(C(F)(F)F)cc(C(F)(F)F)c3)C2)C1,6.6
O=C(c1csnn1)N1CCC[C@@]2(CCN(Cc3ccccc3)C2)C1,4.9
O=C(c1csnn1)N1CCC[C@@]2(CCN(Cc3ccncc3)C2)C1,5.1
O=C(c1csnn1)N1CCC[C@@]2(CCN(Cc3nccs3)C2)C1,4.8
O=C(c1csnn1)N1CCC[C@@]2(CCN(c3cccc(-c4ccccc4)c3)C2)C1,5.3
O=C(c1csnn1)N1CCC[C@@]2(CCN(c3ccccc3)C2)C1,5.5
O=C(c1csnn1)N1CCC[C@@]2(CCN(c3ccccn3)C2)C1,5.2
O=C(c1csnn1)N1CCC[C@@]2(CCN(c3ccncc3)C2)C1,5.4
O=C(c1csnn1)N1CCC[C@@]2(CCN(c3ncccn3)C2)C1,4.8
O=C(c1nccs1)N1CC[C@@H](Nc2nccc(-n3cc(C4CC4)nc3-c3cccc(Cl)c3)n2)C1,6.72
O=C(c1nccs1)N1CC[C@@H](Nc2nccc(-n3cc(C4CC4)nc3-c3ccccc3)n2)C1,6.54
O=C(c1nn(Cc2ccccc2)c(=O)c2ccccc12)N1CCN(C/C=C/c2ccccc2)CC1,5.65
O=C(c1nnc(O)c2ccccc12)N1CCN(C2c3ccccc3-c3ccccc32)CC1,4.95
O=C(c1sc2c([N+](=O)[O-])cc(C(F)(F)F)cc2[n+]1[O-])N1CCCCC1,5.41
O=C(c1sc2ccccc2c1Cl)N(Cc1ccccc1)C1CCS(=O)(=O)C1,4.95
O=C(c1sc2ccccc2c1Cl)N1CCN(c2ccc(F)cc2)CC1,4.85
O=C1/C(=C/c2ccc(O)cc2)CC/C1=C\c1ccc(O)cc1,5.29
O=C1/C(=C/c2ccccc2)[C@@H](NC2CCCCC2)c2ccccc21,5.4
O=C1/C(=C/c2cccnc2)SC(=S)N1Cc1ccco1,6.0
O=C1/C(=C\c2ccccc2)C[C@@]2(O)[C@H]3Cc4ccc(O)c5c4[C@@]2(CCN3CC2CC2)[C@@H]1O5,4.5
O=C1/C(=C\c2ccccn2)SC(=S)N1Nc1ncc(C(F)(F)F)cc1Cl,5.5
O=C1/C(=N/CCc2cc(Br)c(O)c(Br)c2)C=C(O)c2cccnc21,5.5
O=C1/C(=N\Nc2nccs2)C(c2ccccc2)=NN1c1nc(-c2ccccc2)cs1,4.53
O=C1C(/C=C(\O)c2ccccc2)=NCC2c3ccccc3CCN12,4.95
O=C1C(=O)N(Cc2ccc(Cl)c(Cl)c2)c2ccccc21,5.1
O=C1C(CCC(O)c2ccc(F)cc2)C(c2ccc(O)cc2)N1c1ccc(F)cc1,4.9
O=C1C(CC[S+]([O-])c2ccccc2)C(=O)N(c2ccccc2)N1c1ccccc1,5.2
O=C1C(Cc2ccccc2)NC(=S)N1c1ccccc1,5.65
O=C1C(Cc2ccccc2)S/C(=N\c2ccccc2)N1c1ccccc1,5.4
O=C1C(Cl)=C(Cl)C(=O)C(Cl)=C1Cl,5.7
O=C1C(Cl)=C(NC2CCc3ccccc32)C(=O)c2ncccc21,5.8
O=C1C(Cl)=C(NCCN2CCOCC2)C(=O)c2ncccc21,5.6
O=C1C(Cl)=C(Sc2nnc3c4ccccc4c4ccccc4c3n2)C(=O)c2ccccc21,5.3
O=C1C(O)=C(C(C2=C(O)C(=O)c3ccccc3C2=O)c2ccc(Cl)cc2)C(=O)c2ccccc21,5.5
O=C1C(SCCO)=C(SCCO)C(=O)c2ccccc21,4.6
O=C1C2(Cl)C3(Cl)C4(Cl)C(Cl)(Cl)C5(Cl)C3(Cl)C1(Cl)C5(Cl)C24Cl,4.9
O=C1C2=C(N=C(S)NC2c2ccc(Cl)cc2)NC(c2ccc(Cl)cc2)N1c1ccc(Cl)cc1,5.55
O=C1C2=CC[C@H]3C(=O)N(Cc4ccc5c(c4)OCO5)C(=O)[C@@H]3[C@@H]2[C@H](O)[C@@H]2O[C@H]12,5.3
O=C1C2C3C=CC(C3)C2C(=O)N1/N=C/c1cn(Cc2ccc(F)cc2)c2ccccc12,5.55
O=C1C2C3C=CC([C@@H]2C(=O)N1C1CCCCC1)[C@H]1C(=O)N(C2CCCCC2)C(=O)C31,5.45
O=C1C2CC=CCC2C(=O)N1SC(Cl)(Cl)Cl,4.85
O=C1C2CCC(C(O)C2)N1Cc1ccccc1,4.75
O=C1C2CCCN2C(c2ccc(F)cc2)N1c1nccs1,4.65
O=C1C2CCCN2C(c2ccccc2F)N1c1ccc(Cl)cc1,4.85
O=C1C2CCCN2c2ccc(S(=O)(=O)N3CCOCC3)cc2N1Cc1cccc(C(F)(F)F)c1,4.8
O=C1C2ON(c3ccccc3)C(c3ccncc3)C2C(=O)N1c1ccccc1,4.85
O=C1C2Sc3nc(O)sc3C(c3ccccc3)C2C(=O)N1c1ccc(Cl)cc1,4.9
O=C1C2Sc3nc(O)sc3C(c3ccccc3)C2C(=O)N1c1ccccc1,5.1
O=C1C=C(NCCO)C(=O)c2cnccc21,5.1
O=C1C=C(Nc2ccc(Cl)cc2)CC(c2ccc(Cl)cc2)C1,4.7
O=C1C=C(O)C(=O)c2ccccc21,4.6
O=C1C=C2C=CC3C[C@@]2(O1)C1CCCCN31,4.5
O=C1C=CC(=C(c2ccc(O)cc2)c2ccc(O)cc2)C=C1,4.7
O=C1C=CC(=O)C2=C1C1c3ccccc3C2c2ccccc21,4.4
O=C1C=CC(=O)c2c(O)c(Cl)c(Cl)c(O)c21,4.5
O=C1C=CC(=O)c2c(O)c(N3CCN(c4ccccn4)CC3)cc(O)c21,5.1
O=C1C=CC(=O)c2c(O)cccc21,4.4
O=C1C=CC2=C3c4cc(O)c(O)cc4CC3(O)COC2=C1O,4.55
O=C1C=C[C@@H](O)[C@H]2[C@@H]3C(=O)N(Cc4ccc5c(c4)OCO5)C(=O)[C@@H]3CC[C@H]12,5.4
O=C1CC(=O)C(n2cncn2)C(c2cccc(Cl)c2)C1,6.3
O=C1CC(=O)N(CCc2ccc(F)cc2)C(=O)N1,4.5
O=C1CC(N(O)C2CC(=O)N(Cc3ccccc3)C2=O)C(=O)N1Cc1ccccc1,5.0
O=C1CC(N2CC=C(c3ccc(F)cc3)CC2)C(=O)N1c1ccc(F)cc1,4.85
O=C1CC(N2CCN(C(c3ccccc3)c3ccccc3)CC2)C(=O)N1Cc1ccc(N2CCCC2=O)cc1,4.65
O=C1CC(NCCC2=CCCCC2)C(=O)N1c1cccc(Cl)c1Cl,4.8
O=C1CC(Nc2ccccc2)=NN1c1ccccc1,4.55
O=C1CC(SC(=Nc2ccccc2)Nc2ccccc2)C(=O)N1c1cccc(Cl)c1,4.95
O=C1CC(c2ccc(O)c(O)c2)Oc2cc(O)cc(O)c21,4.4
O=C1CC(c2ccc(O)cc2)Oc2cc(O)cc(O)c21,4.95
O=C1CC(c2ccc(O)cc2)Oc2ccccc21,4.6
O=C1CC(c2ccc3c(c2)OCO3)Sc2nc3ccccc3n21,5.6
O=C1CC(c2cccc(-n3ccnc3)c2)=Nc2cc(O)c(-c3ccccc3F)cc2N1,9.0
O=C1CC(c2cccc(-n3ccnc3)c2)=Nc2ccc(-c3ccccc3F)cc2N1,9.0
O=C1CC(c2cccc(-n3ccnn3)c2)=Nc2ccc(-c3ccccc3F)cc2N1,5.37
O=C1CC(c2cccc(F)c2)SC(N(c2ccccc2)c2ccccc2)=N1,4.75
O=C1CC(c2ccccc2O)Oc2ccc(O)cc21,4.6
O=C1CC(c2cccs2)c2cc3c(cc2N1)OCO3,5.15
O=C1CC2(CCCC2)CC(=O)N1CCCCN1CCN(c2ncccn2)CC1,4.85
O=C1CC2(CCCC2)CC(=O)N1CCCCNC[C@H]1COc2ccccc2O1,6.2
O=C1CC2(CCCC2)CC(=O)N1CCNC[C@H]1COc2ccccc2O1,5.9
O=C1CC2OCC=C3CN4CC[C@@]56c7ccccc7N1C5C2C3CC46,4.7
O=C1CCC(C(O)CC2c3c(F)cccc3-c3cncn32)CC1,4.96
O=C1CCC(c2ccc(-n3ccnc3)cc2)=NN1,5.8
O=C1CCC2(S(=O)(=O)c3ccc(Cl)cc3)c3c(F)ccc(F)c3OCC2C1,5.92
O=C1CCCC2=C1C(c1ccc(Cl)cc1)C1C(=O)c3ccccc3C1=N2,4.85
O=C1CCCC2=C1C(c1ccc(OS(=O)(=O)c3ccc(Cl)cc3)cc1)C1=C(CCCC1=O)O2,5.65
O=C1CCCC=C1[C@@H](O)COCc1ccccc1,5.5
O=C1CCCC=C1[C@H](CCc1ccccc1)OC(=O)c1ccc(Br)cc1,5.3
O=C1CCCCCC1C1(O)C(=O)Nc2ccc(Br)cc21,4.75
O=C1CCCN1CC(CN1CCOCC1)Sc1nnnn1-c1ccccc1,4.8
O=C1CCCN1c1ccc(S(=O)(=O)Oc2cccc(Cl)c2)cc1[N+](=O)[O-],4.9
O=C1CCC[C@@H](C(C(=O)OCc2ccccc2)C(=O)OCc2ccccc2)C1,5.4
O=C1CCN(S(=O)(=O)c2ccccc2)N1,4.55
O=C1CC[C@@]23/C=C/C(=O)NCCCCNCCCNC(=O)/C=C/c4ccc(c2c4)OC3C1,4.4
O=C1CCc2cc(-c3cccnc3)ccc2C1,5.21
O=C1CCc2cc(OCCCCc3nnnn3C3CCCCC3)ccc2N1,4.9
O=C1CN(/N=C/c2ccc([N+](=O)[O-])o2)C(=O)N1,4.4
O=C1CN(/N=C\c2ccc(-c3ccc([N+](=O)[O-])cc3)o2)C(O)=N1,4.7
O=C1CN(c2nc(-c3ccccc3)c3cc(Br)ccc3n2)c2ccccc2N1,5.15
O=C1CN=C(c2cccs2)c2c(sc3c2CCCC3)N1,4.8
O=C1COc2cc(Cl)c(Cl)cc2N1CC(=O)N1CCCC(c2ccccc2)C1CN1CCCC1,5.75
O=C1COc2cc(Cl)c(Cl)cc2N1CC(=O)N1CCCC(c2ccccc2)C1CN1CCOCC1,6.14
O=C1COc2cc(NC(=O)c3cc(NC(=O)c4cn[nH]c4)ccc3Cl)ccc2N1,4.74
O=C1COc2cc(NCc3cccc(C(=O)Nc4ccccc4O)c3)ccc2N1,5.08
O=C1COc2cc(NCc3cccc(C(=O)Nc4cccnc4)c3)c(Cl)cc2N1,5.96
O=C1COc2cc(NCc3cccc(C(=O)Nc4cccnc4)c3)c(O)cc2N1,5.55
O=C1COc2cc(NCc3cccc(C(=O)Nc4cccnc4)c3)ccc2N1,5.18
O=C1COc2cc(NCc3cccc(NC(=O)c4ccccc4Cl)c3)c(Cl)cc2N1,6.16
O=C1COc2ccc(CN3c4ccccc4COc4cc(F)ccc43)cc2N1,5.26
O=C1COc2ccc(S(=O)(=O)N3c4ccccc4COc4cc(F)ccc43)cc2N1,5.17
O=C1CSC(c2ccccc2F)N1c1cc(Cl)ccc1O,4.6
O=C1CSc2ccc(C(=O)NCCC3=CCCCC3)cc2N1,4.9
O=C1C[C@@H](O)[C@@H](O)[C@H]2[C@@H]3C(=O)N(Cc4ccc5c(c4)OCO5)C(=O)[C@@H]3CC[C@H]12,5.4
O=C1C[C@@H](c2ccc(O)cc2)Oc2cc(O)cc(O)c21,5.3
O=C1C[C@@H]2OCC=C3CN4CC[C@]56c7ccccc7N1[C@H]5[C@H]2[C@H]3C[C@H]46,4.8
O=C1C[C@H](c2ccccc2)Oc2cc(O)cc(O)c21,4.9
O=C1Cc2c([nH]c3ccc(Br)cc23)-c2ccccc2N1,4.9
O=C1Cc2cc(C[C@@H](NC(=O)N3CCC(N4Cc5ccccc5NC4=O)CC3)C(=O)N3CCC(N4CCCCC4)CC3)ccc2N1,4.96
O=C1N(c2ccccc2)c2ccccc2C1(Cc1ccncc1)Cc1ccncc1,6.3
O=C1N/C(=C\c2ccc(N3CCOCC3)c(F)c2)C(=O)N1Cc1ccccc1,6.1
O=C1N=C2SCCN2/C1=C\c1c(Cl)cccc1Cl,5.0
O=C1NC(=O)C(c2ccccc2[N+](=O)[O-])=C1Nc1ccc(O)c(Cl)c1,4.9
O=C1NC(=O)N(CCNc2ncc(C(F)(F)F)cc2Cl)C(=O)C1/C=N/OCc1c(F)cccc1Cl,5.5
O=C1NC(=O)N(CCc2ccc(F)cc2)C(=O)/C1=C/NCCCN1CCOCC1,4.95
O=C1NC(=O)[C@@](Cc2ccccc2)(c2cccnc2)N1,5.4
O=C1NC(=O)c2cc(Nc3ccccc3)c(Nc3ccccc3)cc21,5.8
O=C1NC(=O)c2cc([N+](=O)[O-])ccc21,4.8
O=C1NC(c2ccc(Br)cc2)Nc2sc3c(c21)CCC3,4.55
O=C1NC(c2ccc(F)cc2)(c2ccc(F)cc2)CN1C1CCN(Cc2ccccc2)CC1,4.04
O=C1NCC2=C1C(c1ccc(Br)cc1)Nc1ccccc1N2,4.6
O=C1NCCC12CCN(c1c(Cl)cncc1-c1cc3ccccc3o1)CC2,5.34
O=C1NCCC12CCN(c1c(Cl)cncc1-c1cc3ccccc3s1)CC2,5.68
O=C1NCCC12CCN(c1c(Cl)cncc1-c1ccc(N3CCOCC3)cc1)CC2,5.68
O=C1NCCN1Cc1ccccc1F,4.8
O=C1NCCN1c1ncc([N+](=O)[O-])s1,6.4
O=C1NCN(c2ccccc2)C12CCN(CCCC(c1ccc(F)cc1)c1ccc(F)cc1)CC2,5.2
O=C1NCN(c2ccccc2)C12CCN(C[C@H]1COc3ccccc3O1)CC2,5.5
O=C1N[C@@H]2C(=C[C@H](O)[C@@H](O)[C@H]2O)c2cc3c(c(O)c21)OCO3,6.2
O=C1Nc2cc(Cl)c(Cl)cc2N(O)N1c1ccc(Cl)c(Cl)c1,4.4
O=C1Nc2cc(Cl)c(Cl)cc2N2CCNC[C@H]12,4.8
O=C1Nc2ccc(C(=O)N[C@H](CO)c3ccccc3)cc2/C1=C(\c1ccccc1)c1ncc[nH]1,5.52
O=C1Nc2ccc(F)cc2C12Nc1ccccc1-c1nnc(SCc3ccccc3Cl)nc1O2,5.35
O=C1Nc2ccc(F)cc2C12Nc1ccccc1-c1nnc(SCc3ccccc3F)nc1O2,4.8
O=C1Nc2ccc(I)cc2/C1=C/c1cc(Br)c(O)c(Br)c1,5.3
O=C1Nc2ccc([N+](=O)[O-])cc2C1(O)N1CCCCCC1,5.45
O=C1Nc2ccccc2/C1=C/c1ccc2cn[nH]c2c1,5.0
O=C1Nc2ccccc2/C1=C\c1ccc2c(/C=C/c3ccncc3)n[nH]c2c1,5.785
O=C1Nc2ccccc2C(=O)C1(Cl)Cc1ccccc1,4.6
O=C1Nc2ccccc2C(O)(C(=O)NCc2ccc3c(c2)OCO3)N1c1ccc(Cl)c(Cl)c1,6.9
O=C1Nc2ccccc2C1=Nc1sc2c(c1C(=O)NCCc1ccccc1)CCCC2,5.15
O=C1Nc2ccccc2C2(CCN(C(=O)N[C@H](Cc3csc4ccccc34)C(=O)N3CCC(N4CCCCC4)CC3)CC2)N1,7.0
O=C1Nc2ccccc2[C@]12C[C@H]2c1ccc2c(/C=C/c3ccc(CN4CCOCC4)cc3)n[nH]c2c1,5.385
O=C1Nc2ccccc2[C@]12C[C@H]2c1ccc2c(/C=C/c3ccc(CN4CC[C@@H](F)C4)cc3)n[nH]c2c1,5.0
O=C1Nc2ccccc2[C@]12C[C@H]2c1ccc2c(/C=C/c3ccc(N4CCNCC4)cc3)n[nH]c2c1,5.55
O=C1O/C(=C\Br)CC[C@@H]1c1cccc2ccccc12,5.4
O=C1OC(C2=CCCCC2)=NC12CC2,5.3
O=C1OC(OC2CCCCC2)(c2ccccc2)c2ccccc21,4.8
O=C1OC(c2ccc(O)cc2)(c2ccc(O)cc2)c2ccccc21,5.300000000000001
O=C1OC2(c3cc(Br)c(O)c(Br)c3Oc3c2cc(Br)c(O)c3Br)c2c(Cl)c(Cl)c(Cl)c(Cl)c21,4.7
O=C1OCC(CO)(CO)N=C1NNc1ccc(Cl)c(Cl)c1,4.95
O=C1OCC(c2ccccc2)=C1c1ccc(S(=O)(=O)N2CCOCC2)s1,4.55
O=C1OCCC1Sc1nnc(-c2ccc(O)cc2)o1,5.15
O=C1OC[C@H](Cc2ccc3c(c2)OCO3)[C@H]1Cc1ccc2c(c1)OCO2,5.765
O=C1O[C@@H](Cn2ccnn2)CN1c1ccc(-c2cccnc2)c(F)c1,5.17
O=C1O[C@@H](Cn2ccnn2)CN1c1ccc(-c2ccn3ccnc3c2)c(F)c1,4.82
O=C1O[C@@]2(CCNC[C@@H]2C(=O)N(Cc2cccc(C(F)(F)F)c2Cl)C2CC2)c2cc(F)c(F)cc21,6.16
O=C1Oc2ccccc2C(=O)/C1=C\N1C(=O)N/C(=C\c2ccccc2O)C1=O,5.4
O=C1S/C(=C/c2ccc(N3CCOCC3)o2)C(=O)N1Cc1ccc(F)cc1,5.1
O=C1SC(c2ccccc2)=C/C1=C\N1CCCCC1,4.6
O=C1[C@@H]2C=CC=CC2=NC(=S)N1CCN1CCC(=C(c2ccc(F)cc2)c2ccc(F)cc2)CC1,5.5
O=C1[C@@H]2[C@H]3[C@H](O)[C@H](O)C/C(=N/OC[C@@H](O)COCc4ccco4)[C@@H]3CC[C@H]2C(=O)N1c1ccc(F)cc1F,5.5
O=C1[C@@H]2[C@H]3[C@H](O)[C@H](O)C/C(=N/OC[C@@H](O)COCc4ccco4)[C@H]3CC[C@H]2C(=O)N1c1ccc(F)cc1F,5.5
O=C1[C@@H]2[C@H]3[C@H](O)[C@H](O)C/C(=N/OCc4ccccc4)[C@H]3CC[C@H]2C(=O)N1c1ccc(F)cc1F,5.3
O=C1[C@H](Nc2cc(F)cc(Cl)c2)CCCN1[C@@H]1CCCN(c2ncnc3[nH]ccc23)C1,5.89
O=C1[C@H]2O[C@@H]2[C@@H](O)[C@H]2[C@H]1CCn1c(=O)n(Cc3cc4c(cc3Cl)OCO4)c(=O)n12,5.5
O=C1[C@H]2[C@H]3[C@H](O)[C@H](O)C/C(=N/OC[C@@H](O)COCc4ccco4)[C@@H]3CC[C@@H]2C(=O)N1C1CCCCC1,5.3
O=C1[C@H]2[C@H]3[C@H](O)[C@H](O)C/C(=N/OC[C@@H](O)COCc4ccco4)[C@@H]3CC[C@@H]2C(=O)N1Cc1ccc2c(c1)OCO2,5.5
O=C1[C@H]2[C@H]3[C@H](O)[C@H](O)C/C(=N/OC[C@@H](O)COCc4ccco4)[C@@H]3CC[C@@H]2C(=O)N1Cc1ccccc1,5.5
O=C1[C@H]2[C@H]3[C@H](O)[C@H](O)C/C(=N/OC[C@@H](O)COCc4ccco4)[C@@H]3CC[C@@H]2C(=O)N1c1cccc(Oc2ccccc2)c1,5.1
O=C1[C@H]2[C@H]3[C@H](O)[C@H](O)C/C(=N/OC[C@@H](O)COCc4ccco4)[C@H]3CC[C@@H]2C(=O)N1C1CCCCC1,5.4
O=C1[C@H]2[C@H]3[C@H](O)[C@H](O)C/C(=N/OC[C@@H](O)COCc4ccco4)[C@H]3CC[C@@H]2C(=O)N1Cc1ccc2c(c1)OCO2,5.5
O=C1[C@H]2[C@H]3[C@H](O)[C@H](O)C/C(=N/OC[C@@H](O)COCc4ccco4)[C@H]3CC[C@@H]2C(=O)N1Cc1ccccc1,5.4
O=C1[C@H]2[C@H]3[C@H](O)[C@H](O)C/C(=N/OC[C@@H](O)COCc4ccco4)[C@H]3CC[C@@H]2C(=O)N1c1cccc(Oc2ccccc2)c1,5.5
O=C1[C@H]2[C@H]3[C@H](O)[C@H](O)C/C(=N/OCc4ccccc4)[C@@H]3CC[C@@H]2C(=O)N1Cc1ccc2c(c1)OCO2,5.7
O=C1[C@H]2[C@H]3[C@H](O)[C@H](O)C/C(=N/OCc4ccccc4)[C@H]3CC[C@@H]2C(=O)N1Cc1ccc2c(c1)OCO2,6.0
O=C1[C@H]2[C@H]3[C@H](O)[C@H](O)C/C(=N/OCc4ccccc4)[C@H]3CC[C@@H]2C(=O)N1Cc1ccccc1,5.4
O=C1c2c(O)cc(O)cc2OC(c2ccc(O)c(O)c2)C1O,4.6
O=C1c2c(O)cc(O)cc2O[C@@H](c2ccc(O)c(O)c2)[C@H]1O,5.0
O=C1c2c(O)ccc(O)c2C(=O)c2c(NCCNCCO)ccc(NCCNCCO)c21,4.6
O=C1c2c(O)ccc([N+](=O)[O-])c2C(=O)c2c([N+](=O)[O-])ccc(O)c21,5.1
O=C1c2c(O)cccc2Cc2cccc(O)c21,4.6
O=C1c2cc(-c3ccnc(N[C@@H]4C[C@H](O)[C@@H](F)C4)n3)cn2CCCN1[C@H](CO)c1ccccc1,4.41
O=C1c2ccc(O)c(O)c2C(=O)c2c(O)ccc(O)c21,5.2
O=C1c2cccc([N+](=O)[O-])c2C(=O)N1c1ncn[nH]1,5.4
O=C1c2cccc3c(Nc4ccccc4Cl)c([N+](=O)[O-])cc(c23)C(=O)N1CCO,4.85
O=C1c2ccccc2-c2cc([N+](=O)[O-])c([N+](=O)[O-])cc21,6.3
O=C1c2ccccc2-c2cccc3cccc1c23,4.4
O=C1c2ccccc2C(=O)C1c1ccc2ccccc2n1,5.6
O=C1c2ccccc2C(=O)C1c1ccccc1,4.5
O=C1c2ccccc2C(=O)N1CC(=O)N1c2ccccc2CCc2ccccc21,4.9
O=C1c2ccccc2C(=O)N1CC1c2ccccc2CCN1S(=O)(=O)c1ccccc1,5.7
O=C1c2ccccc2C(=O)N1CCCCN(C(=O)c1ccc([N+](=O)[O-])cc1)c1ccc(Cl)cc1,4.6
O=C1c2ccccc2C(=O)N1CCCCN(C(=O)c1cccc([N+](=O)[O-])c1)c1ccc(Cl)cc1,4.95
O=C1c2ccccc2C(=O)N1Cc1cc(-c2ccccc2Cl)no1,4.4
O=C1c2ccccc2C(=O)N1c1ccc2[nH]c(-c3ccc(Br)o3)nc2c1,4.85
O=C1c2ccccc2C(=O)c2c(O)c(O)cc(O)c21,4.5
O=C1c2ccccc2C(=O)c2c1ccc(O)c2O,4.45
O=C1c2ccccc2C(Cc2ccnc(F)c2)(Cc2ccnc(F)c2)c2ccccc21,4.8
O=C1c2ccccc2C(Cc2ccncc2)(Cc2ccncc2)c2ccccc21,6.3
O=C1c2ccccc2C2=Nc3ccccc3SC(c3ccccc3F)C12,6.45
O=C1c2ccccc2CCC12N=NCC2c1ccc(Cl)cc1,4.4
O=C1c2ccccc2CCCC12N=NCC2c1cccc2ccccc12,5.7
O=C1c2ccccc2CC[C@H]1CNCCc1ccc(O)cc1,5.1
O=C1c2ccccc2NC(c2ccc(F)cc2)N1Cc1ccco1,4.85
O=C1c2ccccc2NC(c2ccc3c(c2)OCO3)N1O,4.65
O=C1c2ccccc2NC(c2ccncc2)N1c1ccccn1,5.5
O=C1c2ccccc2N[C@H](c2cc(Cl)cc(Cl)c2O)N1CCc1ccccn1,6.1
O=C=Nc1ccc(Cc2ccc(N=C=O)cc2)cc1,4.9
O=CN(C[C@H]1CN(c2ccc(N3CCOCC3=O)cc2)C(=O)O1)C(=O)c1ccc(Cl)s1,5.24
O=CN(O)C1(CS(=O)(=O)N2CCN(c3ccc(F)cc3)CC2)CCC1,5.72
O=CN(O)[C@@H](CCCc1ncccn1)CS(=O)(=O)N1CCN(c2ccc(C(F)(F)F)cn2)CC1,6.0
O=CN1CCC(Oc2ccc(-c3n[nH]c4ccc(C(=O)NC(c5ccccc5)C5CC5)cc34)cc2)CC1,5.82
O=CN1CCC(Oc2ccc(-c3n[nH]c4ccc(C(=O)NC(c5ccccn5)C5CC5)cc34)cc2)CC1,5.82
O=Cc1ccc(-c2cccnc2)o1,5.66
O=Cc1ccc(-c2cccnc2)s1,4.62
O=Cc1ccc(OC2C=CC(C#Cc3ccccc3)OC2CO)cc1,5.4
O=NCc1ccc(-c2cccnc2)s1,4.89
O=Nc1c(-c2c(O)[nH]c3cc(Br)ccc23)[nH]c2ccccc12,5.1
O=Nc1c(-c2c(O)[nH]c3ccccc23)[nH]c2ccccc12,5.1
O=Nc1c(O)n(Cc2ccc(Cl)c(Cl)c2)c2ccccc12,4.85
O=Nc1c(O)n(Cc2ccc(Cl)cc2)c2ccccc12,4.75
O=Nc1c(O)n(Cc2cccc(Cl)c2)c2ccccc12,4.4
O=Nc1ccc(Nc2ccccc2)cc1,4.7
O=Nc1ccc2oc(=O)ccc2c1,4.6
O=P(C(c1ccc2c(c1)OCO2)N1CCOCC1)(N1CCOCC1)N1CCOCC1,5.2
O=P(Cc1cc[n+]([O-])cc1)(c1ccccc1)c1ccccc1,4.85
O=P(N[C@@H](c1ccccc1)[C@@H]1C[C@H]1CO)(c1ccccc1)c1ccccc1,4.8
O=P(Nc1c(Cl)cccc1Cl)(c1ccccc1)c1nc2c(s1)CCCC2,4.95
O=P(O)(CP(=O)(c1ccccc1)c1ccccc1)c1ccccc1O,4.75
O=S(=O)(C(F)F)N1CCN(c2ccc(OC[C@@H]3CO[C@@](Cn4ccnc4)(c4ccc(Cl)cc4Cl)O3)cc2)CC1,7.0
O=S(=O)(C1CC1)N1CCN(c2ccc(/C=C/c3cc(F)cc(-c4ccncc4)c3)cc2)CC1,6.2
O=S(=O)(C1CC1)N1CCN(c2ccc(OC[C@@H]3CO[C@@](Cn4ccnc4)(c4ccc(Cl)cc4Cl)O3)cc2)CC1,6.73
O=S(=O)(C1CCOCC1)N1CCN(c2ccc(OC[C@@H]3CO[C@@](Cn4ccnc4)(c4ccc(Cl)cc4Cl)O3)cc2)CC1,6.65
O=S(=O)(CC[C@@H]1OCC[C@@]2(S(=O)(=O)c3ccc(Cl)cc3)c3c(F)ccc(F)c3OC[C@@H]12)CC1=NCCN1,5.4399999999999995
O=S(=O)(CC[C@@H]1OCC[C@@]2(S(=O)(=O)c3ccc(Cl)cc3)c3c(F)ccc(F)c3OC[C@@H]12)C[C@@H]1CCCN1,6.0
O=S(=O)(CC[C@@H]1OCC[C@@]2(S(=O)(=O)c3ccc(Cl)cc3)c3c(F)ccc(F)c3OC[C@@H]12)C[C@H]1CCCN1,6.0
O=S(=O)(CC[C@@H]1OCC[C@@]2(S(=O)(=O)c3ccc(Cl)cc3)c3c(F)ccc(F)c3OC[C@@H]12)[C@@H]1CCNC1,5.32
O=S(=O)(CC[C@@H]1OCC[C@@]2(S(=O)(=O)c3ccc(Cl)cc3)c3c(F)ccc(F)c3OC[C@@H]12)[C@H]1CCNC1,5.85
O=S(=O)(Cc1ccc(Cl)cc1)c1ccccc1-c1nnc(-c2ccc(Cl)cc2)o1,5.45
O=S(=O)(N/N=C/c1ccc2c(c1)OCCO2)c1ccc(Cl)cc1,4.85
O=S(=O)(N/N=C\C=C\c1ccccc1)c1ccc(Br)cc1,4.85
O=S(=O)(N/N=C\c1ccc2c(c1)OCO2)c1ccc(Cl)cc1,5.4
O=S(=O)(N/N=C\c1cccn1-c1ccccc1)c1ccc2ccccc2c1,5.15
O=S(=O)(N/N=C\c1cn(-c2ccccc2)nc1-c1ccccc1)c1ccccc1,5.15
O=S(=O)(N1CCN(c2ccc(/C=C/c3cc(F)cc(-c4ccncc4)c3)cc2)CC1)C(F)(F)F,5.03
O=S(=O)(N1CCN(c2ccc(OC[C@@H]3CO[C@@](Cn4ccnc4)(c4ccc(Cl)cc4Cl)O3)cc2)CC1)C(F)(F)F,6.47
O=S(=O)(N=C(Nc1ccccn1)c1ccccc1)c1ccc(Cl)cc1,5.85
O=S(=O)(N=C(Nc1ccccn1)c1ccccc1)c1ccccc1,4.55
O=S(=O)(NC(=Nc1ccc(F)cc1F)c1ccc(Cl)cc1)c1ccccc1,5.55
O=S(=O)(NC1CCN(Cc2ccccc2)CC1)c1cccc2cccnc12,4.8
O=S(=O)(NCCCCCCc1ccccc1)c1cccc2c(Cl)cccc12,5.6
O=S(=O)(NCCNC/C=C\c1ccc(Br)cc1)c1cccc2cnccc12,5.8
O=S(=O)(NCCSCc1c(Cl)cccc1Cl)c1ccc2c(c1)OCCO2,4.8
O=S(=O)(NCCSCc1ccc(Cl)cc1Cl)c1ccc2c(c1)OCCO2,4.8
O=S(=O)(NC[C@@H]1OCC[C@@]2(S(=O)(=O)c3ccc(Cl)cc3)c3c(F)ccc(F)c3OC[C@@H]12)C(F)(F)F,4.67
O=S(=O)(NCc1cc(-c2ccc(Cl)cc2)no1)c1ccc(Cl)cc1,4.6
O=S(=O)(NCc1cc(-c2ccccc2)no1)c1ccc(Cl)cc1,4.6
O=S(=O)(NCc1cc(-c2ccccc2Cl)no1)c1ccc(Cl)cc1,4.7
O=S(=O)(NCc1cccnc1)c1ccc(Cl)s1,4.9
O=S(=O)(NCc1cn2ccsc2n1)c1ccc(Oc2ccccc2)cc1,4.95
O=S(=O)(N[C@@H]1CC[C@@]2(S(=O)(=O)c3ccc(Cl)cc3)c3c(F)ccc(F)c3OC[C@H]2C1)C(F)(F)F,5.24
O=S(=O)(N[C@H]1CC[C@@](c2cc(F)ccc2F)(S(=O)(=O)c2ccc(Cl)cc2)CC1)C(F)(F)F,4.905
O=S(=O)(Nc1cc(Cl)c(Cl)cc1Cn1ccnn1)c1ccc(Cl)s1,5.3
O=S(=O)(Nc1cc(Cl)c(Oc2ccc3ncccc3c2)c(Cl)c1)c1ccc(Cl)cc1Cl,6.0
O=S(=O)(Nc1cc(Cl)c(Oc2cnc3ccccc3c2)c(Cl)c1)c1ccc(C(F)(F)F)cc1Cl,5.64
O=S(=O)(Nc1cc(Cl)c(Oc2cnc3ccccc3c2)c(Cl)c1)c1ccc(Cl)cc1Cl,4.6
O=S(=O)(Nc1cc(Cl)c(Oc2cncc(Cl)c2)c(Cl)c1)c1ccc(Cl)cc1Cl,5.92
O=S(=O)(Nc1cc(Cl)ccc1Cn1ccnn1)c1ccc(Cl)c(Cl)c1,5.4
O=S(=O)(Nc1cc(Cl)cnc1Oc1cncc(Cl)c1)c1ccc(Cl)c(Cl)c1,6.36
O=S(=O)(Nc1ccc(-c2cc[nH]n2)cc1)c1cc(Cl)cc(Cl)c1,4.82
O=S(=O)(Nc1ccc(-c2ccco2)cc1)c1cc(Cl)cc(Cl)c1,4.89
O=S(=O)(Nc1ccc(-c2ccncc2)cc1)c1cc(Cl)cc(Cl)c1,6.22
O=S(=O)(Nc1ccc(-c2cncnc2)cc1)c1cc(Cl)cc(Cl)c1,5.46
O=S(=O)(Nc1ccc(-c2cnco2)cc1)c1cc(Cl)cc(Cl)c1,5.8
O=S(=O)(Nc1ccc(-c2ncccn2)cc1)c1cc(Cl)cc(Cl)c1,4.79
O=S(=O)(Nc1ccc(-c2nnco2)cc1)c1cc(Cl)cc(Cl)c1,4.57
O=S(=O)(Nc1ccc(-n2ccnc2)cc1)c1cc(Cl)cc(Cl)c1,7.0
O=S(=O)(Nc1ccc(CCNC[C@H](O)c2cccnc2)cc1)c1ccc(-c2nc(-c3ccc(C(F)(F)F)cc3)cs2)cc1,5.03
O=S(=O)(Nc1ccc(Cc2ccncc2)cc1)c1ccc(Br)cc1,6.45
O=S(=O)(Nc1ccc(Cc2ccncc2)cc1)c1ccc(Cl)c(Cl)c1,6.4
O=S(=O)(Nc1ccc(Cc2ccncc2)cc1)c1cccs1,6.45
O=S(=O)(Nc1ccc(Oc2cnc3ccccc3c2)c(Cl)c1)c1ccc(Cl)cc1Cl,5.58
O=S(=O)(Nc1ccc(Oc2cnc3ccccc3c2)c(F)c1)c1ccc(Cl)cc1Cl,5.0
O=S(=O)(Nc1ccc2c(c1)OCCO2)c1cccc2cccnc12,4.8
O=S(=O)(Nc1cncc(C(F)(F)F)c1)c1ccccc1C(F)(F)F,6.21
O=S(=O)(Nc1nc(-c2sccc2Cl)cs1)c1cc(Cl)ccc1Cl,5.1
O=S(=O)(Nc1nc(Cl)cs1)c1cc(Cl)c(NC[C@H]2NCCC=C2c2ccc(F)cc2)cc1F,4.4
O=S(=O)(Nc1ncc(F)s1)c1cc(Cl)c(NC[C@H]2NCCC=C2c2ccc(F)cc2)cc1F,4.43
O=S(=O)(Nc1nccs1)c1cc(Cl)c(NCC2(CN3CCCC3)CC2)cc1F,4.7
O=S(=O)(Nc1nccs1)c1cc(Cl)c(NCC23CC4CC(CC(O)(C4)C2)C3)cc1F,5.2
O=S(=O)(Nc1nccs1)c1cc(Cl)c(NCC2CCCC3(C2)OCCO3)cc1F,4.78
O=S(=O)(Nc1nccs1)c1cc(Cl)c(NCC2CNC2)cc1F,4.7
O=S(=O)(Nc1nccs1)c1cc(Cl)c(NCC2CNCCO2)cc1F,4.7
O=S(=O)(Nc1nccs1)c1cc(Cl)c(NCCC2CCCCN2)cc1F,4.7
O=S(=O)(Nc1nccs1)c1cc(Cl)c(NCCC2CCCNC2)cc1F,5.17
O=S(=O)(Nc1nccs1)c1cc(Cl)c(NCCC2CCNC2)cc1F,4.7
O=S(=O)(Nc1nccs1)c1cc(Cl)c(NCCC2CCNCC2)cc1F,4.7
O=S(=O)(Nc1nccs1)c1cc(Cl)c(NCCC2CNC2)cc1F,4.7
O=S(=O)(Nc1nccs1)c1cc(Cl)c(NC[C@@H]2CCCN(O)C2)cc1F,4.77
O=S(=O)(Nc1nccs1)c1cc(Cl)c(NC[C@@H]2CCCNC2)cc1F,4.7
O=S(=O)(Nc1nccs1)c1cc(Cl)c(NC[C@H]2CCCN(O)C2)cc1F,5.1
O=S(=O)(Nc1nccs1)c1cc(Cl)c(NC[C@H]2CCCNC2)cc1F,4.7
O=S(=O)(Nc1nccs1)c1cc(Cl)c(NC[C@H]2CCCO[C@@H]2c2ccccc2)cc1F,5.44
O=S(=O)(Nc1nccs1)c1cc(Cl)c(NC[C@]23CCC[C@@]2(O)CCC3)cc1F,5.2
O=S(=O)(Nc1ncns1)c1cc(Cl)c(NCCC2CCCCN2)cc1F,5.23
O=S(=O)(Nc1ncns1)c1cc(F)c(OCC[C@]2(c3ccccc3)CC[C@H](NC3CC3)CC2)cc1F,7.05
O=S(=O)(Nc1ncns1)c1cc(F)c(OC[C@H]2CNCC[C@@H]2c2ccc(Cl)cc2)cc1F,6.82
O=S(=O)(O)C1CCNCC1,5.7
O=S(=O)([O-])c1cc(N=C=S)ccc1/C=C/c1ccc(N=C=S)cc1S(=O)(=O)[O-].[Na+].[Na+],4.9
O=S(=O)(c1ccc(Cl)cc1)C12CCC(O)CC1COc1c(F)ccc(F)c12,5.04
O=S(=O)(c1ccc(Cl)cc1)N1[C@H](C2CC2)CCC[C@@H]1C1(Cc2nc(CN3CCCC3)no2)CC1,6.52
O=S(=O)(c1ccc(Cl)cc1)N1[C@H](C2CC2)CCC[C@@H]1C1(Cc2nc(CN3CC[C@@H](O)C3)no2)CC1,6.22
O=S(=O)(c1ccc(Cl)cc1)N1[C@H](C2CC2)CCC[C@@H]1C1(Cc2noc(CN3CCCC3)n2)CC1,5.92
O=S(=O)(c1ccc(Cl)cc1)N1[C@H]2CC[C@@H]([C@H]1c1ccc(C(F)(F)F)cc1)[C@@H](O)C2,5.52
O=S(=O)(c1ccc(Cl)cc1)[C@@]12CCCC(CO)(CO)[C@@H]1COc1c(F)ccc(F)c12,4.95
O=S(=O)(c1ccc(Cl)cc1)c1ccc(Cl)cc1,4.699999999999999
O=S(=O)(c1ccc(Cl)cc1)c1cnc(-c2cccnc2)nc1-c1ccccc1,5.05
O=S(=O)(c1ccc(F)cc1)N1CC2CCCN2c2ccc(C(F)(F)F)cc21,5.2
O=S(=O)(c1ccc(F)cc1)N1CCCC(CO)C1,4.6
O=S(=O)(c1ccc(F)cc1)n1ccc(-c2cnc(-c3ccccc3)s2)n1,4.95
O=S(=O)(c1ccc2[nH]c(SCc3cccc(Cl)c3)nc2c1)N1CCOCC1,5.72
O=S(=O)(c1cccc(-c2nnc(-c3ccc(Br)cc3)o2)c1)N1CCCCCC1,5.45
O=S(=O)(c1cccc(C(F)(F)F)c1)N1c2ccccc2-n2cccc2[C@H]1c1cccnc1,6.2
O=S(=O)(c1cccc(Cl)c1)n1cc(Cl)c2cc3c(cc21)CCNCC3,4.8100000000000005
O=S(=O)(c1cccc(Cl)c1)n1ccc2cc3c(cc21)CCNCC3,5.34
O=S(=O)(c1cccc(F)c1)n1ccc2c(N3CCNCC3)nc3ccccc3c21,4.24
O=S(=O)(c1cccc(OC(F)(F)F)c1)N1CCN(c2ccc(/C=C/c3cc(Cl)cc(Cn4ccnc4)c3)cc2)CC1,6.06
O=S(=O)(c1cccc2c(Cl)cccc12)N1CCCNCC1,5.35
O=S(=O)(c1cccc2c(I)cccc12)N1CCCNCC1,4.9
O=S(=O)(c1cccc2cnccc12)N1CCCNCC1,4.9
O=S(=O)(c1cccc2cnccc12)N1CCNCC1,4.9
O=S(=O)(c1cccc2ncccc12)N1CCNCC1,5.4
O=S(=O)(c1ccccc1)N1CCC2(CC1)CN(C(c1ccccc1)c1ccccc1)C2,5.5
O=S(=O)(c1ccccc1)N1CCC2(CC1)CN(c1ccccc1)C2,4.9
O=S(=O)(c1ccccc1)N1CCC2(CC1)CN(c1ccccn1)C2,4.9
O=S(=O)(c1ccccc1)N1CCC2(CC1)CN(c1ccncc1)C2,4.4
O=S(=O)(c1ccccc1)N1CCC2(CCCN(C(c3ccccc3)c3ccccc3)C2)CC1,5.7
O=S(=O)(c1ccccc1)N1CCC2(CCCN(Cc3cc(C(F)(F)F)cc(C(F)(F)F)c3)C2)CC1,5.9
O=S(=O)(c1ccccc1)N1CCC2(CCCN(Cc3ccccc3)C2)CC1,5.2
O=S(=O)(c1ccccc1)N1CCC2(CCCN(Cc3ccncc3)C2)CC1,5.4
O=S(=O)(c1ccccc1)N1CCC2(CCCN(Cc3nccs3)C2)CC1,5.5
O=S(=O)(c1ccccc1)N1CCC2(CCCN(c3cccc(-c4ccccc4)c3)C2)CC1,5.4
O=S(=O)(c1ccccc1)N1CCC2(CCCN(c3ccccc3)C2)CC1,5.4
O=S(=O)(c1ccccc1)N1CCC2(CCCN(c3ccccn3)C2)CC1,5.1
O=S(=O)(c1ccccc1)N1CCC2(CCCN(c3ccncc3)C2)CC1,5.3
O=S(=O)(c1ccccc1)N1CCC2(CCCN(c3ncccn3)C2)CC1,4.9
O=S(=O)(c1ccccc1)N1CCC2(CCN(C(c3ccccc3)c3ccccc3)CC2)CC1,4.9
O=S(=O)(c1ccccc1)N1CCC2(CCN(Cc3ccncc3)CC2)CC1,5.4
O=S(=O)(c1ccccc1)N1CCC2(CCN(c3ccc(-c4ccccc4)cc3)CC2)CC1,4.7
O=S(=O)(c1ccccc1)N1CCC2(CCN(c3ccccc3)CC2)CC1,5.6
O=S(=O)(c1ccccc1)N1CCC2(CCN(c3ccncc3)CC2)CC1,4.9
O=S(=O)(c1ccccc1)N1CCC2(CCN(c3ncccn3)CC2)CC1,4.5
O=S(=O)(c1ccccc1)N1CCCC1c1nc2ccccc2s1,4.7
O=S(=O)(c1ccccc1)N1CCCCC1c1cccnc1,5.65
O=S(=O)(c1ccccc1)N1CCC[C@@]2(CCN(C(c3ccccc3)c3ccccc3)C2)C1,5.5
O=S(=O)(c1ccccc1)N1CCC[C@@]2(CCN(Cc3cc(C(F)(F)F)cc(C(F)(F)F)c3)C2)C1,5.3
O=S(=O)(c1ccccc1)N1CCC[C@@]2(CCN(Cc3ccccc3)C2)C1,5.9
O=S(=O)(c1ccccc1)N1CCC[C@@]2(CCN(Cc3nccs3)C2)C1,5.5
O=S(=O)(c1ccccc1)N1CCC[C@@]2(CCN(c3cccc(-c4ccccc4)c3)C2)C1,4.9
O=S(=O)(c1ccccc1)N1CCC[C@@]2(CCN(c3ccccc3)C2)C1,5.3
O=S(=O)(c1ccccc1)N1CCC[C@@]2(CCN(c3ccncc3)C2)C1,5.4
O=S(=O)(c1ccccc1)N1CCC[C@@]2(CCN(c3ncccn3)C2)C1,4.9
O=S(=O)(c1ccccc1)N1CCN(S(=O)(=O)c2ccccc2)c2ccccc21,5.4
O=S(=O)(c1ccccc1)N1CCN(c2cc(-c3ccccc3)nc3ncnn23)CC1,4.85
O=S(=O)(c1ccccc1)N1N=C(c2cccs2)CC1c1ccc(Br)cc1,5.7
O=S(=O)(c1ccccc1)c1cnc(-c2cccnc2)nc1-c1ccc(Cl)cc1Cl,5.55
O=S(=O)(c1ccccc1)c1cnn2c(C(F)(F)F)cc(-c3ccc(F)cc3)nc12,5.5
O=S(=O)(c1ccccc1)n1cc(Cl)c2cc3c(cc21)CCNCC3,4.82
O=S(=O)(c1ccccc1)n1ccc2cc3c(cc21)CCNCC3,4.8100000000000005
O=S(=O)(c1ccccc1Cl)n1ccc2cc3c(cc21)CCNCC3,5.55
O=S(=O)(c1ccccc1S(=O)(=O)N1CCCCC1)N1CCCCC1,5.05
O=S(=O)(c1ccccn1)n1ccc2cc3c(cc21)CCNCC3,4.26
O=S(=O)(c1cccs1)N1CCN(c2ccc(OC[C@@H]3CO[C@@](Cn4ccnc4)(c4ccc(Cl)cc4Cl)O3)cc2)CC1,7.06
O=S(=O)(c1cccs1)N1CN(Cc2ccc(Cl)cc2)c2nc3ccccc3nc21,5.65
O=S(=O)(c1ccsc1)n1ccc2cc3c(cc21)CCNCC3,4.835
O=S(=O)(c1cncc2ccccc12)N1CCC[C@H]1CCN1CCN(c2cccc3sccc23)CC1,5.0
O=S(=O)(c1cncc2ccccc12)N1CCC[C@H]1CCN1CCN(c2nsc3ccccc23)CC1,4.64
O=S(=O)(c1cnccc1N1CCN(/N=C/c2ccccc2)CC1)N1CCCCC1,6.05
O=S(=O)(c1cnccc1N1CCN(CCO)CC1)N1CCCC1,5.4
O=S1(=O)C=C(SCc2cccc(Cl)c2)Nc2ccccc21,5.7
O=S1(=O)CCN(CCc2cn(Cc3ccc(C(F)(F)F)cc3)c3ccccc23)CC1,5.15
O=S1(=O)CCN(CCc2cn(Cc3ccc(F)cc3)c3ccccc23)CC1,5.5
O=S1(=O)CCN(c2ccccc2CC(c2c[nH]c3ccccc23)c2c[nH]c3ccccc23)CC1,5.6
O=S1(=O)N(CCN2CC=C(c3c[nH]c4cc(F)ccc34)CC2)c2cccc3c2N1CCC3,5.3
O=S1(=O)[C@@H](c2ccccc2)[C@H](N2CCCCC2)[C@H]1[C@H]1C[C@H]2c3ccccc3[C@@H]1c1ccccc12,6.0
O=S1OCC2C(CO1)C1(Cl)C(Cl)=C(Cl)C2(Cl)C1(Cl)Cl,5.6
O=[N+]([O-])/C=C/c1cn(Cc2ccccc2)c2ccccc12,5.85
O=[N+]([O-])C(/C=C(\Cl)[N+](=O)[O-])=C1N(Cc2ccc(Cl)nc2)CCN1Cc1ccc(Cl)nc1,4.85
O=[N+]([O-])c1c(NCCO)cc(Sc2nc3ccccc3s2)c2nonc12,4.6
O=[N+]([O-])c1c2ccccc2cc2ccccc12,5.0
O=[N+]([O-])c1cc(/C=N/O)ccc1SCc1ccccc1,4.95
O=[N+]([O-])c1cc(C(F)(F)F)cc([N+](=O)[O-])c1Cl,4.6
O=[N+]([O-])c1cc(C(F)(F)F)ccc1NCCCCNS(=O)(=O)c1ccc2ccccc2c1,4.85
O=[N+]([O-])c1cc(Cl)cc2c1nc(NCCO)c1ccccc12,5.5
O=[N+]([O-])c1cc(F)c(N2CCOCC2)cc1N1CCCCC1,4.75
O=[N+]([O-])c1cc([N+](=O)[O-])c2[nH]c3c(N4CCN(CCc5ccc(F)c(F)c5)CC4)nc(CN4CCOCC4)nc3c2c1,4.37
O=[N+]([O-])c1cc2c(cc1/C=N/Nc1nc(Nc3ccccc3)nc(N3CCCCC3)n1)OCO2,5.15
O=[N+]([O-])c1cc2c(cc1/C=N/c1ccccc1)OCO2,4.7
O=[N+]([O-])c1cc2nc(O)c(O)nc2cc1[N+](=O)[O-],4.6
O=[N+]([O-])c1ccc(-c2c[nH]c(SCc3ccccc3Cl)n2)cc1,4.85
O=[N+]([O-])c1ccc(-c2nc(-c3ccc(F)cc3)c(-c3ccncc3)[nH]2)cc1,6.8
O=[N+]([O-])c1ccc(/C=N/n2c(S)nnc2COc2ccccc2)cc1,4.8
O=[N+]([O-])c1ccc(C2C3C(c4ccccc4)=NC4(CCCCC4)N32)cc1,4.8
O=[N+]([O-])c1ccc(C2CCCC/C2=N/OCc2ccccc2F)c([N+](=O)[O-])c1,5.45
O=[N+]([O-])c1ccc(C2CCCC/C2=N\OCc2cccc(F)c2)c([N+](=O)[O-])c1,4.85
O=[N+]([O-])c1ccc(CSc2ncnc3c2ncn3[C@@H]2O[C@@H](CO)[C@@H](O)[C@H]2O)cc1,4.7
O=[N+]([O-])c1ccc(N2CCC(=NOCc3ccc(Cl)cc3)CC2)cc1,4.45
O=[N+]([O-])c1ccc(N2CCCC2)cc1NCc1ccccc1,4.8
O=[N+]([O-])c1ccc(N2CCCCCC2)c(S(=O)(=O)N2CCCCC2)c1,5.3
O=[N+]([O-])c1ccc(N2CCN(CCOc3nonc3-c3ccccc3)CC2)c(Cl)c1,4.85
O=[N+]([O-])c1ccc(N2CCN(Cc3ccccc3)CC2)c(S(=O)(=O)N2CCOCC2)c1,4.9
O=[N+]([O-])c1ccc(Nc2nc(N/N=C\c3ccc4c(c3)OCO4)nc(N3CCCCC3)n2)cc1,5.9
O=[N+]([O-])c1ccc(Nc2nc3ccccc3s2)cc1,5.3
O=[N+]([O-])c1ccc(S(=O)(=O)Cc2ccccc2)c([N+](=O)[O-])c1,6.5
O=[N+]([O-])c1ccc(S(=O)(=O)Nc2ccc(-c3csc(-c4ccccc4)n3)cc2)cc1,4.85
O=[N+]([O-])c1ccc2[nH]c3c(N4CCN(CCc5ccc(F)c(F)c5)CC4)ncnc3c2c1,4.9
O=[N+]([O-])c1ccc2[nH]cnc2c1,4.6
O=[N+]([O-])c1ccc2c(/N=N\c3ccc4ccccc4c3O)c(O)cc(S(=O)(=O)O)c2c1,5.4
O=[N+]([O-])c1ccc2c(c1)N=C1O[C@H](c3c[nH]c4ccc(COc5ccccc5)cc34)C(O)=C1N2,5.5
O=[N+]([O-])c1ccc2c(c1)N=C1O[C@H](c3ccc([C@H]4OC5=Nc6cc([N+](=O)[O-])ccc6NC5=C4O)cc3)C(O)=C1N2,5.5
O=[N+]([O-])c1ccc2c(c1NC1CCCCC1)=NC1(CCCCC1)[N+]=2[O-],5.5
O=[N+]([O-])c1ccc2c3c(cccc13)CC2,4.5
O=[N+]([O-])c1ccc2cn[nH]c2c1,4.9
O=[N+]([O-])c1ccc2nc(N3CCNCC3)ccc2c1,5.0
O=[N+]([O-])c1cccc(-c2nc(-c3cccs3)c(-c3cccs3)[nH]2)c1,4.9
O=[N+]([O-])c1cccc(-c2nc(-c3ccncc3)no2)c1,6.25
O=[N+]([O-])c1cccc(-c2nnn(C34CC5CC(CC(C5)C3)C4)n2)c1,5.05
O=[N+]([O-])c1cccc(/C(=N/N=C/c2ccccc2Br)C23CN4CN(CN(C4)C2)C3)c1,4.5
O=[N+]([O-])c1cccc(/C=N/Nc2cc(Cl)nc(-c3ccccc3)n2)c1,4.75
O=[N+]([O-])c1cccc(/C=N\NC2=CS(=O)(=O)C=C2)c1,5.3
O=[N+]([O-])c1cccc(/C=N\Nc2ccc3ccccc3n2)c1O,5.5
O=[N+]([O-])c1cccc(CSc2nc(O)c3nc[nH]c3n2)c1,5.5
O=[N+]([O-])c1cccc2[nH]c3c(N4CCN(CCc5ccc(F)c(F)c5)CC4)ncnc3c12,5.18
O=[N+]([O-])c1cccc2c(Br)n[nH]c12,4.9
O=[N+]([O-])c1cccc2c1c1ncnc(N3CCN(CCc4ccc(F)c(F)c4)CC3)c1n2CCc1ccccc1,4.93
O=[N+]([O-])c1cccc2c1c1ncnc(N3CCN(CCc4ccc(F)c(F)c4)CC3)c1n2Cc1cccnc1,5.09
O=[N+]([O-])c1cccc2c1c1ncnc(N3CCN(CCc4ccc(F)c(F)c4)CC3)c1n2Cc1ccncc1,5.24
O=[N+]([O-])c1cccc2cn[nH]c12,4.4
O=[N+]([O-])c1ccccc1/C=N/n1c(S)nnc1COc1ccccc1,5.3
O=[N+]([O-])c1ccccc1CSc1nc(O)c2nc[nH]c2n1,5.4
O=[N+]([O-])c1ccccc1N/N=C/c1c[nH]c2ccccc12,4.6
O=[N+]([O-])c1cccnc1NCCNc1ncc(C(F)(F)F)cc1Cl,4.9
O=[N+]([O-])c1cnc(NCc2ccccc2Cl)nc1NCC1CCNCC1,4.55
O=c1[nH]c(-c2ccc(OCCCCCC(F)(F)F)cc2)cc(-c2ccc(C3CC3)s2)c1-c1nnn[nH]1,5.21
O=c1[nH]c(=O)n([C@H]2C[C@H](O)[C@H](CO)O2)cc1/C=C\Br,4.7
O=c1[nH]c(=S)[nH]c(-c2ccccc2)c1Cc1c(O)ccc2ccccc12,6.2
O=c1[nH]c2cc(-c3ccccc3)ccc2c2[nH]c(-c3c(Cl)cccc3C(F)(F)F)nc12,5.12
O=c1[nH]c2cc(-c3cccnc3)ccc2c2[nH]c(-c3ccccc3Cl)nc12,4.62
O=c1[nH]c2cc(/C=C3\c4ccccc4COc4cc(F)ccc43)ccc2n1[C@@H]1C[C@@H]2COCCN2C1,5.24
O=c1[nH]c2cc(Br)ccc2c2[nH]c(-c3ccccc3Cl)nc12,4.62
O=c1[nH]c2cc(C(F)(F)F)ccc2n1-c1cc(C(F)(F)F)ccc1O,4.8
O=c1[nH]c2ccc(-n3nnc4cnc(-c5ccnn5Cc5ccc(Cl)cc5Cl)cc43)cc2[nH]1,5.38
O=c1[nH]c2ccc(C(F)(F)F)cc2c(-c2cc(Cl)ccc2O)c1CCO,5.09
O=c1[nH]c2ccccc2/c(=N\S(=O)(=O)c2ccc(Cl)cc2)n1-c1ccccc1,5.55
O=c1[nH]c2ccccc2n1C1CCN(CCCC(c2ccc(F)cc2)c2ccc(F)cc2)CC1,5.3
O=c1[nH]c2ccccc2n1CCCN1CCC(n2c(=O)[nH]c3cc(Cl)ccc32)CC1,4.8
O=c1[nH]c2ccccc2n1CCCN1CCN(C(c2ccccc2)c2ccccc2)CC1,4.8
O=c1[nH]c2cnccc2n1-c1cc(-c2cc(Cl)ccc2F)nc2[nH]ccc12,5.5
O=c1[nH]n(-c2cccc3cccnc23)c(=O)c2ccccc12,4.6
O=c1c(-c2c(O)cc(O)c3c(=O)cc(-c4ccc(O)cc4)oc23)c(-c2ccc(O)cc2)oc2cc(O)cc(O)c12,7.1
O=c1c(-c2cc(F)cc(F)c2)nc2cnc(N3CCNCC3)nc2n1-c1ccccc1,4.6
O=c1c(-c2cc(F)cc(F)c2)nc2cnc(N3CCNCC3)nc2n1C1CC1,4.6
O=c1c(-c2cc(F)cc(F)c2)nc2cnc(N3CCNCC3)nc2n1CCc1ccccc1,4.8
O=c1c(-c2cc(F)cc(F)c2)nc2cnc(N3CCNCC3)nc2n1Cc1ccc(F)cc1,4.8
O=c1c(-c2cc(F)cc(F)c2)nc2cnc(N3CCNCC3)nc2n1Cc1cccs1,5.0
O=c1c(-c2cc(F)cc(F)c2)nc2cnc(Oc3ccccc3)nc2n1C[C@H]1CCCO1,4.8
O=c1c(-c2cc(F)cc(F)c2)nc2cncnc2n1C1CC1,5.1
O=c1c(-c2cc(F)cc(F)c2)nc2cncnc2n1Cc1ccc(F)cc1,5.0
O=c1c(-c2cc(F)cc(F)c2)nc2cncnc2n1Cc1ccccc1,5.3
O=c1c(-c2cc(F)cc(F)c2)nc2cncnc2n1Cc1ccccc1Cl,4.8
O=c1c(-c2cc(O)c(O)c(O)c2)coc2cc(O)c(O)c(O)c12,4.6
O=c1c(-c2ccc(Cl)cc2)[n+]([O-])c2ccccc2n1OCc1ccccn1,5.15
O=c1c(-c2ccc(Cl)cc2)nc2cnc(N3CCNCC3)nc2n1-c1ccccc1,4.9
O=c1c(-c2ccc(Cl)cc2)nc2cnc(N3CCNCC3)nc2n1CCc1ccccc1,4.5
O=c1c(-c2ccc(Cl)cc2)nc2cnc(N3CCNCC3)nc2n1Cc1ccc(F)cc1,4.9
O=c1c(-c2ccc(Cl)cc2)nc2cnc(N3CCNCC3)nc2n1Cc1cccs1,5.3
O=c1c(-c2ccc(Cl)cc2)nc2cnc(N3CCOCC3)nc2n1CCc1ccccc1,4.8
O=c1c(-c2ccc(Cl)cc2)nc2cncnc2n1Cc1ccc(F)cc1,4.8
O=c1c(-c2ccc(Cl)cc2)nc2cncnc2n1Cc1ccccc1,5.0
O=c1c(-c2ccc(Cl)cc2)nc2cncnc2n1Cc1ccccc1Cl,4.9
O=c1c(-c2ccc(F)c(F)c2)nc2cncnc2n1-c1ccccc1,4.7
O=c1c(-c2ccc(F)c(F)c2)nc2cncnc2n1C1CC1,4.9
O=c1c(-c2ccc(F)c(F)c2)nc2cncnc2n1Cc1ccc(F)cc1,4.8
O=c1c(-c2ccc(F)c(F)c2)nc2cncnc2n1Cc1ccccc1,4.8
O=c1c(-c2ccc(F)c(F)c2)nc2cncnc2n1Cc1ccccc1Cl,4.9
O=c1c(-c2ccc(F)cc2)nc2cnc(N3CCNCC3)nc2n1-c1ccccc1,4.6
O=c1c(-c2ccc(F)cc2)nc2cnc(N3CCNCC3)nc2n1C1CC1,4.8
O=c1c(-c2ccc(F)cc2)nc2cnc(N3CCNCC3)nc2n1Cc1ccc(F)cc1,5.1
O=c1c(-c2ccc(F)cc2)nc2cnc(N3CCNCC3)nc2n1Cc1cccs1,5.0
O=c1c(-c2ccc(F)cc2)nc2cnc(N3CCOCC3)nc2n1Cc1cccs1,4.8
O=c1c(-c2ccc(F)cc2)nc2cnc(Nc3ccccc3)nc2n1C[C@H]1CCCO1,4.9
O=c1c(-c2ccc(F)cc2)nc2cnc(Oc3cccc(Cl)c3)nc2n1C[C@H]1CCCO1,4.9
O=c1c(-c2ccc(F)cc2)nc2cnc(Oc3ccccc3)nc2n1C[C@H]1CCCO1,5.0
O=c1c(-c2ccc(F)cc2)nc2cncnc2n1-c1ccccc1,4.9
O=c1c(-c2ccc(F)cc2)nc2cncnc2n1Cc1ccc(F)cc1,4.8
O=c1c(-c2ccc(F)cc2)nc2cncnc2n1Cc1ccccc1,4.9
O=c1c(-c2ccc(O)cc2)coc2cc(O)cc(O)c12,4.9
O=c1c(-c2ccc(O)cc2)coc2cc(O)ccc12,4.8
O=c1c(-c2cccc(Cl)c2)nc2cncnc2n1-c1ccccc1,4.6
O=c1c(-c2cccc(Cl)c2)nc2cncnc2n1C1CC1,4.8
O=c1c(-c2cccc(Cl)c2)nc2cncnc2n1Cc1ccc(F)cc1,4.8
O=c1c(-c2cccc(Cl)c2)nc2cncnc2n1Cc1ccccc1Cl,4.9
O=c1c(-c2cccc(F)c2)nc2cncnc2n1-c1ccccc1,4.7
O=c1c(-c2cccc(F)c2)nc2cncnc2n1C1CC1,4.9
O=c1c(-c2cccc(F)c2)nc2cncnc2n1Cc1ccc(F)cc1,4.8
O=c1c(-c2cccc(F)c2)nc2cncnc2n1Cc1ccccc1,5.0
O=c1c(-c2cccc(F)c2)nc2cncnc2n1Cc1ccccc1Cl,4.8
O=c1c(-c2ccccc2)coc2cc(O)cc(O)c12,4.7
O=c1c(-c2ccccc2)nc2cnc(N3CCNCC3)nc2n1-c1ccccc1,4.7
O=c1c(-c2ccccc2)nc2cnc(N3CCNCC3)nc2n1C1CC1,4.9
O=c1c(-c2ccccc2)nc2cnc(N3CCNCC3)nc2n1Cc1ccc(F)cc1,5.5
O=c1c(-c2ccccc2)nc2cnc(N3CCNCC3)nc2n1Cc1cccs1,5.3
O=c1c(-c2ccccc2)nc2cnc(N3CCOCC3)nc2n1-c1ccccc1,4.7
O=c1c(-c2ccccc2)nc2cnc(N3CCOCC3)nc2n1CCc1ccccc1,4.5
O=c1c(-c2ccccc2)nc2cnc(N3CCOCC3)nc2n1C[C@H]1CCCO1,4.4
O=c1c(-c2ccccc2)nc2cnc(Nc3ccccc3)nc2n1C[C@H]1CCCO1,4.9
O=c1c(-c2ccccc2)nc2cnc(Oc3cccc(Cl)c3)nc2n1C[C@H]1CCCO1,4.9
O=c1c(-c2ccccc2)nc2cnc(Oc3ccccc3)nc2n1C1CC1,5.3
O=c1c(-c2ccccc2)nc2cnc(Oc3ccccc3)nc2n1C[C@H]1CCCO1,4.9
O=c1c(-c2ccccc2)nc2cncnc2n1Cc1ccc(F)cc1,4.9
O=c1c(-c2ccccc2)nc2cncnc2n1Cc1ccccc1,4.9
O=c1c(-c2cccs2)nc2cnc(N3CCNCC3)nc2n1-c1ccccc1,4.6
O=c1c(-c2cccs2)nc2cnc(N3CCNCC3)nc2n1C1CC1,5.2
O=c1c(-c2cccs2)nc2cnc(N3CCNCC3)nc2n1CCc1ccccc1,4.8
O=c1c(-c2cccs2)nc2cnc(N3CCNCC3)nc2n1Cc1cccs1,5.6
O=c1c(-c2cccs2)nc2cnc(N3CCOCC3)nc2n1-c1ccccc1,5.1
O=c1c(-c2cccs2)nc2cnc(N3CCOCC3)nc2n1CCc1ccccc1,4.9
O=c1c(-c2cccs2)nc2cnc(N3CCOCC3)nc2n1Cc1ccc(F)cc1,5.6
O=c1c(-c2cccs2)nc2cnc(N3CCOCC3)nc2n1Cc1cccs1,5.0
O=c1c(-c2cccs2)nc2cnc(Nc3ccccc3)nc2n1C[C@H]1CCCO1,5.0
O=c1c(-c2cccs2)nc2cnc(Oc3cccc(Cl)c3)nc2n1C[C@H]1CCCO1,5.0
O=c1c(-c2cccs2)nc2cnc(Oc3ccccc3)nc2n1Cc1cccs1,4.8
O=c1c(-c2cccs2)nc2cncnc2n1-c1ccccc1,5.0
O=c1c(-c2cccs2)nc2cncnc2n1C1CC1,5.3
O=c1c(-c2cccs2)nc2cncnc2n1Cc1ccc(F)cc1,4.9
O=c1c(-c2cccs2)nc2cncnc2n1Cc1ccccc1,5.2
O=c1c(-c2nc3ccccc3s2)cccn1Cc1ccc(Cl)cc1,4.85
O=c1c(-c2nc3ccccc3s2)cccn1Cc1ccccc1,4.75
O=c1c(-c2nnc(SCc3ccc(Cl)c(Cl)c3)o2)cccn1Cc1ccccc1,4.7
O=c1c(-c2nnc(SCc3ccc(Cl)cc3Cl)o2)cccn1Cc1ccccc1,4.65
O=c1c(CCO)c(-c2cc(Cl)ccc2O)c2cc(C(F)(F)F)ccc2n1Cc1nn[nH]n1,4.705
O=c1c(CCc2ccccc2)nc2cnc(N3CCNCC3)nc2n1-c1ccccc1,4.5
O=c1c(CCc2ccccc2)nc2cnc(N3CCNCC3)nc2n1C1CC1,4.9
O=c1c(CCc2ccccc2)nc2cnc(N3CCNCC3)nc2n1CCc1ccccc1,5.1
O=c1c(CCc2ccccc2)nc2cnc(N3CCNCC3)nc2n1Cc1ccc(F)cc1,5.1
O=c1c(CCc2ccccc2)nc2cnc(N3CCNCC3)nc2n1Cc1cccs1,5.1
O=c1c(CCc2ccccc2)nc2cnc(N3CCOCC3)nc2n1C1CC1,4.8
O=c1c(CCc2ccccc2)nc2cnc(N3CCOCC3)nc2n1C[C@H]1CCCO1,5.0
O=c1c(CCc2ccccc2)nc2cnc(Nc3ccccc3)nc2n1C[C@H]1CCCO1,5.6
O=c1c(CCc2ccccc2)nc2cnc(Nc3ccccc3)nc2n1Cc1cccs1,5.4
O=c1c(CCc2ccccc2)nc2cnc(Oc3cccc(Cl)c3)nc2n1C[C@H]1CCCO1,6.3
O=c1c(CCc2ccccc2)nc2cnc(Oc3ccccc3)nc2n1C1CC1,4.8
O=c1c(CCc2ccccc2)nc2cnc(Oc3ccccc3)nc2n1C[C@H]1CCCO1,7.1
O=c1c(CCc2ccccc2)nc2cncnc2n1-c1ccccc1,5.3
O=c1c(CCc2ccccc2)nc2cncnc2n1C1CC1,5.0
O=c1c(CCc2ccccc2)nc2cncnc2n1Cc1ccc(F)cc1,5.5
O=c1c(CCc2ccccc2)nc2cncnc2n1Cc1ccccc1,5.3
O=c1c(CCc2ccccc2)nc2cncnc2n1Cc1ccccc1Cl,4.8
O=c1c(Cl)c(N2CCN(S(=O)(=O)c3ccc(F)cc3)CC2)cnn1-c1cccc(Cl)c1,4.7
O=c1c(O)c(-c2cc(O)c(O)c(O)c2)oc2cc(O)cc(O)c12,4.9
O=c1c(O)c(-c2ccc(O)c(O)c2)oc2c(OC3OC(CO)C(O)C(O)C3O)c(O)cc(O)c12,4.4
O=c1c(O)c(-c2ccc(O)c(O)c2)oc2cc(O)cc(O)c12,5.2
O=c1c(O)c(-c2ccc(O)c(O)c2)oc2cc(O)ccc12,4.5
O=c1c(O)c(-c2ccc(O)c(O)c2)oc2ccccc12,4.5
O=c1c(O)c(-c2ccc(O)cc2)oc2cc(O)cc(O)c12,5.1
O=c1c(O)c(-c2ccc(O)cc2)oc2cc(O)ccc12,4.4
O=c1c(O)c(-c2ccc(O)cc2)oc2ccc(O)cc12,4.9
O=c1c(O)c(-c2ccc(O)cc2)oc2ccccc12,4.9
O=c1c(O)c(-c2ccc(O)cc2O)oc2cc(O)cc(O)c12,4.5
O=c1c(O)c(-c2cccc(O)c2)oc2ccccc12,4.8
O=c1c(O)c(-c2ccccc2)oc2cc(O)cc(O)c12,4.8
O=c1c(O)c(-c2ccccc2)oc2cc(O)ccc12,4.4
O=c1c(O)c(-c2ccccc2)oc2ccc3occc3c12,5.5
O=c1c(O)c(-c2ccccc2)oc2cccc(O)c12,4.9
O=c1c(O)c(-c2ccccc2)oc2ccccc12,4.6
O=c1c(O)cc(C2Oc3cc(O)cc(O)c3CC2O)cc2c(C3Oc4cc(O)cc(O)c4CC3O)cc(O)c(O)c12,4.8
O=c1c(O)cccc2cc(O)c(O)c(O)c12,4.5
O=c1c([N+](=O)[O-])cc(C(F)(F)F)cn1Cc1c(Cl)cccc1Cl,4.85
O=c1c2c(-c3ccc(Cl)cc3)csc2nc2n1CCC2,4.9
O=c1c2c(-c3cccs3)csc2[nH]c(=S)n1-c1ccccc1,4.85
O=c1c2c(n3ccnc3n1Cc1ccc(C(F)(F)F)cc1)CCN(Cc1cccc(Cl)c1)C2,4.3
O=c1c2c(n3cnnc3n1-c1ccccc1)-c1ccccc1CC21CCCCC1,4.8
O=c1c2cc(Br)ccc2[nH]c(=S)n1Cc1cccnc1,6.4
O=c1c2ccc(Cl)cc2nc(-c2cccc(C(F)(F)F)c2)n1O,4.55
O=c1c2ccc([N+](=O)[O-])c3cccc(c32)c2nc3ccccc3n12,6.05
O=c1c2ccccc2[se]n1-c1ccccc1,5.0
O=c1c2ccccc2c(-c2ccc(Br)cc2)nn1Cc1ccccc1,4.6
O=c1c2ccccc2c(-c2ccccc2)nn1Cc1ccc(Cl)cc1,4.75
O=c1c2ccccc2c(Cc2ccc(Cl)cc2)nn1C[C@H]1CCCN1CCCCc1ccc(OCCCN2CCCCCC2)cc1,6.52
O=c1c2ccccc2nc(-c2ccc(Cl)cc2Cl)n1CCCn1ccnc1,6.15
O=c1c2ccccc2nc(N2CCCC2)n1-c1ccc(Cl)cc1,4.9
O=c1c2ccccc2nc(SCc2ccccc2Cl)n1Cc1ccccc1,4.8
O=c1c2ccccc2nc2n1C(CSCc1cccc(C(F)(F)F)c1)CS2,5.35
O=c1c2ccccc2nc2n1C(CSc1ccc(F)cc1)CN2,4.5
O=c1c2ccccc2nc2n1CC/C2=C\c1ccccc1[N+](=O)[O-],5.0
O=c1c2ccccc2nc2n1CCc1c-2[nH]c2ccccc12,5.4
O=c1c2ccccc2nnn1CSc1nnc(COc2ccc(Cl)cc2)n1Cc1ccco1,4.9
O=c1c2ccccc2nnn1CSc1nnnn1-c1ccccc1,4.9
O=c1c2ccccc2oc2ccccc12,4.9
O=c1c2ccccc2sc2c(CO)ccc(NCCN3CCCCC3)c12,5.2
O=c1c2nccn2c2cc(F)c(-c3ccncc3)cc2n1C1CC1,4.855
O=c1cc(-c2cc(O)c(O)c(O)c2)oc2cc(O)cc(O)c12,4.7
O=c1cc(-c2ccc(C(F)(F)F)cc2)ccn1-c1ccc2c(cnn2CCN2CCCC2)c1,5.7
O=c1cc(-c2ccc(Cl)cc2Cl)ccn1-c1ccc2c(cnn2CCN2CCCC2)c1,5.77
O=c1cc(-c2ccc(O)c(O)c2)oc2cc(O)cc(O)c12,5.3
O=c1cc(-c2ccc(O)c(O)c2)oc2cccc(O)c12,4.8
O=c1cc(-c2ccc(O)c(O)c2)oc2ccccc12,4.8
O=c1cc(-c2ccc(O)cc2)oc2cc(O)cc(O)c12,5.5
O=c1cc(-c2ccc(O)cc2)oc2cc(O)ccc12,5.1
O=c1cc(-c2ccc(O)cc2)oc2ccc(O)cc12,5.5
O=c1cc(-c2ccc(O)cc2)oc2cccc(O)c12,6.1
O=c1cc(-c2ccc(O)cc2O)oc2ccccc12,5.5
O=c1cc(-c2cccc(O)c2)oc2c(O)c(O)ccc12,4.8
O=c1cc(-c2cccc(O)c2)oc2cc(O)ccc12,4.9
O=c1cc(-c2cccc(O)c2)oc2ccc(O)cc12,5.4
O=c1cc(-c2cccc(O)c2)oc2cccc(O)c12,5.1
O=c1cc(-c2cccc(O)c2O)oc2ccccc12,4.7
O=c1cc(-c2ccccc2)[nH]n1-c1ccc([N+](=O)[O-])cc1,4.85
O=c1cc(-c2ccccc2)oc2c(O)c(O)ccc12,4.4
O=c1cc(-c2ccccc2)oc2c1ccc1ccccc12,4.9
O=c1cc(-c2ccccc2)oc2cc(O)c(O)c(O)c12,4.5
O=c1cc(-c2ccccc2)oc2cc(O)cc(O)c12,5.5
O=c1cc(-c2ccccc2)oc2cccc(O)c12,4.95
O=c1cc(-c2ccccc2)oc2ccccc12,4.9
O=c1cc(-c2ccccc2O)oc2c(O)c(O)ccc12,4.5
O=c1cc(-c2ccccc2O)oc2c1ccc1ccccc12,4.8
O=c1cc(-c2ccccc2O)oc2cc(O)cc(O)c12,5.4
O=c1cc(-c2ccccc2O)oc2ccc3ccccc3c12,4.5
O=c1cc(CN2CCN(c3ccc(F)cc3)CC2)c2cc3c(cc2o1)CCCC3,4.85
O=c1cc(CSc2nnc(-c3cccnc3)n2-c2ccccc2F)nc2sccn12,5.55
O=c1cc(Cn2c(C3CC(F)(F)C3)nc3nccnc32)c2cccc(F)c2[nH]1,4.64
O=c1cc(N2CCC(Cc3ccccc3)CC2)[nH]c(=O)n1C1CCCCC1,5.45
O=c1cc(N2CCCCC2)c(-c2ccccc2)nn1Cc1ccccc1Cl,5.0
O=c1cc(N2CCN(c3cccc(Cl)c3)CC2)[nH]c(=O)n1C1CCCCC1,5.45
O=c1cc(N2CCN(c3ccccc3)CC2)[nH]c(=O)n1C1CCCCC1,5.2
O=c1cc(N2CCOCC2)nc(Cc2nc3c(-c4cccs4)cccc3o2)[nH]1,4.72
O=c1cc(N2CCOCC2)oc2c(-c3ccccc3)cccc12,5.15
O=c1cc(N2CCc3ccccc3C2)[nH]c(=O)n1C1CCCCC1,5.35
O=c1cc(O)cc(/C=C\c2ccc(O)c(O)c2)o1,5.5
O=c1cc(OCc2ccccc2)ccn1-c1ccc2c(cnn2CC2=NCCN2)c1,4.42
O=c1cc(OCc2ccccc2)ccn1-c1ccc2c(cnn2CCN2CCCC2)c1,5.0
O=c1cc(OCc2ccccc2)ccn1-c1ccc2c(cnn2CCN2CC[C@H](O)C2)c1,5.11
O=c1cc(OCc2ccccc2)ccn1-c1ccc2c3c([nH]c2c1)CCNC3,4.17
O=c1ccc(-c2nc3cc(S(=O)(=O)C(F)(F)F)ccc3[nH]2)cn1-c1ccccc1,5.29
O=c1ccc(Cc2cc(Cc3cccc(Cl)c3)c3occc3c2)n[nH]1,6.75
O=c1ccc(Cc2cc(Oc3cccc(Cl)c3)c3occc3c2)n[nH]1,6.39
O=c1ccc(NS(=O)(=O)c2ccc(Cl)cc2)cn1Cc1ccc(Cl)c(Cl)c1,5.25
O=c1ccc(NS(=O)(=O)c2ccccc2)cn1Cc1ccc(Cl)c(Cl)c1,5.2
O=c1ccc2c(O)c3ccoc3cc2o1,4.8
O=c1ccc2c(OCCCCc3ccccc3)c3ccoc3cc2o1,6.4
O=c1ccc2cc(O)c(O)cc2o1,4.9
O=c1ccc2cc3ccoc3cc2o1,4.5
O=c1ccc2ccc(COC(Cn3ccnc3)c3ccc(Cl)cc3Cl)cc2o1,7.19
O=c1ccc2ccc(O)c(O)c2o1,4.9
O=c1cccc2n1C[C@@H]1CNC[C@H]2C1,4.5
O=c1cccc2n1C[C@H]1CNC[C@H]2C1,4.5
O=c1ccn(-c2cccc(C(F)(F)F)c2)nc1-c1ccn(-c2ccccc2F)n1,5.0
O=c1ccn([C@@H]2O[C@@H](COP(=O)([O-])OP(=O)([O-])O)[C@H](O)[C@@H]2O)c(=O)[nH]1.[Na+].[Na+],6.1
O=c1cnc2cnc(N3CCNCC3)nc2n1CCc1ccccc1,4.8
O=c1cnc2cnc(N3CCNCC3)nc2n1Cc1ccc(F)cc1,5.1
O=c1cnc2cnc(N3CCNCC3)nc2n1Cc1cccs1,4.8
O=c1cnc2cnc(N3CCOCC3)nc2n1CCc1ccccc1,4.8
O=c1cnc2cnc(N3CCOCC3)nc2n1C[C@H]1CCCO1,4.8
O=c1cnc2cnc(N3CCOCC3)nc2n1Cc1ccc(F)cc1,4.9
O=c1cnc2cnc(N3CCOCC3)nc2n1Cc1cccs1,4.8
O=c1cnc2cnc(Nc3ccccc3)nc2n1C1CC1,4.6
O=c1cnc2cnc(Nc3ccccc3)nc2n1C[C@H]1CCCO1,4.5
O=c1cnc2cnc(Nc3ccccc3)nc2n1Cc1ccc(F)cc1,4.9
O=c1cnc2cnc(Nc3ccccc3)nc2n1Cc1cccs1,4.8
O=c1cnc2cnc(OCc3ccccc3)nc2n1Cc1ccc(F)cc1,5.3
O=c1cnc2cnc(Oc3cccc(Cl)c3)nc2n1CCc1ccccc1,4.7
O=c1cnc2cnc(Oc3cccc(Cl)c3)nc2n1Cc1ccc(F)cc1,4.6
O=c1cnc2cnc(Oc3ccccc3)nc2n1Cc1ccc(F)cc1,4.7
O=c1cnc2cnc(Oc3ccccc3)nc2n1Cc1cccs1,4.8
O=c1cnc2cncnc2n1Cc1ccc(F)cc1,4.7
O=c1cnc2cncnc2n1Cc1ccccc1,4.7
O=c1n(-c2ccc(C(F)(F)C(O)(Cn3cnnn3)c3ccc(F)cc3F)nc2)cnn1C1CCCC1,4.3
O=c1n(-c2ccc(C(F)(F)C(O)(Cn3cnnn3)c3ccc(F)cc3F)nc2)cnn1C1CCCCC1,4.3
O=c1n(Cc2cc3c(cc2Cl)OCO3)c(=O)n2n1CC[C@H]1/C(=N\OC[C@@H](O)COCc3ccco3)[C@H]3O[C@@H]3[C@@H](O)[C@@H]12,5.4
O=c1n(Cc2cc3c(cc2Cl)OCO3)c(=O)n2n1CC[C@H]1/C(=N\OCc3ccccc3)[C@H]3O[C@@H]3[C@@H](O)[C@@H]12,5.4
O=c1n(Cc2nc3ccccc3n2CCCCO)c2cnccc2n1C1CC1,4.56
O=c1n(S(=O)(=O)c2cccs2)c2ccccc2n1S(=O)(=O)c1cccs1,6.1
O=c1oc2cc(/N=C\c3ccc4c(c3)OCO4)ccc2c2ccccc12,5.4
O=c1oc2cc(Oc3c([N+](=O)[O-])cc(C(F)(F)F)cc3[N+](=O)[O-])ccc2c2c1CCCC2,4.85
O=c1oc2ccccc2c(O)c1Cc1c(O)c2ccccc2oc1=O,5.3
O=c1oc2ccccc2c2oc3cc(O)c(O)cc3c12,4.7
O=c1oc2ccccc2cc1-c1csc(NN=C2CCCCC2)n1,5.4
O=c1onc2cnc3ccccc3n12,5.0
O=c1onc2n1-c1cc(Br)ccc1OC2,4.7
O=c1sc2ccccc2n1CCCOc1ccccc1,4.75
OC(CC1c2c(Cl)cccc2-c2cncn21)C1CCCCC1,5.77
OC(CC1c2c(F)cccc2-c2cncn21)C1CCC(F)(F)CC1,5.58
OC(CC1c2c(F)cccc2-c2cncn21)C1CCCCC1,5.7
OC(CC1c2cc(Cl)ccc2-c2cncn21)C1CCCCC1,8.0
OC(CC1c2ccccc2-c2cncn21)C1CCC(F)(F)CC1,5.92
OC(CC1c2ccccc2-c2cncn21)C1CCCCC1,6.77
OC(CN1CCC(Cc2ccc(F)cc2)CC1)c1ccc(Cl)cc1,5.45
OC(CN1CCN(CCCn2ccc3cc(Br)ccc32)CC1)(Cn1cncn1)c1ccc(F)cc1F,6.89
OC(CNCc1ccc(F)cc1)(c1ccc(F)cc1)c1ccc(F)cc1,5.7
OC(COCc1ccccc1)Cn1cnc2ccccc21,5.4
OC(Cc1cccnc1)(c1ccccc1)c1ccccc1,6.3
OC(Cc1nc2ccccc2[nH]1)c1ccccc1Cl,5.0
OC(Cn1cncn1)(Cn1cncn1)c1ccc(F)cc1F,5.0
OC(Cn1cncn1)(c1ccc(F)cc1F)C(F)(F)c1ccc(-c2ccc(F)cc2)cn1,5.85
OC(Cn1cncn1)(c1ccc(F)cc1F)C(F)(F)c1ccc(-c2ccc(OC(F)(F)F)cc2)cn1,5.42
OC(Cn1cncn1)(c1ccc(F)cc1F)C(F)(F)c1ccc(-c2ccc(OCC(F)(F)F)cc2)cn1,5.24
OC(Cn1cnnc1)(c1ccc(F)cc1F)C(F)(F)c1ccc2cc(Br)ccc2n1,4.96
OC(Cn1cnnc1)(c1ccc(F)cc1F)C(F)(F)c1cnc2cc(Cl)ccc2n1,4.35
OC(Cn1cnnn1)(c1ccc(F)cc1F)C(F)(F)c1ccc(-c2ccc(Cl)nc2)cn1,4.77
OC(Cn1cnnn1)(c1ccc(F)cc1F)C(F)(F)c1ccc(-c2ccc(F)cc2)cn1,4.28
OC(Cn1cnnn1)(c1ccc(F)cc1F)C(F)(F)c1ccc(-c2ccc(F)nc2)cn1,4.48
OC(Cn1cnnn1)(c1ccc(F)cc1F)C(F)(F)c1ccc(-c2ccc(OCC(F)(F)F)cc2)cn1,4.3
OC(Cn1cnnn1)(c1ccc(F)cc1F)C(F)(F)c1ccc(/C=C/COCC(F)(F)F)cn1,4.09
OC(Cn1cnnn1)(c1ccc(F)cc1F)C(F)(F)c1ccc(C#Cc2ccc(F)cc2)cn1,4.0
OC(Cn1cnnn1)(c1ccc(F)cc1F)C(F)(F)c1ccc(C#Cc2ccc(NCC(F)(F)F)cc2)cn1,5.0
OC(Cn1cnnn1)(c1ccc(F)cc1F)C(F)(F)c1ccc(C#Cc2ccc(OCC(F)F)cc2)cn1,4.22
OC(Cn1cnnn1)(c1ccc(F)cc1F)C(F)(F)c1ccc(Cl)cn1,4.13
OC(Cn1cnnn1)(c1ccc(F)cc1F)C(F)(F)c1ccc(OCC(F)(F)F)cn1,4.14
OC(c1cc(C(F)(F)F)nc2c(C(F)(F)F)cccc12)C1CCCCN1,4.4
OC/C=C/c1ccc(O)c(O)c1,4.8
OC1(c2ccc(Cl)cc2)CCN(Cc2c[nH]c3ccccc23)CC1,5.6
OC1(c2ccc(OC(F)F)cc2)CS/C(=N\c2cccnc2)N1C1CC1,6.1
OC1(c2ccncc2)CCCc2cc(-c3ccc(F)c(F)c3)ccc21,4.86
OC1(c2ccncc2)CCCc2cc(-c3ccc(F)cc3)ccc21,5.06
OC1(c2ccncc2)CCc2cc(-c3ccc(F)cc3)ccc21,5.49
OC1CC(O)(CN2CCC(COc3noc4cccc(O[C@H]5CCOC5)c34)CC2)CCO1,6.22
OC1CCC(C(O)CC2c3c(F)cccc3-c3cncn32)CC1,5.48
OC1N=C(c2ccccc2F)c2cc(Cl)ccc2-n2cncc21,5.0
OC1c2ccccc2-c2nc3ccccc3cc21,4.6
OCC(O)Cc1ccc2c(c1)OCO2,4.4
OCC1CCCC(c2ccc(O)cc2)CC1,4.48
OCC1OC(/C=C\c2ccccc2)C=CC1Oc1ccc2c(c1)OCO2,6.4
OCC1OC(C#Cc2ccccc2)C=CC1O,5.2
OCC1OC(c2ccc3c(c2)OCO3)C=CC1Oc1cc(Cl)cc(Cl)c1,6.5
OCC1OC(c2ccc3c(c2)OCO3)C=CC1Oc1ccc(C2CCCC2)cc1,5.7
OCCCN(Cc1cc2cc3c(cc2nc1O)OCO3)Cc1nnnn1Cc1ccc(F)cc1,5.5
OCCN(/C=N/C1=NN(c2cccc(C(F)(F)F)c2)CC1)CCO,4.85
OCCN(CCO)c1nc(N2CCCCC2)c2nc(N(CCO)CCO)nc(N3CCCCC3)c2n1,5.0
OCCN1CCN(CC/C=C2/c3ccccc3Sc3ccc(Cl)cc32)CC1,4.9
OCCN1CCN(CC/C=C2\c3ccccc3Sc3ccc(C(F)(F)F)cc32)CC1,5.0
OCCN1CCN(CCCN2c3ccccc3Sc3ccc(C(F)(F)F)cc32)CC1,4.75
OCCN1CCN(CCCN2c3ccccc3Sc3ccc(Cl)cc32)CC1,5.6
OCCN1CCN(c2nc(N3CCCCC3)nc(N3CCCCC3)n2)CC1,4.85
OCCNCCCOc1cccc(Cl)c1Cl,4.5
OCCNc1ncnc2[nH]cnc12,6.6
OCCOCCN1CCN(C2=Nc3ccccc3Sc3ccccc32)CC1,4.9
OC[C@@H]1O[C@@H](c2nc3cc(Cl)c(Cl)cc3[nH]2)[C@H](O)[C@@H]1O,4.4
OC[C@@H]1O[C@@H](n2cnc3cncnc32)[C@@H](O)[C@H]1O,5.5
OC[C@H](CCc1c[nH]c2ccccc12)c1c[nH]c2ccccc12,5.8
OC[C@H](Cc1ccc2c(c1)OCO2)[C@H](CO)Cc1ccc2c(c1)OCO2,5.935
OC[C@H]1CC[C@H](c2ccc(O)cc2)CC1,4.05
OC[C@H]1C[C@@H](c2cccc(Cc3ccc(C4CC4)cc3)c2)[C@H](O)[C@@H](O)[C@@H]1O,4.300000000000001
OCc1cc([C@@H](O)CNCCCCCCOCCCCc2ccccc2)ccc1O,4.9
OCc1ccc(-c2nn(Cc3ccccc3)c3ccccc23)o1,4.9
OCc1ncc2n1-c1ccc(Cl)cc1C(c1ccccc1F)=NC2,5.285
ON(CCc1ccccn1)Cc1ccccc1,5.4
ON(CCc1ccncc1)Cc1ccccc1,6.0
ON=Cc1ccc(-c2cccnc2)o1,4.29
O[C@@H](C1=C/C(=C\c2ccncc2)c2ccccc21)c1ccncc1,6.1
O[C@@H](C[C@H]1c2c(F)cccc2-c2cncn21)[C@H]1CC[C@H](O)CC1,5.25
O[C@@H](Cc1ccncc1)C(Cl)(Cl)Cl,5.2
O[C@@H](c1cc(C(F)(F)F)nc2c(C(F)(F)F)cccc12)[C@H]1CCCCN1,4.72
O[C@@H](c1ccccc1)C1CCN(CCc2ccccc2)CC1,4.8
O[C@@H]1CCOC[C@H]1[C@H]1c2ccccc2-c2cncn21,6.19
O[C@@H]1COCC[C@H]1[C@H]1c2ccccc2-c2cncn21,6.22
O[C@@H]1c2ccccc2CC[C@H]1[C@H]1c2ccccc2-c2cncn21,6.08
O[C@@H]1c2cnccc2CC[C@H]1[C@H]1c2ccccc2-c2cncn21,5.62
O[C@@H]1c2nonc2CC[C@H]1[C@H]1c2ccccc2-c2cncn21,5.09
O[C@@](CCN1CCCCC1)(c1ccccc1)C1CCCCC1,5.300000000000001
O[C@@](CCN1CCCCC1)(c1ccccc1)[C@@H]1C[C@H]2C=C[C@@H]1C2,4.9
O[C@@](CN1CCN(CCn2ccc3cc(Br)ccc32)CC1)(Cn1cncn1)c1ccc(F)cc1F,6.4
O[C@@](Cn1cnnn1)(c1ccc(F)cc1F)C(F)(F)c1ccc(-c2ccc(C(F)(F)F)cc2)cn1,4.27
O[C@@](Cn1cnnn1)(c1ccc(F)cc1F)C(F)(F)c1ccc(-c2ccc(Cl)cc2)cn1,4.44
O[C@@](Cn1cnnn1)(c1ccc(F)cc1F)C(F)(F)c1ccc(-c2ccc(OC(F)(F)F)cc2)cn1,4.1
O[C@@](Cn1cnnn1)(c1ccc(F)cc1F)C(F)(F)c1ccc(-c2ccc(OCC(F)(F)F)cc2)cn1,4.19
O[C@H](CN1CCN(c2cccc(Cl)c2)CC1)C(c1ccccc1)c1ccccc1,5.1
O[C@H](C[C@H]1c2c(F)cccc2-c2cncn21)[C@H]1CC[C@@H](O)CC1,5.51
O[C@H](C[C@H]1c2c(F)cccc2-c2cncn21)[C@H]1CC[C@H](O)CC1,5.24
O[C@H](c1cc(C(F)(F)F)nc2c(C(F)(F)F)cccc12)[C@@H]1CCCCN1,4.545
O[C@H]1CC[C@H](c2ccc(OCCCN3CCCCC3)cc2)CC1,4.52
O[C@H]1OC[C@H](Cc2ccc3c(c2)OCO3)[C@H]1Cc1ccc2c(c1)OCO2,5.04
O[C@](Cn1cccn1)(c1ccc(F)cc1F)n1cncn1,4.36
O[C@]1(c2ccc(F)c(F)c2)CCNC[C@@H]1c1cc(-c2c(Cl)cccc2Cl)no1,5.1
O[C@]1(c2ccc(F)c(F)c2)CCNC[C@@H]1c1cc(-c2c(Cl)cccc2Cl)on1,4.77
O[C@]1(c2ccc(F)c(F)c2)CCNC[C@@H]1c1cc(-c2ccc(F)cc2Br)no1,5.52
O[C@]1(c2ccc(F)c(F)c2)CCNC[C@@H]1c1cc(-c2ccc(F)cc2Cl)no1,5.16
O[C@]1(c2ccc(F)c(F)c2)CCNC[C@@H]1c1onc(-c2c(Cl)cccc2Cl)c1Br,4.82
O[C@]1(c2ccc(F)c(F)c2)CCNC[C@@H]1c1onc(-c2cccc(Cl)c2Cl)c1Br,4.72
O[C@]1(c2ccc(F)c(F)c2)CCNC[C@@H]1c1onc(-c2ccccc2Cl)c1Br,4.75
O[Si@](CCCN1CCCCC1)(c1ccc(F)cc1)C1CCCCC1,5.4
Oc1[nH]c2ccccc2c1/C=N/c1nccs1,4.8
Oc1c(/C=N/c2cccc(C(F)(F)F)c2)cnn1-c1cccc(Cl)n1,4.6
Oc1c(Br)cc(Br)cc1Br,4.8
Oc1c(CN2CCOCC2)cc(-c2ccccc2)cc1CN1CCOCC1,4.8
Oc1c(Cl)cc(Cl)c(Cl)c1Cc1c(O)c(Cl)cc(Cl)c1Cl,4.8
Oc1c(Cl)cc(Cl)c2cccnc12,4.8
Oc1c(Cl)cc(Cl)cc1Cl,4.5
Oc1c(Cl)cc(Cl)cc1Sc1cc(Cl)cc(Cl)c1O,4.8
Oc1c(I)cc(Cl)c2cccnc12,4.5
Oc1c2ccccc2c2c3c(cccc13)N=N2,5.4
Oc1cc(CSc2ccccc2)nc(S)n1,4.55
Oc1cc(Cl)c(Cl)c(Cl)c1,4.9
Oc1cc(Cl)c(Cl)c(Cl)c1Cl,4.9
Oc1cc(Cl)ccc1Cl,4.5
Oc1cc(O)c2c(c1)O[C@H](c1ccc(O)c(O)c1)[C@H](O)C2,4.9
Oc1cc(O)cc(/C=C\c2ccc(O)c(O)c2)c1,4.7
Oc1cc2c(c(Cl)c1O)CCNC[C@H]2c1ccccc1,4.65
Oc1cc2c(cc1O)C1c3ccc(O)c(O)c3OCC1(O)C2,4.8
Oc1cc2c(cc1O)CN(C(=S)NCCc1ccc(Cl)cc1)CCC2,5.5
Oc1cc2c(cc1O)[C@H](c1ccccc1)CNCC2,4.9
Oc1cc2c(cc1O)[C@H]1c3ccc(O)c(O)c3OC[C@@]1(O)C2,5.5
Oc1cc2c(cc1O)[C@H]1c3ccccc3CN[C@@H]1CC2,7.3
Oc1ccc(-c2[nH]ncc2-c2ccc(Cl)cc2)c(O)c1,6.25
Oc1ccc(-c2cc(-c3cccc(O)c3)cs2)cc1,5.72
Oc1ccc(-c2cc3cc(Br)cc(O)c3o2)cc1O,4.63
Oc1ccc(-c2ccc(C(O)c3ccncc3)cc2)cc1,5.49
Oc1ccc(-c2ccc(CNCCc3c[nH]c4ncc(F)cc34)o2)cc1,5.11
Oc1ccc(-c2ccc(Cc3ccncc3)cc2)cc1F,6.05
Oc1ccc(-c2ccc(Cc3ccncc3)cc2)cc1O,5.12
Oc1ccc(-c2nc(-c3ccc(F)cc3)c(-c3ccncc3)[nH]2)cc1,6.0
Oc1ccc(/C=C/c2cc(O)cc(O)c2)cc1,5.4
Oc1ccc(/C=C\c2cc(O)cc(O)c2)cc1,5.55
Oc1ccc(Br)cc1CNn1cnnc1,4.45
Oc1ccc(C2Nc3cccc4cccc(c34)N2)c(O)c1,4.8
Oc1ccc(C2Oc3cc(O)cc(O)c3CC2O)cc1,4.9
Oc1ccc(CCNCc2cc3c(cc2Br)OCO3)cc1,5.4
Oc1ccc(Cc2cc(Cl)cc(Cl)c2O)cc1Cl,5.4
Oc1ccc(Cl)c(Cl)c1Cl,4.8
Oc1ccc(Cl)cc1Cc1cc(Cl)ccc1O,4.7
Oc1ccc(Cl)cc1Cc1ccccc1,4.6
Oc1ccc(Cl)cc1Sc1cc(Cl)ccc1O,4.5
Oc1ccc(Cn2cc[nH]c2=S)cc1,4.8
Oc1ccc(Nc2nc(-c3ccc(Cl)cc3)cs2)cc1,4.6
Oc1ccc(O)cc1,6.0
Oc1ccc([C@@H]2CNCCc3c2cc(O)c(O)c3Cl)cc1,4.8
Oc1ccc([C@@H]2CNCc3sccc32)cc1O,4.8
Oc1ccc2[nH]cc(CCCCN3CC=C(c4ccccc4)CC3)c2c1,5.4
Oc1ccc2c(c1)OC(c1ccc(O)c(O)c1)C(O)C2,4.6
Oc1ccc2c(c1)OCC1(O)Cc3cc(O)c(O)cc3C21,4.5
Oc1ccc2c(c1)OCC1c3cc4c(cc3OC21)OCO4,4.4
Oc1ccc2c(c1)OCO2,4.8
Oc1ccc2c3c1O[C@@H]1c4[nH]c5c(c4C[C@@]4(O)[C@@H](C2)N(CC2CC2)CC[C@]314)C[C@]1(O)[C@@H]2Cc3ccc(O)c4c3[C@@]1(CCN2CC1CC1)[C@H]5O4,5.7
Oc1ccc2c3c1O[C@H]1c4[nH]c5ccccc5c4C[C@]4(O)[C@H](C2)N(CC2CC2)CC[C@@]314,6.3
Oc1ccc2c3c1O[C@H]1c4c(c5ccccc5n4Cc4ccccc4)C[C@]4(O)[C@H](C2)N(CC2CC2)CC[C@@]314,5.0
Oc1ccc2c3c1O[C@H]1c4oc5ccccc5c4C[C@]4(O)[C@H](C2)N(CC2CC2)CC[C@@]314,4.7
Oc1ccc2cc(-c3ccc(Cc4ccncc4)cc3)ccc2c1,5.94
Oc1ccc2cc(SSc3ccc4cc(O)ccc4c3)ccc2c1,4.8
Oc1ccc2ccc(-c3cccnc3)c(Cl)c2c1,5.75
Oc1ccc2ccc(-c3cccnc3)c(F)c2c1,5.9
Oc1ccc2ccc(-c3cncc(F)c3)c(Cl)c2c1,5.45
Oc1ccc2ccc(-c3cncc4ccccc34)c(Cl)c2c1,5.76
Oc1ccc2ccc(-c3cncnc3)c(Cl)c2c1,5.67
Oc1ccc2oc3c(c2c1)CCCC3,4.65
Oc1ccc2sc3c(c2c1)CCN(Cc1cccnc1)C3,5.28
Oc1cccc(-c2ccc(-c3ccc(O)c(F)c3)s2)c1,6.09
Oc1cccc(-c2ccc(-c3cccc(O)c3)cc2)c1,5.68
Oc1cccc(-c2ccc(Cc3ccncc3)cc2)c1,6.27
Oc1cccc(-c2ccc3c(-c4cccc(O)c4)c(O)ccc3c2)c1,7.4
Oc1cccc(-c2ccc3c(-c4ccccc4)c(O)ccc3c2)c1,5.56
Oc1cccc(-c2ccc3c(-c4cccnc4)c(O)ccc3c2)c1,6.66
Oc1cccc(-c2ccc3cc(O)ccc3c2)c1,5.8
Oc1cccc(-c2cnc(-c3cccc(O)c3)s2)c1,6.1
Oc1cccc(-c2nc3c4c(ncn3n2)-c2ccccc2CC42CCCC2)c1,4.65
Oc1cccc(Nc2ccccc2)c1,4.8
Oc1cccc(O)c1,5.0
Oc1cccc2c(O)nccc12,4.6
Oc1cccc2ccc(SSc3ccc4cccc(O)c4n3)nc12,5.8
Oc1ccccc1/C=N/n1c2ccccc2c2ccccc21,4.6
Oc1ccccc1O,5.0
Oc1ccnc2cccc(Cc3ccccc3)c12,4.55
Oc1cncc(-c2ccc3ccc(O)cc3c2Cl)c1,5.3
Oc1nc(CSc2nnc(-c3ccccc3)n2C2CCCCC2)nc2ccccc12,6.1
Oc1nc(S)nc(SCc2c(Cl)c(Cl)c(Cl)c(Cl)c2Cl)n1,5.5
Oc1nc2cc(Cl)ccc2c(O)c1-c1ccc(Oc2ccccc2)cc1,5.0
Oc1oc(-c2ccccc2)nc1/C=N/c1ccccc1,4.6
S=C(CSc1ccccc1)Nc1cccc2ccccc12,5.4
S=C(NC1CCCCC1)N1CCC(c2cnc[nH]2)CC1,6.2
S=C(NC1CCCCC1)NC1CCCCC1,4.6
S=C(NCCC(c1ccccc1)c1ccccc1)Nc1ccc(Cl)cc1,5.4
S=C(NCCSCc1c(Cl)cccc1Cl)Nc1ccccc1,5.15
S=C(NCCSCc1ccc(Cl)cc1Cl)Nc1ccccc1,5.1
S=C(NCc1ccccn1)Nc1cccc(Cl)c1,5.0
S=C(NCc1ccco1)N1CCN(C(c2ccccc2)c2ccccc2)CC1,4.9
S=C(Nc1ccc2c(c1)Cc1ccccc1-2)Nc1ccc2c(c1)Cc1ccccc1-2,5.4
S=C(Nc1ccc2cn[nH]c2c1)Nc1ccc2cn[nH]c2c1,5.6
S=C(Nc1cccc(Cl)c1)NC1CCCCC1,4.8
S=C(Nc1ccccc1)Nc1ccccc1,4.6
S=C(Nc1ccccc1)Nc1ccccc1C#Cc1ccccc1,5.1
S=C(Nc1ccccc1)Nc1nccs1,4.8
S=C(S)N1CCCC1,4.5
S=C(S)NCCCn1ccnc1,5.8
S=C([S-])NCCNC(=S)[S-].[Zn+2],4.6
S=C([S-])O[C@@H]1C[C@@H]2C[C@H]1[C@@H]1CCC[C@H]21.[K+],5.15
S=C1N(c2ccccc2)C(c2ccc(Cl)cc2)N2CCCN12,4.9
S=C1N[C@H](c2ccccc2)N[C@H](c2ccccc2)S1,5.4
S=C1SCN(C2CCCCCCCCCCC2)CN1C1CCCCCCCCCCC1,5.4
S=C1SCN(CCN2CCOCC2)CN1Cc1ccccc1,4.55
S=C1SCN(Cc2ccccn2)CN1Cc1ccco1,4.7
S=C=NCc1ccccc1,4.6
S=C=Nc1cccc(C2(N3CCCCC3)CCCCC2)c1,4.8
S=C=Nc1cccc(NC(=S)NCCCCNC(=S)Nc2cccc(N=C=S)c2)c1,5.5
S=C=Nc1cccc2ccccc12,4.6
S=P(C1CCCCC1)(C1CCCCC1)[C@H](c1cccnc1)N1CCCC1,5.5
S=P(N1CC1)(N1CC1)N1CC1,4.4
S=c1[nH]nc(-c2c(N3CCCCC3)nc3ccc(Cl)cc3c2-c2ccccc2)o1,4.82
S=c1ccss1,5.0
SC1=NC2=C(C(c3ccc(Br)cc3)N1)N1CCC2CC1,5.8
SCc1ccc(-c2cccnc2)o1,5.359999999999999
S[C@@H]1CCCN(Cc2ccccc2)C1,5.4
Sc1nc2ccccc2[nH]1,5.0
Sc1nc2ccccc2s1,4.5
Sc1nnc(-c2ccncc2)n1CC1CCCO1,4.65
Sc1nnc(C23CC4CC(CC(C4)C2)C3)n1Cc1ccco1,4.6
Sc1nnc(C2CCCCC2)n1/N=C/c1cccs1,4.9
Sc1nnc(CCc2ccccc2)n1Cc1ccccc1,5.1
Sc1nnc(CSCc2ccccc2Cl)n1-c1ccccc1,5.1
Sc1nnc(SCc2ccccc2Cl)c2nc[nH]c12,6.2
[2H]C([2H])(C1CCOCC1)N1CCC2(CC1)C[C@H]2CNc1ccc(-c2cc(F)cc(F)c2F)nn1,4.56
[2H]C([2H])(N[C@H]1C[S@+]([O-])C[C@@H](Cc2cc(F)c(N)c(O[C@H](COC)C(F)(F)F)c2)[C@@H]1O)c1cccc(C(C)(C)C)c1,7.0
[2H]C([2H])([2H])C([2H])([2H])N(C(=O)c1cc(-c2ccnn2C)nc2c1c(C(F)F)nn2-c1ccccc1)C([2H])([2H])C([2H])([2H])[2H],5.11
[2H]C([2H])([2H])N(C(=O)[C@@H]1[C@H](CO)CN1c1nc(C)cc(C(F)(F)F)c1C#N)c1ccc(F)c(Cl)c1,4.84
[2H]C([2H])([2H])Oc1cc2ccnc(O[C@@H]3C[C@H]4C(=O)N[C@]5(C(=O)NS(=O)(=O)C6(C)CC6)C[C@H]5/C=C\CC[C@@H](C)C[C@@H](CC)[C@H](NC(=O)OC(C)(C)C(F)(F)F)C(=O)N4C3)c2cc1F,4.79
[2H]C1([2H])CC(c2cn3ncnc3cc2Cl)CC([2H])([2H])N1S(=O)(=O)c1cnc(C)o1,4.85
[C-]#[N+]/C(C#N)=C\c1cc(C(C)(C)C)c(O)c(C(C)(C)C)c1,5.4
[Cl-].[Li+],4.5
[NH-]S(=O)(=O)Cc1noc2ccccc12.[Na+],4.5
[Na+].[Na+].[O-]c1c(Cl)cc(Cl)cc1Sc1cc(Cl)cc(Cl)c1[O-],4.8
[Na+].c1nc[n-]n1,4.5
[O-][S+](Cc1cc(Oc2ccccc2)nc(-c2ccccc2)n1)c1ccccc1,4.55
[O-][S+](Cc1ccc(Br)cc1)Cc1nnc(SCc2ccc(Cl)cc2)n1-c1ccccc1,5.15
[O-][n+]1c(CN2CCCCC2)nc2cccc3c2c1-c1ccccc1-3,5.5
c1cc(-c2noc(C3CCCCC3)n2)ccn1,4.99
c1cc(-c2sc(-c3ccncc3)c(-c3ccncc3)c2-c2ccncc2)ccn1,6.5
c1cc(CCCOc2ccc(-n3ccnc3)cc2)ccn1,6.46
c1cc(CCN2CCCCC2)ccn1,5.2
c1cc(CN2CCCC3(CCNCC3)C2)ccn1,4.8
c1cc(CN2CCCCC2)cc(OCCCNc2nc3ccccc3s2)c1,5.15
c1cc(CNCCCN2CCOCC2)ccn1,4.5
c1cc(CNCCN2CCNCC2)ccn1,5.3
c1cc(CNc2ncc(-c3ccncc3)c3nncn23)c2c(c1)OCC2,6.8
c1cc(CSSCc2ccncc2)ccn1,5.6
c1cc(CSc2ncnc3[nH]cnc23)ccn1,6.0
c1cc(N2CCCC3(CCNCC3)C2)ccn1,4.9
c1cc(NC2CC2)nc(-c2ccoc2)n1,5.3
c1cc(OCC2CO2)cc(OCC2CO2)c1,4.8
c1cc([C@H]2CC[C@@H](N3CCCC3)CC2)ccc1OCCCN1CCCCC1,4.38
c1cc([C@H]2CC[C@H](N3CCCC3)CC2)ccc1OCCCN1CCCCC1,4.32
c1cc([C@H]2CC[C@H](N3CCOCC3)CC2)ccc1OCCCN1CCCCC1,4.18
c1cc2c(cc1C1CCCCC1)c1c3n2CCN[C@H]3CCC1,4.5
c1cc2c(cc1C1OC[C@@H]3C(c4ccc5c(c4)OCO5)OCC13)OCO2,7.1
c1cc2c(cc1[C@H]1OC[C@@H]3[C@H]1CO[C@H]3c1ccc3c(c1)OCO3)OCO2,6.1
c1cc2c3c(c1)c1c(n3CCNC2)CCCC1,5.5
c1cc2c3c(c1)ccc1cccc(c13)C2,4.6
c1cc2c3cnc(Nc4ccc(N5CCNCC5)cn4)nc3n(C3CCCC3)c2cn1,6.26
c1cc2ccc3cccc4ccc(c1)c2c34,5.0
c1ccc(-c2c3c4ccccc4nc-3[nH]c3ccccc23)cc1,5.0
c1ccc(-c2c[nH]cn2)cc1,5.025
c1ccc(-c2cc(-c3ccc(NCc4cccnc4)cc3)no2)cc1,4.63
c1ccc(-c2cc(-c3ccc(NCc4cccnc4)cc3)no2)nc1,5.05
c1ccc(-c2cc3c(nc2-c2ccccc2)CCNC3)cc1,5.3
c1ccc(-c2ccc(C(c3ccccc3)n3ccnc3)cc2)cc1,7.0
c1ccc(-c2ccc(CN3C[C@@H]4C(c5ccccc5)C5(c6cccnc6)CC4(C5)[C@H]3c3ccccc3)cc2)cc1,4.8
c1ccc(-c2ccc(N3CC4(CCNCC4)C3)cc2)cc1,4.6
c1ccc(-c2ccc(N3CCCC4(CCNCC4)C3)cc2)cc1,4.9
c1ccc(-c2cccc(N3CCC4(CCNCC4)CC3)c2)cc1,4.8
c1ccc(-c2cccc(N3CCCC4(CCNCC4)C3)c2)cc1,4.8
c1ccc(-c2cccc(N3CC[C@@]4(CCCNC4)C3)c2)cc1,4.8
c1ccc(-c2csc(-c3nc4ccccc4[nH]3)n2)cc1,5.9
c1ccc(-c2csc(Nc3nc(N4CCOCC4)nc(N4CCOCC4)n3)n2)cc1,5.0
c1ccc(-c2n[nH]c(-c3ccccc3)c2-c2nc3ccccc3[nH]2)cc1,5.65
c1ccc(-c2nc(-c3ccc(NCc4cccnc4)cc3)no2)cc1,4.92
c1ccc(-c2nc(-c3cccs3)[nH]c2-c2ccccc2)cc1,4.95
c1ccc(-c2nc(CSc3n[nH]c(-c4cccs4)n3)cs2)cc1,5.2
c1ccc(-c2nc(N3CCCCCC3)nc(-n3ccnc3)n2)cc1,6.15
c1ccc(-c2nc(NCc3cccnc3)c3ccccc3n2)cc1,6.0
c1ccc(-c2nc3ccccn3c2NCc2ccc3c(c2)OCO3)cc1,6.3
c1ccc(-c2nc[nH]c2-c2ccccc2)cc1,4.0
c1ccc(-c2nnc(SCc3nc4ccccc4[nH]3)n2Cc2ccco2)cc1,5.7
c1ccc(-c2nnc3n2-c2ccc(-c4cccnc4)cc2CC3)cc1,4.44
c1ccc(-n2ccnc2)cc1,5.140000000000001
c1ccc(-n2cnc3cc(NCc4cccs4)ccc32)cc1,5.15
c1ccc(/C(=N/Nc2nc3ccccc3s2)c2ccccn2)cc1,5.4
c1ccc(C(c2ccccc2)N2CC3(CCNCC3)C2)cc1,4.8
c1ccc(C(c2ccccc2)N2CCCC3(CCNCC3)C2)cc1,5.9
c1ccc(C(c2ccccc2)N2CC[C@@]3(CCCNC3)C2)cc1,5.1
c1ccc(C2=NN[C@@H]3c4ccccc4-c4ccccc4N3C2)cc1,5.5
c1ccc(C2[C@H]3CN(CC4CCCCC4)[C@H](c4ccccc4)C34CC2(c2ccccc2)C4)cc1,5.3
c1ccc(C2[C@H]3CN(CC4CCCCC4)[C@H](c4ccccc4)C34CC2(c2cccnc2)C4)cc1,4.9
c1ccc(C2[C@H]3CN(Cc4cccnc4)[C@H](c4ccccc4)C34CC2(c2ccccc2)C4)cc1,5.8
c1ccc(C2[C@H]3CN(Cc4cccnc4)[C@H](c4ccccc4)C34CC2(c2cccnc2)C4)cc1,5.8
c1ccc(CCCCN2CCC(c3ccccc3)CC2)cc1,4.5
c1ccc(CCCOc2ccc(-n3ccnc3)cc2)nc1,6.6
c1ccc(CCSc2nccn2-c2ccccc2)cc1,4.85
c1ccc(CN(CCCCN(C[C@H]2Cc3ccccc3CN2)[C@H]2CCCc3cccnc32)Cc2ccccc2)cc1,5.65
c1ccc(CN(CCCCN(C[C@H]2Cc3ccccc3CN2)[C@H]2CCCc3cccnc32)Cc2ccccn2)nc1,5.22
c1ccc(CN2CCC3(CC2)SSC2(CCN(Cc4ccccc4)CC2)SS3)cc1,5.5
c1ccc(CN2CCC3(CCCc4ccccc43)CC2)cc1,4.6
c1ccc(CN2CCC3(CCc4ccccc43)CC2)cc1,4.5
c1ccc(CN2CC[C@@]3(CCCNC3)C2)cc1,5.0
c1ccc(CN2c3ccccc3-c3nc4ccccc4n3C2c2ccccn2)cc1,5.5
c1ccc(CNCCCCN(C[C@H]2Cc3ccccc3CN2)[C@H]2CCCc3cccnc32)cc1,5.21
c1ccc(CNCCCCN(C[C@H]2Cc3ccccc3CN2)[C@H]2CCCc3cccnc32)nc1,5.35
c1ccc(CNCc2ccc(CN(C[C@H]3Cc4ccccc4CN3)[C@H]3CCCc4cccnc43)cc2)nc1,6.96
c1ccc(CNc2cc(-c3cccnc3)ncn2)cc1,5.9
c1ccc(CNc2cc(-c3ccoc3)ncn2)cc1,4.9
c1ccc(CNc2ccnc(-c3ccc4c(c3)OCO4)n2)cc1,6.1
c1ccc(CNc2ccnc(-c3cccnc3)n2)cc1,6.2
c1ccc(CNc2ccnc(-c3ccoc3)n2)cc1,5.0
c1ccc(CNc2nc(-c3ccc4c(c3)OCO4)nc3ccccc23)cc1,6.0
c1ccc(CNc2nc(-c3cccnc3)nc3ccccc23)cc1,5.8
c1ccc(CNc2nc(-c3ccoc3)nc3ccccc23)cc1,4.9
c1ccc(CNc2ncnc3ccc(-c4ccc5c(c4)OCO5)cc23)cc1,5.7
c1ccc(CNc2ncnc3ccc(-c4cccnc4)cc23)cc1,5.9
c1ccc(CNc2ncnc3ccc(-c4ccoc4)cc23)cc1,4.8
c1ccc(CNc2ncncc2-c2ccc3c(c2)OCO3)cc1,6.3
c1ccc(CNc2ncncc2-c2cccnc2)cc1,5.9
c1ccc(CNc2ncncc2-c2ccoc2)cc1,5.7
c1ccc(COc2ccc(-n3ccnc3)cc2)nc1,6.2
c1ccc(COc2ccc3cccnc3c2)cc1,4.6
c1ccc(COc2cccc(-c3nc4sccn4c3-c3ccncn3)c2)cc1,4.68
c1ccc(CSCCc2ccncc2)cc1,6.3
c1ccc(CSc2nnc(-c3sccc3-n3cccc3)o2)cc1,4.8
c1ccc(CSc2nnc3c4ccccc4c4ccccc4c3n2)cc1,5.4
c1ccc(C[C@@H](Nc2cccnc2)c2ccccc2)cc1,5.5
c1ccc(C[C@@H](c2ccccc2)N2CCCCC2)cc1,4.5
c1ccc(Cc2nnc(Sc3ccccc3)c3ccccc23)cc1,4.9
c1ccc(Cn2ccnc2)cc1,4.11
c1ccc(Cn2cnc(-c3cccnc3)c2)cc1,4.12
c1ccc(Cn2nnc3c(N4CCc5ccccc5C4)ncnc32)cc1,4.85
c1ccc(Cn2nnnc2C(c2ccc(-n3cncn3)cc2)N2CCCN(C3CCC3)CC2)cc1,4.54
c1ccc(Cn2nnnc2C(c2ccc(Cn3cncn3)cc2)N2CCCN(C3CCC3)CC2)cc1,4.92
c1ccc(Cn2nnnc2C(c2ccc3occc3c2)N2CCCN(C3CCC3)CC2)cc1,5.62
c1ccc(N2CCC3(CCNCC3)CC2)nc1,4.6
c1ccc(N2CCCC3(CCNCC3)C2)cc1,4.6
c1ccc(N2CCCC3(CCNCC3)C2)nc1,4.8
c1ccc(N2CCN(CCCOc3ccc4c(c3)OCO4)CC2)cc1,5.5
c1ccc(N2CC[C@@]3(CCCNC3)C2)cc1,4.7
c1ccc(N2CC[C@@]3(CCCNC3)C2)nc1,4.8
c1ccc(NN(Cc2cnccn2)c2ccccc2)cc1,6.0
c1ccc(Nc2ccc3ccccc3c2)cc1,4.6
c1ccc(Nc2cccc3ccccc23)cc1,4.5
c1ccc(Nc2nc(-c3ccc4c(c3)OCO4)nc3ccccc23)cc1,5.3
c1ccc(Nc2nc(-c3cccnc3)nc3ccccc23)cc1,4.9
c1ccc(Nc2nc(-c3ccoc3)nc3ccccc23)cc1,4.7
c1ccc(Nc2ncnc3ccc(-c4ccc5c(c4)OCO5)cc23)cc1,5.6
c1ccc(Nc2ncnc3ccc(-c4cccnc4)cc23)cc1,5.6
c1ccc(Nc2ncnc3ccc(-c4ccoc4)cc23)cc1,4.8
c1ccc(Nc2ncncc2-c2ccc3c(c2)OCO3)cc1,6.1
c1ccc(Nc2ncncc2-c2ccoc2)cc1,5.7
c1ccc(P(c2ccccc2)c2ccccc2)cc1,4.4
c1ccc(SC(Sc2ccccc2)c2ccc3c(c2)OCO3)cc1,5.6
c1ccc(SCCc2ccncc2)cc1,5.6
c1ccc(SCc2nc3ccccc3[nH]2)cc1,4.9
c1ccc([C@@H]([C@H](c2ccccc2)N2CCCC2)N2CCCC2)cc1,4.9
c1ccc([C@@H]([C@H](c2ccccc2)N2CCCCC2)N2CCCCC2)cc1,4.8
c1ccc([C@H]([C@@H](c2ccccc2)N2CCCC2)N2CCCC2)cc1,4.9
c1ccc([C@H]([C@@H](c2ccccc2)N2CCCCC2)N2CCCCC2)cc1,4.7
c1ccc([C@H]2CNCc3ccccc32)cc1,4.8
c1ccc([C@H]2NCCc3c2[nH]c2ccccc32)cc1,5.5
c1ccc2[nH]c(-c3cscn3)nc2c1,4.4
c1ccc2c(-c3c[nH]c4ccccc34)c3ccccc3nc2c1,5.05
c1ccc2c(-n3ccnc3)nc(-c3ccoc3)nc2c1,6.7
c1ccc2c(CSc3nnc(-c4ccncc4)o3)cccc2c1,4.8
c1ccc2c(Cc3c[nH]c4ccccc34)c[nH]c2c1,4.4
c1ccc2c(N3CCNCC3)nc(-c3ccc4c(c3)OCO4)nc2c1,5.1
c1ccc2c(N3CCNCC3)nc(-c3ccoc3)nc2c1,4.5
c1ccc2c(N3CCOCC3)nc(-c3ccoc3)nc2c1,5.2
c1ccc2c(NC3CC3)nc(-c3ccoc3)nc2c1,5.4
c1ccc2c(NCCN3CCOCC3)nc(-c3ccc4c(c3)OCO4)nc2c1,5.4
c1ccc2c(NCCN3CCOCC3)nc(-c3ccoc3)nc2c1,4.8
c1ccc2c(Nc3ccncc3)nc(-c3ccc4c(c3)OCO4)nc2c1,6.3
c1ccc2c(Nc3ccncc3)nc(-c3ccoc3)nc2c1,5.9
c1ccc2c(c1)-c1nc3ccccc3cc1[C@H]2N1CCOCC1,5.6
c1ccc2c(c1)CC(N1CCN(c3cccc4c3OCCO4)CC1)C2,4.6
c1ccc2c(c1)CCCc1cc(NCCN3CCOCC3)nnc1-2,5.2
c1ccc2c(c1)CN[C@@H](CN(CCCCN(Cc1ccncc1)Cc1ccncc1)[C@H]1CCCc3cccnc31)C2,6.21
c1ccc2c(c1)CN[C@@H](CN(CCCCNC1CCCCC1)[C@H]1CCCc3cccnc31)C2,4.93
c1ccc2c(c1)CN[C@@H](CN(CCCCNCC1CCCCC1)[C@H]1CCCc3cccnc31)C2,5.56
c1ccc2c(c1)CN[C@@H](CN(CCCCNCc1ccncc1)[C@H]1CCCc3cccnc31)C2,5.35
c1ccc2c(c1)CN[C@@H](CN(Cc1ccc(CNC3CCOCC3)cc1)[C@H]1CCCc3cccnc31)C2,6.36
c1ccc2c(c1)CN[C@@H](CN(Cc1ccc(CNCC3CCOCC3)cc1)[C@H]1CCCc3cccnc31)C2,6.0
c1ccc2c(c1)CN[C@@H](CN(Cc1ccc(CNCc3ccncc3)cc1)[C@H]1CCCc3cccnc31)C2,7.23
c1ccc2c(c1)Cc1cc3cc4c(cc3nc1-2)OCO4,6.0
c1ccc2c(c1)Cc1cc3ccccc3nc1-2,4.7
c1ccc2c(c1)Nc1ccccc1S2,4.5
c1ccc2c(c1)[I+]c1ccccc1-2,5.5
c1ccc2c(c1)ccc1ncccc12,4.5
c1ccc2c(c1)ncn2-c1ccc(-c2ccnc(-c3ccncc3)n2)cc1,6.3
c1ccc2c(c1)ncn2-c1ncnc2sc3c(c12)CCCC3,4.85
c1ccc2c(c1)ncn2Cc1nnc2sc(-c3ccc4c(c3)OCO4)nn12,5.65
c1ccc2c[n+](Cc3ccnc4ccccc34)ccc2c1,5.9
c1ccc2cc(NCNc3ccc4ccccc4c3)ccc2c1,5.4
c1ccc2cc([C@@]34CCC[C@@H]3CNC4)ccc2c1,4.97
c1ccc2cc([C@]34CCC[C@H]3CNC4)ccc2c1,5.58
c1ccc2nc(-c3ccncc3)ccc2c1,5.55
c1ccc2nc(C3=NCCN3)ccc2c1,4.9
c1ccc2nc(CC[C@@H]3CCCCN3)ccc2c1,5.4
c1ccc2nc(N3CCNCC3)ccc2c1,7.4
c1ccc2oc(-c3csc(C4CCN(Cc5nc6cnccc6[nH]5)CC4)n3)cc2c1,6.07
c1ccc2sc(C3(N4CCCCC4)CCCCC3)cc2c1,4.699999999999999
c1ccc2sc(N3CCN(Cc4ccc5c(c4)OCO5)CC3)nc2c1,6.2
c1ccc2sc(NC3=NCN(C4CCCCCC4)CN3)nc2c1,5.1
c1ccc2sc(SCSc3nc4ccccc4s3)nc2c1,5.5
c1cn(-c2cc(-c3ccc4c(c3)OCO4)ncn2)cn1,6.3
c1cn(-c2ccc(OCCN3CCOCC3)cc2)cn1,5.25
c1cn(-c2ccnc(-c3ccc4c(c3)OCO4)n2)cn1,6.2
c1cn(-c2ncnc3ccc(-c4ccoc4)cc23)cn1,6.2
c1cn(Cc2ccc3c(c2)-c2[nH]nc(-c4ccsc4)c2C3)cn1,6.59
c1cnc(-c2cc(-c3ccc(NCc4cccnc4)cc3)no2)nc1,4.8
c1cnc(N2CCC3(CCNCC3)CC2)nc1,4.7
c1cnc(N2CCN(Cc3ccc4c(c3)OCO4)CC2)nc1,5.5
c1cnc(N2CC[C@@]3(CCCNC3)C2)nc1,4.5
c1cnc2c(Nc3ccc4c(-n5cccn5)nccc4c3)n[nH]c2c1,4.89
c1cnc2c(Nc3ccc4cnccc4c3)n[nH]c2c1,6.36
c1cnc2c(c1)CCC[C@@H]2N(CC1CCCCC1)C[C@H]1Cc2c(cccc2N2CCNCC2)CN1,5.75
c1cnc2c(c1)CCC[C@@H]2N(CCCN1CCNCC1)Cc1nc2ccccc2[nH]1,4.9
c1cnc2c(c1)CCC[C@@H]2N(CCCN1CCNCC1)Cc1nc2ccccc2s1,5.03
c1cnc2c(c1)ccc1cccnc12,5.3
c1cnc2ccc(C(c3nnnn3C3CCCC3)N3CCN4CCCC4C3)cc2c1,5.2
c1cncc(-c2c[nH]cn2)c1,4.16
c1cncc(-c2cc(-c3cc(-c4cccnc4)[nH]n3)n[nH]2)c1,5.3
c1cncc(-c2cc(-n3ccnc3)ncn2)c1,5.8
c1cncc(-c2cc(N3CCC(CN4CCOCC4)CC3)nc(-c3ccncc3)n2)c1,7.0
c1cncc(-c2cc(N3CCC(N4CCOCC4)CC3)nc(-c3ccncc3)n2)c1,7.0
c1cncc(-c2cc(N3CCc4ccccc4C3)nc(-c3ccncc3)n2)c1,7.0
c1cncc(-c2cc(NCc3cccs3)ncn2)c1,5.6
c1cncc(-c2ccc(C3SCCS3)o2)c1,5.96
c1cncc(-c2ccc3ncnc(N4CCNCC4)c3c2)c1,4.9
c1cncc(-c2ccc3ncnc(NC4CCNCC4)c3c2)c1,4.9
c1cncc(-c2ccc3ncnc(NCCN4CCOCC4)c3c2)c1,4.9
c1cncc(-c2cccnc2)c1,4.19
c1cncc(-c2cccs2)c1,4.24
c1cncc(-c2ccsc2)c1,4.25
c1cncc(-c2cnc(NCc3cccc4c3CCO4)n3cnnc23)c1,4.54
c1cncc(-c2cncnc2-n2ccnc2)c1,5.1
c1cncc(-c2cncnc2NCc2cccs2)c1,5.7
c1cncc(-c2nc(-n3ccnc3)c3ccccc3n2)c1,5.7
c1cncc(-c2nc(N3CCNCC3)c3ccccc3n2)c1,4.5
c1cncc(-c2nc(NCCN3CCOCC3)c3ccccc3n2)c1,5.1
c1cncc(-c2nc(NCc3cccs3)c3ccccc3n2)c1,5.7
c1cncc(-c2nccc(-n3ccnc3)n2)c1,5.3
c1cncc(-c2nccc(NCc3cccs3)n2)c1,6.0
c1cncc(-c2nnc3n2C2(CCCCC2)Cc2ccccc2-3)c1,6.0
c1cncc(-n2ccnc2)c1,4.11
c1cncc(CCCOc2ccc(-n3ccnc3)cc2)c1,6.38
c1cncc(CN(CCCCN(C[C@H]2Cc3ccccc3CN2)[C@H]2CCCc3cccnc32)Cc2cccnc2)c1,5.89
c1cncc(CNCCCCN(C[C@H]2Cc3ccccc3CN2)[C@H]2CCCc3cccnc32)c1,5.07
c1cncc(CNCc2ccc(CN(C[C@H]3Cc4ccccc4CN3)[C@H]3CCCc4cccnc43)cc2)c1,7.24
c1cncc(CNc2cc(-c3ccc4c(c3)OCO4)ncn2)c1,6.1
c1cncc(CNc2cc(-c3ccoc3)ncn2)c1,5.4
c1cncc(CNc2ccc(-c3cc(-c4cccnc4)on3)cc2)c1,5.43
c1cncc(CNc2ccc(-c3cc(-c4cccs4)on3)cc2)c1,4.26
c1cncc(CNc2ccc(-c3cc(-c4ccncc4)on3)cc2)c1,5.38
c1cncc(CNc2ccc(-c3cc(-c4cncnc4)on3)cc2)c1,5.21
c1cncc(CNc2ccc(-c3cc(N4CCOCC4)on3)cc2)c1,5.09
c1cncc(CNc2ccnc(-c3ccc4c(c3)OCO4)n2)c1,6.0
c1cncc(CNc2ccnc(-c3cccnc3)n2)c1,6.2
c1cncc(CNc2nc(-c3ccc4c(c3)OCO4)nc3ccccc23)c1,6.5
c1cncc(CNc2nc(-c3cccnc3)nc3ccccc23)c1,6.0
c1cncc(CNc2nc(-c3ccoc3)nc3ccccc23)c1,5.1
c1cncc(CNc2ncnc3ccc(-c4cccnc4)cc23)c1,6.0
c1cncc(CNc2ncnc3ccc(-c4ccoc4)cc23)c1,5.8
c1cncc(CNc2ncncc2-c2ccc3c(c2)OCO3)c1,6.4
c1cncc(CNc2ncncc2-c2cccnc2)c1,5.7
c1cncc(CNc2ncncc2-c2ccoc2)c1,6.0
c1cncc(CSc2ncnc3[nH]cnc23)c1,5.8
c1csc(CNc2cc(-c3ccoc3)ncn2)c1,4.6
c1csc(CNc2ccnc(-c3ccc4c(c3)OCO4)n2)c1,6.0
c1csc(CNc2ccnc(-c3ccoc3)n2)c1,5.1
c1csc(CNc2nc(-c3ccc4c(c3)OCO4)nc3ccccc23)c1,6.0
c1csc(CNc2nc(-c3ccoc3)nc3ccccc23)c1,5.1
c1csc(CNc2ncnc3ccc(-c4ccoc4)cc23)c1,5.1
c1csc(CNc2ncncc2-c2ccoc2)c1,5.7
c1nc(N2CCNCC2)c2cc(-c3ccc4c(c3)OCO4)ccc2n1,4.9
c1nc(N2CCNCC2)c2cc(-c3ccoc3)ccc2n1,4.6
c1nc(N2CCOCC2)c2cc(-c3ccoc3)ccc2n1,4.7
c1nc(NC2CC2)c2cc(-c3ccoc3)ccc2n1,5.3
c1nc(NC2CCNCC2)c2cc(-c3ccc4c(c3)OCO4)ccc2n1,4.6
c1nc(NCCN2CCOCC2)c2cc(-c3ccc4c(c3)OCO4)ccc2n1,5.3
c1nc(NCCN2CCOCC2)c2cc(-c3ccoc3)ccc2n1,4.8
c1nc(NCCc2c[nH]cn2)c2nc[nH]c2n1,5.4
c1ncc(-c2ccc3c(c2)OCO3)c(NCCc2cnc[nH]2)n1,6.1
c1ncc(-c2ccoc2)c(NC2CC2)n1,5.1
